PHD2 version 2.6.14 [Windows], Log version 2.5. Log enabled at 2026-07-30 22:28:20
INFO: Guiding parameter change, MultiStar = true

Guiding Begins at 2026-07-30 22:39:24
Equipment Profile = QHY5 EQASCOM OAG
Dither = both axes, Dither scale = 1.000, Image noise reduction = 2x2 mean, Guide-frame time lapse = 0, Server enabled
Pixel scale = 1.05 arc-sec/px, Binning = 1, Focal length = 1018 mm
Search region = 24 px, Star mass tolerance = 90.0%, Multi-star mode, list size = 12
 Camera = QHY5II-M-10d7d910f33c7354, gain = 90, full size = 1280 x 1024, have dark, dark dur = 3000, no defect map, pixel size = 5.2 um
Exposure = 3000 ms
Mount = EQMOD HEQ5/6 (ASCOM), connected, guiding enabled, xAngle = -81.6, xRate = 2.546, yAngle = 17.1, yRate = 6.929, parity = +/-
Norm rates RA = 7.0"/s @ dec 0, Dec = 7.3"/s; ortho.err. = 8.7 deg
X guide algorithm = Predictive PEC, Control gain = 0.630
Prediction gain = 0.430
Minimum move = 0.330
Hyperparameters
	Length scale long range SE kernel = 700.000
	Signal variance long range SE kernel = 20.000
	Length scale periodic kernel = 10.000
	Signal variance periodic kernel = 20.000
	Length scale short range SE kernel = 25.000
	Signal variance short range SE kernel = 10.000
	Period length periodic kernel = 477.348
	FFT called after = 2.000 worm cycles
	Auto-adjust period length = On
Y guide algorithm = Resist Switch, Minimum move = 0.300 Aggression = 70% FastSwitch = disabled
Backlash comp = disabled, pulse = 495 ms
Max RA duration = 2500, Max DEC duration = 2500, DEC guide mode = Auto
RA Guide Speed = 7.5 a-s/s, Dec Guide Speed = 7.5 a-s/s, Cal Dec = 0.0, Last Cal Issue = None, Timestamp = 7/7/2026 10:36:27 PM
RA = 0.07 hr, Dec = 67.4 deg, Hour angle = -5.98 hr, Pier side = West, Rotator pos = N/A, Alt = 47.5 deg, Az = 34.7 deg
Lock position = 1140.244, 973.905, Star position = 1140.244, 973.905, HFD = 4.86 px
Frame,Time,mount,dx,dy,RARawDistance,DECRawDistance,RAGuideDistance,DECGuideDistance,RADuration,RADirection,DECDuration,DECDirection,XStep,YStep,StarMass,SNR,ErrorCode
INFO: SETTLING STATE CHANGE, Settling started
1,8.868,"Mount",0.951,-0.159,0.296,0.952,0.000,0.000,0,,0,,,,9803,66.86,0
INFO: SETTLING STATE CHANGE, Settling complete
2,18.127,"Mount",1.681,-0.598,0.837,1.684,0.527,0.000,207,W,0,,,,8300,61.24,0
3,27.433,"Mount",0.829,-1.309,1.416,0.837,0.892,0.586,350,W,85,S,,,9692,66.59,0
4,36.391,"Mount",1.140,-0.879,1.036,1.145,0.652,0.802,256,W,116,S,,,8899,63.76,0
5,45.052,"Mount",0.561,-0.240,0.319,0.562,0.000,0.393,0,,57,S,,,8937,63.82,0
6,54.456,"Mount",1.043,-0.975,1.116,1.048,0.703,0.734,276,W,106,S,,,9231,64.81,0
7,63.041,"Mount",0.389,0.240,-0.181,0.387,0.000,0.271,0,,39,S,,,9730,66.59,0
8,72.155,"Mount",0.633,-0.060,0.152,0.634,0.000,0.444,0,,64,S,,,9992,67.10,0
9,81.270,"Mount",0.477,-0.364,0.430,0.479,0.271,0.335,106,W,48,S,,,10230,68.30,0
10,90.161,"Mount",0.362,-0.291,0.341,0.363,0.215,0.254,84,W,37,S,,,11270,71.85,0
11,99.033,"Mount",0.349,-0.213,0.261,0.350,-0.010,0.245,4,E,35,S,,,8841,63.65,0
12,108.148,"Mount",0.333,0.647,-0.592,0.329,-0.312,0.230,123,E,33,S,,,9184,65.07,0
13,117.006,"Mount",0.007,0.572,-0.565,0.004,-0.329,0.000,129,E,0,,,,10499,69.26,0
14,126.216,"Mount",0.477,0.510,-0.435,0.474,-0.257,0.332,101,E,48,S,,,9978,67.45,0
15,135.042,"Mount",0.872,-0.045,0.171,0.872,0.015,0.610,6,W,88,S,,,9455,65.62,0
16,144.412,"Mount",0.471,-1.315,1.370,0.479,0.788,0.335,310,W,48,S,,,9978,67.64,0
17,153.079,"Mount",0.272,-0.551,0.585,0.275,0.387,0.000,152,W,0,,,,8761,63.41,0
18,162.032,"Mount",0.459,-0.129,0.195,0.460,-0.018,0.322,7,E,46,S,,,10469,69.43,0
19,171.049,"Mount",0.233,-0.559,0.587,0.236,0.361,0.000,142,W,0,,,,9290,65.30,0
20,180.101,"Mount",0.684,-0.233,0.330,0.685,0.047,0.480,19,W,69,S,,,9877,67.17,0
21,189.181,"Mount",0.336,-0.434,0.479,0.339,0.264,0.237,104,W,34,S,,,9086,64.66,0
22,197.996,"Mount",0.171,0.487,-0.457,0.168,-0.232,0.000,91,E,0,,,,9915,67.34,0
23,207.058,"Mount",0.212,0.745,-0.706,0.208,-0.393,0.000,155,E,0,,,,8916,64.21,0
24,216.284,"Mount",0.551,-0.281,0.358,0.553,0.199,0.387,78,W,56,S,,,8981,64.17,0
25,225.206,"Mount",0.446,0.207,-0.139,0.445,0.072,0.311,28,W,45,S,,,8775,63.28,0
26,234.048,"Mount",0.252,0.565,-0.522,0.249,-0.356,0.000,140,E,0,,,,9431,65.85,0
27,243.098,"Mount",0.693,0.086,0.016,0.693,0.037,0.485,14,W,70,S,,,9350,65.64,0
28,252.100,"Mount",0.712,-0.144,0.247,0.713,0.063,0.499,25,W,72,S,,,9562,66.45,0
29,260.875,"Mount",0.103,-0.146,0.159,0.104,-0.006,0.000,2,E,0,,,,8697,63.05,0
30,269.816,"Mount",0.117,0.245,-0.225,0.115,-0.003,0.000,1,E,0,,,,9517,65.91,0
31,279.027,"Mount",0.445,0.386,-0.317,0.443,0.018,0.310,7,W,45,S,,,10424,68.95,0
32,288.204,"Mount",0.452,0.498,-0.426,0.449,-0.227,0.314,89,E,45,S,,,10082,67.88,0
33,297.271,"Mount",0.305,-0.389,0.429,0.307,0.265,0.215,104,W,31,S,,,9581,66.30,0
34,305.906,"Mount",-0.020,0.294,-0.294,-0.022,0.047,0.000,18,W,0,,,,8980,63.90,0
35,314.922,"Mount",0.166,0.193,-0.167,0.165,-0.045,0.000,18,E,0,,,,9783,67.12,0
36,323.893,"Mount",-0.058,0.128,-0.135,-0.059,0.076,0.000,30,W,0,,,,9485,65.85,0
37,333.166,"Mount",0.327,0.789,-0.733,0.323,-0.448,0.226,176,E,33,S,,,9128,64.93,0
38,342.137,"Mount",0.374,0.662,-0.600,0.370,-0.380,0.259,149,E,37,S,,,9608,66.46,0
39,351.298,"Mount",1.950,0.933,-0.639,1.944,-0.341,1.361,134,E,196,S,,,9356,65.70,0
40,359.837,"Mount",-0.305,0.113,-0.156,-0.306,0.019,0.000,7,W,0,,,,8846,63.59,0
41,368.903,"Mount",-0.563,0.409,-0.487,-0.566,-0.257,0.000,101,E,0,,,,9611,66.33,0
42,377.857,"Mount",0.058,-0.284,0.289,0.060,-0.016,0.000,6,E,0,,,,9758,66.67,0
43,386.842,"Mount",0.096,0.079,-0.065,0.095,0.068,0.000,27,W,0,,,,9276,65.03,0
44,395.991,"Mount",-0.212,0.705,-0.728,-0.216,-0.444,0.000,174,E,0,,,,9469,65.73,0
45,405.008,"Mount",-0.025,0.746,-0.742,-0.029,-0.443,0.000,174,E,0,,,,9618,66.41,0
46,413.849,"Mount",0.297,0.197,-0.152,0.296,0.069,0.000,27,W,0,,,,9775,66.86,0
47,423.043,"Mount",0.405,0.553,-0.488,0.402,-0.246,0.281,97,E,41,S,,,10892,70.64,0
48,432.014,"Mount",0.137,0.664,-0.637,0.133,-0.376,0.000,148,E,0,,,,10133,67.89,0
49,441.016,"Mount",0.588,0.374,-0.284,0.586,0.030,0.410,12,W,59,S,,,10314,68.52,0
50,450.162,"Mount",0.643,0.764,-0.662,0.638,-0.363,0.447,143,E,64,S,,,11280,72.38,0
51,459.021,"Mount",0.295,0.723,-0.672,0.291,-0.530,0.000,208,E,0,,,,11072,71.37,0
52,467.958,"Mount",0.146,0.441,-0.415,0.143,-0.353,0.000,138,E,0,,,,10069,67.80,0
53,476.772,"Mount",0.263,0.066,-0.027,0.263,-0.022,0.000,9,E,0,,,,9693,66.55,0
54,486.011,"Mount",0.358,0.419,-0.363,0.355,-0.133,0.249,52,E,36,S,,,9508,66.02,0
55,495.013,"Mount",0.695,0.217,-0.114,0.694,0.130,0.486,51,W,70,S,,,10427,69.29,0
56,503.967,"Mount",0.084,0.799,-0.778,0.079,-0.384,0.000,151,E,0,,,,10280,68.58,0
57,513.128,"Mount",0.606,0.722,-0.626,0.601,-0.380,0.421,149,E,61,S,,,9938,67.70,0
58,522.162,"Mount",0.928,0.715,-0.572,0.924,-0.314,0.647,123,E,93,S,,,9023,64.30,0
59,530.813,"Mount",-0.099,0.003,-0.017,-0.099,0.052,0.000,20,W,0,,,,9563,66.03,0
60,539.990,"Mount",-0.096,0.723,-0.730,-0.100,-0.427,0.000,168,E,0,,,,9719,66.92,0
61,548.946,"Mount",0.235,0.672,-0.631,0.231,-0.346,0.000,136,E,0,,,,10799,69.97,0
62,558.010,"Mount",0.073,1.072,-1.050,0.067,-0.586,0.000,230,E,0,,,,9990,67.78,0
63,567.077,"Mount",0.772,0.631,-0.512,0.768,-0.328,0.538,129,E,78,S,,,10176,68.78,0
64,576.142,"Mount",0.408,0.423,-0.359,0.405,-0.302,0.284,119,E,41,S,,,8903,63.78,0
65,584.888,"Mount",-0.041,0.389,-0.391,-0.044,-0.320,0.000,126,E,0,,,,8779,63.30,0
66,593.922,"Mount",-0.100,0.468,-0.478,-0.103,-0.312,0.000,123,E,0,,,,10705,70.45,0
67,602.861,"Mount",-0.110,0.655,-0.664,-0.114,-0.320,0.000,126,E,0,,,,9880,67.34,0
68,611.880,"Mount",0.198,0.455,-0.421,0.195,-0.124,0.000,49,E,0,,,,8726,63.73,0
69,620.961,"Mount",0.513,0.160,-0.084,0.512,0.040,0.358,16,W,52,S,,,9760,66.90,0
70,630.011,"Mount",0.785,0.184,-0.068,0.784,-0.031,0.549,12,E,79,S,,,9431,65.49,0
71,639.267,"Mount",1.765,1.153,-0.884,1.758,-0.478,1.230,188,E,178,S,,,8662,63.25,0
72,648.061,"Mount",0.871,0.573,-0.440,0.868,-0.240,0.607,94,E,88,S,,,9325,65.63,0
73,656.887,"Mount",0.335,-0.011,0.060,0.335,-0.014,0.234,6,E,34,S,,,8750,62.99,0
74,665.825,"Mount",0.045,-0.142,0.147,0.045,-0.057,0.000,22,E,0,,,,8706,63.39,0
75,674.923,"Mount",-0.046,0.651,-0.651,-0.050,-0.458,0.000,180,E,0,,,,8796,63.49,0
76,683.894,"Mount",0.343,0.235,-0.183,0.341,0.023,0.239,9,W,34,S,,,8395,61.72,0
77,692.691,"Mount",0.111,0.205,-0.187,0.109,-0.001,0.000,0,,0,,,,8498,62.25,0
78,702.026,"Mount",0.332,0.460,-0.407,0.329,-0.327,0.230,129,E,33,S,,,8816,63.92,0
79,710.931,"Mount",0.153,0.873,-0.841,0.148,-0.516,0.000,203,E,0,,,,10429,69.07,0
80,719.774,"Mount",0.222,0.284,-0.248,0.220,0.035,0.000,14,W,0,,,,8942,64.03,0
81,729.319,"Mount",1.470,1.465,-1.235,1.461,-0.766,1.023,301,E,148,S,,,8869,64.00,0
82,738.002,"Mount",0.601,-0.635,0.716,0.605,0.273,0.423,107,W,61,S,,,9326,65.70,0
83,746.705,"Mount",0.235,0.053,-0.019,0.235,-0.013,0.000,5,E,0,,,,9409,65.72,0
84,755.814,"Mount",-0.095,0.194,-0.206,-0.096,0.089,0.000,35,W,0,,,,8408,62.21,0
85,764.929,"Mount",0.099,0.698,-0.676,0.095,-0.441,0.000,173,E,0,,,,9123,64.79,0
86,773.931,"Mount",0.666,-0.101,0.197,0.667,-0.075,0.467,29,E,67,S,,,9911,67.43,0
87,782.869,"Mount",0.014,-0.384,0.382,0.017,0.274,0.000,108,W,0,,,,9587,66.29,0
88,791.778,"Mount",-0.107,0.230,-0.243,-0.108,0.028,0.000,11,W,0,,,,9789,67.15,0
89,800.955,"Mount",0.546,-0.272,0.349,0.548,0.069,0.383,27,W,55,S,,,8917,64.13,0
90,809.796,"Mount",0.011,-0.154,0.154,0.012,-0.080,0.000,32,E,0,,,,8713,63.19,0
91,818.756,"Mount",0.279,-0.292,0.329,0.280,-0.077,0.000,30,E,0,,,,10482,69.22,0
92,827.928,"Mount",0.347,-0.114,0.163,0.347,-0.038,0.243,15,E,35,S,,,8859,63.91,0
93,836.739,"Mount",-0.135,0.080,-0.099,-0.136,-0.043,0.000,17,E,0,,,,9178,64.85,0
94,845.745,"Mount",0.012,0.188,-0.185,0.011,-0.037,0.000,15,E,0,,,,8529,62.61,0
95,854.906,"Mount",0.379,-0.199,0.253,0.380,-0.053,0.266,21,E,38,S,,,8376,61.98,0
96,864.002,"Mount",0.583,-0.529,0.609,0.586,0.244,0.410,96,W,59,S,,,9277,65.16,0
97,872.787,"Mount",-0.202,-0.149,0.118,-0.201,-0.071,0.000,28,E,0,,,,8836,63.26,0
98,881.686,"Mount",-0.104,-0.015,-0.000,-0.104,-0.022,0.000,9,E,0,,,,9317,65.32,0
99,890.864,"Mount",-0.145,0.339,-0.357,-0.147,-0.323,0.000,127,E,0,,,,9570,66.14,0
100,900.062,"Mount",0.404,0.678,-0.612,0.400,-0.525,0.280,206,E,40,S,,,8605,63.07,0
101,908.949,"Mount",0.482,0.440,-0.365,0.479,-0.315,0.335,124,E,48,S,,,9698,66.72,0
102,918.078,"Mount",0.557,0.821,-0.731,0.552,-0.528,0.386,207,E,56,S,,,8961,64.36,0
103,926.921,"Mount",-0.279,0.652,-0.686,-0.283,-0.553,0.000,217,E,0,,,,8781,63.37,0
104,935.787,"Mount",0.030,0.118,-0.113,0.029,-0.147,0.000,58,E,0,,,,8627,62.77,0
105,944.671,"Mount",0.267,0.024,0.015,0.267,-0.006,0.000,2,E,0,,,,9135,64.61,0
106,953.715,"Mount",0.130,0.188,-0.167,0.129,-0.046,0.000,18,E,0,,,,8325,61.98,0
107,962.706,"Mount",0.285,0.140,-0.097,0.284,0.047,0.000,18,W,0,,,,9179,64.80,0
108,971.900,"Mount",0.643,0.003,0.090,0.643,0.075,0.450,29,W,65,S,,,9616,66.52,0
109,980.695,"Mount",0.183,-0.012,0.038,0.183,0.072,0.000,28,W,0,,,,9085,64.38,0
110,989.920,"Mount",0.583,0.168,-0.081,0.582,0.043,0.407,17,W,59,S,,,9083,64.51,0
111,998.715,"Mount",0.098,0.256,-0.239,0.096,0.081,0.000,32,W,0,,,,8654,62.88,0
112,1007.750,"Mount",0.140,0.345,-0.321,0.138,0.091,0.000,36,W,0,,,,9077,64.55,0
113,1017.024,"Mount",0.349,0.722,-0.663,0.345,-0.374,0.242,147,E,35,S,,,8345,61.93,0
114,1025.882,"Mount",0.165,0.807,-0.774,0.161,-0.522,0.000,205,E,0,,,,9215,64.99,0
115,1034.952,"Mount",0.363,0.410,-0.353,0.361,-0.299,0.253,117,E,36,S,,,10225,68.60,0
116,1043.951,"Mount",0.351,0.679,-0.620,0.347,-0.421,0.243,165,E,35,S,,,8992,63.89,0
117,1052.938,"Mount",0.169,1.115,-1.078,0.162,-0.728,0.000,286,E,0,,,,8516,62.81,0
118,1061.973,"Mount",-0.028,1.028,-1.022,-0.034,-0.701,0.000,275,E,0,,,,9166,64.64,0
119,1070.910,"Mount",0.069,0.915,-0.895,0.064,-0.620,0.000,244,E,0,,,,9435,65.81,0
120,1080.091,"Mount",0.392,1.165,-1.096,0.385,-0.732,0.270,287,E,39,S,,,9091,64.81,0
121,1089.026,"Mount",0.736,0.706,-0.591,0.731,-0.447,0.512,176,E,74,S,,,8549,62.63,0
122,1097.884,"Mount",0.364,0.422,-0.364,0.362,-0.248,0.253,97,E,37,S,,,9121,64.49,0
123,1106.647,"Mount",0.028,-0.157,0.159,0.029,-0.011,0.000,5,E,0,,,,8813,63.44,0
124,1115.826,"Mount",0.805,0.274,-0.154,0.804,0.005,0.563,2,W,81,S,,,9886,67.21,0
125,1124.987,"Mount",0.460,-0.352,0.416,0.462,0.268,0.323,105,W,47,S,,,8499,62.52,0
126,1133.702,"Mount",-0.208,-0.054,0.023,-0.208,0.048,0.000,19,W,0,,,,8659,62.92,0
127,1142.720,"Mount",0.071,0.213,-0.200,0.070,-0.145,0.000,57,E,0,,,,9440,65.80,0
128,1151.771,"Mount",0.115,-0.212,0.226,0.116,-0.234,0.000,92,E,0,,,,8632,62.73,0
129,1160.773,"Mount",0.240,0.381,-0.342,0.238,-0.316,0.000,124,E,0,,,,9445,66.07,0
130,1169.723,"Mount",0.268,0.152,-0.111,0.267,0.032,0.000,13,W,0,,,,9726,66.86,0
131,1178.922,"Mount",0.838,0.293,-0.168,0.836,0.148,0.585,58,W,84,S,,,9720,66.96,0
132,1188.053,"Mount",0.423,1.021,-0.948,0.417,-0.591,0.292,232,E,42,S,,,8594,62.92,0
133,1196.850,"Mount",0.349,0.250,-0.196,0.348,-0.097,0.243,38,E,35,S,,,8923,64.04,0
134,1205.706,"Mount",0.189,0.448,-0.416,0.186,-0.242,0.000,95,E,0,,,,8736,63.53,0
135,1215.220,"Mount",0.749,0.387,-0.274,0.747,0.032,0.523,13,W,75,S,,,8920,64.06,0
136,1223.902,"Mount",0.139,1.076,-1.044,0.132,-0.731,0.000,287,E,0,,,,9452,66.01,0
137,1233.208,"Mount",0.520,0.836,-0.751,0.515,-0.557,0.361,219,E,52,S,,,9122,65.13,0
138,1242.102,"Mount",0.148,0.522,-0.495,0.145,-0.427,0.000,168,E,0,,,,9430,65.90,0
139,1250.735,"Mount",-0.325,-0.248,0.198,-0.323,-0.116,0.000,46,E,0,,,,9878,67.12,0
140,1259.673,"Mount",0.042,-0.123,0.128,0.043,0.064,0.000,25,W,0,,,,10070,68.05,0
141,1268.670,"Mount",-0.283,-0.048,0.006,-0.283,0.054,0.000,21,W,0,,,,9211,64.78,0
142,1277.710,"Mount",-0.036,-0.361,0.352,-0.034,0.064,0.000,25,W,0,,,,9013,64.22,0
143,1286.616,"Mount",0.089,-0.236,0.246,0.090,-0.045,0.000,18,E,0,,,,10198,68.11,0
144,1295.938,"Mount",0.568,-0.462,0.540,0.571,0.418,0.400,164,W,58,S,,,9293,65.19,0
145,1307.819,"Mount",0.494,0.172,-0.099,0.493,0.027,0.345,11,W,50,S,,,9107,64.76,0
146,1316.661,"Mount",0.264,0.169,-0.129,0.263,-0.069,0.000,27,E,0,,,,9401,65.69,0
147,1325.809,"Mount",0.434,0.110,-0.046,0.434,-0.003,0.304,1,E,44,S,,,9731,67.00,0
148,1334.591,"Mount",0.121,0.072,-0.053,0.120,-0.013,0.000,5,E,0,,,,9960,67.86,0
149,1343.780,"Mount",0.604,0.182,-0.092,0.603,-0.013,0.422,5,E,61,S,,,9535,66.12,0
150,1352.597,"Mount",0.074,0.051,-0.039,0.074,-0.013,0.000,5,E,0,,,,9537,66.30,0
151,1361.625,"Mount",0.142,0.094,-0.072,0.141,-0.079,0.000,31,E,0,,,,9620,66.57,0
152,1370.708,"Mount",0.112,0.408,-0.387,0.110,-0.255,0.000,100,E,0,,,,9921,67.58,0
153,1379.776,"Mount",0.618,0.333,-0.239,0.616,0.032,0.431,12,W,62,S,,,9696,66.63,0
154,1388.954,"Mount",0.445,0.788,-0.714,0.441,-0.462,0.308,182,E,45,S,,,9410,65.82,0
155,1397.829,"Mount",-0.070,0.754,-0.756,-0.074,-0.617,0.000,242,E,0,,,,10006,67.76,0
156,1406.863,"Mount",0.417,0.034,0.027,0.417,-0.134,0.292,53,E,42,S,,,10317,68.39,0
157,1415.769,"Mount",0.333,0.291,-0.239,0.332,-0.048,0.232,19,E,34,S,,,11137,71.26,0
158,1424.820,"Mount",-0.311,0.764,-0.801,-0.315,-0.611,0.000,240,E,0,,,,9310,65.40,0
159,1433.797,"Mount",-0.021,0.582,-0.579,-0.025,-0.451,0.000,177,E,0,,,,9565,66.22,0
160,1442.889,"Mount",0.512,0.421,-0.341,0.509,-0.289,0.356,114,E,51,S,,,10437,69.40,0
161,1451.690,"Mount",0.138,0.032,-0.011,0.137,-0.142,0.000,56,E,0,,,,10481,69.40,0
162,1460.606,"Mount",0.120,0.240,-0.220,0.119,-0.085,0.000,33,E,0,,,,10738,70.39,0
163,1469.689,"Mount",0.223,0.404,-0.367,0.220,-0.274,0.000,108,E,0,,,,10693,70.13,0
164,1478.772,"Mount",0.391,0.308,-0.247,0.389,-0.062,0.272,24,E,39,S,,,10250,68.56,0
165,1487.694,"Mount",-0.113,0.388,-0.400,-0.115,-0.310,0.000,122,E,0,,,,9749,66.55,0
166,1496.696,"Mount",0.415,0.144,-0.082,0.414,-0.012,0.290,5,E,42,S,,,10270,68.65,0
167,1505.736,"Mount",0.557,-0.019,0.100,0.557,-0.004,0.390,1,E,56,S,,,9773,67.06,0
168,1514.590,"Mount",-0.284,0.128,-0.168,-0.285,-0.058,0.000,23,E,0,,,,9357,65.54,0
169,1523.736,"Mount",-0.164,0.448,-0.467,-0.167,-0.387,0.000,152,E,0,,,,9706,66.94,0
170,1532.738,"Mount",-0.061,0.482,-0.486,-0.064,-0.354,0.000,139,E,0,,,,9918,67.40,0
171,1541.756,"Mount",0.317,0.072,-0.025,0.317,-0.057,0.222,22,E,32,S,,,9314,65.66,0
172,1550.599,"Mount",0.219,0.131,-0.098,0.218,-0.065,0.000,25,E,0,,,,9340,65.38,0
173,1559.698,"Mount",-0.064,0.512,-0.516,-0.066,-0.384,0.000,151,E,0,,,,9589,66.46,0
174,1568.796,"Mount",1.004,0.153,-0.005,1.003,-0.120,0.702,47,E,101,S,,,9206,65.16,0
175,1577.942,"Mount",0.513,0.424,-0.345,0.511,-0.368,0.358,145,E,52,S,,,11367,72.27,0
176,1586.673,"Mount",0.203,-0.447,0.472,0.205,0.143,0.000,56,W,0,,,,9592,66.27,0
177,1595.612,"Mount",0.008,-0.489,0.485,0.010,0.217,0.000,85,W,0,,,,10603,69.68,0
178,1604.598,"Mount",0.050,0.310,-0.300,0.049,-0.150,0.000,59,E,0,,,,10724,70.33,0
179,1613.601,"Mount",0.092,-0.097,0.110,0.093,-0.184,0.000,72,E,0,,,,9601,66.44,0
180,1622.587,"Mount",-0.113,-0.173,0.155,-0.112,0.010,0.000,4,W,0,,,,10097,68.12,0
181,1631.733,"Mount",0.345,0.221,-0.168,0.344,0.066,0.241,26,W,35,S,,,10780,70.17,0
182,1640.783,"Mount",0.048,0.839,-0.823,0.043,-0.504,0.000,198,E,0,,,,9844,67.40,0
183,1649.658,"Mount",0.516,0.403,-0.324,0.514,0.003,0.359,1,W,52,S,,,11084,71.38,0
184,1658.693,"Mount",0.256,0.687,-0.642,0.252,-0.353,0.000,139,E,0,,,,9829,66.97,0
185,1667.808,"Mount",0.046,1.107,-1.089,0.039,-0.743,0.000,292,E,0,,,,10181,68.63,0
186,1676.745,"Mount",0.448,0.352,-0.283,0.446,-0.070,0.312,27,E,45,S,,,10496,69.55,0
187,1685.587,"Mount",-0.005,0.381,-0.377,-0.007,-0.213,0.000,84,E,0,,,,10317,68.64,0
188,1694.482,"Mount",0.127,0.177,-0.156,0.126,-0.021,0.000,8,E,0,,,,10959,70.93,0
189,1703.738,"Mount",0.464,-0.202,0.267,0.465,-0.027,0.326,11,E,47,S,,,11233,71.50,0
190,1712.723,"Mount",0.435,-0.127,0.189,0.436,-0.059,0.305,23,E,44,S,,,12062,74.27,0
191,1721.613,"Mount",-0.034,-0.376,0.368,-0.032,0.138,0.000,54,W,0,,,,11296,71.60,0
192,1730.529,"Mount",-0.192,-0.237,0.206,-0.190,-0.048,0.000,19,E,0,,,,10501,69.24,0
193,1739.924,"Mount",0.735,-0.763,0.862,0.739,0.498,0.517,196,W,75,S,,,10807,70.29,0
194,1748.631,"Mount",-0.102,-0.561,0.540,-0.099,0.341,0.000,134,W,0,,,,10738,69.63,0
195,1757.640,"Mount",-0.189,-0.550,0.517,-0.186,0.308,0.000,121,W,0,,,,10245,68.60,0
196,1766.512,"Mount",0.076,-0.142,0.151,0.077,-0.068,0.000,27,E,0,,,,10142,68.14,0
197,1775.490,"Mount",0.207,-0.280,0.308,0.208,-0.019,0.000,7,E,0,,,,11812,73.47,0
198,1784.839,"Mount",0.459,-0.532,0.593,0.462,0.350,0.323,137,W,47,S,,,11093,71.50,0
199,1793.683,"Mount",0.381,0.374,-0.314,0.379,-0.052,0.265,21,E,38,S,,,10041,67.81,0
200,1802.717,"Mount",-0.101,0.553,-0.562,-0.104,-0.430,0.000,169,E,0,,,,10418,69.22,0
201,1811.497,"Mount",-0.125,0.021,-0.039,-0.125,0.005,0.000,2,W,0,,,,10522,69.53,0
202,1820.658,"Mount",0.406,-0.047,0.106,0.407,0.023,0.285,9,W,41,S,,,9813,66.90,0
203,1829.628,"Mount",0.337,0.177,-0.126,0.336,-0.029,0.235,11,E,34,S,,,9603,66.44,0
204,1838.614,"Mount",-0.211,0.413,-0.439,-0.213,-0.332,0.000,130,E,0,,,,9978,67.85,0
205,1847.667,"Mount",-0.063,0.712,-0.713,-0.067,-0.448,0.000,176,E,0,,,,10181,68.36,0
206,1857.163,"Mount",-0.038,0.456,-0.457,-0.041,-0.279,0.000,110,E,0,,,,9747,66.94,0
207,1865.830,"Mount",0.628,-0.503,0.589,0.631,0.395,0.442,155,W,64,S,,,10261,68.59,0
208,1874.545,"Mount",0.076,0.251,-0.237,0.074,0.040,0.000,16,W,0,,,,10626,69.88,0
209,1883.643,"Mount",0.522,0.235,-0.156,0.521,-0.054,0.365,21,E,53,S,,,10322,69.01,0
210,1892.486,"Mount",-0.077,0.312,-0.320,-0.079,-0.015,0.000,6,E,0,,,,9830,67.25,0
211,1901.489,"Mount",0.197,0.205,-0.174,0.196,-0.032,0.000,12,E,0,,,,9561,66.46,0
212,1910.699,"Mount",0.489,0.392,-0.317,0.487,-0.050,0.341,20,E,49,S,,,10004,68.03,0
213,1919.541,"Mount",0.110,0.394,-0.373,0.108,-0.257,0.000,101,E,0,,,,11219,71.75,0
214,1928.424,"Mount",0.174,-0.124,0.148,0.175,-0.008,0.000,3,E,0,,,,10263,68.52,0
215,1937.803,"Mount",0.492,0.685,-0.606,0.488,-0.410,0.342,161,E,49,S,,,10451,69.25,0
216,1946.533,"Mount",-0.067,-0.303,0.290,-0.066,-0.141,0.000,55,E,0,,,,9629,66.47,0
217,1955.504,"Mount",0.019,-0.337,0.336,0.021,0.078,0.000,30,W,0,,,,10841,70.41,0
218,1964.633,"Mount",0.596,0.214,-0.125,0.595,-0.075,0.416,29,E,60,S,,,10601,69.58,0
219,1973.476,"Mount",0.073,0.108,-0.096,0.073,-0.057,0.000,22,E,0,,,,10162,68.54,0
220,1982.606,"Mount",0.390,-0.109,0.164,0.391,-0.076,0.273,30,E,39,S,,,9485,65.84,0
221,1991.528,"Mount",0.048,-0.026,0.032,0.048,-0.102,0.000,40,E,0,,,,9801,67.16,0
222,2000.531,"Mount",0.123,0.322,-0.301,0.121,-0.112,0.000,44,E,0,,,,9742,66.69,0
223,2009.613,"Mount",0.114,0.393,-0.372,0.112,-0.346,0.000,136,E,0,,,,11109,71.61,0
224,2018.824,"Mount",0.623,0.472,-0.376,0.621,-0.352,0.435,138,E,63,S,,,10319,68.95,0
225,2027.633,"Mount",0.478,0.216,-0.144,0.477,-0.105,0.334,41,E,48,S,,,9772,67.34,0
226,2036.765,"Mount",0.273,0.994,-0.943,0.268,-0.678,0.000,266,E,0,,,,10884,70.87,0
227,2045.559,"Mount",0.085,0.404,-0.387,0.083,-0.299,0.000,118,E,0,,,,10553,69.67,0
228,2054.641,"Mount",0.445,0.199,-0.132,0.444,-0.051,0.311,20,E,45,S,,,11155,71.49,0
229,2063.595,"Mount",0.591,-0.159,0.244,0.592,-0.000,0.415,0,,60,S,,,10278,68.68,0
230,2072.422,"Mount",0.268,-0.215,0.252,0.270,0.042,0.000,16,W,0,,,,10147,68.07,0
231,2081.825,"Mount",0.720,-0.699,0.797,0.724,0.463,0.507,182,W,73,S,,,10370,68.82,0
232,2090.490,"Mount",0.125,-0.315,0.330,0.126,0.193,0.000,76,W,0,,,,10935,70.62,0
233,2099.525,"Mount",-0.025,0.335,-0.335,-0.027,-0.320,0.000,126,E,0,,,,11410,72.40,0
234,2108.477,"Mount",-0.000,-0.003,0.002,-0.000,-0.053,0.000,21,E,0,,,,9963,67.62,0
235,2117.402,"Mount",0.151,-0.090,0.111,0.152,0.009,0.000,3,W,0,,,,10713,70.00,0
236,2126.549,"Mount",-0.171,0.587,-0.605,-0.174,-0.363,0.000,143,E,0,,,,10757,70.43,0
237,2135.538,"Mount",0.121,0.489,-0.466,0.119,-0.248,0.000,97,E,0,,,,10426,69.46,0
238,2144.823,"Mount",0.519,0.857,-0.772,0.514,-0.475,0.360,187,E,52,S,,,11123,71.79,0
239,2153.474,"Mount",0.055,0.319,-0.308,0.054,-0.051,0.000,20,E,0,,,,9746,66.83,0
240,2162.525,"Mount",0.100,0.594,-0.573,0.097,-0.372,0.000,146,E,0,,,,10536,69.43,0
241,2171.607,"Mount",0.231,0.812,-0.770,0.226,-0.496,0.000,195,E,0,,,,10242,68.80,0
242,2180.832,"Mount",0.564,1.098,-1.004,0.557,-0.643,0.390,252,E,56,S,,,10603,69.88,0
243,2189.579,"Mount",1.105,0.117,0.046,1.105,0.000,0.773,0,,112,S,,,10435,69.29,0
244,2198.612,"Mount",0.652,0.010,0.085,0.652,0.083,0.457,32,W,66,S,,,9556,66.30,0
245,2210.588,"Mount",0.384,-0.060,0.115,0.384,0.035,0.269,14,W,39,S,,,10308,68.84,0
246,2219.413,"Mount",-0.004,0.077,-0.077,-0.004,0.077,0.000,30,W,0,,,,10213,68.71,0
247,2228.464,"Mount",0.015,0.150,-0.146,0.014,0.049,0.000,19,W,0,,,,10695,69.77,0
248,2237.530,"Mount",0.448,0.336,-0.267,0.446,-0.011,0.312,4,E,45,S,,,10430,69.38,0
249,2246.484,"Mount",0.398,-0.116,0.173,0.399,0.013,0.279,5,W,40,S,,,10597,69.62,0
250,2255.398,"Mount",0.262,-0.243,0.278,0.264,0.066,0.000,26,W,0,,,,10742,70.02,0
251,2264.424,"Mount",0.077,0.158,-0.145,0.076,0.062,0.000,24,W,0,,,,10097,68.09,0
252,2273.378,"Mount",0.278,0.009,0.032,0.278,-0.003,0.000,1,E,0,,,,11601,73.06,0
253,2282.620,"Mount",0.435,0.128,-0.063,0.434,-0.044,0.304,17,E,44,S,,,10753,70.60,0
254,2291.639,"Mount",0.616,-0.062,0.151,0.616,-0.119,0.431,47,E,62,S,,,9839,67.08,0
255,2300.448,"Mount",0.215,-0.503,0.529,0.218,0.202,0.000,79,W,0,,,,11176,71.34,0
256,2309.417,"Mount",0.045,-0.294,0.297,0.046,-0.107,0.000,42,E,0,,,,11323,71.80,0
257,2318.578,"Mount",0.603,0.056,0.033,0.602,-0.115,0.422,45,E,61,S,,,11316,72.05,0
258,2327.629,"Mount",0.468,0.034,0.035,0.468,-0.143,0.327,56,E,47,S,,,11094,71.59,0
259,2336.566,"Mount",0.095,0.452,-0.433,0.093,-0.403,0.000,158,E,0,,,,10391,68.92,0
260,2345.601,"Mount",0.650,0.252,-0.154,0.648,-0.148,0.454,58,E,65,S,,,9339,65.70,0
261,2354.378,"Mount",0.023,0.111,-0.106,0.022,-0.089,0.000,35,E,0,,,,10768,70.59,0
262,2363.636,"Mount",0.223,0.898,-0.856,0.218,-0.591,0.000,232,E,0,,,,10647,70.26,0
263,2372.797,"Mount",0.671,0.840,-0.733,0.666,-0.509,0.466,200,E,67,S,,,10920,71.23,0
264,2381.336,"Mount",0.289,0.329,-0.284,0.287,-0.017,0.000,7,E,0,,,,10026,67.62,0
265,2390.656,"Mount",0.541,0.516,-0.431,0.538,-0.265,0.376,104,E,54,S,,,9968,67.62,0
266,2399.729,"Mount",-0.074,1.263,-1.260,-0.081,-0.854,0.000,335,E,0,,,,11042,71.39,0
267,2408.599,"Mount",0.418,-0.033,0.093,0.418,-0.108,0.293,42,E,42,S,,,11332,72.04,0
268,2417.373,"Mount",0.062,0.039,-0.030,0.061,-0.047,0.000,18,E,0,,,,10361,68.92,0
269,2426.536,"Mount",0.514,-0.241,0.313,0.515,-0.063,0.361,25,E,52,S,,,10915,71.01,0
270,2435.393,"Mount",-0.045,-0.083,0.076,-0.045,-0.078,0.000,31,E,0,,,,10124,68.18,0
271,2444.586,"Mount",0.597,-0.278,0.362,0.599,0.159,0.419,62,W,60,S,,,9861,67.35,0
272,2453.349,"Mount",-0.025,-0.112,0.107,-0.024,-0.053,0.000,21,E,0,,,,9938,67.58,0
273,2463.128,"Mount",0.827,0.091,0.030,0.826,-0.096,0.578,38,E,83,S,,,11674,73.61,0
274,2471.481,"Mount",0.445,0.194,-0.127,0.444,-0.103,0.311,40,E,45,S,,,8993,64.35,0
275,2480.594,"Mount",0.716,0.186,-0.080,0.715,-0.073,0.500,29,E,72,S,,,9114,65.03,0
276,2489.323,"Mount",0.278,0.126,-0.084,0.277,-0.045,0.000,18,E,0,,,,8217,61.36,0
277,2498.453,"Mount",0.361,0.065,-0.011,0.360,-0.011,0.252,4,E,36,S,,,8650,63.20,0
278,2507.566,"Mount",0.527,0.219,-0.140,0.525,-0.027,0.368,11,E,53,S,,,9664,66.93,0
279,2516.435,"Mount",0.246,0.430,-0.390,0.243,-0.311,0.000,122,E,0,,,,9002,64.45,0
280,2525.522,"Mount",0.010,0.554,-0.547,0.006,-0.444,0.000,174,E,0,,,,9282,65.54,0
281,2534.400,"Mount",-0.221,0.088,-0.119,-0.221,-0.088,0.000,35,E,0,,,,9290,65.43,0
282,2543.429,"Mount",0.382,0.062,-0.006,0.382,-0.014,0.267,6,E,39,S,,,9049,64.53,0
283,2552.706,"Mount",0.304,-0.392,0.432,0.306,0.284,0.214,112,W,31,S,,,9407,65.72,0
284,2561.480,"Mount",0.250,-0.067,0.102,0.250,0.033,0.000,13,W,0,,,,9274,65.32,0
285,2570.334,"Mount",0.148,0.266,-0.242,0.147,-0.006,0.000,2,E,0,,,,9698,66.93,0
286,2579.755,"Mount",0.405,0.718,-0.651,0.401,-0.455,0.281,179,E,41,S,,,9088,64.84,0
287,2588.349,"Mount",-0.036,0.074,-0.078,-0.036,-0.071,0.000,28,E,0,,,,8909,63.91,0
288,2597.343,"Mount",0.028,0.168,-0.162,0.027,-0.062,0.000,25,E,0,,,,8581,62.71,0
289,2606.537,"Mount",0.485,0.157,-0.085,0.484,-0.062,0.339,24,E,49,S,,,9217,65.13,0
290,2615.490,"Mount",0.377,0.261,-0.203,0.376,-0.034,0.263,13,E,38,S,,,8091,61.23,0
291,2624.269,"Mount",0.142,0.048,-0.027,0.142,-0.005,0.000,2,E,0,,,,9658,66.37,0
292,2633.399,"Mount",0.158,0.393,-0.365,0.156,-0.221,0.000,87,E,0,,,,9676,66.91,0
293,2642.560,"Mount",0.351,0.453,-0.397,0.348,-0.293,0.244,115,E,35,S,,,9919,67.84,0
294,2651.482,"Mount",0.241,0.692,-0.650,0.237,-0.492,0.000,193,E,0,,,,9018,64.72,0
295,2660.388,"Mount",0.180,0.418,-0.388,0.177,-0.333,0.000,131,E,0,,,,9651,66.73,0
296,2669.533,"Mount",1.007,0.134,0.014,1.007,-0.064,0.705,25,E,102,S,,,9023,64.60,0
297,2678.503,"Mount",0.776,-0.191,0.302,0.777,-0.028,0.544,11,E,78,S,,,8571,62.77,0
298,2687.296,"Mount",0.159,-0.137,0.159,0.160,-0.032,0.000,12,E,0,,,,9171,64.81,0
299,2696.414,"Mount",0.210,-0.492,0.517,0.213,0.266,0.000,105,W,0,,,,9525,66.24,0
300,2705.492,"Mount",0.532,-0.187,0.263,0.533,-0.035,0.373,14,E,54,S,,,8864,63.91,0
301,2714.287,"Mount",-0.035,-0.036,0.031,-0.034,-0.035,0.000,14,E,0,,,,9248,65.17,0
302,2723.591,"Mount",0.744,-0.463,0.567,0.747,0.329,0.523,129,W,75,S,,,9065,64.96,0
303,2732.418,"Mount",-0.103,0.662,-0.670,-0.107,-0.428,0.000,168,E,0,,,,11421,72.14,0
304,2741.259,"Mount",-0.384,0.056,-0.111,-0.385,-0.084,0.000,33,E,0,,,,9939,67.71,0
305,2750.422,"Mount",0.344,0.037,0.013,0.343,-0.084,0.240,33,E,35,S,,,8941,64.04,0
306,2759.295,"Mount",0.130,-0.218,0.234,0.131,-0.101,0.000,40,E,0,,,,8863,63.71,0
307,2768.457,"Mount",0.557,0.329,-0.245,0.555,-0.095,0.389,37,E,56,S,,,8870,64.03,0
308,2777.299,"Mount",0.176,-0.328,0.350,0.178,0.148,0.000,58,W,0,,,,9217,65.09,0
309,2786.364,"Mount",0.504,0.092,-0.017,0.504,-0.001,0.353,0,,51,S,,,9022,64.54,0
310,2795.201,"Mount",-0.177,0.304,-0.326,-0.179,-0.015,0.000,6,E,0,,,,9453,65.84,0
311,2804.256,"Mount",0.054,0.135,-0.126,0.053,-0.020,0.000,8,E,0,,,,8258,61.65,0
312,2813.593,"Mount",0.317,0.689,-0.635,0.313,-0.374,0.219,147,E,32,S,,,9139,65.01,0
313,2822.354,"Mount",0.425,0.206,-0.142,0.424,-0.021,0.297,8,E,43,S,,,8970,64.20,0
314,2831.515,"Mount",0.193,1.146,-1.105,0.187,-0.719,0.000,282,E,0,,,,8804,63.98,0
315,2840.565,"Mount",0.401,0.753,-0.686,0.397,-0.471,0.278,185,E,40,S,,,9189,65.38,0
316,2849.599,"Mount",0.596,0.724,-0.629,0.592,-0.378,0.415,148,E,60,S,,,9564,66.50,0
317,2858.473,"Mount",1.094,0.374,-0.210,1.092,0.015,0.764,6,W,110,S,,,9068,64.80,0
318,2867.227,"Mount",-0.177,0.268,-0.291,-0.178,-0.007,0.000,3,E,0,,,,8811,63.54,0
319,2876.252,"Mount",0.085,0.181,-0.167,0.084,-0.065,0.000,25,E,0,,,,8966,64.13,0
320,2885.493,"Mount",0.626,0.280,-0.186,0.624,-0.116,0.437,46,E,63,S,,,8887,64.25,0
321,2894.288,"Mount",-0.088,-0.158,0.143,-0.087,-0.093,0.000,36,E,0,,,,9094,64.76,0
322,2903.386,"Mount",0.079,0.400,-0.384,0.077,-0.281,0.000,110,E,0,,,,9206,65.44,0
323,2912.369,"Mount",0.322,0.273,-0.223,0.320,-0.061,0.224,24,E,32,S,,,9160,64.92,0
324,2921.483,"Mount",0.525,0.456,-0.375,0.523,-0.300,0.366,118,E,53,S,,,8920,64.31,0
325,2930.389,"Mount",0.329,-0.183,0.229,0.330,-0.062,0.231,24,E,33,S,,,8985,64.66,0
326,2939.246,"Mount",0.073,0.104,-0.092,0.073,-0.067,0.000,26,E,0,,,,8548,62.70,0
327,2948.552,"Mount",0.450,0.536,-0.464,0.447,-0.418,0.313,164,E,45,S,,,9224,65.17,0
328,2957.288,"Mount",0.217,0.202,-0.168,0.216,-0.137,0.000,54,E,0,,,,9158,65.21,0
329,2966.571,"Mount",0.425,0.476,-0.409,0.423,-0.403,0.296,158,E,43,S,,,8843,64.12,0
330,2975.285,"Mount",0.227,0.177,-0.142,0.226,-0.112,0.000,44,E,0,,,,9377,65.67,0
331,2984.334,"Mount",0.558,0.025,0.056,0.557,-0.015,0.390,6,E,56,S,,,8807,63.69,0
332,2993.352,"Mount",0.698,0.115,-0.012,0.697,0.013,0.488,5,W,70,S,,,9939,67.95,0
333,3002.196,"Mount",0.195,0.306,-0.274,0.194,-0.021,0.000,8,E,0,,,,8779,63.68,0
334,3011.370,"Mount",0.275,0.704,-0.656,0.271,-0.405,0.000,159,E,0,,,,8944,64.44,0
335,3020.500,"Mount",0.626,0.705,-0.606,0.622,-0.348,0.435,137,E,63,S,,,9352,65.75,0
336,3029.200,"Mount",0.149,-0.302,0.321,0.151,0.005,0.000,2,W,0,,,,8301,61.97,0
337,3038.375,"Mount",0.633,0.080,0.013,0.632,0.030,0.443,12,W,64,S,,,8320,61.84,0
338,3047.457,"Mount",0.500,-0.388,0.457,0.503,0.258,0.352,102,W,51,S,,,9476,66.04,0
339,3056.203,"Mount",0.004,-0.315,0.312,0.006,-0.051,0.000,20,E,0,,,,9206,64.89,0
340,3065.381,"Mount",0.539,-0.113,0.190,0.539,-0.049,0.377,19,E,54,S,,,9436,66.15,0
341,3074.318,"Mount",-1.208,-0.390,0.210,-1.205,-0.041,0.000,16,E,0,,,,10792,69.86,0
INFO: SET LOCK POSITION, new lock pos = 1140.244, 973.905
INFO: DITHER by -1.995, 0.254, new lock pos = 1140.204, 975.916
INFO: SETTLING STATE CHANGE, Settling started
342,3084.086,"Mount",0.039,-2.011,1.995,-0.254,1.995,-0.254,784,W,37,N,,,9537,66.02,0
INFO: SETTLING STATE CHANGE, Settling complete
343,3092.496,"Mount",-1.628,0.983,-1.210,-1.634,-0.762,0.000,299,E,0,,,,10293,69.24,0
344,3101.284,"Mount",-1.728,0.285,-0.534,-1.730,-0.336,0.000,132,E,0,,,,9397,65.95,0
345,3110.452,"Mount",-1.160,0.045,-0.213,-1.160,0.027,-0.812,11,W,117,N,,,10209,68.72,0
346,3119.614,"Mount",-0.514,0.880,-0.945,-0.519,-0.633,-0.363,249,E,52,N,,,10496,69.75,0
347,3128.280,"Mount",-0.065,-0.029,0.019,-0.065,-0.073,0.000,29,E,0,,,,9729,67.46,0
348,3137.200,"Mount",0.379,0.133,-0.076,0.379,-0.040,0.000,16,E,0,,,,10268,68.73,0
349,3146.185,"Mount",0.138,0.221,-0.199,0.136,0.026,0.000,10,W,0,,,,10029,68.04,0
350,3155.203,"Mount",0.743,0.032,0.076,0.742,0.054,0.000,21,W,0,,,,9709,66.89,0
351,3164.128,"Mount",0.929,0.196,-0.059,0.928,0.024,0.000,9,W,0,,,,9948,68.09,0
352,3173.198,"Mount",1.306,0.080,0.111,1.306,-0.059,0.000,23,E,0,,,,9791,67.33,0
353,3182.238,"Mount",1.156,-0.184,0.351,1.157,0.171,0.000,67,W,0,,,,10534,69.92,0
354,3191.420,"Mount",1.387,-0.056,0.258,1.387,-0.030,0.971,12,E,140,S,,,9533,66.43,0
355,3200.594,"Mount",1.472,-0.816,1.022,1.476,0.595,1.033,234,W,149,S,,,11035,71.53,0
356,3209.372,"Mount",1.360,-0.027,0.225,1.360,-0.024,0.952,9,E,137,S,,,10687,70.10,0
357,3218.486,"Mount",0.479,-0.761,0.823,0.483,0.363,0.338,143,W,49,S,,,10808,70.62,0
358,3227.215,"Mount",0.003,-0.047,0.047,0.003,-0.152,0.000,60,E,0,,,,9983,68.58,0
359,3236.424,"Mount",0.428,-0.480,0.538,0.431,0.223,0.302,88,W,44,S,,,9681,67.15,0
360,3245.250,"Mount",0.035,-0.003,0.008,0.035,-0.057,0.000,23,E,0,,,,9380,66.12,0
361,3254.379,"Mount",0.433,-0.105,0.167,0.434,-0.036,0.304,14,E,44,S,,,10296,69.00,0
362,3263.183,"Mount",-0.416,-0.019,-0.042,-0.416,0.058,0.000,23,W,0,,,,10547,69.64,0
363,3272.191,"Mount",-0.159,0.255,-0.275,-0.161,0.059,0.000,23,W,0,,,,10848,71.18,0
364,3281.224,"Mount",-0.191,0.489,-0.512,-0.194,-0.258,0.000,101,E,0,,,,10984,71.65,0
365,3290.450,"Mount",-0.144,1.356,-1.363,-0.152,-0.779,0.000,306,E,0,,,,10988,71.43,0
366,3299.387,"Mount",0.167,0.999,-0.964,0.162,-0.684,0.000,269,E,0,,,,11287,72.52,0
367,3308.293,"Mount",0.287,0.663,-0.614,0.283,-0.457,0.000,180,E,0,,,,11157,72.49,0
368,3317.327,"Mount",0.524,0.174,-0.096,0.523,-0.067,0.366,26,E,53,S,,,10896,71.03,0
369,3326.232,"Mount",-0.154,0.386,-0.404,-0.156,-0.287,0.000,113,E,0,,,,10293,69.38,0
370,3335.170,"Mount",0.111,0.028,-0.012,0.110,-0.091,0.000,36,E,0,,,,11132,72.27,0
371,3344.299,"Mount",0.338,0.359,-0.306,0.336,-0.111,0.235,44,E,34,S,,,10749,70.91,0
372,3353.300,"Mount",0.299,0.408,-0.360,0.296,-0.384,0.000,151,E,0,,,,11127,72.14,0
373,3362.159,"Mount",0.201,-0.028,0.057,0.201,-0.137,0.000,54,E,0,,,,10244,69.06,0
374,3371.352,"Mount",0.579,-0.252,0.334,0.581,0.111,0.406,44,W,59,S,,,9832,67.74,0
375,3380.115,"Mount",0.228,-0.170,0.201,0.229,-0.087,0.000,34,E,0,,,,10402,69.56,0
376,3389.419,"Mount",0.529,-0.558,0.629,0.532,0.283,0.373,111,W,54,S,,,10260,69.08,0
377,3398.133,"Mount",-0.006,0.042,-0.043,-0.006,-0.117,0.000,46,E,0,,,,10006,67.84,0
378,3407.358,"Mount",0.525,-0.016,0.092,0.525,-0.177,0.367,70,E,53,S,,,10195,68.82,0
379,3416.198,"Mount",0.198,-0.331,0.356,0.200,0.126,0.000,50,W,0,,,,9741,67.12,0
380,3425.377,"Mount",0.544,-0.267,0.344,0.545,0.246,0.382,97,W,55,S,,,9941,68.17,0
381,3434.085,"Mount",0.191,0.332,-0.301,0.189,-0.001,0.000,0,,0,,,,9610,66.69,0
382,3443.144,"Mount",-0.302,0.253,-0.295,-0.304,-0.045,0.000,18,E,0,,,,10366,69.84,0
383,3452.382,"Mount",0.453,0.577,-0.505,0.449,-0.324,0.314,127,E,45,S,,,9591,66.95,0
384,3461.053,"Mount",-0.001,0.145,-0.144,-0.002,-0.013,0.000,5,E,0,,,,10310,68.67,0
385,3470.338,"Mount",-0.180,0.994,-1.010,-0.186,-0.645,0.000,254,E,0,,,,10502,69.75,0
386,3479.356,"Mount",0.219,1.049,-1.006,0.213,-0.673,0.000,264,E,0,,,,10332,69.28,0
387,3488.325,"Mount",0.271,1.208,-1.156,0.264,-0.700,0.000,275,E,0,,,,10852,70.95,0
388,3500.333,"Mount",0.547,0.575,-0.489,0.543,-0.256,0.380,100,E,55,S,,,9721,67.36,0
389,3509.238,"Mount",0.688,0.408,-0.304,0.686,-0.012,0.480,5,E,69,S,,,9968,67.93,0
390,3518.272,"Mount",0.635,0.023,0.070,0.635,-0.053,0.444,21,E,64,S,,,10104,68.38,0
391,3527.018,"Mount",-0.160,-0.341,0.314,-0.158,-0.006,0.000,2,E,0,,,,9175,65.11,0
392,3536.243,"Mount",0.081,-0.646,0.651,0.084,0.397,0.000,156,W,0,,,,9235,65.33,0
393,3545.325,"Mount",0.440,-0.127,0.190,0.441,-0.038,0.309,15,E,45,S,,,10285,69.14,0
394,3554.054,"Mount",-0.010,0.033,-0.034,-0.010,-0.032,0.000,13,E,0,,,,10689,70.31,0
395,3563.119,"Mount",0.294,0.217,-0.172,0.293,-0.024,0.000,10,E,0,,,,10235,68.82,0
396,3572.249,"Mount",0.324,0.196,-0.146,0.323,-0.051,0.226,20,E,33,S,,,10720,70.82,0
397,3581.057,"Mount",0.279,0.227,-0.183,0.278,-0.095,0.000,37,E,0,,,,10096,68.49,0
398,3590.347,"Mount",0.216,0.829,-0.789,0.211,-0.647,0.000,254,E,0,,,,10360,69.62,0
399,3599.348,"Mount",0.578,0.343,-0.256,0.576,-0.218,0.403,85,E,58,S,,,10764,70.89,0
400,3608.366,"Mount",0.851,-0.090,0.213,0.851,-0.137,0.596,54,E,86,S,,,11416,72.76,0
401,3617.242,"Mount",-0.268,0.407,-0.441,-0.270,-0.370,0.000,145,E,0,,,,10979,71.86,0
402,3626.113,"Mount",0.020,-0.076,0.078,0.021,-0.179,0.000,70,E,0,,,,10095,68.31,0
403,3635.273,"Mount",0.478,0.062,0.008,0.477,-0.174,0.334,69,E,48,S,,,11475,72.58,0
404,3644.387,"Mount",0.629,-0.634,0.719,0.633,0.274,0.443,107,W,64,S,,,10163,68.36,0
405,3653.308,"Mount",0.764,-0.101,0.211,0.764,-0.029,0.535,12,E,77,S,,,9984,67.82,0
406,3662.149,"Mount",-0.016,0.381,-0.379,-0.018,-0.258,0.000,101,E,0,,,,10074,68.15,0
407,3671.070,"Mount",0.060,0.254,-0.242,0.058,-0.128,0.000,50,E,0,,,,10050,68.31,0
408,3680.131,"Mount",0.053,-0.455,0.458,0.056,0.187,0.000,74,W,0,,,,10370,69.12,0
409,3689.361,"Mount",0.345,-0.536,0.581,0.348,0.393,0.244,154,W,35,S,,,9630,66.90,0
410,3698.554,"Mount",0.097,-0.169,0.182,0.098,0.049,0.000,19,W,0,,,,10715,70.44,0
411,3707.060,"Mount",0.158,0.035,-0.012,0.158,0.025,0.000,10,W,0,,,,10420,69.45,0
412,3716.286,"Mount",0.906,-0.081,0.212,0.907,-0.034,0.635,13,E,92,S,,,10265,69.21,0
413,3725.032,"Mount",0.276,0.133,-0.092,0.275,0.004,0.000,2,W,0,,,,9921,67.88,0
414,3734.004,"Mount",0.042,-0.168,0.172,0.043,-0.020,0.000,8,E,0,,,,9704,66.86,0
415,3743.305,"Mount",0.834,-0.187,0.307,0.835,-0.036,0.585,14,E,84,S,,,9985,68.05,0
416,3752.274,"Mount",0.323,-0.439,0.481,0.326,0.210,0.228,83,W,33,S,,,10255,68.98,0
417,3761.115,"Mount",0.230,0.372,-0.334,0.228,-0.301,0.000,118,E,0,,,,9744,67.06,0
418,3770.036,"Mount",-0.157,0.129,-0.151,-0.158,-0.066,0.000,26,E,0,,,,10638,70.16,0
419,3779.022,"Mount",0.121,0.182,-0.163,0.120,-0.041,0.000,16,E,0,,,,9534,66.23,0
420,3788.215,"Mount",-0.074,0.717,-0.720,-0.079,-0.512,0.000,201,E,0,,,,11471,72.77,0
421,3797.200,"Mount",0.640,0.230,-0.134,0.639,-0.060,0.447,23,E,65,S,,,10001,67.96,0
422,3806.154,"Mount",0.221,0.493,-0.456,0.218,-0.331,0.000,130,E,0,,,,10407,69.93,0
423,3815.268,"Mount",0.364,0.494,-0.436,0.361,-0.374,0.253,147,E,37,S,,,10514,70.21,0
424,3824.045,"Mount",-0.109,0.211,-0.225,-0.110,-0.121,0.000,47,E,0,,,,10566,70.33,0
425,3833.287,"Mount",0.430,0.430,-0.363,0.428,-0.336,0.299,132,E,43,S,,,10789,71.15,0
426,3842.017,"Mount",-0.389,0.211,-0.266,-0.390,-0.078,0.000,30,E,0,,,,10687,70.78,0
427,3851.049,"Mount",0.302,0.401,-0.353,0.300,-0.246,0.000,97,E,0,,,,10914,70.85,0
428,3860.163,"Mount",0.850,0.312,-0.184,0.849,0.004,0.594,2,W,86,S,,,10667,70.31,0
429,3868.960,"Mount",0.237,0.084,-0.049,0.237,-0.015,0.000,6,E,0,,,,10637,70.34,0
430,3878.231,"Mount",0.606,0.319,-0.227,0.604,-0.064,0.423,25,E,61,S,,,10083,68.50,0
431,3887.120,"Mount",0.345,0.178,-0.126,0.344,-0.070,0.241,27,E,35,S,,,10535,70.09,0
432,3895.904,"Mount",0.115,0.019,-0.002,0.115,0.000,0.000,0,,0,,,,10844,71.04,0
433,3904.996,"Mount",0.114,-0.023,0.040,0.114,0.030,0.000,12,W,0,,,,11416,72.18,0
434,3914.144,"Mount",0.450,0.049,0.017,0.450,0.006,0.315,2,W,45,S,,,11152,72.20,0
435,3922.953,"Mount",-0.607,0.237,-0.323,-0.608,0.008,0.000,3,W,0,,,,11108,71.94,0
436,3932.238,"Mount",-0.621,0.931,-1.012,-0.626,-0.630,0.000,247,E,0,,,,9933,67.63,0
437,3941.000,"Mount",-0.336,0.112,-0.160,-0.337,-0.043,0.000,17,E,0,,,,10587,69.72,0
438,3950.305,"Mount",0.320,0.814,-0.758,0.316,-0.497,0.221,195,E,32,S,,,10664,70.29,0
439,3959.211,"Mount",0.906,0.295,-0.160,0.904,-0.113,0.633,44,E,91,S,,,10281,68.80,0
440,3968.116,"Mount",0.191,0.662,-0.627,0.188,-0.430,0.000,169,E,0,,,,11329,72.82,0
441,3977.229,"Mount",0.776,0.560,-0.441,0.773,-0.261,0.541,103,E,78,S,,,10427,69.61,0
442,3985.975,"Mount",0.230,0.114,-0.079,0.229,0.049,0.000,19,W,0,,,,11221,72.25,0
443,3995.120,"Mount",0.205,0.866,-0.827,0.200,-0.429,0.000,169,E,0,,,,11803,74.32,0
444,4004.058,"Mount",-0.095,0.560,-0.568,-0.098,-0.301,0.000,118,E,0,,,,10685,70.59,0
445,4013.331,"Mount",0.733,-0.394,0.497,0.735,0.432,0.514,170,W,74,S,,,10348,69.45,0
446,4022.301,"Mount",0.568,-0.329,0.409,0.570,0.323,0.399,127,W,58,S,,,10901,71.06,0
447,4030.966,"Mount",0.190,-0.072,0.099,0.190,-0.015,0.000,6,E,0,,,,11739,73.90,0
448,4040.143,"Mount",0.108,0.852,-0.827,0.103,-0.511,0.000,201,E,0,,,,10617,70.29,0
449,4049.305,"Mount",0.152,1.299,-1.263,0.144,-0.871,0.000,342,E,0,,,,11131,72.39,0
450,4058.210,"Mount",0.602,0.249,-0.159,0.600,-0.088,0.420,35,E,61,S,,,10309,69.17,0
451,4067.099,"Mount",0.493,0.307,-0.231,0.492,0.006,0.344,2,W,50,S,,,10996,71.39,0
452,4075.912,"Mount",-0.240,0.256,-0.288,-0.241,-0.007,0.000,3,E,0,,,,9500,66.37,0
453,4085.199,"Mount",0.343,0.401,-0.347,0.341,-0.267,0.238,105,E,34,S,,,10721,70.60,0
454,4093.961,"Mount",0.291,0.266,-0.220,0.290,-0.052,0.000,20,E,0,,,,10343,69.54,0
455,4103.074,"Mount",0.686,0.180,-0.078,0.685,-0.024,0.479,9,E,69,S,,,11027,71.81,0
456,4112.012,"Mount",-0.373,0.215,-0.267,-0.374,-0.070,0.000,27,E,0,,,,10956,71.07,0
457,4121.189,"Mount",0.409,-0.180,0.238,0.410,-0.114,0.287,45,E,41,S,,,11235,72.52,0
458,4130.145,"Mount",0.205,-0.694,0.717,0.209,0.391,0.000,154,W,0,,,,11356,72.57,0
459,4138.968,"Mount",0.076,-0.223,0.232,0.078,-0.057,0.000,22,E,0,,,,10914,70.97,0
460,4147.921,"Mount",0.073,0.069,-0.057,0.073,-0.050,0.000,20,E,0,,,,11067,72.08,0
461,4157.182,"Mount",0.724,0.238,-0.130,0.722,-0.018,0.506,7,E,73,S,,,11241,72.59,0
462,4166.068,"Mount",0.481,0.091,-0.020,0.481,-0.001,0.337,0,,49,S,,,10871,71.39,0
463,4174.941,"Mount",0.015,0.043,-0.040,0.015,-0.007,0.000,3,E,0,,,,10478,69.34,0
464,4184.118,"Mount",0.687,0.357,-0.253,0.685,-0.048,0.479,19,E,69,S,,,11236,72.13,0
465,4192.887,"Mount",-0.065,-0.034,0.024,-0.065,-0.019,0.000,8,E,0,,,,10836,71.02,0
466,4202.153,"Mount",0.119,0.803,-0.777,0.114,-0.495,0.000,194,E,0,,,,10573,70.32,0
467,4211.187,"Mount",0.690,0.678,-0.570,0.686,-0.407,0.480,160,E,69,S,,,10601,70.21,0
468,4220.043,"Mount",0.753,-0.014,0.124,0.753,-0.021,0.527,8,E,76,S,,,10909,71.37,0
469,4228.853,"Mount",-0.194,0.225,-0.251,-0.196,0.024,0.000,9,W,0,,,,10641,70.40,0
470,4238.094,"Mount",-0.112,0.529,-0.539,-0.115,-0.471,0.000,185,E,0,,,,11130,72.02,0
471,4247.095,"Mount",-0.211,0.487,-0.512,-0.214,-0.466,0.000,183,E,0,,,,11805,74.10,0
472,4256.032,"Mount",0.032,0.433,-0.423,0.030,-0.300,0.000,118,E,0,,,,10754,71.04,0
473,4264.985,"Mount",-0.002,0.356,-0.353,-0.005,-0.232,0.000,91,E,0,,,,10739,70.57,0
474,4274.007,"Mount",0.216,0.404,-0.369,0.213,-0.246,0.000,97,E,0,,,,10853,71.28,0
475,4283.212,"Mount",0.615,0.530,-0.435,0.612,-0.334,0.428,131,E,62,S,,,10168,68.85,0
476,4292.085,"Mount",0.779,0.037,0.077,0.779,-0.031,0.545,12,E,79,S,,,10631,70.11,0
477,4301.150,"Mount",0.385,0.489,-0.427,0.382,-0.294,0.268,116,E,39,S,,,10215,69.09,0
478,4311.164,"Mount",2.625,1.549,-1.150,2.616,-0.781,1.831,307,E,264,S,,,9166,65.51,0
479,4319.217,"Mount",0.472,-0.447,0.511,0.474,0.280,0.332,110,W,48,S,,,9620,67.01,0
480,4328.218,"Mount",0.387,-0.811,0.859,0.392,0.575,0.274,226,W,40,S,,,9194,65.27,0
481,4337.031,"Mount",0.334,-0.159,0.206,0.335,-0.057,0.235,22,E,34,S,,,8137,61.44,0
482,4345.869,"Mount",0.013,-0.341,0.339,0.015,0.094,0.000,37,W,0,,,,8525,63.02,0
483,4354.823,"Mount",0.114,0.115,-0.097,0.113,-0.013,0.000,5,E,0,,,,8941,64.58,0
484,4363.887,"Mount",0.100,-0.013,0.028,0.100,-0.089,0.000,35,E,0,,,,8889,64.31,0
485,4373.064,"Mount",0.528,0.404,-0.322,0.525,-0.055,0.368,22,E,53,S,,,8933,64.32,0
486,4382.113,"Mount",0.496,0.505,-0.427,0.493,-0.289,0.345,114,E,50,S,,,8880,64.10,0
487,4391.098,"Mount",0.413,-0.021,0.081,0.413,-0.029,0.289,11,E,42,S,,,9089,64.78,0
488,4399.828,"Mount",0.134,-0.143,0.161,0.135,0.012,0.000,5,W,0,,,,9496,66.75,0
489,4408.876,"Mount",-0.018,-0.084,0.081,-0.017,-0.048,0.000,19,E,0,,,,8989,64.57,0
490,4417.878,"Mount",0.251,0.033,0.004,0.251,-0.041,0.000,16,E,0,,,,8192,61.58,0
491,4427.102,"Mount",0.866,0.413,-0.283,0.864,-0.046,0.605,18,E,87,S,,,8562,62.91,0
492,4436.007,"Mount",0.183,0.563,-0.530,0.180,-0.359,0.000,141,E,0,,,,8759,63.88,0
493,4445.184,"Mount",0.607,0.799,-0.702,0.603,-0.458,0.422,180,E,61,S,,,9584,67.06,0
494,4454.168,"Mount",0.306,0.636,-0.585,0.302,-0.380,0.211,149,E,30,S,,,9669,67.17,0
495,4465.888,"Mount",-0.262,0.296,-0.331,-0.264,-0.133,0.000,52,E,0,,,,8520,62.31,0
496,4475.001,"Mount",0.436,0.332,-0.265,0.434,0.010,0.304,4,W,44,S,,,8802,63.83,0
497,4483.843,"Mount",0.202,-0.272,0.298,0.203,-0.045,0.000,18,E,0,,,,8935,64.48,0
498,4493.162,"Mount",0.394,-0.626,0.677,0.398,0.393,0.278,154,W,40,S,,,8701,63.42,0
499,4502.195,"Mount",0.501,-0.679,0.745,0.505,0.442,0.353,173,W,51,S,,,9031,64.67,0
500,4510.798,"Mount",-0.015,-0.287,0.282,-0.013,0.017,0.000,7,W,0,,,,8918,64.18,0
501,4519.862,"Mount",-0.002,0.262,-0.259,-0.003,-0.074,0.000,29,E,0,,,,9476,66.46,0
502,4528.958,"Mount",0.063,0.460,-0.446,0.060,-0.375,0.000,147,E,0,,,,8704,63.47,0
503,4537.927,"Mount",0.400,0.023,0.036,0.400,-0.014,0.280,6,E,40,S,,,9184,65.55,0
504,4547.120,"Mount",0.587,0.547,-0.456,0.583,-0.310,0.408,122,E,59,S,,,9083,65.05,0
505,4555.801,"Mount",0.257,0.079,-0.041,0.256,-0.010,0.000,4,E,0,,,,8989,64.66,0
506,4564.898,"Mount",0.250,0.518,-0.476,0.247,-0.335,0.000,132,E,0,,,,9194,65.38,0
507,4574.091,"Mount",0.687,0.481,-0.375,0.684,-0.321,0.479,126,E,69,S,,,9089,64.60,0
508,4583.124,"Mount",0.377,0.705,-0.642,0.373,-0.476,0.261,187,E,38,S,,,9718,67.22,0
509,4591.966,"Mount",0.328,0.089,-0.040,0.328,-0.046,0.229,18,E,33,S,,,9119,65.00,0
510,4600.821,"Mount",0.243,-0.170,0.203,0.244,0.033,0.000,13,W,0,,,,10340,69.20,0
511,4609.854,"Mount",0.207,0.054,-0.023,0.207,-0.046,0.000,18,E,0,,,,9504,66.56,0
512,4618.814,"Mount",0.095,-0.054,0.068,0.095,-0.059,0.000,23,E,0,,,,9491,66.67,0
513,4627.999,"Mount",0.589,0.248,-0.159,0.588,-0.060,0.412,24,E,59,S,,,9520,66.45,0
514,4637.016,"Mount",0.595,-0.023,0.110,0.595,-0.048,0.417,19,E,60,S,,,9036,65.01,0
515,4645.921,"Mount",0.098,-0.488,0.497,0.100,0.284,0.000,112,W,0,,,,9147,65.05,0
516,4655.084,"Mount",0.803,-0.376,0.489,0.805,0.172,0.563,67,W,81,S,,,8753,63.68,0
517,4663.846,"Mount",0.058,-0.451,0.455,0.061,0.170,0.000,67,W,0,,,,9137,64.96,0
518,4672.811,"Mount",-0.086,-0.244,0.229,-0.085,-0.074,0.000,29,E,0,,,,9519,66.26,0
519,4682.053,"Mount",0.972,-0.057,0.198,0.973,-0.097,0.681,38,E,98,S,,,8897,64.28,0
520,4690.797,"Mount",0.154,-0.152,0.173,0.155,-0.069,0.000,27,E,0,,,,9469,66.23,0
521,4699.893,"Mount",-0.090,-0.469,0.451,-0.087,0.247,0.000,97,W,0,,,,8966,64.35,0
522,4708.812,"Mount",0.157,-0.083,0.105,0.157,-0.073,0.000,29,E,0,,,,8642,63.17,0
523,4718.072,"Mount",0.628,0.012,0.080,0.628,-0.105,0.440,41,E,63,S,,,9666,66.93,0
524,4726.945,"Mount",0.349,-0.110,0.159,0.349,-0.069,0.244,27,E,35,S,,,9155,65.03,0
525,4735.801,"Mount",0.101,-0.026,0.040,0.101,-0.027,0.000,11,E,0,,,,8922,64.19,0
526,4744.962,"Mount",0.423,-0.065,0.126,0.424,-0.051,0.297,20,E,43,S,,,8891,64.08,0
527,4753.915,"Mount",-0.165,0.457,-0.476,-0.168,-0.298,0.000,117,E,0,,,,9303,65.71,0
528,4763.076,"Mount",0.346,0.756,-0.697,0.341,-0.457,0.239,180,E,34,S,,,9179,65.35,0
529,4771.966,"Mount",0.075,0.636,-0.618,0.071,-0.516,0.000,203,E,0,,,,8862,63.89,0
530,4780.935,"Mount",0.434,0.125,-0.060,0.433,-0.077,0.303,30,E,44,S,,,8600,62.89,0
531,4789.983,"Mount",0.396,0.056,0.002,0.396,-0.035,0.277,14,E,40,S,,,8685,63.35,0
532,4798.936,"Mount",0.406,0.327,-0.264,0.404,-0.027,0.283,11,E,41,S,,,9442,66.21,0
533,4807.808,"Mount",0.110,0.346,-0.326,0.108,-0.078,0.000,31,E,0,,,,9032,64.75,0
534,4817.067,"Mount",0.536,0.480,-0.397,0.533,-0.306,0.373,120,E,54,S,,,8555,62.98,0
535,4825.767,"Mount",0.158,-0.074,0.096,0.158,-0.005,0.000,2,E,0,,,,8361,62.09,0
536,4834.750,"Mount",-0.125,-0.078,0.059,-0.124,0.028,0.000,11,W,0,,,,8569,62.82,0
537,4844.166,"Mount",0.570,0.103,-0.019,0.569,-0.074,0.399,29,E,58,S,,,8991,64.40,0
538,4852.805,"Mount",0.231,0.349,-0.312,0.229,-0.147,0.000,58,E,0,,,,9188,65.18,0
539,4861.978,"Mount",0.518,-0.028,0.103,0.518,-0.134,0.362,53,E,52,S,,,8623,63.20,0
540,4870.770,"Mount",0.257,-0.005,0.042,0.257,-0.068,0.000,27,E,0,,,,9252,65.45,0
541,4879.915,"Mount",0.158,0.447,-0.419,0.156,-0.355,0.000,139,E,0,,,,10149,68.32,0
542,4888.867,"Mount",0.653,-0.102,0.196,0.654,-0.021,0.458,8,E,66,S,,,9425,66.06,0
543,4897.904,"Mount",0.698,0.208,-0.104,0.696,0.002,0.487,1,W,70,S,,,8734,63.77,0
544,4906.758,"Mount",0.255,0.229,-0.189,0.254,-0.047,0.000,18,E,0,,,,9032,64.48,0
545,4917.902,"Mount",0.641,0.528,-0.429,0.638,-0.311,0.446,122,E,64,S,,,10075,68.35,0
546,4924.837,"Mount",-5.114,-0.245,-0.503,-5.112,-0.333,0.000,131,E,0,,,,11852,74.37,0
547,4933.906,"Mount",-4.853,-0.151,-0.558,-4.852,-0.429,0.000,169,E,0,,,,11297,72.59,0
548,4942.786,"Mount",-4.460,-0.480,-0.175,-4.457,-0.100,0.000,39,E,0,,,,9212,65.14,0
549,4951.796,"Mount",-3.866,-0.923,0.350,-3.860,0.234,0.000,92,W,0,,,,9954,67.70,0
550,4960.676,"Mount",-4.435,-0.484,-0.167,-4.432,0.017,0.000,7,W,0,,,,9978,68.20,0
551,4973.235,"Mount",-3.789,-0.792,0.231,-3.784,-0.063,-2.649,25,E,382,N,,,9372,66.01,0
552,4982.284,"Mount",-2.871,-1.042,0.612,-2.865,0.397,-2.005,156,W,289,N,,,10624,70.37,0
553,4990.981,"Mount",-1.494,-0.164,-0.055,-1.493,-0.080,-1.045,31,E,151,N,,,10784,70.88,0
554,5000.060,"Mount",-0.355,0.633,-0.678,-0.359,-0.503,-0.251,197,E,36,N,,,10257,69.21,0
555,5008.709,"Mount",0.304,0.298,-0.250,0.302,-0.027,0.000,11,E,0,,,,9723,66.81,0
556,5017.742,"Mount",0.374,0.029,0.026,0.374,0.078,0.000,31,W,0,,,,9563,66.62,0
557,5026.823,"Mount",0.959,0.596,-0.449,0.956,-0.190,0.000,75,E,0,,,,9588,66.79,0
558,5035.823,"Mount",0.798,0.558,-0.436,0.795,-0.383,0.000,150,E,0,,,,9543,66.30,0
559,5044.825,"Mount",1.339,-0.227,0.420,1.340,0.192,0.000,75,W,0,,,,9916,67.90,0
560,5053.681,"Mount",1.526,0.528,-0.299,1.523,-0.017,0.000,7,E,0,,,,9673,67.31,0
561,5062.822,"Mount",1.726,0.600,-0.342,1.722,-0.231,0.000,91,E,0,,,,9553,66.63,0
562,5072.195,"Mount",2.141,0.779,-0.459,2.136,-0.287,1.495,113,E,216,S,,,9995,67.46,0
563,5081.243,"Mount",1.843,-0.810,1.071,1.848,0.625,1.294,245,W,187,S,,,10276,68.95,0
564,5090.084,"Mount",1.115,-0.466,0.624,1.117,0.342,0.782,134,W,113,S,,,9474,66.42,0
565,5098.989,"Mount",1.162,-0.182,0.349,1.163,0.138,0.814,54,W,117,S,,,9564,66.55,0
566,5107.909,"Mount",0.408,0.387,-0.323,0.406,-0.099,0.284,39,E,41,S,,,10143,68.73,0
567,5116.894,"Mount",0.503,-0.171,0.243,0.504,-0.034,0.353,13,E,51,S,,,9969,67.88,0
568,5126.054,"Mount",0.588,-0.688,0.767,0.592,0.480,0.414,188,W,60,S,,,9688,66.97,0
569,5134.960,"Mount",0.384,-0.615,0.664,0.387,0.383,0.271,151,W,39,S,,,9129,65.15,0
570,5143.929,"Mount",0.303,-0.418,0.458,0.306,0.183,0.214,72,W,31,S,,,9579,66.80,0
571,5152.726,"Mount",0.195,-0.109,0.136,0.195,-0.067,0.000,26,E,0,,,,8925,64.40,0
572,5161.897,"Mount",0.375,0.177,-0.121,0.374,-0.048,0.262,19,E,38,S,,,9631,66.97,0
573,5170.853,"Mount",0.389,-0.192,0.246,0.390,-0.099,0.273,39,E,39,S,,,10544,69.99,0
574,5179.946,"Mount",0.907,-0.325,0.454,0.909,0.193,0.636,76,W,92,S,,,9760,67.14,0
575,5188.900,"Mount",0.326,-0.385,0.428,0.328,0.198,0.230,78,W,33,S,,,10057,68.44,0
576,5197.709,"Mount",0.051,-0.210,0.216,0.053,-0.082,0.000,32,E,0,,,,9869,67.60,0
577,5206.868,"Mount",0.416,-0.112,0.172,0.417,-0.046,0.292,18,E,42,S,,,10041,67.95,0
578,5215.757,"Mount",0.152,-0.516,0.532,0.155,0.255,0.000,100,W,0,,,,10211,68.31,0
579,5224.662,"Mount",0.274,-0.026,0.066,0.274,-0.078,0.000,31,E,0,,,,9605,66.71,0
580,5233.870,"Mount",0.431,-0.179,0.240,0.432,-0.127,0.302,50,E,44,S,,,9613,67.12,0
581,5242.839,"Mount",0.318,-0.233,0.277,0.320,-0.123,0.224,48,E,32,S,,,10017,68.07,0
582,5251.760,"Mount",0.227,-0.627,0.653,0.230,0.323,0.000,127,W,0,,,,9090,65.03,0
583,5260.681,"Mount",0.163,-0.125,0.147,0.163,-0.109,0.000,43,E,0,,,,9251,65.37,0
584,5269.811,"Mount",0.340,-0.140,0.189,0.341,-0.095,0.239,37,E,34,S,,,9965,67.91,0
585,5278.875,"Mount",0.801,-0.012,0.128,0.801,-0.032,0.561,13,E,81,S,,,9750,67.58,0
586,5287.875,"Mount",0.515,-0.279,0.351,0.517,0.213,0.362,84,W,52,S,,,10719,70.45,0
587,5296.612,"Mount",-0.246,-0.276,0.237,-0.244,-0.017,0.000,7,E,0,,,,10158,68.49,0
588,5305.669,"Mount",0.035,-0.075,0.080,0.035,-0.032,0.000,13,E,0,,,,10031,67.71,0
589,5314.686,"Mount",-0.059,-0.120,0.111,-0.058,-0.090,0.000,35,E,0,,,,10619,70.10,0
590,5323.990,"Mount",0.430,-0.729,0.784,0.434,0.468,0.304,184,W,44,S,,,9805,67.25,0
591,5332.623,"Mount",-0.134,-0.175,0.153,-0.133,-0.015,0.000,6,E,0,,,,9925,67.43,0
592,5341.656,"Mount",-0.028,-0.058,0.053,-0.028,-0.041,0.000,16,E,0,,,,10069,67.96,0
593,5350.744,"Mount",-0.309,0.443,-0.484,-0.312,-0.355,0.000,139,E,0,,,,10660,70.14,0
594,5359.657,"Mount",0.077,0.031,-0.020,0.077,-0.117,0.000,46,E,0,,,,9963,67.45,0
595,5368.667,"Mount",0.084,-0.191,0.201,0.085,-0.035,0.000,14,E,0,,,,9330,65.66,0
596,5377.818,"Mount",0.389,0.113,-0.055,0.388,-0.057,0.272,22,E,39,S,,,9351,66.08,0
597,5386.850,"Mount",0.556,0.231,-0.147,0.554,-0.123,0.388,48,E,56,S,,,9500,65.89,0
598,5395.643,"Mount",0.106,-0.041,0.056,0.106,-0.044,0.000,17,E,0,,,,10250,68.91,0
599,5404.803,"Mount",0.426,0.409,-0.342,0.423,-0.182,0.296,71,E,43,S,,,9686,66.87,0
600,5413.865,"Mount",0.267,0.913,-0.865,0.262,-0.542,0.000,213,E,0,,,,9115,64.94,0
601,5422.868,"Mount",0.924,0.042,0.093,0.923,-0.062,0.646,24,E,93,S,,,9405,66.02,0
602,5431.821,"Mount",0.506,-0.306,0.376,0.508,0.099,0.355,39,W,51,S,,,9043,64.49,0
603,5440.708,"Mount",-0.099,-0.578,0.557,-0.095,0.162,0.000,64,W,0,,,,9365,65.46,0
604,5449.855,"Mount",0.520,-0.462,0.533,0.523,0.281,0.366,110,W,53,S,,,9810,67.63,0
605,5458.776,"Mount",0.131,-0.780,0.791,0.135,0.477,0.000,187,W,0,,,,10645,69.95,0
606,5467.792,"Mount",0.455,-0.119,0.184,0.455,-0.024,0.319,9,E,46,S,,,10062,68.17,0
607,5476.777,"Mount",-0.411,0.448,-0.503,-0.413,-0.321,0.000,126,E,0,,,,9291,65.03,0
608,5485.592,"Mount",-0.053,0.294,-0.299,-0.055,-0.016,0.000,6,E,0,,,,9560,66.76,0
609,5494.987,"Mount",0.328,1.040,-0.981,0.322,-0.578,0.226,227,E,33,S,,,9937,67.92,0
610,5504.003,"Mount",0.524,0.793,-0.708,0.520,-0.474,0.364,186,E,52,S,,,10204,68.83,0
611,5513.004,"Mount",0.652,0.730,-0.627,0.648,-0.411,0.454,161,E,65,S,,,9383,65.90,0
612,5521.812,"Mount",0.395,0.334,-0.273,0.393,0.050,0.275,20,W,40,S,,,8846,63.67,0
613,5531.053,"Mount",-0.221,1.133,-1.153,-0.228,-0.735,0.000,289,E,0,,,,10272,69.19,0
Guiding Ends at 2026-07-31 00:11:44

Guiding Begins at 2026-07-31 00:15:17
Equipment Profile = QHY5 EQASCOM OAG
Dither = both axes, Dither scale = 1.000, Image noise reduction = 2x2 mean, Guide-frame time lapse = 0, Server enabled
Pixel scale = 1.05 arc-sec/px, Binning = 1, Focal length = 1018 mm
Search region = 24 px, Star mass tolerance = 90.0%, Multi-star mode, list size = 11
 Camera = QHY5II-M-10d7d910f33c7354, gain = 90, full size = 1280 x 1024, have dark, dark dur = 3000, no defect map, pixel size = 5.2 um
Exposure = 3000 ms
Mount = EQMOD HEQ5/6 (ASCOM), connected, guiding enabled, xAngle = -81.6, xRate = 2.541, yAngle = 17.1, yRate = 6.929, parity = +/-
Norm rates RA = 7.0"/s @ dec 0, Dec = 7.3"/s; ortho.err. = 8.7 deg
X guide algorithm = Predictive PEC, Control gain = 0.630
Prediction gain = 0.430
Minimum move = 0.330
Hyperparameters
	Length scale long range SE kernel = 700.000
	Signal variance long range SE kernel = 20.000
	Length scale periodic kernel = 10.000
	Signal variance periodic kernel = 20.000
	Length scale short range SE kernel = 25.000
	Signal variance short range SE kernel = 10.000
	Period length periodic kernel = 1406.710
	FFT called after = 2.000 worm cycles
	Auto-adjust period length = On
Y guide algorithm = Resist Switch, Minimum move = 0.300 Aggression = 70% FastSwitch = disabled
Backlash comp = disabled, pulse = 495 ms
Max RA duration = 2500, Max DEC duration = 2500, DEC guide mode = Auto
RA Guide Speed = 7.5 a-s/s, Dec Guide Speed = 7.5 a-s/s, Cal Dec = 0.0, Last Cal Issue = None, Timestamp = 7/7/2026 10:36:27 PM
RA = 0.07 hr, Dec = 67.4 deg, Hour angle = -4.39 hr, Pier side = West, Rotator pos = N/A, Alt = 56.3 deg, Az = 39.1 deg
Lock position = 1144.747, 978.576, Star position = 1144.747, 978.576, HFD = 5.50 px
Frame,Time,mount,dx,dy,RARawDistance,DECRawDistance,RAGuideDistance,DECGuideDistance,RADuration,RADirection,DECDuration,DECDirection,XStep,YStep,StarMass,SNR,ErrorCode
INFO: SETTLING STATE CHANGE, Settling started
1,8.906,"Mount",0.379,0.056,-0.000,0.379,-0.000,0.000,0,,0,,,,10485,69.97,0
INFO: SETTLING STATE CHANGE, Settling complete
2,17.936,"Mount",0.727,0.137,-0.029,0.726,-0.018,0.000,7,E,0,,,,9337,65.77,0
3,27.257,"Mount",1.122,0.384,-0.216,1.120,-0.136,0.784,54,E,113,S,,,9869,67.94,0
4,36.226,"Mount",0.336,0.128,-0.078,0.335,-0.194,0.235,76,E,34,S,,,9554,66.12,0
5,44.986,"Mount",0.134,-0.149,0.166,0.135,-0.088,0.000,35,E,0,,,,10415,69.30,0
6,57.249,"Mount",1.107,0.193,-0.029,1.106,-0.053,0.774,21,E,112,S,,,9544,66.66,0
7,66.282,"Mount",0.618,-0.399,0.484,0.620,0.275,0.434,108,W,63,S,,,10344,68.96,0
8,75.089,"Mount",0.252,-0.512,0.543,0.255,0.216,0.000,85,W,0,,,,9936,67.78,0
9,84.042,"Mount",0.158,0.037,-0.013,0.158,-0.207,0.000,81,E,0,,,,9618,66.53,0
10,93.011,"Mount",-0.073,-0.070,0.059,-0.073,-0.072,0.000,28,E,0,,,,10126,68.53,0
11,102.107,"Mount",0.148,0.516,-0.489,0.145,-0.404,0.000,159,E,0,,,,9613,66.65,0
12,111.221,"Mount",0.497,-0.018,0.090,0.497,-0.145,0.348,57,E,50,S,,,9980,68.06,0
13,120.206,"Mount",0.341,0.448,-0.394,0.339,-0.268,0.237,106,E,34,S,,,9557,66.47,0
14,129.350,"Mount",0.574,0.506,-0.417,0.571,-0.467,0.400,184,E,58,S,,,10085,68.53,0
15,138.222,"Mount",0.413,0.508,-0.442,0.410,-0.296,0.287,116,E,41,S,,,10537,70.05,0
16,147.292,"Mount",0.411,0.815,-0.746,0.407,-0.519,0.285,204,E,41,S,,,9467,66.16,0
17,155.983,"Mount",-0.070,0.083,-0.093,-0.071,-0.100,0.000,39,E,0,,,,9566,66.55,0
18,165.305,"Mount",0.767,-0.326,0.434,0.768,0.337,0.538,133,W,78,S,,,9881,67.72,0
19,174.145,"Mount",0.005,-0.726,0.719,0.009,0.445,0.000,175,W,0,,,,9952,67.90,0
20,183.066,"Mount",0.211,-0.757,0.780,0.215,0.333,0.000,131,W,0,,,,10108,68.33,0
21,192.258,"Mount",0.400,-0.561,0.614,0.403,0.332,0.282,131,W,41,S,,,10471,69.98,0
22,200.988,"Mount",-0.134,-0.200,0.178,-0.133,-0.081,0.000,32,E,0,,,,10050,68.05,0
23,210.004,"Mount",-0.152,-0.103,0.079,-0.151,-0.168,0.000,66,E,0,,,,10509,69.80,0
24,219.018,"Mount",0.085,-0.378,0.386,0.088,0.184,0.000,72,W,0,,,,9324,65.79,0
25,227.958,"Mount",0.157,0.153,-0.128,0.156,0.020,0.000,8,W,0,,,,10095,68.63,0
26,237.214,"Mount",0.868,0.253,-0.124,0.867,-0.145,0.607,57,E,88,S,,,10510,70.28,0
27,246.008,"Mount",0.100,-0.059,0.073,0.100,-0.134,0.000,53,E,0,,,,10489,69.79,0
28,255.248,"Mount",0.554,-0.524,0.600,0.557,0.287,0.390,113,W,56,S,,,10547,69.99,0
29,263.901,"Mount",0.052,0.064,-0.056,0.051,-0.012,0.000,5,E,0,,,,10464,69.50,0
30,272.977,"Mount",0.056,0.232,-0.221,0.054,-0.169,0.000,67,E,0,,,,10607,70.06,0
31,281.977,"Mount",0.143,-0.311,0.328,0.144,-0.119,0.000,47,E,0,,,,10988,71.45,0
32,291.442,"Mount",0.737,-1.191,1.285,0.744,0.803,0.521,316,W,75,S,,,11191,72.08,0
33,300.011,"Mount",0.110,-0.414,0.426,0.113,0.260,0.000,102,W,0,,,,10194,68.71,0
34,309.171,"Mount",0.552,0.043,0.038,0.552,-0.170,0.386,67,E,56,S,,,11009,71.35,0
35,318.092,"Mount",0.374,0.236,-0.179,0.372,-0.027,0.261,11,E,38,S,,,10449,69.74,0
36,326.949,"Mount",0.146,-0.038,0.059,0.146,-0.059,0.000,23,E,0,,,,9877,67.71,0
37,336.286,"Mount",0.491,-0.827,0.890,0.496,0.542,0.347,213,W,50,S,,,10338,69.36,0
38,345.334,"Mount",0.791,-0.559,0.668,0.794,0.422,0.556,166,W,80,S,,,10229,68.33,0
39,353.887,"Mount",0.150,-0.393,0.410,0.152,0.018,0.000,7,W,0,,,,10024,67.90,0
40,362.921,"Mount",0.188,-0.087,0.114,0.188,-0.039,0.000,16,E,0,,,,10691,70.43,0
41,371.959,"Mount",0.296,0.203,-0.158,0.295,-0.107,0.000,42,E,0,,,,11027,71.70,0
42,381.209,"Mount",1.018,-0.735,0.876,1.022,0.340,0.715,134,W,103,S,,,10295,68.97,0
43,390.083,"Mount",0.417,-0.157,0.217,0.418,0.041,0.292,16,W,42,S,,,10775,70.70,0
44,399.004,"Mount",0.172,-0.125,0.149,0.173,-0.265,0.000,104,E,0,,,,10443,69.62,0
45,407.987,"Mount",0.097,-0.470,0.479,0.099,0.258,0.000,101,W,0,,,,10728,70.60,0
46,416.876,"Mount",-0.033,-0.143,0.136,-0.032,-0.017,0.000,7,E,0,,,,10119,68.18,0
47,425.940,"Mount",0.188,-0.029,0.056,0.188,-0.169,0.000,66,E,0,,,,9989,68.07,0
48,435.117,"Mount",0.322,0.331,-0.280,0.320,-0.182,0.224,72,E,32,S,,,10447,69.54,0
49,444.150,"Mount",0.558,0.071,0.011,0.558,-0.194,0.390,76,E,56,S,,,10501,69.81,0
50,452.894,"Mount",0.287,0.061,-0.018,0.287,-0.050,0.000,20,E,0,,,,10771,70.50,0
51,462.056,"Mount",0.352,0.271,-0.216,0.351,-0.081,0.246,32,E,35,S,,,10344,69.29,0
52,471.088,"Mount",0.168,0.636,-0.605,0.164,-0.502,0.000,197,E,0,,,,11083,71.20,0
53,480.152,"Mount",0.375,0.549,-0.489,0.372,-0.380,0.260,149,E,38,S,,,10899,71.11,0
54,489.121,"Mount",0.520,0.246,-0.168,0.519,-0.158,0.363,62,E,52,S,,,10726,70.25,0
55,498.042,"Mount",0.277,0.631,-0.584,0.273,-0.450,0.000,177,E,0,,,,10713,70.63,0
56,507.026,"Mount",0.392,0.223,-0.163,0.391,-0.064,0.273,25,E,39,S,,,9942,67.99,0
57,516.106,"Mount",0.566,0.051,0.032,0.566,-0.066,0.396,26,E,57,S,,,10195,68.71,0
58,524.964,"Mount",-0.581,-0.020,-0.065,-0.581,-0.084,0.000,33,E,0,,,,10734,70.71,0
59,533.969,"Mount",0.055,0.170,-0.160,0.054,-0.116,0.000,46,E,0,,,,9988,68.01,0
60,542.886,"Mount",-0.019,-0.072,0.069,-0.019,-0.027,0.000,11,E,0,,,,10047,68.36,0
61,551.934,"Mount",0.207,-0.302,0.329,0.209,-0.174,0.000,68,E,0,,,,10356,69.41,0
62,560.870,"Mount",0.192,-0.141,0.168,0.193,-0.093,0.000,36,E,0,,,,10836,70.79,0
63,570.207,"Mount",0.769,-0.185,0.296,0.770,-0.197,0.539,78,E,78,S,,,10804,70.90,0
64,578.919,"Mount",0.232,0.243,-0.206,0.230,-0.056,0.000,22,E,0,,,,11676,73.28,0
65,588.145,"Mount",0.488,0.154,-0.082,0.487,-0.275,0.341,108,E,49,S,,,10858,70.74,0
66,597.082,"Mount",0.432,-0.304,0.364,0.434,0.110,0.304,43,W,44,S,,,11114,71.53,0
67,606.003,"Mount",-0.291,0.475,-0.513,-0.294,-0.358,0.000,141,E,0,,,,10733,70.13,0
68,615.275,"Mount",0.306,0.552,-0.501,0.303,-0.550,0.212,217,E,31,S,,,10774,70.41,0
69,624.195,"Mount",0.306,0.221,-0.174,0.304,0.032,0.213,12,W,31,S,,,12245,75.72,0
INFO: SET LOCK POSITION, new lock pos = 1144.747, 978.576
INFO: DITHER by -1.227, 1.235, new lock pos = 1145.789, 979.970
INFO: SETTLING STATE CHANGE, Settling started
70,633.581,"Mount",-1.043,-1.394,1.227,-1.235,1.227,-1.235,483,W,178,N,,,9392,66.10,0
INFO: SETTLING STATE CHANGE, Settling complete
71,641.989,"Mount",1.145,0.816,-0.640,1.140,-0.403,0.000,159,E,0,,,,9433,66.23,0
72,650.958,"Mount",1.863,-0.299,0.567,1.865,0.357,0.000,141,W,0,,,,8734,63.98,0
73,660.294,"Mount",2.344,0.004,0.338,2.344,0.200,1.641,79,W,237,S,,,9349,66.45,0
74,669.167,"Mount",1.417,0.171,0.038,1.416,-0.086,0.991,34,E,143,S,,,8933,64.20,0
75,677.992,"Mount",0.169,0.341,-0.312,0.167,-0.243,0.000,96,E,0,,,,8541,63.20,0
76,687.297,"Mount",0.417,0.709,-0.641,0.413,-0.650,0.289,256,E,42,S,,,9029,65.03,0
77,695.963,"Mount",0.344,0.224,-0.172,0.343,-0.022,0.240,9,E,35,S,,,8799,64.32,0
78,705.011,"Mount",0.194,0.767,-0.730,0.190,-0.548,0.000,215,E,0,,,,9843,68.14,0
79,714.220,"Mount",0.514,0.628,-0.546,0.510,-0.521,0.357,205,E,52,S,,,9187,65.45,0
80,723.029,"Mount",0.465,-0.019,0.087,0.465,-0.078,0.326,31,E,47,S,,,9204,65.91,0
81,732.013,"Mount",0.444,-0.065,0.129,0.445,0.064,0.311,25,W,45,S,,,8599,63.32,0
82,740.852,"Mount",-0.067,0.195,-0.203,-0.068,-0.051,0.000,20,E,0,,,,9381,66.59,0
83,749.887,"Mount",-0.127,0.258,-0.274,-0.129,-0.187,0.000,74,E,0,,,,8276,62.20,0
84,759.033,"Mount",0.674,0.312,-0.210,0.672,0.064,0.471,25,W,68,S,,,9217,65.56,0
85,768.001,"Mount",0.164,-0.738,0.754,0.168,0.491,0.000,193,W,0,,,,9007,64.68,0
86,777.179,"Mount",0.378,-0.681,0.729,0.382,0.508,0.267,200,W,39,S,,,8975,64.45,0
87,785.907,"Mount",0.278,-0.494,0.529,0.281,0.290,0.000,114,W,0,,,,8728,63.78,0
88,795.008,"Mount",0.595,-0.299,0.383,0.597,0.172,0.418,68,W,60,S,,,9523,66.41,0
89,807.043,"Mount",0.332,0.260,-0.209,0.330,-0.034,0.231,14,E,33,S,,,9318,65.85,0
90,816.109,"Mount",0.515,-0.626,0.694,0.519,0.303,0.363,119,W,52,S,,,8493,62.74,0
91,824.837,"Mount",0.286,-0.262,0.301,0.287,0.180,0.000,71,W,0,,,,8763,64.14,0
92,834.062,"Mount",0.597,-0.053,0.140,0.597,-0.108,0.418,42,E,60,S,,,9711,67.57,0
93,842.984,"Mount",0.325,-0.086,0.132,0.326,-0.058,0.228,23,E,33,S,,,8730,63.98,0
94,851.808,"Mount",0.194,0.161,-0.131,0.194,0.002,0.000,1,W,0,,,,8636,63.70,0
95,860.968,"Mount",0.490,0.044,0.028,0.489,-0.102,0.343,40,E,49,S,,,8566,63.39,0
96,869.767,"Mount",0.212,-0.103,0.133,0.212,-0.023,0.000,9,E,0,,,,9254,66.02,0
97,879.003,"Mount",0.480,-0.207,0.275,0.481,-0.099,0.337,39,E,49,S,,,9475,66.56,0
98,887.974,"Mount",0.684,-0.012,0.112,0.684,-0.043,0.479,17,E,69,S,,,9046,64.78,0
99,896.833,"Mount",-0.161,-0.009,-0.015,-0.161,-0.163,0.000,64,E,0,,,,8907,64.43,0
100,905.813,"Mount",-0.321,0.058,-0.104,-0.322,-0.134,0.000,53,E,0,,,,8644,63.67,0
101,914.782,"Mount",-0.351,0.191,-0.240,-0.352,-0.091,0.000,36,E,0,,,,8685,63.76,0
102,923.896,"Mount",0.033,0.347,-0.338,0.031,-0.314,0.000,124,E,0,,,,8393,62.84,0
103,932.769,"Mount",0.131,0.314,-0.292,0.129,0.024,0.000,9,W,0,,,,8967,64.87,0
104,942.073,"Mount",0.834,0.151,-0.028,0.833,-0.139,0.583,55,E,84,S,,,9300,66.20,0
105,950.882,"Mount",0.281,0.479,-0.433,0.278,-0.283,0.000,111,E,0,,,,8840,64.44,0
106,960.155,"Mount",0.565,0.530,-0.442,0.562,-0.464,0.393,183,E,57,S,,,9211,65.46,0
107,968.899,"Mount",0.473,-0.074,0.142,0.473,0.005,0.331,2,W,48,S,,,9083,65.10,0
108,977.787,"Mount",0.271,-0.059,0.098,0.271,0.059,0.000,23,W,0,,,,8100,61.38,0
109,986.789,"Mount",0.237,-0.046,0.080,0.237,-0.058,0.000,23,E,0,,,,8298,62.40,0
110,995.789,"Mount",0.244,0.212,-0.174,0.243,-0.097,0.000,38,E,0,,,,8414,62.86,0
111,1004.821,"Mount",-0.056,0.246,-0.252,-0.058,-0.049,0.000,19,E,0,,,,8434,62.78,0
112,1013.919,"Mount",0.461,0.278,-0.208,0.459,-0.012,0.322,5,E,46,S,,,9025,65.13,0
113,1022.775,"Mount",0.201,0.311,-0.278,0.200,0.048,0.000,19,W,0,,,,8977,64.78,0
114,1031.951,"Mount",0.128,0.733,-0.707,0.124,-0.603,0.000,237,E,0,,,,9471,66.80,0
115,1041.033,"Mount",0.761,0.088,0.024,0.761,-0.159,0.532,63,E,77,S,,,9156,65.51,0
116,1049.858,"Mount",0.168,0.435,-0.406,0.165,-0.274,0.000,108,E,0,,,,8427,62.76,0
117,1059.066,"Mount",0.559,0.430,-0.344,0.557,-0.376,0.390,148,E,56,S,,,10130,68.79,0
118,1067.990,"Mount",-0.498,0.680,-0.745,-0.502,-0.674,0.000,265,E,0,,,,9687,67.56,0
119,1076.700,"Mount",0.161,-0.007,0.030,0.161,-0.019,0.000,7,E,0,,,,8178,61.68,0
120,1086.068,"Mount",0.693,0.490,-0.384,0.690,-0.264,0.483,104,E,70,S,,,8776,63.82,0
121,1094.924,"Mount",0.250,0.549,-0.507,0.247,-0.532,0.000,209,E,0,,,,8838,64.39,0
122,1103.733,"Mount",0.247,0.354,-0.314,0.245,-0.075,0.000,30,E,0,,,,9164,65.81,0
123,1112.943,"Mount",0.688,0.184,-0.082,0.687,0.047,0.481,19,W,69,S,,,8256,62.00,0
124,1121.863,"Mount",0.665,0.082,0.016,0.664,-0.013,0.465,5,E,67,S,,,8489,62.89,0
125,1130.944,"Mount",0.550,0.163,-0.081,0.549,-0.087,0.385,34,E,56,S,,,8584,63.09,0
126,1140.015,"Mount",0.353,-0.396,0.443,0.355,0.320,0.248,126,W,36,S,,,9297,65.75,0
127,1149.090,"Mount",0.354,-0.673,0.718,0.358,0.580,0.251,228,W,36,S,,,8442,62.44,0
128,1157.752,"Mount",-0.467,-0.004,-0.064,-0.467,-0.116,0.000,46,E,0,,,,8517,63.17,0
129,1166.787,"Mount",0.024,0.168,-0.163,0.023,-0.190,0.000,75,E,0,,,,8662,63.67,0
130,1175.916,"Mount",0.326,0.054,-0.006,0.326,-0.069,0.228,27,E,33,S,,,9059,65.11,0
131,1184.741,"Mount",0.297,0.311,-0.264,0.295,-0.061,0.000,24,E,0,,,,9013,64.71,0
132,1193.821,"Mount",0.654,-0.258,0.350,0.656,0.014,0.459,5,W,66,S,,,8304,62.03,0
133,1202.854,"Mount",0.640,-0.226,0.317,0.641,0.024,0.449,9,W,65,S,,,8806,64.03,0
134,1211.919,"Mount",0.525,0.337,-0.257,0.523,-0.084,0.366,33,E,53,S,,,9062,65.11,0
135,1220.790,"Mount",0.030,0.217,-0.210,0.029,-0.238,0.000,94,E,0,,,,8428,62.69,0
136,1229.807,"Mount",0.577,0.396,-0.308,0.574,0.001,0.402,0,,58,S,,,8638,63.42,0
137,1238.839,"Mount",0.081,0.422,-0.406,0.078,-0.371,0.000,146,E,0,,,,8358,62.35,0
138,1247.849,"Mount",-0.417,-0.444,0.378,-0.414,0.173,0.000,68,W,0,,,,10894,70.98,0
139,1256.842,"Mount",-0.377,-0.415,0.356,-0.374,0.343,0.000,135,W,0,,,,9449,66.22,0
140,1265.713,"Mount",-0.402,-0.034,-0.025,-0.401,-0.054,0.000,21,E,0,,,,9558,66.68,0
141,1274.698,"Mount",-0.182,-0.084,0.057,-0.181,-0.150,0.000,59,E,0,,,,9933,68.11,0
142,1283.736,"Mount",0.014,-0.191,0.191,0.016,0.029,0.000,11,W,0,,,,10409,69.56,0
143,1292.683,"Mount",0.151,-0.319,0.337,0.153,0.162,0.000,64,W,0,,,,9566,67.04,0
144,1301.844,"Mount",0.477,-0.711,0.773,0.481,0.439,0.000,173,W,0,,,,9208,65.11,0
145,1310.748,"Mount",0.119,-0.398,0.411,0.122,0.262,0.000,103,W,0,,,,9853,67.94,0
146,1319.744,"Mount",0.605,-0.150,0.237,0.605,-0.112,0.000,44,E,0,,,,11029,71.91,0
147,1328.893,"Mount",0.659,-0.395,0.487,0.661,0.203,0.463,80,W,67,S,,,9703,67.55,0
148,1337.814,"Mount",0.502,-0.106,0.178,0.502,-0.060,0.352,24,E,51,S,,,9933,68.32,0
149,1346.911,"Mount",0.614,-0.206,0.293,0.615,-0.114,0.431,45,E,62,S,,,9752,68.10,0
150,1355.847,"Mount",0.381,-0.429,0.480,0.384,0.141,0.268,55,W,39,S,,,9487,66.24,0
151,1364.816,"Mount",0.472,-0.070,0.139,0.473,-0.055,0.331,22,E,48,S,,,9127,65.07,0
152,1373.783,"Mount",0.514,-0.275,0.347,0.516,0.010,0.361,4,W,52,S,,,9250,65.33,0
153,1382.833,"Mount",0.340,0.229,-0.177,0.338,-0.054,0.237,21,E,34,S,,,10028,68.00,0
154,1391.673,"Mount",0.213,0.288,-0.253,0.211,-0.107,0.000,42,E,0,,,,9499,66.89,0
155,1400.866,"Mount",0.252,0.680,-0.636,0.248,-0.587,0.000,231,E,0,,,,9966,68.01,0
156,1409.930,"Mount",0.693,0.234,-0.131,0.692,-0.169,0.484,67,E,70,S,,,9715,67.09,0
157,1418.803,"Mount",0.486,-0.044,0.114,0.486,-0.037,0.340,15,E,49,S,,,9320,65.77,0
158,1427.899,"Mount",0.703,0.008,0.095,0.703,-0.037,0.492,14,E,71,S,,,9691,67.22,0
159,1436.787,"Mount",0.106,-0.126,0.140,0.106,-0.376,0.000,148,E,0,,,,9098,65.23,0
160,1445.868,"Mount",0.470,-0.172,0.239,0.471,-0.088,0.330,34,E,48,S,,,8506,62.75,0
161,1454.661,"Mount",0.089,-0.009,0.022,0.089,-0.111,0.000,44,E,0,,,,9489,66.59,0
162,1463.629,"Mount",0.208,-0.291,0.318,0.210,-0.005,0.000,2,E,0,,,,10246,69.54,0
163,1472.870,"Mount",0.313,-0.418,0.459,0.316,0.236,0.221,93,W,32,S,,,10509,70.21,0
164,1481.854,"Mount",0.375,-0.311,0.362,0.377,0.119,0.264,47,W,38,S,,,10255,69.24,0
165,1490.839,"Mount",0.759,-0.325,0.433,0.761,0.125,0.533,49,W,77,S,,,9882,68.17,0
166,1499.919,"Mount",0.444,-0.420,0.481,0.447,0.212,0.313,83,W,45,S,,,9489,66.65,0
167,1508.741,"Mount",0.096,-0.581,0.589,0.100,0.307,0.000,121,W,0,,,,9010,64.58,0
168,1517.695,"Mount",0.155,-0.076,0.098,0.156,-0.152,0.000,60,E,0,,,,10263,69.14,0
169,1526.905,"Mount",0.626,-0.167,0.257,0.627,-0.207,0.439,81,E,63,S,,,9716,67.23,0
170,1535.680,"Mount",0.188,-0.231,0.256,0.189,-0.030,0.000,12,E,0,,,,9770,67.25,0
171,1544.873,"Mount",0.305,-0.054,0.097,0.305,-0.222,0.214,87,E,31,S,,,10035,68.49,0
172,1553.826,"Mount",0.424,0.118,-0.055,0.424,-0.094,0.296,37,E,43,S,,,9557,66.79,0
173,1562.666,"Mount",0.226,0.110,-0.076,0.225,-0.144,0.000,56,E,0,,,,9819,67.63,0
174,1571.875,"Mount",0.507,0.125,-0.050,0.507,-0.210,0.355,83,E,51,S,,,9810,67.25,0
175,1580.698,"Mount",0.203,0.114,-0.083,0.203,-0.183,0.000,72,E,0,,,,10585,70.36,0
176,1589.923,"Mount",0.689,0.263,-0.160,0.688,-0.189,0.481,74,E,69,S,,,9412,65.76,0
177,1598.667,"Mount",-0.079,-0.107,0.095,-0.078,-0.110,0.000,43,E,0,,,,10124,68.77,0
178,1607.787,"Mount",0.205,-0.639,0.663,0.209,0.472,0.000,186,W,0,,,,9805,67.35,0
179,1616.621,"Mount",0.223,0.241,-0.206,0.222,0.035,0.000,14,W,0,,,,10699,70.36,0
180,1625.669,"Mount",0.049,-0.197,0.202,0.050,-0.147,0.000,58,E,0,,,,9348,65.84,0
181,1634.894,"Mount",0.786,-0.311,0.423,0.788,0.307,0.552,121,W,80,S,,,10477,69.91,0
182,1643.622,"Mount",-0.050,0.078,-0.085,-0.051,-0.104,0.000,41,E,0,,,,9450,66.23,0
183,1652.670,"Mount",-0.025,0.150,-0.152,-0.026,-0.178,0.000,70,E,0,,,,10686,70.73,0
184,1661.815,"Mount",0.437,0.042,0.022,0.436,-0.163,0.305,64,E,44,S,,,10256,69.21,0
185,1670.654,"Mount",0.190,0.203,-0.173,0.189,-0.220,0.000,87,E,0,,,,10638,69.91,0
186,1679.754,"Mount",0.324,-0.126,0.172,0.325,-0.039,0.228,15,E,33,S,,,9734,67.44,0
187,1688.960,"Mount",1.302,-0.248,0.435,1.303,0.267,0.912,105,W,132,S,,,10251,68.89,0
188,1697.720,"Mount",-0.229,0.364,-0.394,-0.231,-0.378,0.000,149,E,0,,,,10562,70.06,0
189,1706.769,"Mount",-0.030,0.196,-0.198,-0.031,-0.357,0.000,140,E,0,,,,9764,67.63,0
190,1715.690,"Mount",0.363,0.082,-0.029,0.363,0.028,0.254,11,W,37,S,,,10486,69.79,0
191,1724.622,"Mount",-0.181,-0.435,0.404,-0.179,0.171,0.000,67,W,0,,,,10118,68.75,0
192,1733.835,"Mount",-0.169,-1.044,1.008,-0.163,0.700,0.000,275,W,0,,,,10614,70.22,0
193,1742.563,"Mount",-0.377,-0.053,-0.003,-0.377,-0.081,0.000,32,E,0,,,,9862,67.99,0
194,1751.659,"Mount",0.066,-0.226,0.233,0.068,-0.318,0.000,125,E,0,,,,10130,68.49,0
195,1760.550,"Mount",0.002,0.018,-0.018,0.002,-0.019,0.000,7,E,0,,,,10889,71.34,0
196,1769.612,"Mount",0.282,0.148,-0.106,0.281,-0.172,0.000,68,E,0,,,,10318,69.60,0
197,1778.884,"Mount",0.692,-0.410,0.506,0.694,0.389,0.486,153,W,70,S,,,9846,67.64,0
198,1787.741,"Mount",0.313,-0.138,0.182,0.314,0.100,0.220,39,W,32,S,,,10138,68.92,0
199,1796.773,"Mount",0.102,0.396,-0.377,0.100,-0.491,0.000,193,E,0,,,,9830,67.78,0
200,1805.694,"Mount",0.323,-0.006,0.053,0.323,-0.105,0.226,41,E,33,S,,,10677,70.76,0
201,1814.502,"Mount",0.261,0.006,0.032,0.261,0.005,0.000,2,W,0,,,,9996,68.13,0
202,1823.614,"Mount",0.229,0.165,-0.130,0.228,-0.204,0.000,80,E,0,,,,10119,68.75,0
203,1832.840,"Mount",0.888,-0.129,0.257,0.888,-0.164,0.622,65,E,90,S,,,11568,73.93,0
204,1841.855,"Mount",0.380,-0.502,0.552,0.383,0.295,0.268,116,W,39,S,,,9740,67.43,0
205,1850.697,"Mount",0.061,0.356,-0.343,0.059,-0.287,0.000,113,E,0,,,,10624,69.96,0
206,1859.963,"Mount",0.232,0.219,-0.183,0.231,-0.245,0.000,96,E,0,,,,9973,68.04,0
207,1868.570,"Mount",0.183,-0.117,0.143,0.184,-0.058,0.000,23,E,0,,,,10422,69.65,0
208,1877.763,"Mount",0.410,-0.104,0.162,0.410,-0.140,0.287,55,E,41,S,,,10729,70.98,0
209,1886.604,"Mount",0.227,0.248,-0.212,0.225,-0.216,0.000,85,E,0,,,,9842,67.55,0
210,1895.749,"Mount",0.950,-0.011,0.150,0.950,-0.076,0.665,30,E,96,S,,,9723,66.97,0
211,1904.845,"Mount",0.735,-0.184,0.289,0.736,-0.116,0.515,45,E,74,S,,,10588,70.30,0
212,1913.568,"Mount",0.082,-0.408,0.416,0.084,0.116,0.000,46,W,0,,,,9529,66.63,0
213,1922.630,"Mount",-0.123,0.106,-0.123,-0.124,-0.173,0.000,68,E,0,,,,9796,67.17,0
214,1931.575,"Mount",0.065,0.106,-0.095,0.064,-0.174,0.000,69,E,0,,,,9725,67.42,0
215,1940.768,"Mount",0.744,0.143,-0.033,0.743,-0.089,0.520,35,E,75,S,,,10300,69.44,0
216,1949.769,"Mount",0.603,0.126,-0.037,0.602,-0.103,0.422,41,E,61,S,,,10476,70.06,0
217,1958.550,"Mount",0.223,-0.068,0.100,0.224,-0.072,0.000,28,E,0,,,,11187,72.21,0
218,1967.578,"Mount",0.254,-0.003,0.040,0.254,-0.169,0.000,67,E,0,,,,10102,68.71,0
219,1976.627,"Mount",0.617,0.056,0.034,0.616,-0.021,0.431,8,E,62,S,,,10265,69.15,0
220,1985.547,"Mount",0.057,0.063,-0.054,0.056,-0.171,0.000,67,E,0,,,,9931,68.23,0
221,1994.532,"Mount",0.268,0.178,-0.137,0.267,-0.066,0.000,26,E,0,,,,10239,69.30,0
222,2003.532,"Mount",0.060,0.089,-0.080,0.059,-0.101,0.000,40,E,0,,,,10652,70.11,0
223,2012.709,"Mount",0.398,0.332,-0.271,0.396,-0.218,0.277,86,E,40,S,,,10050,68.06,0
224,2021.678,"Mount",0.469,0.241,-0.170,0.467,-0.134,0.327,53,E,47,S,,,10203,68.99,0
225,2030.742,"Mount",0.386,0.470,-0.409,0.384,-0.329,0.269,129,E,39,S,,,10358,69.60,0
226,2039.806,"Mount",0.450,0.334,-0.265,0.448,-0.220,0.314,87,E,45,S,,,10086,68.89,0
227,2048.728,"Mount",0.317,0.427,-0.376,0.315,-0.337,0.221,133,E,32,S,,,10785,70.92,0
228,2057.791,"Mount",0.577,0.427,-0.338,0.574,-0.333,0.402,131,E,58,S,,,10331,69.50,0
229,2066.610,"Mount",0.264,0.198,-0.157,0.263,-0.197,0.000,77,E,0,,,,10238,68.71,0
230,2075.778,"Mount",0.613,-0.079,0.168,0.613,-0.183,0.429,72,E,62,S,,,9640,66.53,0
231,2084.618,"Mount",0.105,-0.691,0.699,0.109,0.327,0.000,129,W,0,,,,10322,69.24,0
232,2093.619,"Mount",0.283,-0.585,0.620,0.286,0.331,0.000,130,W,0,,,,10799,70.82,0
233,2103.130,"Mount",0.988,-1.739,1.865,0.999,1.010,0.699,397,W,101,S,,,10040,68.54,0
234,2111.572,"Mount",0.064,-0.410,0.414,0.066,0.339,0.000,133,W,0,,,,9834,67.81,0
235,2120.861,"Mount",0.372,0.422,-0.364,0.370,-0.537,0.259,211,E,37,S,,,11048,71.79,0
236,2129.525,"Mount",0.275,0.271,-0.228,0.274,-0.046,0.000,18,E,0,,,,11365,73.16,0
237,2138.765,"Mount",0.317,0.431,-0.380,0.315,-0.423,0.220,167,E,32,S,,,10234,68.88,0
238,2147.846,"Mount",0.660,0.526,-0.424,0.657,-0.451,0.460,177,E,66,S,,,11088,71.81,0
239,2156.830,"Mount",0.417,0.527,-0.460,0.414,-0.511,0.290,201,E,42,S,,,10001,68.16,0
240,2165.542,"Mount",-0.217,0.223,-0.252,-0.218,-0.099,0.000,39,E,0,,,,10704,70.70,0
241,2174.847,"Mount",0.316,0.752,-0.698,0.311,-0.557,0.218,219,E,31,S,,,10506,69.81,0
242,2183.768,"Mount",0.305,0.431,-0.382,0.303,-0.376,0.212,148,E,31,S,,,10867,71.24,0
243,2192.753,"Mount",0.357,0.427,-0.370,0.354,-0.380,0.248,150,E,36,S,,,9643,66.87,0
244,2201.497,"Mount",0.282,0.275,-0.231,0.280,-0.043,0.000,17,E,0,,,,9564,66.84,0
245,2210.770,"Mount",0.739,-0.661,0.762,0.742,0.344,0.520,135,W,75,S,,,9447,66.37,0
246,2219.706,"Mount",0.059,-0.874,0.873,0.064,0.717,0.000,282,W,0,,,,10310,69.38,0
247,2228.498,"Mount",0.076,0.142,-0.129,0.075,-0.059,0.000,23,E,0,,,,10257,69.44,0
248,2237.642,"Mount",-0.157,0.439,-0.457,-0.160,-0.472,0.000,186,E,0,,,,10235,69.11,0
249,2246.583,"Mount",0.196,0.529,-0.495,0.193,-0.368,0.000,145,E,0,,,,10457,69.57,0
250,2255.643,"Mount",0.462,-0.238,0.303,0.464,-0.099,0.325,39,E,47,S,,,9744,67.45,0
251,2264.691,"Mount",0.409,-0.288,0.344,0.410,0.305,0.287,120,W,41,S,,,9882,68.28,0
252,2273.451,"Mount",0.231,0.120,-0.085,0.231,-0.152,0.000,60,E,0,,,,10729,70.67,0
253,2282.677,"Mount",0.474,0.021,0.048,0.473,-0.066,0.331,26,E,48,S,,,11228,72.58,0
254,2291.437,"Mount",0.129,-0.065,0.083,0.130,-0.010,0.000,4,E,0,,,,10618,70.28,0
255,2300.500,"Mount",0.166,0.000,0.024,0.166,-0.125,0.000,49,E,0,,,,10286,69.38,0
256,2309.612,"Mount",0.346,-0.303,0.350,0.347,0.205,0.243,81,W,35,S,,,10533,70.33,0
257,2318.472,"Mount",0.202,-0.080,0.109,0.202,-0.053,0.000,21,E,0,,,,9814,67.68,0
258,2327.500,"Mount",0.105,-0.070,0.084,0.105,-0.135,0.000,53,E,0,,,,10327,69.12,0
259,2336.612,"Mount",0.442,0.261,-0.194,0.441,-0.066,0.309,26,E,45,S,,,10240,69.09,0
260,2345.484,"Mount",-0.012,0.302,-0.300,-0.014,-0.077,0.000,30,E,0,,,,9794,67.32,0
261,2354.614,"Mount",0.735,0.068,0.040,0.735,-0.053,0.514,21,E,74,S,,,9975,67.93,0
262,2363.541,"Mount",0.226,0.558,-0.520,0.223,-0.376,0.000,148,E,0,,,,10574,70.13,0
263,2372.678,"Mount",0.514,0.204,-0.127,0.513,-0.147,0.359,58,E,52,S,,,10251,68.84,0
264,2381.614,"Mount",0.451,0.212,-0.145,0.449,-0.110,0.315,43,E,45,S,,,10137,68.49,0
265,2390.647,"Mount",0.317,0.027,0.020,0.317,-0.073,0.222,29,E,32,S,,,10375,69.55,0
266,2399.439,"Mount",0.232,-0.213,0.245,0.233,-0.122,0.000,48,E,0,,,,9868,67.33,0
267,2408.521,"Mount",0.335,-0.245,0.291,0.337,-0.088,0.236,35,E,34,S,,,9571,66.61,0
268,2417.459,"Mount",0.297,-0.232,0.273,0.298,-0.090,0.000,35,E,0,,,,11038,71.75,0
269,2426.585,"Mount",0.481,-0.230,0.298,0.482,-0.052,0.338,21,E,49,S,,,10795,71.03,0
270,2435.473,"Mount",0.221,-0.728,0.753,0.225,0.301,0.000,118,W,0,,,,9756,67.54,0
271,2444.378,"Mount",0.286,-0.101,0.141,0.287,-0.003,0.000,1,E,0,,,,9969,68.54,0
272,2453.602,"Mount",0.413,-0.461,0.516,0.416,0.127,0.291,50,W,42,S,,,10209,69.37,0
273,2462.491,"Mount",0.117,-0.512,0.524,0.120,0.263,0.000,103,W,0,,,,9917,68.15,0
274,2471.795,"Mount",2.416,0.862,-0.500,2.411,-0.291,1.688,115,E,244,S,,,8705,63.49,0
275,2480.668,"Mount",1.100,0.211,-0.048,1.099,-0.224,0.769,88,E,111,S,,,9875,67.98,0
276,2489.716,"Mount",0.993,-0.542,0.681,0.996,0.428,0.697,169,W,101,S,,,8714,63.43,0
277,2498.557,"Mount",0.248,0.809,-0.764,0.243,-0.533,0.000,210,E,0,,,,9109,65.45,0
278,2507.749,"Mount",-0.323,0.890,-0.928,-0.328,-0.880,0.000,346,E,0,,,,9181,65.36,0
279,2516.734,"Mount",0.443,0.746,-0.673,0.439,-0.568,0.307,224,E,44,S,,,8897,64.68,0
280,2525.319,"Mount",-0.164,0.084,-0.107,-0.164,-0.016,0.000,6,E,0,,,,8720,63.68,0
281,2534.624,"Mount",-0.170,0.803,-0.819,-0.174,-0.671,0.000,264,E,0,,,,10029,68.55,0
282,2543.431,"Mount",0.011,-0.078,0.078,0.012,-0.207,0.000,81,E,0,,,,9613,67.17,0
283,2552.384,"Mount",0.180,0.262,-0.233,0.179,0.047,0.000,19,W,0,,,,9601,67.21,0
284,2561.673,"Mount",0.368,0.441,-0.383,0.365,-0.439,0.256,173,E,37,S,,,8747,64.13,0
285,2570.529,"Mount",0.047,0.533,-0.521,0.044,-0.443,0.000,174,E,0,,,,9568,66.73,0
286,2579.500,"Mount",0.525,-0.151,0.226,0.526,-0.024,0.368,9,E,53,S,,,9353,65.76,0
287,2588.562,"Mount",0.233,-0.709,0.736,0.237,0.531,0.000,209,W,0,,,,9024,64.88,0
288,2597.436,"Mount",0.202,-0.392,0.417,0.205,0.259,0.000,102,W,0,,,,8823,64.24,0
289,2606.371,"Mount",0.173,0.152,-0.126,0.172,0.049,0.000,19,W,0,,,,9365,66.08,0
290,2615.580,"Mount",0.570,0.254,-0.168,0.569,-0.211,0.398,83,E,57,S,,,8445,62.91,0
291,2624.548,"Mount",0.426,0.282,-0.217,0.424,0.079,0.297,31,W,43,S,,,9338,66.39,0
292,2633.612,"Mount",0.310,0.391,-0.342,0.307,-0.330,0.215,130,E,31,S,,,8986,65.08,0
293,2642.692,"Mount",2.045,-0.023,0.321,2.045,-0.158,1.432,62,E,207,S,,,9636,66.58,0
294,2651.300,"Mount",0.172,-0.152,0.176,0.173,0.014,0.000,6,W,0,,,,9562,66.89,0
295,2660.404,"Mount",-0.238,-0.151,0.115,-0.237,-0.158,0.000,62,E,0,,,,8787,64.05,0
296,2669.342,"Mount",-0.096,-0.221,0.205,-0.095,-0.084,0.000,33,E,0,,,,8624,63.21,0
297,2678.279,"Mount",-0.168,0.141,-0.164,-0.169,-0.017,0.000,7,E,0,,,,8644,63.17,0
298,2687.535,"Mount",0.571,0.097,-0.013,0.571,-0.152,0.400,60,E,58,S,,,8585,63.51,0
299,2696.633,"Mount",0.404,-0.681,0.733,0.408,0.411,0.286,162,W,41,S,,,9069,64.98,0
300,2705.474,"Mount",0.365,-0.206,0.257,0.366,0.070,0.256,28,W,37,S,,,8699,63.80,0
301,2714.457,"Mount",0.182,0.068,-0.041,0.181,-0.217,0.000,85,E,0,,,,8809,64.45,0
302,2723.314,"Mount",0.101,0.210,-0.193,0.100,-0.048,0.000,19,E,0,,,,8785,64.19,0
303,2732.442,"Mount",0.620,0.169,-0.077,0.619,-0.021,0.433,8,E,63,S,,,8909,64.18,0
304,2741.715,"Mount",0.901,-0.563,0.689,0.904,0.381,0.633,150,W,91,S,,,8722,63.67,0
305,2750.592,"Mount",0.355,-0.439,0.486,0.357,0.406,0.250,160,W,36,S,,,8529,62.92,0
306,2759.300,"Mount",0.108,0.018,-0.002,0.107,-0.053,0.000,21,E,0,,,,9753,67.83,0
307,2768.509,"Mount",0.360,0.106,-0.052,0.359,-0.106,0.251,42,E,36,S,,,9820,67.75,0
308,2777.559,"Mount",0.365,0.087,-0.033,0.364,-0.196,0.255,77,E,37,S,,,9021,64.32,0
309,2786.639,"Mount",0.724,-0.482,0.583,0.727,0.269,0.509,106,W,73,S,,,9503,66.70,0
310,2795.302,"Mount",0.186,-0.149,0.175,0.187,-0.097,0.000,38,E,0,,,,9020,64.78,0
311,2804.527,"Mount",0.386,-0.123,0.178,0.386,-0.103,0.270,41,E,39,S,,,9298,66.03,0
312,2813.383,"Mount",0.187,-0.544,0.566,0.191,0.165,0.000,65,W,0,,,,9506,66.41,0
313,2822.304,"Mount",0.170,-0.071,0.095,0.170,-0.066,0.000,26,E,0,,,,9860,67.72,0
314,2831.577,"Mount",0.400,0.143,-0.083,0.399,-0.230,0.279,90,E,40,S,,,9078,65.07,0
315,2840.465,"Mount",0.474,-0.030,0.099,0.474,-0.092,0.332,36,E,48,S,,,9284,66.01,0
316,2849.289,"Mount",0.130,0.204,-0.183,0.129,-0.019,0.000,8,E,0,,,,8675,63.72,0
317,2858.467,"Mount",0.189,0.541,-0.508,0.186,-0.493,0.000,194,E,0,,,,9324,66.36,0
318,2867.354,"Mount",0.164,0.207,-0.181,0.162,-0.141,0.000,55,E,0,,,,9049,65.05,0
319,2876.403,"Mount",0.557,0.343,-0.258,0.555,-0.006,0.389,2,E,56,S,,,10066,68.41,0
320,2885.354,"Mount",0.074,0.279,-0.265,0.072,-0.168,0.000,66,E,0,,,,8696,63.72,0
321,2894.579,"Mount",0.419,0.429,-0.364,0.416,-0.334,0.291,131,E,42,S,,,8356,62.54,0
322,2903.323,"Mount",-0.048,0.026,-0.033,-0.048,-0.116,0.000,46,E,0,,,,8567,63.28,0
323,2912.389,"Mount",0.032,-0.191,0.193,0.033,-0.200,0.000,79,E,0,,,,8359,62.34,0
324,2921.196,"Mount",0.258,-0.241,0.276,0.260,-0.000,0.000,0,,0,,,,8719,63.63,0
325,2930.500,"Mount",0.808,-0.392,0.505,0.810,0.063,0.567,25,W,82,S,,,8507,63.21,0
326,2939.468,"Mount",0.628,0.062,0.030,0.628,0.012,0.440,5,W,63,S,,,9302,65.45,0
327,2948.261,"Mount",0.020,-0.141,0.143,0.020,-0.089,0.000,35,E,0,,,,8415,62.47,0
328,2957.439,"Mount",0.380,-0.121,0.175,0.380,-0.120,0.266,47,E,38,S,,,9226,65.89,0
329,2966.353,"Mount",0.291,-0.383,0.422,0.293,0.279,0.000,110,W,0,,,,8879,63.88,0
330,2975.360,"Mount",0.289,-0.110,0.151,0.290,-0.187,0.000,73,E,0,,,,8967,64.95,0
331,2984.343,"Mount",0.133,-0.378,0.393,0.135,0.239,0.000,94,W,0,,,,8899,64.40,0
332,2993.472,"Mount",0.468,0.178,-0.108,0.467,-0.122,0.327,48,E,47,S,,,9080,65.32,0
333,3002.395,"Mount",0.378,0.131,-0.074,0.377,-0.089,0.264,35,E,38,S,,,9779,67.88,0
334,3011.410,"Mount",0.193,0.394,-0.362,0.191,-0.394,0.000,155,E,0,,,,9199,65.90,0
335,3020.396,"Mount",0.320,0.138,-0.090,0.319,0.071,0.223,28,W,32,S,,,8841,64.23,0
336,3029.458,"Mount",0.909,0.344,-0.208,0.907,-0.028,0.635,11,E,92,S,,,8601,63.37,0
337,3038.364,"Mount",0.356,0.248,-0.193,0.354,-0.015,0.248,6,E,36,S,,,8836,64.30,0
338,3047.358,"Mount",0.170,0.214,-0.187,0.169,-0.213,0.000,84,E,0,,,,8950,64.94,0
339,3056.414,"Mount",0.462,0.071,-0.003,0.462,-0.059,0.323,23,E,47,S,,,8555,63.02,0
340,3065.668,"Mount",0.915,-0.899,1.022,0.921,0.593,0.644,233,W,93,S,,,9199,65.09,0
341,3075.436,"Mount",-0.155,-0.760,0.729,-0.151,0.462,0.000,182,W,0,,,,11036,71.65,0
342,3083.974,"Mount",-1.443,2.407,-2.592,-1.457,-1.782,0.000,701,E,0,,,,10876,71.39,0
343,3092.559,"Mount",-0.997,0.527,-0.667,-1.000,-0.805,0.000,317,E,0,,,,10366,69.98,0
344,3101.271,"Mount",-0.599,-0.308,0.217,-0.597,0.094,0.000,37,W,0,,,,9857,67.58,0
345,3110.177,"Mount",-0.305,-0.154,0.108,-0.304,0.021,0.000,8,W,0,,,,9885,67.98,0
346,3119.352,"Mount",0.107,-0.049,0.064,0.108,-0.218,0.000,86,E,0,,,,9809,67.87,0
347,3128.259,"Mount",0.469,-0.039,0.107,0.470,0.069,0.000,27,W,0,,,,10802,70.95,0
348,3137.385,"Mount",0.501,0.067,0.007,0.501,-0.007,0.350,3,E,51,S,,,10481,69.79,0
349,3146.418,"Mount",0.146,0.542,-0.515,0.143,-0.442,0.000,174,E,0,,,,10718,70.97,0
350,3155.257,"Mount",0.548,0.136,-0.055,0.548,-0.091,0.000,36,E,0,,,,10883,71.61,0
351,3164.563,"Mount",0.824,-0.265,0.382,0.826,0.224,0.578,88,W,83,S,,,10554,70.28,0
352,3173.947,"Mount",0.957,-1.911,2.030,0.968,1.196,0.677,471,W,98,S,,,10718,70.82,0
353,3182.332,"Mount",-0.094,-0.568,0.548,-0.090,0.305,0.000,120,W,0,,,,9640,66.94,0
354,3191.324,"Mount",-0.117,-0.173,0.154,-0.116,-0.226,0.000,89,E,0,,,,9198,65.14,0
355,3200.276,"Mount",0.096,-0.531,0.540,0.099,0.215,0.000,85,W,0,,,,9447,66.21,0
356,3209.388,"Mount",0.387,0.285,-0.226,0.385,-0.050,0.269,20,E,39,S,,,10129,68.74,0
357,3218.485,"Mount",0.623,-0.588,0.672,0.627,0.155,0.439,61,W,63,S,,,10454,69.88,0
358,3227.629,"Mount",0.792,-0.917,1.023,0.798,0.544,0.558,214,W,81,S,,,10316,69.95,0
359,3236.262,"Mount",0.131,-0.339,0.354,0.133,0.213,0.000,84,W,0,,,,9886,67.82,0
360,3245.455,"Mount",0.587,0.206,-0.118,0.585,-0.189,0.410,74,E,59,S,,,11902,74.66,0
361,3254.294,"Mount",0.224,0.022,0.011,0.224,-0.170,0.000,67,E,0,,,,10348,69.58,0
362,3263.423,"Mount",0.705,-0.284,0.383,0.707,0.166,0.495,65,W,71,S,,,9742,67.43,0
363,3272.391,"Mount",0.340,-0.199,0.246,0.341,-0.147,0.239,58,E,34,S,,,10036,68.69,0
364,3281.424,"Mount",0.440,0.091,-0.026,0.439,-0.113,0.307,45,E,44,S,,,9733,67.55,0
365,3290.409,"Mount",0.435,-0.136,0.198,0.435,-0.061,0.305,24,E,44,S,,,10758,71.00,0
366,3299.138,"Mount",-0.074,-0.118,0.106,-0.074,-0.016,0.000,6,E,0,,,,10065,68.48,0
367,3308.250,"Mount",-0.039,0.336,-0.338,-0.041,-0.171,0.000,67,E,0,,,,10165,68.65,0
368,3317.363,"Mount",0.085,0.576,-0.557,0.082,-0.519,0.000,204,E,0,,,,10962,71.20,0
369,3326.250,"Mount",0.055,0.182,-0.172,0.054,-0.121,0.000,48,E,0,,,,10250,69.36,0
370,3335.411,"Mount",0.422,-0.360,0.417,0.424,0.162,0.297,64,W,43,S,,,10586,70.33,0
371,3344.395,"Mount",0.397,0.333,-0.272,0.395,-0.163,0.277,64,E,40,S,,,11460,73.03,0
372,3353.540,"Mount",0.616,0.425,-0.331,0.614,-0.557,0.430,219,E,62,S,,,10627,69.76,0
373,3362.285,"Mount",0.069,-0.490,0.495,0.072,0.197,0.000,77,W,0,,,,10774,71.02,0
374,3371.381,"Mount",0.689,-0.070,0.170,0.689,-0.055,0.483,21,E,70,S,,,10054,68.41,0
375,3380.429,"Mount",0.448,-0.407,0.468,0.450,0.204,0.315,80,W,46,S,,,10227,69.55,0
376,3389.163,"Mount",0.215,0.153,-0.120,0.214,0.002,0.000,1,W,0,,,,10605,70.39,0
377,3398.446,"Mount",0.448,0.036,0.030,0.448,-0.292,0.313,115,E,45,S,,,10512,69.51,0
378,3407.220,"Mount",0.229,-0.058,0.091,0.229,-0.060,0.000,24,E,0,,,,11355,72.72,0
379,3416.190,"Mount",0.032,-0.102,0.105,0.033,-0.087,0.000,34,E,0,,,,10865,71.16,0
380,3425.382,"Mount",0.503,0.084,-0.010,0.502,-0.056,0.351,22,E,51,S,,,10107,68.66,0
381,3434.415,"Mount",0.632,-0.205,0.295,0.633,-0.123,0.443,48,E,64,S,,,11177,72.56,0
382,3443.127,"Mount",0.209,-0.298,0.325,0.211,0.006,0.000,3,W,0,,,,10201,69.27,0
383,3452.239,"Mount",0.214,-0.028,0.058,0.214,-0.241,0.000,95,E,0,,,,10914,71.11,0
384,3461.367,"Mount",0.611,-0.104,0.192,0.611,-0.058,0.428,23,E,62,S,,,10138,69.11,0
385,3470.367,"Mount",0.497,0.329,-0.253,0.496,-0.114,0.347,45,E,50,S,,,10402,69.33,0
386,3479.208,"Mount",0.058,0.328,-0.316,0.056,-0.188,0.000,74,E,0,,,,9722,67.23,0
387,3491.454,"Mount",0.407,0.714,-0.647,0.403,-0.424,0.282,167,E,41,S,,,11303,72.84,0
388,3500.198,"Mount",-0.096,0.235,-0.247,-0.097,-0.091,0.000,36,E,0,,,,9894,67.76,0
389,3509.198,"Mount",0.125,0.243,-0.222,0.123,-0.118,0.000,46,E,0,,,,10428,69.58,0
390,3518.183,"Mount",0.082,0.171,-0.158,0.081,-0.070,0.000,27,E,0,,,,9814,68.10,0
391,3527.183,"Mount",0.253,0.011,0.026,0.252,-0.121,0.000,48,E,0,,,,10238,68.85,0
392,3536.519,"Mount",0.589,-0.517,0.598,0.592,0.397,0.415,156,W,60,S,,,9458,66.43,0
393,3545.423,"Mount",0.579,-0.756,0.832,0.583,0.184,0.408,73,W,59,S,,,9566,67.01,0
394,3554.568,"Mount",0.318,-0.850,0.887,0.323,0.710,0.226,280,W,33,S,,,10502,70.24,0
395,3563.190,"Mount",-0.012,-0.025,0.023,-0.012,-0.117,0.000,46,E,0,,,,10705,70.96,0
396,3572.394,"Mount",0.311,0.339,-0.290,0.309,-0.268,0.216,106,E,31,S,,,10559,70.09,0
397,3581.441,"Mount",0.335,0.460,-0.407,0.332,-0.389,0.233,153,E,34,S,,,9952,67.95,0
398,3590.361,"Mount",0.306,0.117,-0.071,0.305,-0.200,0.214,79,E,31,S,,,10580,70.16,0
399,3599.282,"Mount",0.319,0.070,-0.023,0.319,-0.070,0.223,27,E,32,S,,,10297,69.18,0
400,3608.090,"Mount",0.289,0.030,0.012,0.289,0.011,0.000,4,W,0,,,,9755,67.35,0
401,3617.202,"Mount",0.051,-0.167,0.173,0.052,-0.107,0.000,42,E,0,,,,10291,69.45,0
402,3626.346,"Mount",0.673,0.269,-0.168,0.671,-0.158,0.470,62,E,68,S,,,9930,67.99,0
403,3635.474,"Mount",0.318,0.555,-0.503,0.314,-0.400,0.220,157,E,32,S,,,10352,69.58,0
404,3644.218,"Mount",0.376,0.011,0.044,0.376,0.018,0.263,7,W,38,S,,,10066,68.61,0
405,3653.284,"Mount",0.233,-0.606,0.633,0.236,0.385,0.000,151,W,0,,,,10243,69.29,0
406,3662.443,"Mount",0.672,-0.605,0.697,0.675,0.427,0.473,168,W,68,S,,,10389,69.54,0
407,3671.172,"Mount",0.101,0.164,-0.147,0.100,-0.109,0.000,43,E,0,,,,10828,70.65,0
408,3680.445,"Mount",0.403,0.546,-0.481,0.400,-0.481,0.280,189,E,40,S,,,10252,69.07,0
INFO: SET LOCK POSITION, new lock pos = 1145.789, 979.970
INFO: DITHER by 0.340, -0.081, new lock pos = 1145.759, 979.622
INFO: SETTLING STATE CHANGE, Settling started
409,3689.381,"Mount",0.030,0.348,-0.340,0.081,-0.340,0.081,134,E,12,S,,,10551,70.00,0
INFO: SETTLING STATE CHANGE, Settling complete
410,3698.222,"Mount",0.410,-0.493,0.547,0.413,0.345,0.000,136,W,0,,,,11071,71.61,0
411,3707.367,"Mount",0.790,-1.105,1.209,0.796,0.761,0.000,300,W,0,,,,10260,69.08,0
412,3716.430,"Mount",1.623,-0.054,0.290,1.623,-0.026,1.136,10,E,164,S,,,10704,70.41,0
413,3725.430,"Mount",0.668,-0.530,0.622,0.671,0.293,0.470,115,W,68,S,,,10139,68.64,0
414,3734.222,"Mount",0.140,-0.006,0.027,0.140,-0.164,0.000,64,E,0,,,,9389,65.97,0
415,3743.047,"Mount",0.044,-0.288,0.291,0.046,0.013,0.000,5,W,0,,,,9643,67.05,0
416,3752.335,"Mount",0.312,-0.325,0.367,0.314,0.203,0.220,80,W,32,S,,,10736,70.79,0
417,3761.202,"Mount",0.170,-0.420,0.440,0.173,0.287,0.000,113,W,0,,,,10505,69.85,0
418,3770.273,"Mount",0.137,0.554,-0.528,0.134,-0.509,0.000,200,E,0,,,,10298,69.41,0
419,3779.481,"Mount",0.406,0.633,-0.567,0.403,-0.514,0.282,202,E,41,S,,,10016,68.12,0
420,3788.209,"Mount",0.189,0.600,-0.566,0.186,-0.377,0.000,148,E,0,,,,10265,69.33,0
421,3797.241,"Mount",0.787,-0.014,0.129,0.787,-0.014,0.551,5,E,79,S,,,9758,67.04,0
422,3806.113,"Mount",-0.081,0.377,-0.385,-0.083,-0.199,0.000,78,E,0,,,,10209,69.00,0
423,3815.402,"Mount",-0.070,0.916,-0.917,-0.075,-0.747,0.000,294,E,0,,,,11516,72.51,0
424,3824.418,"Mount",0.407,0.507,-0.442,0.404,-0.368,0.283,145,E,41,S,,,9990,68.21,0
425,3833.322,"Mount",0.505,-0.290,0.361,0.507,0.250,0.355,98,W,51,S,,,10591,70.16,0
426,3842.162,"Mount",-0.012,0.384,-0.382,-0.014,-0.300,0.000,118,E,0,,,,9910,68.21,0
427,3851.323,"Mount",0.467,0.275,-0.204,0.465,-0.116,0.326,46,E,47,S,,,9806,67.41,0
428,3860.036,"Mount",0.017,0.033,-0.030,0.017,-0.058,0.000,23,E,0,,,,10712,70.63,0
429,3869.211,"Mount",0.310,-0.044,0.089,0.310,-0.100,0.217,40,E,31,S,,,10023,68.54,0
430,3878.068,"Mount",-0.069,-0.343,0.329,-0.067,-0.079,0.000,31,E,0,,,,9614,66.91,0
431,3887.148,"Mount",0.277,-0.365,0.401,0.279,0.210,0.000,83,W,0,,,,10555,70.27,0
432,3896.069,"Mount",0.237,-0.156,0.189,0.238,-0.121,0.000,48,E,0,,,,10316,69.47,0
433,3905.292,"Mount",0.645,-0.247,0.339,0.647,0.093,0.453,36,W,65,S,,,10300,69.45,0
434,3914.405,"Mount",0.800,-0.367,0.480,0.802,0.213,0.561,84,W,81,S,,,9565,66.82,0
435,3923.135,"Mount",0.029,-0.399,0.399,0.032,0.290,0.000,114,W,0,,,,10521,70.13,0
436,3932.229,"Mount",0.189,0.429,-0.397,0.187,-0.426,0.000,168,E,0,,,,9550,66.88,0
437,3941.246,"Mount",0.379,0.387,-0.327,0.377,-0.144,0.264,57,E,38,S,,,10471,70.23,0
438,3950.214,"Mount",0.448,0.371,-0.302,0.446,-0.062,0.312,24,E,45,S,,,10075,68.68,0
439,3959.246,"Mount",0.390,0.342,-0.281,0.388,-0.094,0.272,37,E,39,S,,,10689,70.70,0
440,3968.279,"Mount",0.387,0.592,-0.529,0.384,-0.292,0.269,115,E,39,S,,,9360,66.49,0
441,3977.375,"Mount",0.497,0.514,-0.436,0.494,-0.471,0.346,185,E,50,S,,,9930,68.29,0
442,3986.151,"Mount",0.008,0.346,-0.341,0.006,-0.308,0.000,121,E,0,,,,10610,70.39,0
443,3995.039,"Mount",0.180,0.184,-0.156,0.179,-0.056,0.000,22,E,0,,,,9850,67.64,0
444,4007.221,"Mount",0.474,-0.107,0.175,0.475,-0.051,0.332,20,E,48,S,,,10373,69.64,0
445,4016.365,"Mount",0.539,-0.476,0.549,0.542,0.317,0.379,125,W,55,S,,,11537,73.76,0
446,4025.157,"Mount",0.011,-0.751,0.744,0.015,0.370,0.000,145,W,0,,,,10364,69.59,0
447,4034.130,"Mount",0.136,-0.480,0.495,0.139,0.278,0.000,110,W,0,,,,11464,73.27,0
448,4043.206,"Mount",0.465,-0.146,0.212,0.466,-0.125,0.326,49,E,47,S,,,9976,68.39,0
449,4052.030,"Mount",0.056,0.197,-0.187,0.055,-0.169,0.000,66,E,0,,,,9806,67.90,0
450,4061.046,"Mount",0.160,0.235,-0.209,0.159,-0.156,0.000,61,E,0,,,,10169,69.03,0
451,4070.126,"Mount",0.631,-0.110,0.201,0.631,-0.004,0.442,2,E,64,S,,,10032,68.42,0
452,4078.988,"Mount",0.283,-0.137,0.177,0.284,0.005,0.000,2,W,0,,,,10975,71.67,0
453,4088.383,"Mount",0.547,0.002,0.078,0.547,-0.369,0.383,145,E,55,S,,,10654,70.56,0
454,4097.223,"Mount",0.605,0.155,-0.065,0.604,-0.253,0.423,99,E,61,S,,,10013,68.16,0
455,4106.528,"Mount",0.727,-0.460,0.561,0.730,0.745,0.511,293,W,74,S,,,9964,68.14,0
456,4115.176,"Mount",-0.196,0.374,-0.398,-0.198,-0.500,0.000,197,E,0,,,,10046,68.63,0
457,4124.064,"Mount",0.068,-0.412,0.418,0.070,-0.065,0.000,25,E,0,,,,9436,66.39,0
458,4133.368,"Mount",0.617,-0.839,0.920,0.621,0.540,0.435,213,W,63,S,,,11225,72.76,0
459,4142.128,"Mount",0.134,-0.862,0.873,0.139,0.485,0.000,191,W,0,,,,10839,70.82,0
460,4151.145,"Mount",0.188,-0.759,0.778,0.192,0.355,0.000,140,W,0,,,,11329,72.90,0
461,4160.046,"Mount",0.231,0.289,-0.252,0.229,-0.139,0.000,55,E,0,,,,10030,68.09,0
462,4169.194,"Mount",0.605,-0.009,0.097,0.605,-0.043,0.424,17,E,61,S,,,10233,69.50,0
463,4178.338,"Mount",0.656,-0.563,0.653,0.660,0.466,0.462,183,W,67,S,,,10455,70.05,0
464,4186.970,"Mount",0.124,0.285,-0.264,0.122,-0.100,0.000,39,E,0,,,,10646,70.60,0
465,4196.259,"Mount",0.620,-0.032,0.122,0.620,-0.379,0.434,149,E,63,S,,,10164,69.17,0
466,4205.243,"Mount",0.578,-0.019,0.103,0.578,0.246,0.405,97,W,58,S,,,10263,69.62,0
467,4214.034,"Mount",0.259,0.357,-0.316,0.257,-0.104,0.000,41,E,0,,,,10940,71.85,0
468,4223.050,"Mount",0.007,0.368,-0.363,0.004,-0.296,0.000,117,E,0,,,,9919,67.63,0
469,4232.178,"Mount",0.404,0.116,-0.055,0.404,0.155,0.282,61,W,41,S,,,10187,69.45,0
470,4241.275,"Mount",-0.073,0.621,-0.625,-0.077,-0.786,0.000,309,E,0,,,,10807,70.69,0
471,4250.148,"Mount",0.466,0.182,-0.113,0.465,-0.098,0.325,39,E,47,S,,,9752,67.34,0
472,4259.004,"Mount",-0.067,-0.270,0.258,-0.065,0.062,0.000,24,W,0,,,,9688,67.36,0
473,4268.020,"Mount",-0.255,0.307,-0.341,-0.257,-0.196,0.000,77,E,0,,,,10242,69.35,0
474,4277.085,"Mount",0.106,0.401,-0.381,0.104,-0.399,0.000,157,E,0,,,,9912,67.90,0
475,4286.148,"Mount",0.311,0.364,-0.315,0.309,-0.182,0.216,72,E,31,S,,,9891,68.10,0
476,4295.132,"Mount",0.618,-0.112,0.201,0.619,-0.040,0.433,16,E,63,S,,,10167,68.81,0
477,4304.851,"Mount",0.798,0.014,0.103,0.798,-0.143,0.559,56,E,81,S,,,10697,70.91,0
478,4313.308,"Mount",1.095,-0.464,0.619,1.098,0.236,0.768,93,W,111,S,,,8930,64.16,0
479,4322.164,"Mount",0.350,-0.388,0.434,0.352,0.230,0.246,90,W,36,S,,,8662,63.51,0
480,4331.245,"Mount",0.504,-0.033,0.106,0.504,-0.235,0.353,92,E,51,S,,,8216,61.73,0
481,4340.359,"Mount",0.553,-0.567,0.642,0.556,0.484,0.389,190,W,56,S,,,8563,63.26,0
482,4348.940,"Mount",-0.149,-0.104,0.081,-0.149,-0.078,0.000,31,E,0,,,,8090,61.36,0
483,4357.988,"Mount",-0.169,-0.100,0.074,-0.168,-0.142,0.000,56,E,0,,,,8644,63.73,0
484,4366.893,"Mount",0.167,-0.260,0.282,0.169,-0.016,0.000,6,E,0,,,,8198,61.71,0
485,4376.148,"Mount",0.382,0.156,-0.099,0.381,-0.082,0.267,32,E,39,S,,,8936,64.66,0
486,4385.133,"Mount",0.331,0.219,-0.168,0.330,-0.111,0.231,44,E,33,S,,,8537,63.27,0
487,4394.151,"Mount",0.705,0.018,0.085,0.705,-0.180,0.493,71,E,71,S,,,8169,61.95,0
488,4402.956,"Mount",0.192,-0.264,0.289,0.193,0.029,0.000,12,W,0,,,,8011,61.00,0
489,4411.973,"Mount",0.163,-0.408,0.428,0.165,0.106,0.000,42,W,0,,,,8135,61.36,0
490,4421.116,"Mount",0.377,-0.072,0.126,0.377,-0.185,0.264,73,E,38,S,,,8639,63.34,0
491,4430.245,"Mount",0.864,-0.371,0.493,0.866,0.284,0.606,112,W,88,S,,,8225,61.66,0
492,4439.134,"Mount",0.541,0.071,0.009,0.541,-0.157,0.378,62,E,55,S,,,8073,60.96,0
493,4448.103,"Mount",0.500,0.254,-0.178,0.499,-0.094,0.349,37,E,50,S,,,8501,63.00,0
494,4457.119,"Mount",0.329,0.131,-0.081,0.328,-0.075,0.229,30,E,33,S,,,8379,62.65,0
495,4465.894,"Mount",0.094,0.189,-0.173,0.093,-0.076,0.000,30,E,0,,,,7888,60.59,0
496,4474.889,"Mount",0.104,-0.116,0.129,0.105,-0.004,0.000,2,E,0,,,,8425,63.02,0
497,4483.847,"Mount",0.262,0.240,-0.199,0.261,-0.003,0.000,1,E,0,,,,8289,62.15,0
498,4493.022,"Mount",0.321,-0.308,0.351,0.323,0.030,0.226,12,W,33,S,,,8167,61.88,0
499,4502.311,"Mount",0.469,-0.997,1.055,0.474,0.610,0.332,240,W,48,S,,,8293,62.00,0
500,4511.103,"Mount",0.127,-0.846,0.855,0.132,0.475,0.000,187,W,0,,,,8533,62.82,0
501,4519.971,"Mount",-0.029,-0.262,0.255,-0.027,-0.233,0.000,92,E,0,,,,8031,60.97,0
502,4528.959,"Mount",-0.059,-0.086,0.077,-0.058,-0.136,0.000,53,E,0,,,,8256,62.26,0
503,4537.896,"Mount",0.100,-0.263,0.275,0.102,-0.049,0.000,19,E,0,,,,8258,61.80,0
504,4546.881,"Mount",0.251,-0.050,0.086,0.251,-0.023,0.000,9,E,0,,,,8018,61.06,0
505,4556.103,"Mount",0.585,0.136,-0.049,0.584,-0.200,0.409,79,E,59,S,,,8513,63.18,0
506,4565.058,"Mount",0.231,-0.040,0.073,0.231,-0.266,0.000,105,E,0,,,,8617,63.46,0
507,4574.135,"Mount",0.804,0.005,0.112,0.804,-0.104,0.563,41,E,81,S,,,8109,61.70,0
508,4583.039,"Mount",0.173,-0.341,0.363,0.175,0.298,0.000,117,W,0,,,,8886,64.46,0
509,4591.944,"Mount",0.237,0.453,-0.414,0.234,-0.256,0.000,101,E,0,,,,8632,63.60,0
510,4601.153,"Mount",0.906,0.131,0.002,0.905,-0.118,0.634,46,E,91,S,,,8881,64.21,0
511,4610.119,"Mount",0.649,-0.418,0.508,0.652,0.177,0.456,70,W,66,S,,,10031,68.45,0
512,4619.264,"Mount",0.540,-0.992,1.060,0.545,0.544,0.382,214,W,55,S,,,7859,60.25,0
513,4627.960,"Mount",0.133,-0.420,0.435,0.136,0.266,0.000,105,W,0,,,,8154,61.42,0
514,4636.880,"Mount",-0.036,-0.251,0.243,-0.034,-0.091,0.000,36,E,0,,,,8683,63.91,0
515,4645.791,"Mount",0.251,0.110,-0.072,0.250,0.001,0.000,0,,0,,,,8428,62.96,0
516,4655.041,"Mount",0.312,-0.349,0.391,0.314,0.200,0.220,79,W,32,S,,,7811,60.19,0
517,4664.185,"Mount",0.567,-0.565,0.642,0.570,0.357,0.399,141,W,58,S,,,8601,63.38,0
518,4673.232,"Mount",0.659,-0.803,0.890,0.664,0.490,0.465,193,W,67,S,,,8394,62.44,0
519,4681.865,"Mount",0.013,-0.144,0.144,0.014,-0.074,0.000,29,E,0,,,,9682,67.25,0
520,4690.993,"Mount",-0.065,-0.390,0.377,-0.063,0.287,0.000,113,W,0,,,,8567,63.22,0
521,4699.881,"Mount",0.171,-0.101,0.124,0.171,0.050,0.000,20,W,0,,,,8154,61.39,0
522,4708.865,"Mount",0.094,0.066,-0.052,0.093,-0.098,0.000,39,E,0,,,,8584,63.48,0
523,4718.089,"Mount",0.434,-0.121,0.183,0.435,-0.252,0.305,99,E,44,S,,,8252,61.72,0
524,4727.089,"Mount",0.581,0.001,0.084,0.581,-0.180,0.406,71,E,59,S,,,8087,61.45,0
525,4736.121,"Mount",0.456,-0.082,0.148,0.456,-0.026,0.320,10,E,46,S,,,8140,61.30,0
526,4744.881,"Mount",0.041,-0.362,0.364,0.043,0.174,0.000,68,W,0,,,,8653,63.47,0
527,4754.108,"Mount",0.072,0.419,-0.404,0.070,-0.505,0.000,199,E,0,,,,9177,65.72,0
528,4763.107,"Mount",0.517,-0.149,0.223,0.518,-0.185,0.363,73,E,52,S,,,9428,66.11,0
529,4771.963,"Mount",0.381,0.146,-0.089,0.380,0.008,0.266,3,W,38,S,,,9414,65.87,0
530,4780.866,"Mount",0.270,-0.068,0.106,0.270,-0.064,0.000,25,E,0,,,,8600,63.26,0
531,4789.993,"Mount",0.333,-0.207,0.253,0.334,-0.047,0.234,18,E,34,S,,,8762,63.55,0
532,4799.058,"Mount",0.657,-0.260,0.353,0.658,0.195,0.461,77,W,67,S,,,8115,61.44,0
533,4807.866,"Mount",-0.001,-0.325,0.322,0.001,-0.034,0.000,13,E,0,,,,7958,60.69,0
534,4816.946,"Mount",0.283,-0.471,0.507,0.286,0.300,0.000,118,W,0,,,,8359,62.43,0
535,4825.914,"Mount",0.355,0.003,0.049,0.355,-0.015,0.249,6,E,36,S,,,8059,61.04,0
536,4834.995,"Mount",0.403,-0.090,0.148,0.404,-0.006,0.283,2,E,41,S,,,8666,63.78,0
537,4843.834,"Mount",0.295,-0.133,0.175,0.296,-0.057,0.000,22,E,0,,,,7930,60.69,0
538,4853.106,"Mount",0.601,-0.543,0.625,0.605,0.272,0.423,107,W,61,S,,,8323,62.09,0
539,4861.829,"Mount",0.244,-0.211,0.244,0.245,-0.035,0.000,14,E,0,,,,7721,59.95,0
540,4871.137,"Mount",0.506,-0.276,0.347,0.508,0.192,0.355,76,W,51,S,,,8118,61.26,0
541,4879.850,"Mount",0.256,-0.071,0.107,0.256,-0.091,0.000,36,E,0,,,,8773,64.12,0
542,4888.890,"Mount",0.202,0.006,0.024,0.202,-0.135,0.000,53,E,0,,,,7889,60.25,0
543,4898.042,"Mount",0.397,0.368,-0.306,0.394,-0.114,0.276,45,E,40,S,,,8491,62.73,0
544,4907.058,"Mount",0.462,0.215,-0.146,0.461,-0.100,0.323,39,E,47,S,,,8401,62.33,0
545,4915.864,"Mount",-0.618,0.205,-0.293,-0.620,-0.136,0.000,54,E,0,,,,8900,64.40,0
546,4924.946,"Mount",-0.658,0.301,-0.394,-0.659,-0.365,0.000,144,E,0,,,,9355,65.99,0
547,4933.947,"Mount",-0.364,0.571,-0.618,-0.367,-0.539,0.000,212,E,0,,,,10041,68.43,0
548,4943.010,"Mount",0.044,0.529,-0.517,0.041,-0.464,0.000,182,E,0,,,,10121,68.83,0
549,4951.835,"Mount",0.182,0.051,-0.024,0.181,-0.083,0.000,33,E,0,,,,9526,66.79,0
550,4960.819,"Mount",0.152,0.208,-0.183,0.151,-0.088,0.000,35,E,0,,,,11178,72.49,0
551,4969.967,"Mount",0.379,0.277,-0.219,0.377,-0.052,0.264,21,E,38,S,,,9951,68.19,0
552,4979.236,"Mount",0.617,-0.737,0.819,0.621,0.595,0.435,234,W,63,S,,,10598,70.38,0
553,4988.123,"Mount",0.691,-0.523,0.619,0.694,0.428,0.486,168,W,70,S,,,10197,68.89,0
554,4997.092,"Mount",0.474,-0.335,0.400,0.476,0.197,0.333,78,W,48,S,,,10107,68.97,0
555,5005.756,"Mount",0.051,0.100,-0.091,0.051,-0.013,0.000,5,E,0,,,,10540,70.30,0
556,5014.777,"Mount",0.062,0.180,-0.169,0.061,-0.042,0.000,17,E,0,,,,9631,67.19,0
557,5023.900,"Mount",0.255,0.440,-0.398,0.252,-0.278,0.000,110,E,0,,,,9616,66.84,0
558,5032.932,"Mount",0.552,-0.020,0.100,0.553,0.022,0.387,8,W,56,S,,,9678,67.55,0
559,5041.726,"Mount",0.086,-0.096,0.107,0.087,0.008,0.000,3,W,0,,,,10375,69.71,0
560,5051.156,"Mount",0.523,-0.653,0.722,0.527,0.348,0.369,137,W,53,S,,,9278,66.10,0
561,5059.860,"Mount",0.215,-0.171,0.201,0.216,-0.108,0.000,42,E,0,,,,8865,64.32,0
562,5068.787,"Mount",0.262,0.047,-0.008,0.262,-0.056,0.000,22,E,0,,,,8819,63.93,0
563,5078.076,"Mount",0.545,0.479,-0.395,0.543,-0.310,0.380,122,E,55,S,,,10522,69.92,0
564,5087.012,"Mount",0.405,-0.082,0.141,0.405,-0.068,0.283,27,E,41,S,,,9746,67.90,0
565,5096.284,"Mount",0.717,-1.233,1.325,0.724,0.769,0.507,303,W,73,S,,,10904,71.19,0
566,5104.901,"Mount",0.082,-0.534,0.540,0.085,0.357,0.000,140,W,0,,,,10084,68.19,0
567,5113.756,"Mount",0.121,-0.082,0.098,0.121,0.089,0.000,35,W,0,,,,9922,68.16,0
568,5122.997,"Mount",0.483,0.098,-0.026,0.483,-0.026,0.338,10,E,49,S,,,10369,69.86,0
569,5131.901,"Mount",0.366,-0.127,0.179,0.367,-0.073,0.257,29,E,37,S,,,8950,64.51,0
570,5140.975,"Mount",0.193,-0.827,0.846,0.198,0.456,0.000,179,W,0,,,,9798,67.25,0
571,5150.047,"Mount",0.465,-0.422,0.485,0.467,0.264,0.327,104,W,47,S,,,9173,65.12,0
572,5158.918,"Mount",0.142,-0.584,0.598,0.145,0.382,0.000,150,W,0,,,,9680,67.38,0
573,5167.657,"Mount",0.129,0.028,-0.009,0.129,-0.001,0.000,0,,0,,,,9543,66.87,0
574,5176.757,"Mount",0.285,-0.103,0.144,0.286,-0.050,0.000,20,E,0,,,,9580,67.28,0
575,5185.934,"Mount",0.434,-0.243,0.304,0.435,-0.054,0.305,21,E,44,S,,,9597,66.54,0
576,5194.998,"Mount",0.385,-0.525,0.575,0.388,0.329,0.271,129,W,39,S,,,9768,67.43,0
577,5203.839,"Mount",0.078,-0.437,0.444,0.081,0.266,0.000,105,W,0,,,,9660,66.93,0
578,5212.710,"Mount",0.171,-0.021,0.046,0.171,-0.039,0.000,15,E,0,,,,9622,67.04,0
579,5222.029,"Mount",0.415,-0.340,0.397,0.417,0.212,0.292,83,W,42,S,,,9769,67.58,0
580,5230.697,"Mount",0.172,0.175,-0.148,0.171,-0.005,0.000,2,E,0,,,,10117,68.95,0
581,5243.004,"Mount",0.452,0.610,-0.537,0.448,-0.353,0.314,139,E,45,S,,,9673,67.14,0
582,5251.907,"Mount",0.419,0.364,-0.299,0.417,-0.076,0.292,30,E,42,S,,,10029,68.27,0
583,5260.876,"Mount",0.338,0.366,-0.313,0.336,-0.040,0.235,16,E,34,S,,,9671,67.12,0
584,5269.828,"Mount",0.241,0.476,-0.436,0.238,-0.288,0.000,113,E,0,,,,9272,65.79,0
585,5278.876,"Mount",0.543,0.281,-0.199,0.542,-0.049,0.379,19,E,55,S,,,9545,66.92,0
586,5287.670,"Mount",0.277,0.279,-0.236,0.275,-0.010,0.000,4,E,0,,,,8928,64.54,0
587,5296.957,"Mount",0.344,0.485,-0.430,0.341,-0.311,0.239,122,E,34,S,,,9239,65.75,0
588,5305.828,"Mount",0.636,0.145,-0.051,0.635,-0.021,0.445,8,E,64,S,,,8537,62.52,0
589,5314.685,"Mount",0.167,0.287,-0.259,0.165,0.015,0.000,6,W,0,,,,9353,66.34,0
590,5323.813,"Mount",0.217,0.381,-0.346,0.215,-0.240,0.000,94,E,0,,,,9386,66.13,0
591,5332.861,"Mount",0.477,0.068,0.003,0.477,-0.042,0.334,17,E,48,S,,,9425,66.22,0
592,5341.669,"Mount",0.261,0.074,-0.035,0.260,0.006,0.000,2,W,0,,,,9062,65.17,0
593,5350.861,"Mount",0.405,0.255,-0.193,0.403,-0.048,0.282,19,E,41,S,,,9742,67.35,0
594,5359.925,"Mount",0.572,-0.305,0.385,0.574,0.168,0.402,66,W,58,S,,,9267,65.87,0
595,5368.735,"Mount",-0.017,-0.205,0.200,-0.016,-0.065,0.000,26,E,0,,,,9437,66.47,0
596,5377.909,"Mount",0.479,-0.332,0.398,0.481,0.234,0.337,92,W,49,S,,,9778,67.70,0
597,5386.653,"Mount",-0.101,-0.110,0.094,-0.100,-0.021,0.000,8,E,0,,,,9497,66.49,0
598,5395.733,"Mount",-0.087,-0.103,0.089,-0.086,-0.104,0.000,41,E,0,,,,9440,66.49,0
599,5404.701,"Mount",0.039,0.290,-0.281,0.037,-0.062,0.000,24,E,0,,,,10078,68.77,0
600,5413.734,"Mount",0.131,0.092,-0.072,0.131,-0.036,0.000,14,E,0,,,,9180,65.45,0
601,5422.750,"Mount",-0.038,0.359,-0.361,-0.040,-0.259,0.000,102,E,0,,,,8969,64.56,0
602,5431.686,"Mount",0.182,0.010,0.016,0.182,-0.086,0.000,34,E,0,,,,9441,66.31,0
603,5440.814,"Mount",0.390,-0.027,0.084,0.390,-0.130,0.273,51,E,39,S,,,9551,66.51,0
604,5449.911,"Mount",0.351,-0.434,0.481,0.354,0.268,0.248,106,W,36,S,,,10733,70.87,0
605,5459.103,"Mount",0.971,-0.888,1.021,0.976,0.632,0.684,249,W,99,S,,,9833,67.72,0
606,5468.310,"Mount",1.581,-1.366,1.582,1.589,0.914,1.112,360,W,161,S,,,9840,67.87,0
607,5476.735,"Mount",0.092,-0.361,0.371,0.094,0.176,0.000,69,W,0,,,,9498,66.48,0
608,5485.655,"Mount",-0.004,0.086,-0.085,-0.004,-0.045,0.000,18,E,0,,,,9417,66.35,0
609,5494.687,"Mount",-0.096,-0.116,0.100,-0.096,-0.050,0.000,20,E,0,,,,9498,66.01,0
610,5503.608,"Mount",0.194,0.119,-0.089,0.193,-0.008,0.000,3,E,0,,,,9737,67.46,0
611,5512.799,"Mount",0.358,0.337,-0.281,0.356,-0.059,0.249,23,E,36,S,,,9582,66.82,0
612,5522.360,"Mount",0.155,-0.022,0.044,0.156,-0.091,0.000,36,E,0,,,,10004,68.59,0
Guiding Ends at 2026-07-31 01:47:27

Guiding Begins at 2026-07-31 01:51:00
Equipment Profile = QHY5 EQASCOM OAG
Dither = both axes, Dither scale = 1.000, Image noise reduction = 2x2 mean, Guide-frame time lapse = 0, Server enabled
Pixel scale = 1.05 arc-sec/px, Binning = 1, Focal length = 1018 mm
Search region = 24 px, Star mass tolerance = 90.0%, Multi-star mode, list size = 10
 Camera = QHY5II-M-10d7d910f33c7354, gain = 90, full size = 1280 x 1024, have dark, dark dur = 3000, no defect map, pixel size = 5.2 um
Exposure = 3000 ms
Mount = EQMOD HEQ5/6 (ASCOM), connected, guiding enabled, xAngle = -81.6, xRate = 2.537, yAngle = 17.1, yRate = 6.929, parity = +/-
Norm rates RA = 7.0"/s @ dec 0, Dec = 7.3"/s; ortho.err. = 8.7 deg
X guide algorithm = Predictive PEC, Control gain = 0.630
Prediction gain = 0.430
Minimum move = 0.330
Hyperparameters
	Length scale long range SE kernel = 700.000
	Signal variance long range SE kernel = 20.000
	Length scale periodic kernel = 10.000
	Signal variance periodic kernel = 20.000
	Length scale short range SE kernel = 25.000
	Signal variance short range SE kernel = 10.000
	Period length periodic kernel = 985.578
	FFT called after = 2.000 worm cycles
	Auto-adjust period length = On
Y guide algorithm = Resist Switch, Minimum move = 0.300 Aggression = 70% FastSwitch = disabled
Backlash comp = disabled, pulse = 495 ms
Max RA duration = 2500, Max DEC duration = 2500, DEC guide mode = Auto
RA Guide Speed = 7.5 a-s/s, Dec Guide Speed = 7.5 a-s/s, Cal Dec = 0.0, Last Cal Issue = None, Timestamp = 7/7/2026 10:36:27 PM
RA = 0.07 hr, Dec = 67.5 deg, Hour angle = -2.79 hr, Pier side = West, Rotator pos = N/A, Alt = 65.4 deg, Az = 37.9 deg
Lock position = 1153.713, 980.056, Star position = 1153.713, 980.056, HFD = 5.54 px
Frame,Time,mount,dx,dy,RARawDistance,DECRawDistance,RAGuideDistance,DECGuideDistance,RADuration,RADirection,DECDuration,DECDirection,XStep,YStep,StarMass,SNR,ErrorCode
INFO: SETTLING STATE CHANGE, Settling started
1,8.974,"Mount",-0.244,-0.043,0.007,-0.243,0.005,0.000,2,W,0,,,,10812,71.31,0
INFO: SETTLING STATE CHANGE, Settling complete
2,18.051,"Mount",1.315,-0.084,0.275,1.315,0.173,0.000,68,W,0,,,,10490,70.07,0
3,26.973,"Mount",0.996,0.166,-0.019,0.995,-0.012,0.000,5,E,0,,,,10159,68.98,0
4,36.292,"Mount",1.339,-0.153,0.347,1.339,0.163,0.938,64,W,135,S,,,9873,68.17,0
5,45.244,"Mount",0.529,-0.036,0.113,0.530,-0.136,0.371,54,E,53,S,,,10921,71.51,0
6,54.116,"Mount",0.278,-0.592,0.626,0.282,0.364,0.000,143,W,0,,,,9609,67.03,0
7,63.356,"Mount",0.511,0.643,-0.562,0.507,-0.382,0.355,151,E,51,S,,,10465,70.24,0
8,72.166,"Mount",0.586,-0.117,0.201,0.587,0.003,0.411,1,W,59,S,,,10479,69.94,0
9,81.004,"Mount",-0.260,0.019,-0.057,-0.260,-0.032,0.000,13,E,0,,,,10894,70.94,0
10,90.053,"Mount",-0.059,0.009,-0.017,-0.059,-0.110,0.000,43,E,0,,,,10168,69.10,0
11,98.925,"Mount",0.125,-0.007,0.025,0.125,-0.011,0.000,4,E,0,,,,9844,67.59,0
12,108.037,"Mount",0.132,0.010,0.009,0.132,0.087,0.000,34,W,0,,,,10076,68.89,0
13,117.230,"Mount",0.463,0.248,-0.178,0.461,0.026,0.323,10,W,47,S,,,10188,68.89,0
14,126.134,"Mount",0.266,0.695,-0.649,0.261,-0.458,0.000,180,E,0,,,,9966,68.18,0
15,135.246,"Mount",0.416,0.423,-0.358,0.413,-0.217,0.289,86,E,42,S,,,10079,68.60,0
16,144.198,"Mount",0.378,0.446,-0.386,0.376,-0.167,0.263,66,E,38,S,,,10334,69.87,0
17,153.122,"Mount",0.184,0.671,-0.637,0.180,-0.427,0.000,168,E,0,,,,10225,69.32,0
18,162.022,"Mount",0.176,0.232,-0.204,0.174,-0.025,0.000,10,E,0,,,,11091,72.07,0
19,171.167,"Mount",0.488,-0.049,0.120,0.488,-0.075,0.342,30,E,49,S,,,9760,67.36,0
20,180.200,"Mount",0.436,0.055,0.010,0.435,-0.063,0.305,25,E,44,S,,,10704,70.22,0
21,189.424,"Mount",0.583,-0.950,1.024,0.589,0.773,0.412,305,W,59,S,,,10505,69.89,0
22,198.426,"Mount",0.313,-1.236,1.269,0.320,0.723,0.224,285,W,32,S,,,10207,69.37,0
23,207.120,"Mount",0.293,-0.698,0.733,0.297,0.393,0.000,155,W,0,,,,9674,67.33,0
24,215.982,"Mount",0.059,-0.052,0.060,0.059,0.029,0.000,12,W,0,,,,9852,67.71,0
25,224.913,"Mount",0.015,0.004,-0.002,0.015,-0.021,0.000,8,E,0,,,,9157,65.34,0
26,234.073,"Mount",0.170,0.041,-0.015,0.169,-0.115,0.000,45,E,0,,,,10171,68.98,0
27,242.936,"Mount",0.204,-0.058,0.087,0.204,-0.012,0.000,5,E,0,,,,9337,65.66,0
28,252.296,"Mount",0.458,-0.574,0.634,0.461,0.355,0.323,140,W,47,S,,,10959,71.69,0
29,261.089,"Mount",0.373,-0.002,0.056,0.373,-0.015,0.261,6,E,38,S,,,11251,72.08,0
30,270.090,"Mount",0.489,-0.015,0.086,0.489,0.023,0.342,9,W,49,S,,,9924,67.71,0
31,278.930,"Mount",0.229,0.130,-0.095,0.228,-0.079,0.000,31,E,0,,,,10128,68.97,0
32,288.201,"Mount",0.172,0.777,-0.743,0.168,-0.499,0.000,197,E,0,,,,10842,71.20,0
33,297.202,"Mount",0.745,0.320,-0.208,0.743,0.032,0.520,12,W,75,S,,,10007,67.78,0
34,306.107,"Mount",0.243,-0.553,0.582,0.247,0.352,0.000,139,W,0,,,,9739,67.55,0
35,315.171,"Mount",0.360,-0.547,0.593,0.363,0.315,0.254,124,W,37,S,,,10136,68.38,0
36,324.075,"Mount",0.484,-0.163,0.231,0.484,-0.011,0.339,4,E,49,S,,,10636,70.34,0
37,332.916,"Mount",-0.053,0.020,-0.028,-0.053,0.010,0.000,4,W,0,,,,10679,70.74,0
38,342.155,"Mount",0.580,-0.067,0.151,0.581,0.075,0.406,30,W,59,S,,,10957,71.64,0
39,351.107,"Mount",0.494,-0.291,0.360,0.496,0.080,0.347,32,W,50,S,,,10047,68.20,0
40,360.108,"Mount",0.243,-0.693,0.722,0.247,0.380,0.000,150,W,0,,,,10557,70.32,0
41,369.267,"Mount",0.462,-0.699,0.759,0.466,0.492,0.326,194,W,47,S,,,9954,67.89,0
42,378.124,"Mount",0.427,-0.094,0.155,0.428,-0.063,0.299,25,E,43,S,,,9619,66.94,0
43,387.028,"Mount",-0.178,-0.374,0.344,-0.176,0.223,0.000,88,W,0,,,,10576,70.10,0
44,395.861,"Mount",-0.039,-0.299,0.291,-0.037,0.001,0.000,0,,0,,,,10455,69.54,0
45,405.109,"Mount",0.307,-0.421,0.461,0.309,0.136,0.216,54,W,31,S,,,9695,67.12,0
46,414.046,"Mount",0.271,-0.457,0.491,0.274,0.360,0.000,142,W,0,,,,9966,68.44,0
47,423.092,"Mount",0.471,0.064,0.005,0.471,-0.094,0.329,37,E,48,S,,,10274,69.22,0
48,432.126,"Mount",0.327,-0.009,0.056,0.327,-0.071,0.229,28,E,33,S,,,9684,67.02,0
49,440.901,"Mount",0.235,0.209,-0.172,0.234,0.058,0.000,23,W,0,,,,10447,70.32,0
50,450.046,"Mount",0.277,0.569,-0.523,0.274,-0.401,0.000,158,E,0,,,,10267,69.45,0
51,459.206,"Mount",0.605,0.552,-0.458,0.602,-0.412,0.421,162,E,61,S,,,9596,66.86,0
52,468.094,"Mount",0.510,0.433,-0.354,0.508,-0.167,0.355,66,E,51,S,,,10386,69.53,0
53,477.079,"Mount",0.199,0.559,-0.524,0.196,-0.404,0.000,159,E,0,,,,10217,69.07,0
54,486.095,"Mount",0.419,0.083,-0.021,0.419,-0.029,0.293,12,E,42,S,,,9763,67.18,0
55,494.946,"Mount",0.208,0.037,-0.006,0.208,-0.161,0.000,63,E,0,,,,9573,66.96,0
56,503.967,"Mount",0.264,-0.239,0.275,0.265,-0.108,0.000,43,E,0,,,,10802,70.87,0
57,513.138,"Mount",0.484,-0.019,0.089,0.484,0.154,0.339,61,W,49,S,,,10592,70.26,0
58,522.127,"Mount",0.347,-0.158,0.207,0.348,-0.127,0.244,50,E,35,S,,,10789,70.49,0
59,531.033,"Mount",0.518,-0.215,0.288,0.519,-0.015,0.363,6,E,52,S,,,10844,71.07,0
60,540.256,"Mount",0.660,-0.551,0.641,0.663,0.559,0.464,220,W,67,S,,,10632,70.76,0
61,549.098,"Mount",0.693,-0.035,0.136,0.693,-0.153,0.485,60,E,70,S,,,10577,70.58,0
62,558.273,"Mount",0.559,-0.515,0.591,0.562,0.446,0.393,176,W,57,S,,,10287,69.58,0
63,567.097,"Mount",0.515,-0.048,0.122,0.516,-0.063,0.361,25,E,52,S,,,10394,69.61,0
64,576.225,"Mount",0.839,-0.271,0.390,0.841,0.352,0.589,139,W,85,S,,,10140,68.34,0
65,585.273,"Mount",1.785,-0.414,0.670,1.787,0.353,1.251,139,W,181,S,,,10611,70.64,0
66,594.194,"Mount",0.632,0.847,-0.746,0.627,-0.423,0.439,167,E,63,S,,,10637,70.48,0
67,603.083,"Mount",0.758,0.298,-0.184,0.756,0.029,0.529,12,W,76,S,,,10260,69.20,0
68,612.242,"Mount",0.630,0.762,-0.662,0.626,-0.550,0.438,217,E,63,S,,,10429,69.96,0
69,621.051,"Mount",0.379,0.277,-0.219,0.378,0.044,0.264,17,W,38,S,,,11028,71.66,0
70,630.339,"Mount",2.214,1.063,-0.729,2.207,-0.509,1.545,201,E,223,S,,,8562,63.21,0
71,639.180,"Mount",0.976,0.732,-0.582,0.972,-0.372,0.680,146,E,98,S,,,8789,64.32,0
72,648.101,"Mount",1.486,-0.055,0.271,1.486,-0.005,1.041,2,E,150,S,,,8580,63.36,0
73,656.892,"Mount",0.037,-0.021,0.027,0.038,0.128,0.000,50,W,0,,,,8676,63.52,0
74,666.074,"Mount",0.302,-0.192,0.234,0.303,-0.144,0.212,57,E,31,S,,,8802,63.89,0
75,675.149,"Mount",0.249,-1.344,1.366,0.257,0.764,0.000,301,W,0,,,,8874,64.76,0
76,684.038,"Mount",0.104,-0.591,0.600,0.108,0.466,0.000,184,W,0,,,,8499,63.12,0
77,692.877,"Mount",0.250,0.179,-0.141,0.249,-0.092,0.000,36,E,0,,,,9422,66.88,0
78,702.006,"Mount",0.383,0.078,-0.022,0.382,-0.066,0.268,26,E,39,S,,,8203,61.69,0
79,711.070,"Mount",0.546,-0.077,0.156,0.547,0.104,0.383,41,W,55,S,,,8626,63.54,0
80,719.942,"Mount",0.128,-0.481,0.495,0.130,0.221,0.000,87,W,0,,,,8493,63.04,0
81,729.039,"Mount",0.474,-0.005,0.074,0.474,-0.215,0.332,85,E,48,S,,,9599,67.11,0
82,737.864,"Mount",0.128,-0.007,0.026,0.128,0.035,0.000,14,W,0,,,,9020,65.08,0
83,747.023,"Mount",0.470,-0.036,0.104,0.470,-0.051,0.329,20,E,48,S,,,8701,63.99,0
84,755.772,"Mount",0.122,0.092,-0.073,0.122,0.020,0.000,8,W,0,,,,9039,65.11,0
85,764.976,"Mount",0.153,0.379,-0.353,0.151,-0.357,0.000,141,E,0,,,,8918,64.44,0
86,773.816,"Mount",0.044,0.129,-0.122,0.043,0.019,0.000,8,W,0,,,,8731,63.61,0
87,783.183,"Mount",0.537,-0.494,0.567,0.539,0.379,0.378,149,W,54,S,,,8704,63.77,0
88,792.231,"Mount",0.781,-0.853,0.957,0.786,0.507,0.550,200,W,79,S,,,9071,65.26,0
89,801.110,"Mount",0.318,-0.540,0.581,0.321,0.331,0.225,131,W,32,S,,,8302,62.36,0
90,809.945,"Mount",0.271,-0.458,0.492,0.274,0.315,0.000,124,W,0,,,,8871,64.57,0
91,818.848,"Mount",0.080,-0.077,0.088,0.081,-0.177,0.000,70,E,0,,,,9679,67.46,0
92,828.009,"Mount",0.222,-0.463,0.490,0.225,0.428,0.000,169,W,0,,,,9281,66.05,0
93,836.818,"Mount",0.046,-0.245,0.249,0.047,-0.092,0.000,36,E,0,,,,7940,60.47,0
94,845.883,"Mount",0.238,-0.392,0.422,0.240,0.226,0.000,89,W,0,,,,8826,64.30,0
95,854.995,"Mount",0.485,-0.185,0.254,0.486,-0.031,0.340,12,E,49,S,,,9546,66.92,0
96,863.995,"Mount",0.379,-0.348,0.399,0.381,0.262,0.266,103,W,38,S,,,9523,66.88,0
97,872.755,"Mount",0.260,-0.102,0.139,0.261,-0.021,0.000,8,E,0,,,,8471,62.81,0
98,882.027,"Mount",0.506,-0.033,0.107,0.506,-0.096,0.354,38,E,51,S,,,9111,65.11,0
99,890.996,"Mount",0.339,-0.362,0.408,0.341,0.169,0.239,66,W,34,S,,,8778,64.24,0
100,899.819,"Mount",0.178,-0.185,0.209,0.179,0.041,0.000,16,W,0,,,,8822,63.95,0
101,908.867,"Mount",0.445,-0.099,0.163,0.446,0.019,0.312,8,W,45,S,,,9324,65.60,0
102,918.029,"Mount",0.516,-0.020,0.095,0.516,-0.209,0.361,82,E,52,S,,,8417,62.77,0
103,926.852,"Mount",0.232,-0.075,0.108,0.232,0.060,0.000,23,W,0,,,,8665,63.70,0
104,936.093,"Mount",0.592,0.599,-0.506,0.589,-0.315,0.412,124,E,59,S,,,8851,64.29,0
105,945.028,"Mount",0.343,0.114,-0.062,0.343,-0.196,0.240,77,E,35,S,,,8861,64.73,0
106,953.789,"Mount",0.110,-0.044,0.059,0.111,0.042,0.000,16,W,0,,,,9261,65.58,0
107,962.808,"Mount",0.227,0.212,-0.177,0.226,-0.081,0.000,32,E,0,,,,8916,64.65,0
108,971.821,"Mount",0.252,0.203,-0.164,0.251,0.051,0.000,20,W,0,,,,8618,63.58,0
109,981.062,"Mount",0.817,0.196,-0.074,0.816,-0.095,0.571,38,E,82,S,,,8338,62.49,0
110,989.854,"Mount",0.164,0.051,-0.027,0.164,-0.106,0.000,42,E,0,,,,8546,63.14,0
111,998.886,"Mount",0.325,-0.131,0.177,0.326,0.005,0.228,2,W,33,S,,,7907,60.77,0
112,1007.999,"Mount",0.713,-0.026,0.130,0.714,0.029,0.499,11,W,72,S,,,8875,64.31,0
113,1016.699,"Mount",0.111,-0.088,0.103,0.112,0.003,0.000,1,W,0,,,,8984,64.96,0
114,1025.838,"Mount",0.003,0.159,-0.157,0.002,-0.054,0.000,21,E,0,,,,8464,62.53,0
115,1034.776,"Mount",0.265,0.045,-0.006,0.264,-0.071,0.000,28,E,0,,,,8302,61.99,0
116,1043.888,"Mount",0.431,0.040,0.024,0.431,-0.017,0.302,7,E,44,S,,,8259,62.32,0
117,1052.936,"Mount",0.779,-0.117,0.230,0.779,0.010,0.546,4,W,79,S,,,8392,62.64,0
118,1061.715,"Mount",0.039,-0.178,0.182,0.041,0.013,0.000,5,W,0,,,,8873,64.69,0
119,1070.746,"Mount",-0.098,0.107,-0.120,-0.098,-0.067,0.000,26,E,0,,,,8503,63.25,0
120,1079.778,"Mount",0.127,0.137,-0.117,0.126,-0.139,0.000,55,E,0,,,,8284,62.56,0
121,1088.747,"Mount",0.186,0.249,-0.219,0.185,-0.032,0.000,12,E,0,,,,8465,63.02,0
122,1097.990,"Mount",0.610,0.246,-0.154,0.609,0.031,0.426,12,W,62,S,,,8898,64.62,0
123,1106.988,"Mount",0.390,0.581,-0.518,0.387,-0.333,0.271,131,E,39,S,,,8595,63.14,0
124,1115.987,"Mount",0.445,0.562,-0.491,0.442,-0.306,0.309,121,E,45,S,,,8453,62.45,0
125,1124.764,"Mount",0.231,0.045,-0.011,0.230,-0.128,0.000,51,E,0,,,,8579,62.85,0
126,1134.055,"Mount",0.589,-0.469,0.549,0.591,0.308,0.414,122,W,60,S,,,8716,63.91,0
127,1142.804,"Mount",0.286,-0.320,0.359,0.288,0.173,0.000,68,W,0,,,,8557,63.28,0
128,1152.232,"Mount",1.067,-0.823,0.970,1.071,0.586,0.750,231,W,108,S,,,8736,64.17,0
129,1161.006,"Mount",0.363,-0.530,0.577,0.366,0.367,0.256,145,W,37,S,,,8441,62.88,0
130,1169.680,"Mount",-0.093,-0.040,0.026,-0.093,-0.008,0.000,3,E,0,,,,8564,63.37,0
131,1178.728,"Mount",-0.032,-0.088,0.083,-0.031,-0.042,0.000,17,E,0,,,,8704,63.58,0
132,1187.762,"Mount",0.192,0.126,-0.096,0.192,-0.029,0.000,11,E,0,,,,8698,63.89,0
133,1196.719,"Mount",0.054,-0.011,0.019,0.054,-0.079,0.000,31,E,0,,,,8812,64.36,0
134,1205.912,"Mount",0.428,0.222,-0.157,0.427,0.015,0.299,6,W,43,S,,,8361,62.58,0
135,1214.816,"Mount",0.137,0.371,-0.347,0.135,-0.312,0.000,123,E,0,,,,8795,64.24,0
136,1223.887,"Mount",0.677,0.027,0.072,0.677,-0.039,0.474,15,E,68,S,,,8065,60.97,0
137,1233.023,"Mount",0.739,0.233,-0.123,0.737,-0.105,0.516,42,E,74,S,,,8022,61.30,0
INFO: SET LOCK POSITION, new lock pos = 1153.713, 980.056
INFO: DITHER by -0.599, 1.584, new lock pos = 1155.192, 980.879
INFO: SETTLING STATE CHANGE, Settling started
138,1242.281,"Mount",-1.480,-0.823,0.599,-1.584,0.599,-1.584,236,W,229,N,,,9987,68.53,0
INFO: SETTLING STATE CHANGE, Settling complete
139,1250.722,"Mount",-1.709,-0.080,-0.170,-1.709,-0.107,0.000,42,E,0,,,,9686,67.20,0
140,1259.722,"Mount",-1.354,-0.055,-0.143,-1.354,-0.090,0.000,36,E,0,,,,9659,67.65,0
141,1269.442,"Mount",-1.030,-2.256,2.081,-1.017,1.258,-0.712,496,W,103,N,,,10118,69.08,0
142,1278.171,"Mount",-1.080,-1.105,0.936,-1.074,0.588,-0.752,232,W,108,N,,,10051,68.42,0
143,1286.869,"Mount",-1.092,0.132,-0.290,-1.093,0.011,-0.765,4,W,110,N,,,10171,69.03,0
144,1295.756,"Mount",-0.300,-0.030,-0.014,-0.299,-0.101,0.000,40,E,0,,,,9386,65.59,0
145,1304.629,"Mount",-0.034,0.011,-0.016,-0.034,0.003,0.000,1,W,0,,,,9965,68.45,0
146,1313.853,"Mount",0.368,-0.804,0.849,0.372,0.495,0.000,195,W,0,,,,10087,69.11,0
147,1322.918,"Mount",0.420,-0.983,1.034,0.426,0.665,0.000,262,W,0,,,,10190,69.07,0
148,1331.709,"Mount",0.681,-0.226,0.323,0.682,-0.084,0.000,33,E,0,,,,9503,66.37,0
149,1340.886,"Mount",0.791,-0.560,0.670,0.795,0.346,0.000,136,W,0,,,,9566,67.12,0
150,1349.806,"Mount",0.719,-0.021,0.125,0.719,0.269,0.000,106,W,0,,,,10000,68.56,0
151,1358.728,"Mount",0.766,0.144,-0.031,0.765,-0.165,0.000,65,E,0,,,,10083,68.98,0
152,1367.904,"Mount",1.252,0.070,0.114,1.251,-0.006,0.876,2,E,126,S,,,9872,68.19,0
153,1376.855,"Mount",0.982,0.208,-0.063,0.980,-0.006,0.686,3,E,99,S,,,9639,67.05,0
154,1385.936,"Mount",0.954,0.217,-0.075,0.953,0.033,0.667,13,W,96,S,,,9585,66.72,0
155,1395.096,"Mount",0.922,0.819,-0.676,0.917,-0.493,0.642,194,E,93,S,,,9618,67.24,0
156,1404.112,"Mount",1.483,0.666,-0.442,1.479,-0.276,1.035,109,E,149,S,,,10495,70.23,0
157,1413.131,"Mount",1.452,0.675,-0.456,1.448,-0.360,1.013,142,E,146,S,,,9667,67.50,0
158,1422.001,"Mount",1.509,0.356,-0.132,1.507,-0.041,1.055,16,E,152,S,,,9545,67.08,0
159,1430.969,"Mount",0.924,-0.210,0.343,0.925,0.204,0.648,80,W,93,S,,,9804,67.93,0
160,1439.720,"Mount",0.186,0.240,-0.211,0.185,-0.063,0.000,25,E,0,,,,9146,65.71,0
161,1448.665,"Mount",0.069,0.129,-0.118,0.068,-0.058,0.000,23,E,0,,,,9879,67.84,0
162,1457.906,"Mount",0.656,0.338,-0.238,0.654,0.074,0.458,29,W,66,S,,,10777,71.24,0
163,1466.826,"Mount",0.403,0.192,-0.132,0.401,-0.056,0.281,22,E,41,S,,,9838,68.22,0
164,1475.618,"Mount",0.166,0.100,-0.074,0.166,-0.009,0.000,4,E,0,,,,9722,67.39,0
165,1484.858,"Mount",0.485,0.114,-0.043,0.484,-0.107,0.339,42,E,49,S,,,10418,69.24,0
166,1493.971,"Mount",0.311,-0.397,0.438,0.313,0.350,0.219,138,W,32,S,,,10289,69.29,0
167,1502.698,"Mount",0.080,-0.128,0.138,0.080,-0.027,0.000,11,E,0,,,,9762,67.06,0
168,1511.842,"Mount",0.497,-0.353,0.422,0.499,0.071,0.349,28,W,50,S,,,11046,71.55,0
169,1520.895,"Mount",0.317,-0.451,0.493,0.320,0.338,0.224,133,W,32,S,,,10861,70.83,0
170,1529.689,"Mount",0.037,-0.299,0.302,0.039,-0.090,0.000,35,E,0,,,,10718,70.69,0
171,1538.827,"Mount",0.398,-0.187,0.243,0.399,-0.064,0.279,25,E,40,S,,,9897,68.24,0
172,1547.859,"Mount",0.357,-0.212,0.262,0.358,0.003,0.251,1,W,36,S,,,9997,67.74,0
173,1556.668,"Mount",0.177,0.010,0.016,0.177,-0.079,0.000,31,E,0,,,,9868,67.67,0
174,1565.655,"Mount",0.273,-0.143,0.181,0.274,0.037,0.000,15,W,0,,,,10472,69.74,0
175,1574.876,"Mount",0.432,0.404,-0.336,0.430,-0.209,0.301,82,E,43,S,,,9871,67.86,0
176,1586.804,"Mount",0.134,0.450,-0.426,0.131,-0.350,0.000,138,E,0,,,,10240,68.78,0
177,1595.721,"Mount",-0.026,0.519,-0.517,-0.029,-0.202,0.000,80,E,0,,,,10121,68.71,0
178,1604.882,"Mount",0.483,0.161,-0.089,0.482,-0.124,0.337,49,E,49,S,,,9585,66.83,0
179,1613.787,"Mount",0.673,-0.134,0.231,0.674,0.071,0.472,28,W,68,S,,,9727,67.82,0
180,1622.658,"Mount",-0.002,-0.190,0.188,-0.000,0.025,0.000,10,W,0,,,,9431,65.94,0
181,1631.962,"Mount",0.458,-0.879,0.937,0.463,0.504,0.324,199,W,47,S,,,9958,68.52,0
182,1641.027,"Mount",0.679,-0.910,1.000,0.685,0.644,0.479,254,W,69,S,,,9608,66.73,0
183,1649.756,"Mount",0.035,-0.793,0.790,0.039,0.415,0.000,163,W,0,,,,10184,68.46,0
184,1658.691,"Mount",-0.080,0.446,-0.453,-0.082,-0.201,0.000,79,E,0,,,,9836,67.77,0
185,1667.611,"Mount",-0.101,0.196,-0.208,-0.103,0.028,0.000,11,W,0,,,,10022,68.45,0
186,1676.751,"Mount",0.230,0.462,-0.424,0.227,-0.360,0.000,142,E,0,,,,9292,65.79,0
187,1685.852,"Mount",0.445,-0.285,0.347,0.447,0.160,0.313,63,W,45,S,,,10437,69.68,0
188,1694.803,"Mount",0.520,-0.061,0.136,0.521,0.035,0.364,14,W,53,S,,,9396,66.02,0
189,1703.803,"Mount",0.514,-0.077,0.151,0.514,-0.058,0.360,23,E,52,S,,,9540,66.46,0
190,1712.868,"Mount",0.441,-0.426,0.486,0.443,0.218,0.310,86,W,45,S,,,9538,66.30,0
191,1721.579,"Mount",0.028,-0.207,0.208,0.029,0.070,0.000,28,W,0,,,,10230,69.21,0
192,1730.724,"Mount",-0.186,0.418,-0.440,-0.189,-0.306,0.000,121,E,0,,,,9665,67.06,0
193,1739.808,"Mount",0.445,-0.279,0.341,0.447,0.115,0.313,45,W,45,S,,,9730,67.04,0
194,1749.060,"Mount",0.471,-1.114,1.171,0.478,0.767,0.335,302,W,48,S,,,9625,67.01,0
195,1757.692,"Mount",0.049,-0.660,0.660,0.053,0.255,0.000,101,W,0,,,,10258,68.99,0
196,1772.575,"Mount",-0.041,0.023,-0.029,-0.041,-0.011,0.000,4,E,0,,,,9592,66.70,0
197,1781.655,"Mount",0.057,-0.187,0.194,0.058,0.139,0.000,55,W,0,,,,9628,67.33,0
198,1790.687,"Mount",0.246,-0.215,0.249,0.247,-0.206,0.000,81,E,0,,,,9550,66.46,0
199,1800.024,"Mount",0.469,-0.938,0.997,0.474,0.752,0.332,296,W,48,S,,,9998,68.75,0
200,1808.736,"Mount",0.635,-0.260,0.350,0.637,0.025,0.446,10,W,64,S,,,9728,67.51,0
201,1817.753,"Mount",0.318,-0.013,0.060,0.318,0.091,0.223,36,W,32,S,,,9623,66.52,0
202,1826.608,"Mount",0.280,0.138,-0.095,0.279,-0.086,0.000,34,E,0,,,,9913,67.71,0
203,1835.704,"Mount",0.444,-0.040,0.104,0.444,-0.023,0.311,9,E,45,S,,,10548,69.95,0
204,1844.577,"Mount",0.280,-0.250,0.288,0.281,-0.020,0.000,8,E,0,,,,9202,65.29,0
205,1853.753,"Mount",0.438,-0.098,0.161,0.439,-0.055,0.307,22,E,44,S,,,9132,64.83,0
206,1862.577,"Mount",0.099,-0.092,0.106,0.099,-0.037,0.000,15,E,0,,,,10232,68.64,0
207,1871.801,"Mount",0.479,-0.376,0.442,0.481,0.182,0.337,72,W,49,S,,,9760,66.90,0
208,1880.506,"Mount",0.059,-0.020,0.028,0.059,-0.020,0.000,8,E,0,,,,10265,69.55,0
209,1889.674,"Mount",0.402,0.207,-0.147,0.401,0.020,0.280,8,W,40,S,,,10079,68.45,0
210,1898.786,"Mount",0.135,0.818,-0.790,0.130,-0.644,0.000,254,E,0,,,,11134,71.90,0
211,1907.722,"Mount",0.694,0.055,0.047,0.694,-0.102,0.486,40,E,70,S,,,10874,71.39,0
212,1916.723,"Mount",0.574,0.185,-0.100,0.573,-0.024,0.401,9,E,58,S,,,10942,72.06,0
213,1925.755,"Mount",0.521,0.010,0.066,0.521,-0.029,0.364,12,E,53,S,,,9310,65.64,0
214,1934.547,"Mount",0.195,0.036,-0.008,0.195,-0.017,0.000,7,E,0,,,,10032,68.08,0
215,1943.692,"Mount",-0.011,0.637,-0.631,-0.015,-0.364,0.000,144,E,0,,,,10967,71.75,0
216,1952.708,"Mount",0.099,0.511,-0.491,0.097,-0.400,0.000,158,E,0,,,,9689,67.10,0
217,1961.694,"Mount",0.684,0.365,-0.261,0.681,-0.020,0.477,8,E,69,S,,,9273,65.54,0
218,1970.644,"Mount",0.344,0.279,-0.226,0.342,-0.011,0.240,4,E,35,S,,,9832,67.98,0
219,1979.740,"Mount",0.476,0.077,-0.006,0.475,-0.112,0.333,44,E,48,S,,,10287,69.44,0
220,1988.692,"Mount",0.355,0.182,-0.128,0.354,-0.049,0.248,20,E,36,S,,,9827,68.17,0
221,1997.726,"Mount",0.368,-0.093,0.146,0.368,-0.043,0.258,17,E,37,S,,,10114,68.95,0
222,2006.950,"Mount",0.438,-0.809,0.864,0.443,0.546,0.310,215,W,45,S,,,10354,69.23,0
223,2015.530,"Mount",0.246,-0.241,0.274,0.247,-0.027,0.000,10,E,0,,,,9640,67.24,0
224,2024.629,"Mount",0.291,-0.463,0.500,0.294,0.198,0.000,78,W,0,,,,10538,70.32,0
225,2033.661,"Mount",0.342,0.249,-0.197,0.341,0.051,0.239,20,W,34,S,,,9921,68.42,0
226,2042.825,"Mount",0.399,0.581,-0.517,0.395,-0.316,0.277,125,E,40,S,,,10274,69.45,0
227,2051.838,"Mount",0.447,0.600,-0.528,0.443,-0.336,0.310,133,E,45,S,,,9673,67.00,0
228,2060.566,"Mount",0.144,-0.117,0.137,0.145,-0.025,0.000,10,E,0,,,,10175,68.60,0
229,2069.549,"Mount",0.201,-0.007,0.036,0.201,-0.094,0.000,37,E,0,,,,9495,66.37,0
230,2078.533,"Mount",0.285,0.140,-0.097,0.284,-0.054,0.000,21,E,0,,,,9732,67.15,0
231,2087.667,"Mount",0.360,0.129,-0.075,0.359,0.030,0.251,12,W,36,S,,,10281,68.96,0
232,2096.663,"Mount",0.540,0.339,-0.257,0.538,-0.032,0.376,13,E,54,S,,,9668,67.37,0
233,2105.759,"Mount",0.545,0.183,-0.101,0.544,-0.104,0.381,41,E,55,S,,,9180,65.71,0
234,2115.062,"Mount",0.707,-1.134,1.225,0.713,0.855,0.499,337,W,72,S,,,9446,66.09,0
235,2123.791,"Mount",0.329,-0.809,0.849,0.334,0.436,0.234,172,W,34,S,,,9173,64.92,0
236,2132.599,"Mount",0.196,-0.453,0.477,0.198,0.282,0.000,111,W,0,,,,10194,68.54,0
237,2141.472,"Mount",0.142,0.250,-0.227,0.140,-0.005,0.000,2,E,0,,,,10215,69.28,0
238,2150.648,"Mount",-0.023,0.641,-0.637,-0.027,-0.408,0.000,161,E,0,,,,10078,68.31,0
239,2159.457,"Mount",0.240,0.249,-0.211,0.239,-0.009,0.000,3,E,0,,,,10002,68.35,0
240,2168.776,"Mount",0.492,0.215,-0.140,0.491,-0.107,0.344,42,E,50,S,,,10074,68.27,0
241,2177.568,"Mount",0.315,-0.101,0.146,0.316,0.009,0.221,4,W,32,S,,,9502,66.16,0
242,2186.487,"Mount",0.231,0.164,-0.128,0.230,-0.089,0.000,35,E,0,,,,9664,67.12,0
243,2195.585,"Mount",0.346,-0.058,0.108,0.346,-0.006,0.242,2,E,35,S,,,10104,69.02,0
244,2204.601,"Mount",0.516,0.283,-0.204,0.515,-0.019,0.360,7,E,52,S,,,9821,67.33,0
245,2213.634,"Mount",0.354,0.179,-0.126,0.353,-0.044,0.247,17,E,36,S,,,10052,68.60,0
246,2222.826,"Mount",0.646,-0.862,0.947,0.651,0.545,0.456,215,W,66,S,,,10544,70.57,0
247,2231.873,"Mount",0.616,-0.986,1.065,0.622,0.643,0.435,253,W,63,S,,,9476,66.66,0
248,2240.569,"Mount",-0.221,-0.660,0.621,-0.217,0.319,0.000,126,W,0,,,,10713,70.59,0
249,2249.522,"Mount",-0.004,-0.381,0.376,-0.002,0.197,0.000,78,W,0,,,,9857,67.41,0
250,2258.569,"Mount",-0.129,-0.459,0.435,-0.126,0.208,0.000,82,W,0,,,,10240,68.96,0
251,2267.746,"Mount",0.389,-0.509,0.560,0.392,0.407,0.275,161,W,40,S,,,9756,67.21,0
252,2276.698,"Mount",0.471,-0.351,0.416,0.473,0.214,0.331,84,W,48,S,,,9748,67.69,0
253,2285.490,"Mount",0.273,0.170,-0.128,0.272,-0.091,0.000,36,E,0,,,,9995,68.14,0
254,2294.714,"Mount",0.596,-0.302,0.386,0.597,0.204,0.418,80,W,60,S,,,9129,65.35,0
255,2303.458,"Mount",0.100,0.211,-0.194,0.099,-0.026,0.000,10,E,0,,,,9960,67.48,0
256,2312.650,"Mount",0.339,0.230,-0.178,0.338,0.078,0.237,31,W,34,S,,,9905,67.78,0
257,2321.667,"Mount",-0.079,0.633,-0.637,-0.083,-0.502,0.000,198,E,0,,,,9842,68.08,0
258,2330.682,"Mount",0.338,0.454,-0.400,0.335,-0.291,0.235,115,E,34,S,,,10047,68.41,0
259,2339.666,"Mount",0.577,-0.288,0.369,0.579,0.180,0.405,71,W,58,S,,,9047,64.88,0
260,2348.540,"Mount",0.051,0.531,-0.518,0.048,-0.293,0.000,115,E,0,,,,9912,67.77,0
261,2357.638,"Mount",0.463,0.327,-0.256,0.461,-0.037,0.323,15,E,47,S,,,10205,69.45,0
262,2366.524,"Mount",0.086,0.386,-0.369,0.084,-0.300,0.000,118,E,0,,,,9863,67.87,0
263,2375.509,"Mount",-0.027,0.538,-0.536,-0.030,-0.204,0.000,80,E,0,,,,10130,68.86,0
264,2384.493,"Mount",0.215,0.142,-0.109,0.214,-0.214,0.000,84,E,0,,,,10008,68.18,0
265,2393.429,"Mount",0.193,-0.000,0.028,0.193,-0.038,0.000,15,E,0,,,,10491,69.39,0
266,2402.638,"Mount",0.610,-0.206,0.292,0.611,-0.097,0.428,38,E,62,S,,,10261,69.49,0
267,2411.431,"Mount",0.295,-0.268,0.308,0.296,0.054,0.000,21,W,0,,,,10620,70.38,0
268,2420.606,"Mount",0.457,0.092,-0.025,0.457,-0.038,0.320,15,E,46,S,,,10258,69.71,0
269,2429.446,"Mount",0.254,-0.211,0.246,0.255,-0.046,0.000,18,E,0,,,,9741,67.68,0
270,2438.593,"Mount",0.589,-0.215,0.298,0.591,-0.061,0.413,24,E,60,S,,,9758,66.93,0
271,2447.518,"Mount",0.142,-0.508,0.523,0.145,0.269,0.000,106,W,0,,,,11270,72.40,0
272,2456.736,"Mount",0.372,-0.747,0.793,0.377,0.441,0.264,174,W,38,S,,,10127,68.40,0
273,2465.753,"Mount",0.852,0.257,-0.130,0.850,-0.058,0.595,23,E,86,S,,,11238,72.28,0
274,2474.672,"Mount",0.816,0.216,-0.095,0.815,0.047,0.571,18,W,82,S,,,8923,64.31,0
275,2483.592,"Mount",0.662,-0.051,0.147,0.663,-0.037,0.464,14,E,67,S,,,8378,62.48,0
276,2492.641,"Mount",0.341,0.499,-0.444,0.338,-0.344,0.237,136,E,34,S,,,8681,63.74,0
277,2501.610,"Mount",0.890,-0.010,0.140,0.890,0.055,0.623,22,W,90,S,,,8356,62.01,0
278,2510.577,"Mount",0.354,0.120,-0.067,0.353,-0.059,0.247,23,E,36,S,,,9171,65.32,0
279,2519.370,"Mount",0.184,0.176,-0.147,0.183,-0.007,0.000,3,E,0,,,,8712,63.36,0
280,2528.690,"Mount",0.805,0.346,-0.225,0.803,0.083,0.562,33,W,81,S,,,8775,64.04,0
281,2537.659,"Mount",0.353,0.391,-0.336,0.351,-0.233,0.246,92,E,35,S,,,8534,62.75,0
282,2546.504,"Mount",-0.081,0.403,-0.411,-0.084,-0.349,0.000,138,E,0,,,,8354,61.95,0
283,2555.614,"Mount",0.453,-0.092,0.157,0.454,-0.099,0.318,39,E,46,S,,,8499,62.75,0
284,2564.563,"Mount",0.540,0.051,0.028,0.539,-0.046,0.377,18,E,54,S,,,9014,65.22,0
285,2573.515,"Mount",0.603,-0.101,0.188,0.603,-0.006,0.422,2,E,61,S,,,8347,61.82,0
286,2582.595,"Mount",0.412,-0.261,0.318,0.413,-0.086,0.289,34,E,42,S,,,8458,63.17,0
287,2591.644,"Mount",0.124,-1.015,1.022,0.130,0.661,0.000,261,W,0,,,,8785,63.98,0
288,2600.340,"Mount",0.281,-0.279,0.317,0.283,0.003,0.000,1,W,0,,,,8890,64.73,0
289,2609.357,"Mount",0.156,-0.144,0.165,0.157,-0.007,0.000,3,E,0,,,,8554,63.39,0
290,2618.581,"Mount",0.576,-0.262,0.343,0.578,0.110,0.404,43,W,58,S,,,8509,63.13,0
291,2627.517,"Mount",0.258,-0.454,0.487,0.261,0.307,0.000,121,W,0,,,,8422,62.75,0
292,2636.677,"Mount",0.542,-0.263,0.339,0.544,0.290,0.381,114,W,55,S,,,9195,65.59,0
293,2645.405,"Mount",0.220,-0.087,0.118,0.221,0.029,0.000,11,W,0,,,,8606,62.92,0
294,2654.389,"Mount",0.042,0.246,-0.237,0.040,-0.038,0.000,15,E,0,,,,8157,61.34,0
295,2663.662,"Mount",0.349,0.833,-0.773,0.344,-0.440,0.241,173,E,35,S,,,8601,63.16,0
296,2672.742,"Mount",0.430,0.669,-0.600,0.427,-0.427,0.299,168,E,43,S,,,9360,66.35,0
297,2681.454,"Mount",0.217,-0.058,0.089,0.217,-0.090,0.000,36,E,0,,,,8373,62.30,0
298,2690.646,"Mount",0.393,0.542,-0.479,0.390,-0.326,0.273,129,E,39,S,,,9094,64.92,0
299,2699.505,"Mount",0.417,0.128,-0.066,0.416,-0.012,0.292,5,E,42,S,,,10133,68.98,0
300,2708.694,"Mount",0.625,-0.642,0.726,0.629,0.419,0.440,165,W,64,S,,,9751,67.61,0
301,2717.615,"Mount",0.660,-0.338,0.431,0.662,0.196,0.464,77,W,67,S,,,9189,65.25,0
302,2726.310,"Mount",0.009,0.025,-0.023,0.009,0.005,0.000,2,W,0,,,,8749,63.72,0
303,2735.374,"Mount",0.117,-0.140,0.155,0.118,-0.045,0.000,18,E,0,,,,8284,62.15,0
304,2744.474,"Mount",0.337,0.015,0.035,0.337,0.005,0.236,2,W,34,S,,,8725,64.00,0
305,2753.598,"Mount",0.334,-0.525,0.568,0.337,0.313,0.236,124,W,34,S,,,8831,63.84,0
306,2762.487,"Mount",0.190,-0.462,0.485,0.192,0.413,0.000,163,W,0,,,,9046,64.93,0
307,2771.583,"Mount",0.573,-0.399,0.478,0.575,0.157,0.403,62,W,58,S,,,10053,68.09,0
308,2780.344,"Mount",0.250,-0.334,0.367,0.252,0.091,0.000,36,W,0,,,,8535,62.75,0
309,2789.264,"Mount",0.245,-0.211,0.245,0.246,0.001,0.000,0,,0,,,,8964,64.90,0
310,2798.367,"Mount",0.096,-0.145,0.157,0.097,-0.042,0.000,16,E,0,,,,9079,65.32,0
311,2807.551,"Mount",0.358,-0.162,0.212,0.359,-0.129,0.251,51,E,36,S,,,8435,62.84,0
312,2816.396,"Mount",0.202,-0.208,0.235,0.204,0.057,0.000,23,W,0,,,,9091,65.19,0
313,2825.297,"Mount",0.179,0.081,-0.054,0.179,-0.105,0.000,41,E,0,,,,8375,62.05,0
314,2834.504,"Mount",0.431,0.016,0.047,0.431,-0.057,0.302,23,E,44,S,,,9017,64.82,0
315,2843.245,"Mount",-0.065,0.161,-0.168,-0.066,-0.001,0.000,0,,0,,,,8269,61.79,0
316,2852.361,"Mount",0.289,0.183,-0.139,0.288,-0.074,0.000,29,E,0,,,,8280,62.32,0
317,2861.409,"Mount",0.379,0.286,-0.227,0.378,-0.004,0.264,1,E,38,S,,,9008,64.63,0
318,2870.602,"Mount",0.396,0.457,-0.394,0.394,-0.276,0.275,109,E,40,S,,,9042,65.09,0
319,2879.714,"Mount",0.670,0.773,-0.667,0.665,-0.585,0.466,231,E,67,S,,,8471,62.69,0
320,2888.379,"Mount",0.046,0.256,-0.246,0.045,-0.045,0.000,18,E,0,,,,9714,67.52,0
321,2897.444,"Mount",0.227,0.522,-0.483,0.224,-0.369,0.000,145,E,0,,,,8329,62.00,0
322,2906.300,"Mount",0.133,0.246,-0.224,0.131,-0.025,0.000,10,E,0,,,,8371,62.67,0
323,2915.492,"Mount",0.424,0.329,-0.263,0.422,-0.041,0.295,16,E,43,S,,,8415,62.74,0
324,2924.508,"Mount",0.334,-0.099,0.147,0.335,-0.041,0.235,16,E,34,S,,,9087,65.14,0
325,2933.733,"Mount",0.797,-0.756,0.864,0.801,0.599,0.561,236,W,81,S,,,8032,61.15,0
326,2942.365,"Mount",-0.005,-0.442,0.437,-0.002,0.148,0.000,59,W,0,,,,8955,64.21,0
327,2951.348,"Mount",0.167,-0.344,0.365,0.169,0.203,0.000,80,W,0,,,,8368,62.43,0
328,2960.301,"Mount",0.197,-0.078,0.106,0.197,-0.052,0.000,20,E,0,,,,8280,61.92,0
329,2969.557,"Mount",0.453,-0.300,0.363,0.455,0.282,0.318,111,W,46,S,,,8395,62.01,0
330,2978.323,"Mount",-0.155,-0.245,0.219,-0.154,-0.059,0.000,23,E,0,,,,8797,64.19,0
331,2987.255,"Mount",0.112,-0.255,0.268,0.114,0.009,0.000,4,W,0,,,,8588,62.72,0
332,2996.590,"Mount",0.779,-0.284,0.395,0.780,0.182,0.546,72,W,79,S,,,8363,62.53,0
333,3005.479,"Mount",0.399,0.218,-0.157,0.398,-0.081,0.278,32,E,40,S,,,9335,65.99,0
334,3014.255,"Mount",0.237,0.357,-0.319,0.235,0.002,0.000,1,W,0,,,,8489,62.49,0
335,3023.463,"Mount",-0.154,0.708,-0.723,-0.158,-0.519,0.000,205,E,0,,,,8339,62.32,0
336,3032.254,"Mount",0.058,-0.101,0.109,0.058,-0.097,0.000,38,E,0,,,,8741,63.44,0
337,3041.271,"Mount",0.281,0.297,-0.253,0.280,-0.004,0.000,2,E,0,,,,8592,62.85,0
338,3050.390,"Mount",0.234,0.461,-0.422,0.231,-0.356,0.000,140,E,0,,,,8321,62.05,0
339,3059.354,"Mount",0.383,0.335,-0.276,0.381,0.021,0.266,8,W,38,S,,,8381,62.69,0
340,3068.287,"Mount",0.245,-0.241,0.275,0.246,-0.065,0.000,26,E,0,,,,8773,64.31,0
341,3078.686,"Mount",0.214,-2.032,2.041,0.226,1.378,0.000,543,W,0,,,,9817,68.01,0
342,3086.384,"Mount",-0.523,-0.637,0.554,-0.519,0.246,0.000,97,W,0,,,,10367,69.62,0
343,3095.276,"Mount",-0.088,0.019,-0.032,-0.088,-0.060,0.000,24,E,0,,,,10752,71.13,0
344,3104.288,"Mount",0.101,0.124,-0.108,0.100,-0.056,0.000,22,E,0,,,,9668,67.22,0
345,3113.273,"Mount",0.230,0.160,-0.124,0.229,-0.029,0.000,11,E,0,,,,10132,68.67,0
346,3122.417,"Mount",0.591,0.149,-0.062,0.590,-0.079,0.413,31,E,60,S,,,9552,66.15,0
347,3131.550,"Mount",0.582,-0.206,0.288,0.583,-0.067,0.408,27,E,59,S,,,9694,67.35,0
348,3140.305,"Mount",0.104,0.069,-0.053,0.103,0.058,0.000,23,W,0,,,,9545,66.45,0
349,3149.434,"Mount",0.326,0.156,-0.107,0.325,-0.126,0.228,50,E,33,S,,,9823,67.32,0
350,3158.274,"Mount",0.228,0.175,-0.139,0.227,-0.044,0.000,17,E,0,,,,10594,70.58,0
351,3167.204,"Mount",0.059,0.010,-0.001,0.059,-0.021,0.000,8,E,0,,,,9409,65.86,0
352,3176.579,"Mount",0.418,-0.354,0.411,0.420,0.226,0.294,89,W,42,S,,,10927,71.72,0
353,3186.059,"Mount",1.083,-2.220,2.354,1.096,1.477,0.767,582,W,111,S,,,9703,67.54,0
354,3194.247,"Mount",0.101,-0.219,0.232,0.102,-0.175,0.000,69,E,0,,,,10560,70.16,0
355,3203.404,"Mount",0.237,-0.677,0.705,0.240,0.448,0.000,177,W,0,,,,9675,66.68,0
356,3212.532,"Mount",0.766,0.040,0.072,0.765,-0.067,0.536,26,E,77,S,,,9642,66.51,0
357,3221.244,"Mount",0.297,-0.098,0.140,0.298,-0.046,0.000,18,E,0,,,,10233,69.28,0
358,3230.485,"Mount",0.414,-0.466,0.521,0.417,0.306,0.292,121,W,42,S,,,10073,68.53,0
359,3239.407,"Mount",0.148,-0.820,0.833,0.153,0.343,0.000,135,W,0,,,,10284,69.31,0
360,3248.533,"Mount",0.423,-0.481,0.538,0.426,0.378,0.298,149,W,43,S,,,10182,69.13,0
361,3257.262,"Mount",0.188,0.062,-0.034,0.188,-0.092,0.000,36,E,0,,,,10974,71.93,0
362,3266.189,"Mount",0.220,0.049,-0.017,0.219,0.012,0.000,5,W,0,,,,10111,69.16,0
363,3275.262,"Mount",0.190,-0.000,0.028,0.190,-0.069,0.000,27,E,0,,,,10692,70.53,0
364,3284.230,"Mount",0.232,0.127,-0.092,0.231,-0.061,0.000,24,E,0,,,,10085,68.67,0
365,3293.392,"Mount",0.668,0.115,-0.016,0.668,0.008,0.467,3,W,67,S,,,10592,70.26,0
366,3302.392,"Mount",0.514,-0.098,0.172,0.515,-0.082,0.361,32,E,52,S,,,10359,70.01,0
367,3311.201,"Mount",0.294,0.152,-0.108,0.293,-0.047,0.000,19,E,0,,,,9907,67.68,0
368,3320.450,"Mount",0.519,0.297,-0.218,0.517,-0.107,0.362,42,E,52,S,,,9485,65.90,0
369,3329.489,"Mount",0.406,0.685,-0.619,0.403,-0.370,0.282,146,E,41,S,,,10006,68.49,0
370,3338.281,"Mount",0.191,0.411,-0.379,0.188,-0.245,0.000,97,E,0,,,,9781,67.33,0
371,3347.424,"Mount",0.446,0.283,-0.215,0.444,-0.033,0.311,13,E,45,S,,,10888,71.11,0
372,3356.377,"Mount",0.310,0.151,-0.104,0.309,0.025,0.216,10,W,31,S,,,11107,72.17,0
373,3365.125,"Mount",0.195,0.001,0.028,0.195,-0.003,0.000,1,E,0,,,,10438,69.72,0
374,3374.474,"Mount",0.504,0.585,-0.505,0.501,-0.336,0.351,133,E,51,S,,,10170,68.67,0
375,3383.171,"Mount",0.166,0.214,-0.187,0.165,-0.018,0.000,7,E,0,,,,9985,67.88,0
376,3392.522,"Mount",0.620,0.685,-0.587,0.616,-0.381,0.431,150,E,62,S,,,10233,68.84,0
377,3401.411,"Mount",0.567,0.023,0.060,0.567,-0.044,0.397,17,E,57,S,,,9454,65.94,0
378,3410.283,"Mount",0.165,-0.290,0.311,0.167,-0.223,0.000,88,E,0,,,,10131,68.91,0
379,3419.315,"Mount",0.361,-0.096,0.148,0.362,0.023,0.253,9,W,37,S,,,10879,71.58,0
380,3428.490,"Mount",0.596,-0.492,0.573,0.599,0.374,0.419,147,W,60,S,,,9769,67.25,0
381,3437.219,"Mount",0.037,-0.277,0.279,0.038,0.105,0.000,41,W,0,,,,10586,70.20,0
382,3446.204,"Mount",-0.052,0.296,-0.300,-0.053,-0.123,0.000,49,E,0,,,,10577,70.19,0
383,3455.124,"Mount",0.263,-0.077,0.115,0.263,-0.016,0.000,6,E,0,,,,9001,64.44,0
384,3464.336,"Mount",0.656,-0.011,0.107,0.656,-0.010,0.460,4,E,66,S,,,10621,69.90,0
385,3473.445,"Mount",0.572,-0.431,0.510,0.574,0.240,0.402,95,W,58,S,,,9480,66.09,0
386,3482.174,"Mount",0.162,-0.243,0.264,0.163,0.007,0.000,3,W,0,,,,8979,64.44,0
387,3491.238,"Mount",0.250,-0.411,0.443,0.252,0.230,0.000,91,W,0,,,,8984,64.13,0
388,3503.275,"Mount",-0.065,-0.426,0.412,-0.062,0.290,0.000,114,W,0,,,,8791,63.57,0
389,3512.356,"Mount",0.356,0.077,-0.024,0.355,-0.131,0.249,52,E,36,S,,,9409,65.81,0
390,3521.164,"Mount",0.285,-0.192,0.232,0.286,0.093,0.000,37,W,0,,,,9486,66.67,0
391,3530.340,"Mount",0.366,-0.375,0.425,0.368,0.086,0.257,34,W,37,S,,,9299,65.21,0
392,3539.660,"Mount",0.871,-0.821,0.939,0.875,0.703,0.613,277,W,88,S,,,9820,67.63,0
393,3548.676,"Mount",0.541,-1.146,1.213,0.548,0.826,0.383,325,W,55,S,,,9668,67.11,0
394,3557.389,"Mount",0.170,-1.240,1.251,0.177,0.727,0.000,287,W,0,,,,9450,66.21,0
395,3566.245,"Mount",0.010,-0.407,0.404,0.013,0.289,0.000,114,W,0,,,,8902,64.31,0
396,3575.213,"Mount",0.076,0.153,-0.141,0.075,-0.150,0.000,59,E,0,,,,10586,69.63,0
397,3584.118,"Mount",0.004,0.125,-0.123,0.003,0.048,0.000,19,W,0,,,,9444,66.02,0
398,3593.502,"Mount",0.688,0.908,-0.798,0.683,-0.519,0.478,205,E,69,S,,,10412,68.74,0
399,3602.182,"Mount",0.182,0.181,-0.153,0.181,-0.071,0.000,28,E,0,,,,9824,67.03,0
400,3611.358,"Mount",0.580,0.068,0.017,0.580,-0.060,0.406,24,E,59,S,,,9918,67.43,0
401,3620.152,"Mount",0.040,0.219,-0.211,0.039,-0.046,0.000,18,E,0,,,,10138,68.51,0
402,3629.076,"Mount",0.273,0.110,-0.069,0.273,0.016,0.000,7,W,0,,,,9644,66.54,0
403,3638.167,"Mount",0.294,0.247,-0.202,0.292,-0.125,0.000,49,E,0,,,,10528,69.09,0
404,3647.279,"Mount",0.376,0.355,-0.296,0.374,0.020,0.262,8,W,38,S,,,9931,67.39,0
405,3656.392,"Mount",0.816,0.082,0.038,0.816,0.084,0.571,33,W,82,S,,,9828,67.32,0
406,3665.551,"Mount",0.894,-0.911,1.032,0.900,0.597,0.630,235,W,91,S,,,9954,67.83,0
407,3674.209,"Mount",0.283,-0.457,0.493,0.286,0.276,0.000,109,W,0,,,,9426,65.85,0
408,3683.964,"Mount",0.075,-0.004,0.015,0.075,-0.022,0.000,9,E,0,,,,9683,66.71,0
409,3695.365,"Mount",0.486,-0.510,0.576,0.489,0.282,0.342,111,W,49,S,,,9822,67.24,0
410,3704.125,"Mount",0.161,-0.287,0.307,0.163,-0.063,0.000,25,E,0,,,,9507,66.28,0
411,3713.590,"Mount",0.708,-0.900,0.993,0.713,0.691,0.499,272,W,72,S,,,9810,67.82,0
412,3722.388,"Mount",0.327,-0.677,0.718,0.331,0.457,0.232,180,W,33,S,,,9951,67.37,0
413,3731.063,"Mount",0.229,-0.213,0.244,0.230,-0.005,0.000,2,E,0,,,,10859,70.59,0
414,3740.239,"Mount",0.320,-0.129,0.174,0.320,-0.013,0.224,5,E,32,S,,,9691,66.69,0
415,3749.111,"Mount",0.267,-0.009,0.047,0.267,0.106,0.000,42,W,0,,,,10148,68.31,0
416,3758.081,"Mount",0.157,0.236,-0.211,0.156,-0.015,0.000,6,E,0,,,,10077,67.96,0
417,3767.368,"Mount",0.357,0.412,-0.356,0.355,-0.272,0.248,107,E,36,S,,,9936,67.35,0
418,3776.511,"Mount",0.747,0.674,-0.558,0.743,-0.467,0.520,184,E,75,S,,,10608,69.48,0
419,3785.144,"Mount",0.019,0.320,-0.313,0.017,0.135,0.000,53,W,0,,,,11310,72.29,0
420,3794.273,"Mount",-0.420,0.606,-0.661,-0.423,-0.463,0.000,182,E,0,,,,10082,68.06,0
421,3803.193,"Mount",0.228,0.441,-0.403,0.226,-0.280,0.000,110,E,0,,,,9840,66.99,0
422,3812.402,"Mount",0.477,0.626,-0.550,0.474,-0.392,0.332,154,E,48,S,,,9631,66.34,0
423,3821.210,"Mount",0.382,0.378,-0.318,0.380,0.002,0.266,1,W,38,S,,,10132,68.19,0
424,3830.498,"Mount",0.754,0.856,-0.737,0.749,-0.556,0.524,219,E,76,S,,,10864,70.69,0
425,3839.275,"Mount",0.499,0.223,-0.148,0.498,0.032,0.349,13,W,50,S,,,10355,68.84,0
426,3848.211,"Mount",0.074,0.498,-0.481,0.071,-0.400,0.000,158,E,0,,,,11056,71.82,0
427,3857.083,"Mount",-0.103,0.207,-0.220,-0.104,-0.095,0.000,38,E,0,,,,11165,71.75,0
428,3866.180,"Mount",0.344,0.272,-0.219,0.343,0.008,0.240,3,W,35,S,,,10393,69.11,0
429,3875.212,"Mount",0.486,0.134,-0.062,0.485,-0.007,0.340,3,E,49,S,,,10810,70.60,0
430,3884.340,"Mount",0.474,-0.465,0.529,0.477,0.250,0.334,98,W,48,S,,,10236,68.79,0
431,3893.228,"Mount",0.168,-0.526,0.545,0.171,0.330,0.000,130,W,0,,,,11197,72.08,0
432,3902.118,"Mount",0.255,-0.258,0.293,0.257,-0.196,0.000,77,E,0,,,,10944,71.50,0
433,3911.262,"Mount",0.562,-0.170,0.251,0.563,-0.034,0.394,13,E,57,S,,,10328,69.35,0
434,3920.405,"Mount",0.404,-0.476,0.530,0.407,0.283,0.285,112,W,41,S,,,10504,69.94,0
435,3929.149,"Mount",0.171,-0.233,0.255,0.172,0.101,0.000,40,W,0,,,,10943,71.62,0
436,3938.102,"Mount",0.203,0.021,0.009,0.203,-0.113,0.000,44,E,0,,,,10330,69.26,0
437,3947.099,"Mount",0.297,-0.134,0.176,0.298,0.046,0.000,18,W,0,,,,10436,69.82,0
438,3956.247,"Mount",0.435,-0.077,0.139,0.436,-0.038,0.305,15,E,44,S,,,9322,65.83,0
439,3965.230,"Mount",0.515,0.347,-0.268,0.513,-0.102,0.359,40,E,52,S,,,9408,66.30,0
440,3974.060,"Mount",0.050,0.456,-0.444,0.048,-0.171,0.000,67,E,0,,,,9733,66.91,0
441,3983.055,"Mount",0.115,0.298,-0.278,0.114,-0.029,0.000,11,E,0,,,,10624,69.78,0
442,3992.343,"Mount",0.334,0.653,-0.598,0.330,-0.354,0.231,139,E,33,S,,,10322,68.85,0
443,4004.349,"Mount",0.340,0.739,-0.682,0.335,-0.382,0.235,150,E,34,S,,,10148,68.17,0
444,4013.254,"Mount",0.326,0.293,-0.242,0.324,-0.047,0.227,19,E,33,S,,,9977,67.28,0
445,4022.061,"Mount",0.025,0.016,-0.012,0.025,-0.085,0.000,34,E,0,,,,9974,68.05,0
446,4031.478,"Mount",0.861,-0.688,0.806,0.865,0.573,0.606,226,W,87,S,,,9704,67.04,0
447,4040.270,"Mount",0.569,-0.455,0.533,0.571,0.270,0.400,106,W,58,S,,,11502,73.11,0
448,4049.015,"Mount",0.294,-0.156,0.197,0.295,-0.005,0.000,2,E,0,,,,10629,70.20,0
449,4058.074,"Mount",-0.119,-0.240,0.220,-0.118,0.029,0.000,11,W,0,,,,10504,69.79,0
450,4067.096,"Mount",-0.134,0.000,-0.020,-0.134,-0.150,0.000,59,E,0,,,,11176,72.18,0
451,4076.212,"Mount",0.468,-0.228,0.294,0.469,0.033,0.328,13,W,47,S,,,9592,66.30,0
452,4085.241,"Mount",0.400,-0.302,0.357,0.402,0.149,0.282,59,W,41,S,,,10526,70.43,0
453,4094.033,"Mount",0.206,0.081,-0.050,0.205,-0.015,0.000,6,E,0,,,,11348,72.91,0
454,4103.049,"Mount",0.136,0.333,-0.309,0.134,-0.091,0.000,36,E,0,,,,10680,70.63,0
455,4112.307,"Mount",0.314,0.478,-0.427,0.312,-0.412,0.218,162,E,31,S,,,9804,66.75,0
456,4121.179,"Mount",0.370,-0.044,0.098,0.371,-0.025,0.259,10,E,37,S,,,10264,69.11,0
457,4130.131,"Mount",0.266,-0.591,0.623,0.269,0.373,0.000,147,W,0,,,,10165,68.97,0
458,4139.387,"Mount",0.734,-0.555,0.656,0.737,0.387,0.516,153,W,74,S,,,9362,65.35,0
459,4148.244,"Mount",0.259,-1.127,1.152,0.266,0.723,0.000,285,W,0,,,,10231,68.47,0
460,4157.372,"Mount",0.601,-0.552,0.634,0.604,0.451,0.423,178,W,61,S,,,10078,67.88,0
461,4166.005,"Mount",0.065,-0.071,0.080,0.066,-0.079,0.000,31,E,0,,,,10093,67.89,0
462,4175.068,"Mount",0.049,-0.347,0.351,0.051,0.202,0.000,80,W,0,,,,10796,70.45,0
463,4183.960,"Mount",0.137,-0.303,0.319,0.138,0.014,0.000,5,W,0,,,,11167,71.55,0
464,4193.295,"Mount",0.599,-0.557,0.638,0.602,0.383,0.421,151,W,61,S,,,10405,68.82,0
465,4202.328,"Mount",0.710,-0.479,0.577,0.713,0.303,0.499,119,W,72,S,,,10381,68.63,0
466,4211.106,"Mount",0.202,-0.652,0.675,0.206,0.359,0.000,141,W,0,,,,9909,67.42,0
467,4220.073,"Mount",0.093,-0.354,0.364,0.095,0.244,0.000,96,W,0,,,,10271,68.74,0
468,4229.009,"Mount",0.155,-0.011,0.034,0.155,-0.039,0.000,15,E,0,,,,10478,69.78,0
469,4237.963,"Mount",0.096,-0.004,0.018,0.096,-0.011,0.000,4,E,0,,,,10088,68.18,0
470,4246.915,"Mount",0.168,-0.164,0.187,0.169,0.013,0.000,5,W,0,,,,10471,69.75,0
471,4256.267,"Mount",0.516,-0.361,0.432,0.518,0.214,0.363,84,W,52,S,,,10415,68.98,0
472,4264.901,"Mount",0.265,-0.027,0.065,0.265,0.012,0.000,5,W,0,,,,9917,67.81,0
473,4274.203,"Mount",0.315,0.074,-0.027,0.314,-0.104,0.220,41,E,32,S,,,10990,71.24,0
474,4283.076,"Mount",0.379,0.037,0.018,0.379,-0.003,0.265,1,E,38,S,,,9798,66.88,0
475,4293.406,"Mount",0.431,0.369,-0.302,0.429,-0.073,0.300,29,E,43,S,,,10916,70.34,0
INFO: SET LOCK POSITION, new lock pos = 1155.192, 980.879
INFO: DITHER by 1.291, 0.986, new lock pos = 1156.356, 979.746
INFO: SETTLING STATE CHANGE, Settling started
476,4301.748,"Mount",-1.164,1.134,-1.291,-0.986,-1.291,-0.986,509,E,142,N,,,8846,64.39,0
INFO: SETTLING STATE CHANGE, Settling complete
477,4310.093,"Mount",2.288,0.781,-0.440,2.283,-0.277,0.000,109,E,0,,,,8532,63.00,0
478,4319.156,"Mount",2.495,-0.269,0.630,2.497,0.397,0.000,156,W,0,,,,8560,62.66,0
479,4328.413,"Mount",2.831,0.685,-0.265,2.827,0.047,1.979,18,W,286,S,,,8088,61.36,0
480,4337.460,"Mount",1.344,1.032,-0.825,1.338,-0.619,0.937,244,E,135,S,,,8072,60.81,0
481,4346.236,"Mount",0.462,0.031,0.036,0.462,0.058,0.324,23,W,47,S,,,8224,61.48,0
482,4354.885,"Mount",-0.187,-0.167,0.138,-0.186,-0.012,0.000,5,E,0,,,,8552,62.54,0
483,4363.949,"Mount",-0.188,0.264,-0.288,-0.189,-0.025,0.000,10,E,0,,,,9003,64.65,0
484,4372.934,"Mount",-0.376,0.160,-0.213,-0.377,-0.024,0.000,9,E,0,,,,9420,65.99,0
485,4381.986,"Mount",-0.006,-0.281,0.277,-0.004,-0.080,0.000,32,E,0,,,,8142,61.40,0
486,4390.966,"Mount",0.200,-0.219,0.246,0.201,0.058,0.000,23,W,0,,,,8493,62.56,0
487,4400.223,"Mount",0.696,-0.297,0.395,0.697,0.284,0.488,112,W,70,S,,,9093,64.91,0
488,4408.906,"Mount",0.155,0.091,-0.068,0.154,0.020,0.000,8,W,0,,,,8093,61.02,0
489,4417.967,"Mount",0.248,0.158,-0.120,0.247,-0.149,0.000,59,E,0,,,,8303,61.68,0
490,4427.006,"Mount",0.192,-0.081,0.108,0.192,-0.030,0.000,12,E,0,,,,8571,62.82,0
491,4436.128,"Mount",0.790,0.082,0.034,0.789,-0.055,0.553,22,E,80,S,,,8981,64.24,0
492,4445.176,"Mount",0.757,0.255,-0.142,0.756,-0.018,0.529,7,E,76,S,,,8175,61.26,0
493,4454.129,"Mount",0.440,0.008,0.057,0.440,0.071,0.308,28,W,44,S,,,9033,64.54,0
494,4462.936,"Mount",-0.030,0.193,-0.196,-0.031,-0.068,0.000,27,E,0,,,,8356,61.94,0
495,4471.937,"Mount",0.071,0.258,-0.245,0.070,0.031,0.000,12,W,0,,,,8322,61.67,0
496,4481.065,"Mount",-0.036,0.374,-0.375,-0.038,-0.317,0.000,125,E,0,,,,8376,61.86,0
497,4489.947,"Mount",0.145,0.282,-0.258,0.143,-0.088,0.000,35,E,0,,,,8212,61.20,0
498,4499.066,"Mount",0.397,-0.275,0.329,0.399,-0.072,0.279,28,E,40,S,,,8695,63.57,0
499,4508.387,"Mount",0.749,-0.973,1.072,0.755,0.655,0.528,258,W,76,S,,,8163,61.72,0
500,4517.162,"Mount",0.066,-0.979,0.978,0.072,0.601,0.000,237,W,0,,,,8306,62.18,0
501,4525.987,"Mount",0.005,0.012,-0.011,0.004,-0.105,0.000,41,E,0,,,,8324,62.01,0
502,4534.951,"Mount",0.236,0.060,-0.025,0.235,0.070,0.000,27,W,0,,,,8007,60.32,0
503,4544.147,"Mount",0.318,0.268,-0.219,0.316,-0.198,0.221,78,E,32,S,,,8371,61.70,0
504,4553.100,"Mount",0.466,0.041,0.028,0.466,0.036,0.326,14,W,47,S,,,8209,61.32,0
505,4562.083,"Mount",0.654,0.069,0.027,0.654,0.038,0.458,15,W,66,S,,,8584,62.98,0
506,4570.924,"Mount",0.225,0.090,-0.056,0.225,-0.047,0.000,18,E,0,,,,8221,61.43,0
507,4580.020,"Mount",0.442,-0.148,0.211,0.443,-0.010,0.310,4,E,45,S,,,8507,62.19,0
508,4589.068,"Mount",0.323,0.095,-0.047,0.322,-0.159,0.225,63,E,33,S,,,8576,63.07,0
509,4598.101,"Mount",0.533,-0.199,0.275,0.534,-0.056,0.374,22,E,54,S,,,8780,63.71,0
510,4606.972,"Mount",0.219,-0.593,0.618,0.222,0.320,0.000,126,W,0,,,,8562,62.63,0
511,4616.260,"Mount",0.516,-0.849,0.915,0.520,0.540,0.364,213,W,53,S,,,8439,62.30,0
512,4625.788,"Mount",1.159,-2.444,2.586,1.173,1.551,0.821,611,W,118,S,,,9068,64.84,0
513,4633.972,"Mount",-0.160,-0.569,0.539,-0.157,0.323,0.000,127,W,0,,,,8567,63.08,0
514,4642.847,"Mount",-0.261,0.028,-0.066,-0.262,-0.010,0.000,4,E,0,,,,8633,63.00,0
515,4651.932,"Mount",-0.085,-0.428,0.411,-0.082,0.186,0.000,73,W,0,,,,9189,65.45,0
516,4661.053,"Mount",0.343,-0.300,0.347,0.345,0.123,0.241,48,W,35,S,,,8508,62.36,0
517,4670.082,"Mount",0.260,-0.726,0.756,0.264,0.564,0.000,222,W,0,,,,8453,61.88,0
518,4679.245,"Mount",0.807,-0.629,0.740,0.811,0.448,0.568,177,W,82,S,,,8729,63.77,0
519,4687.958,"Mount",0.278,-0.539,0.574,0.281,0.338,0.000,133,W,0,,,,8103,60.80,0
520,4697.119,"Mount",0.781,-0.057,0.170,0.782,-0.031,0.547,12,E,79,S,,,8608,62.91,0
521,4705.900,"Mount",0.114,-0.217,0.231,0.116,-0.058,0.000,23,E,0,,,,8823,64.00,0
522,4715.055,"Mount",0.350,-0.351,0.398,0.352,0.175,0.247,69,W,36,S,,,8914,64.41,0
523,4724.013,"Mount",0.552,0.334,-0.250,0.550,-0.040,0.385,16,E,56,S,,,8272,61.37,0
524,4732.945,"Mount",0.365,0.273,-0.217,0.364,0.020,0.255,8,W,37,S,,,8654,63.06,0
525,4741.913,"Mount",0.270,0.399,-0.355,0.268,-0.248,0.000,98,E,0,,,,8702,63.00,0
526,4751.041,"Mount",0.491,0.202,-0.128,0.490,0.093,0.343,36,W,49,S,,,8527,62.12,0
527,4759.929,"Mount",0.228,0.378,-0.341,0.226,-0.256,0.000,101,E,0,,,,8162,61.10,0
528,4768.929,"Mount",0.283,0.388,-0.342,0.280,-0.220,0.000,87,E,0,,,,7966,61.08,0
529,4777.803,"Mount",0.284,0.337,-0.292,0.282,-0.003,0.000,1,E,0,,,,8419,62.37,0
530,4787.043,"Mount",0.611,0.417,-0.324,0.609,-0.103,0.426,40,E,61,S,,,8379,62.36,0
531,4795.979,"Mount",0.546,0.270,-0.187,0.545,0.021,0.381,8,W,55,S,,,8377,62.52,0
532,4804.867,"Mount",0.209,0.003,0.027,0.209,-0.030,0.000,12,E,0,,,,8004,60.28,0
533,4814.043,"Mount",0.417,0.193,-0.130,0.416,-0.049,0.291,19,E,42,S,,,7659,59.11,0
534,4822.772,"Mount",0.239,-0.078,0.112,0.240,0.012,0.000,5,W,0,,,,7957,61.02,0
535,4831.980,"Mount",0.520,-0.254,0.327,0.521,-0.008,0.365,3,E,53,S,,,8296,62.48,0
536,4840.885,"Mount",0.206,-0.346,0.373,0.208,0.245,0.000,97,W,0,,,,8312,62.27,0
537,4850.173,"Mount",0.508,-0.674,0.741,0.512,0.492,0.359,194,W,52,S,,,8142,61.01,0
538,4858.917,"Mount",0.260,-0.482,0.515,0.263,0.266,0.000,105,W,0,,,,8234,61.26,0
539,4867.869,"Mount",0.077,-0.394,0.401,0.080,0.122,0.000,48,W,0,,,,8186,61.72,0
540,4876.736,"Mount",0.062,0.117,-0.106,0.061,-0.000,0.000,0,,0,,,,8216,61.37,0
541,4885.966,"Mount",0.611,0.274,-0.182,0.609,-0.010,0.426,4,E,62,S,,,8121,60.54,0
542,4894.937,"Mount",0.180,0.709,-0.675,0.176,-0.413,0.000,163,E,0,,,,8540,62.37,0
543,4904.099,"Mount",0.446,0.005,0.060,0.446,-0.046,0.312,18,E,45,S,,,7866,59.68,0
544,4912.886,"Mount",0.031,0.115,-0.109,0.031,-0.065,0.000,26,E,0,,,,8745,63.85,0
545,4921.854,"Mount",-1.266,-0.432,0.243,-1.263,-0.121,0.000,48,E,0,,,,10049,68.36,0
546,4930.855,"Mount",-0.985,-0.528,0.379,-0.982,0.211,0.000,83,W,0,,,,9616,66.56,0
547,4939.843,"Mount",-0.883,0.000,-0.129,-0.883,-0.059,0.000,23,E,0,,,,9766,67.44,0
548,4948.808,"Mount",-0.763,-0.062,-0.050,-0.763,-0.038,0.000,15,E,0,,,,9909,67.69,0
549,4957.968,"Mount",-0.535,-0.382,0.300,-0.533,-0.070,-0.373,28,E,54,N,,,9759,67.28,0
550,4966.872,"Mount",-0.264,-0.393,0.350,-0.261,0.275,0.000,108,W,0,,,,9016,64.39,0
551,4975.889,"Mount",0.229,-0.365,0.395,0.231,0.139,0.000,55,W,0,,,,9662,66.92,0
552,4985.017,"Mount",0.195,-0.926,0.945,0.201,0.584,0.000,230,W,0,,,,9402,66.36,0
553,4994.163,"Mount",0.274,-1.232,1.259,0.281,0.890,0.000,351,W,0,,,,9007,64.82,0
554,5002.781,"Mount",0.196,-0.285,0.311,0.198,-0.058,0.000,23,E,0,,,,10109,68.49,0
555,5011.858,"Mount",0.474,-0.346,0.411,0.476,0.299,0.000,118,W,0,,,,9087,64.97,0
556,5020.735,"Mount",0.335,-0.192,0.239,0.336,-0.009,0.000,3,E,0,,,,9346,65.18,0
557,5029.822,"Mount",0.309,0.024,0.021,0.308,-0.079,0.000,31,E,0,,,,9192,65.13,0
558,5039.084,"Mount",0.794,-0.395,0.507,0.797,0.284,0.558,112,W,80,S,,,8970,64.57,0
559,5048.084,"Mount",0.391,-0.511,0.562,0.394,0.367,0.276,145,W,40,S,,,9550,66.36,0
560,5056.908,"Mount",0.349,0.119,-0.067,0.348,-0.101,0.244,40,E,35,S,,,9573,66.55,0
561,5065.941,"Mount",0.391,0.052,0.006,0.391,-0.029,0.274,11,E,40,S,,,9838,67.01,0
562,5074.765,"Mount",0.300,0.239,-0.193,0.298,-0.062,0.000,24,E,0,,,,9870,68.00,0
563,5083.861,"Mount",0.200,0.368,-0.335,0.197,-0.309,0.000,122,E,0,,,,9653,66.19,0
564,5092.878,"Mount",0.706,-0.213,0.314,0.708,0.012,0.495,5,W,71,S,,,9644,66.93,0
565,5102.294,"Mount",0.667,-1.414,1.496,0.675,0.928,0.472,366,W,68,S,,,10217,68.95,0
566,5110.798,"Mount",0.168,-0.317,0.338,0.170,0.246,0.000,97,W,0,,,,9092,64.79,0
567,5119.831,"Mount",0.282,-0.080,0.120,0.282,-0.131,0.000,52,E,0,,,,9869,67.90,0
568,5128.799,"Mount",0.241,-0.406,0.436,0.243,0.246,0.000,97,W,0,,,,9580,66.76,0
569,5138.072,"Mount",0.643,-0.631,0.718,0.646,0.408,0.452,161,W,65,S,,,9425,66.15,0
570,5146.928,"Mount",0.211,-0.676,0.699,0.215,0.464,0.000,183,W,0,,,,9370,66.12,0
571,5155.928,"Mount",0.350,-0.265,0.313,0.351,-0.114,0.246,45,E,35,S,,,9385,66.01,0
572,5165.505,"Mount",1.034,-2.170,2.298,1.047,1.398,0.733,551,W,106,S,,,10187,68.88,0
573,5173.759,"Mount",-0.209,0.249,-0.277,-0.211,-0.030,0.000,12,E,0,,,,9802,67.21,0
574,5182.746,"Mount",-0.004,0.083,-0.083,-0.004,-0.093,0.000,37,E,0,,,,10143,69.09,0
575,5191.690,"Mount",-0.125,-0.096,0.077,-0.124,-0.003,0.000,1,E,0,,,,9738,67.48,0
576,5200.706,"Mount",0.025,0.156,-0.150,0.024,0.010,0.000,4,W,0,,,,9852,67.24,0
577,5209.743,"Mount",0.278,-0.196,0.234,0.279,-0.018,0.000,7,E,0,,,,9749,67.19,0
578,5218.737,"Mount",0.230,-0.073,0.106,0.231,-0.045,0.000,18,E,0,,,,9993,67.97,0
579,5227.899,"Mount",0.312,0.263,-0.214,0.310,-0.101,0.217,40,E,31,S,,,9597,66.80,0
580,5236.818,"Mount",0.349,0.246,-0.192,0.348,0.005,0.244,2,W,35,S,,,9301,65.77,0
581,5245.706,"Mount",0.180,0.218,-0.189,0.178,-0.087,0.000,34,E,0,,,,9539,66.36,0
582,5254.725,"Mount",0.131,0.297,-0.275,0.130,0.060,0.000,24,W,0,,,,10011,67.85,0
583,5264.043,"Mount",0.278,1.014,-0.963,0.273,-0.650,0.000,256,E,0,,,,9233,64.72,0
584,5272.854,"Mount",0.466,0.299,-0.227,0.464,-0.089,0.325,35,E,47,S,,,10259,68.52,0
585,5281.966,"Mount",0.530,0.429,-0.347,0.528,-0.244,0.369,96,E,53,S,,,9880,67.21,0
586,5290.707,"Mount",0.258,0.220,-0.180,0.257,-0.064,0.000,25,E,0,,,,9557,66.73,0
587,5299.725,"Mount",0.272,0.129,-0.088,0.272,0.018,0.000,7,W,0,,,,9094,64.64,0
588,5308.884,"Mount",0.475,0.081,-0.011,0.474,-0.054,0.332,21,E,48,S,,,9679,66.93,0
589,5317.884,"Mount",0.413,-0.118,0.177,0.414,0.024,0.290,9,W,42,S,,,9557,66.76,0
590,5326.751,"Mount",0.162,-0.226,0.247,0.163,-0.025,0.000,10,E,0,,,,8985,64.22,0
591,5336.032,"Mount",0.539,-0.509,0.582,0.542,0.295,0.379,116,W,55,S,,,9183,65.03,0
592,5344.757,"Mount",-0.033,-0.462,0.452,-0.030,0.202,0.000,80,W,0,,,,9699,67.23,0
593,5353.742,"Mount",-0.274,-0.309,0.266,-0.272,-0.101,0.000,40,E,0,,,,10194,68.41,0
594,5362.982,"Mount",0.709,-0.481,0.579,0.712,0.379,0.498,149,W,72,S,,,9660,67.23,0
595,5371.790,"Mount",0.222,-0.447,0.474,0.224,0.268,0.000,105,W,0,,,,9520,66.64,0
596,5380.687,"Mount",0.083,-0.281,0.290,0.084,-0.043,0.000,17,E,0,,,,10202,68.81,0
597,5389.648,"Mount",0.287,-0.101,0.142,0.288,0.007,0.000,3,W,0,,,,9441,66.11,0
598,5398.855,"Mount",0.369,-0.157,0.209,0.370,-0.088,0.259,35,E,37,S,,,9350,66.09,0
599,5407.655,"Mount",0.273,-0.035,0.074,0.274,-0.021,0.000,8,E,0,,,,10259,68.56,0
600,5416.823,"Mount",0.855,0.198,-0.071,0.854,-0.022,0.598,8,E,86,S,,,10236,68.45,0
601,5425.857,"Mount",0.294,0.681,-0.631,0.290,-0.444,0.000,175,E,0,,,,9899,68.22,0
602,5434.681,"Mount",0.283,0.167,-0.124,0.282,-0.103,0.000,41,E,0,,,,9784,67.14,0
603,5446.735,"Mount",0.236,0.461,-0.422,0.233,-0.275,0.000,109,E,0,,,,9670,66.86,0
604,5455.895,"Mount",0.957,-0.016,0.156,0.958,-0.009,0.670,4,E,97,S,,,9844,67.65,0
605,5465.168,"Mount",0.783,-0.781,0.887,0.787,0.595,0.551,234,W,80,S,,,9752,68.00,0
606,5473.880,"Mount",0.343,-0.342,0.388,0.345,0.207,0.242,82,W,35,S,,,9792,67.38,0
607,5482.672,"Mount",0.055,-0.144,0.150,0.056,-0.085,0.000,33,E,0,,,,9584,66.41,0
608,5491.675,"Mount",0.105,-0.265,0.277,0.106,-0.035,0.000,14,E,0,,,,9841,67.57,0
609,5503.710,"Mount",0.057,-0.334,0.338,0.059,0.112,0.000,44,W,0,,,,8951,64.28,0
610,5512.646,"Mount",0.276,0.057,-0.016,0.275,-0.090,0.000,35,E,0,,,,8618,62.94,0
611,5522.014,"Mount",0.478,-0.566,0.630,0.482,0.434,0.337,171,W,49,S,,,9777,67.20,0
Guiding Ends at 2026-07-31 03:23:11

Guiding Begins at 2026-07-31 03:26:50
Equipment Profile = QHY5 EQASCOM OAG
Dither = both axes, Dither scale = 1.000, Image noise reduction = 2x2 mean, Guide-frame time lapse = 0, Server enabled
Pixel scale = 1.05 arc-sec/px, Binning = 1, Focal length = 1018 mm
Search region = 24 px, Star mass tolerance = 90.0%, Multi-star mode, list size = 12
 Camera = QHY5II-M-10d7d910f33c7354, gain = 90, full size = 1280 x 1024, have dark, dark dur = 3000, no defect map, pixel size = 5.2 um
Exposure = 3000 ms
Mount = EQMOD HEQ5/6 (ASCOM), connected, guiding enabled, xAngle = -81.6, xRate = 2.532, yAngle = 17.1, yRate = 6.929, parity = +/-
Norm rates RA = 7.0"/s @ dec 0, Dec = 7.3"/s; ortho.err. = 8.7 deg
X guide algorithm = Predictive PEC, Control gain = 0.630
Prediction gain = 0.430
Minimum move = 0.330
Hyperparameters
	Length scale long range SE kernel = 700.000
	Signal variance long range SE kernel = 20.000
	Length scale periodic kernel = 10.000
	Signal variance periodic kernel = 20.000
	Length scale short range SE kernel = 25.000
	Signal variance short range SE kernel = 10.000
	Period length periodic kernel = 1012.542
	FFT called after = 2.000 worm cycles
	Auto-adjust period length = On
Y guide algorithm = Resist Switch, Minimum move = 0.300 Aggression = 70% FastSwitch = disabled
Backlash comp = disabled, pulse = 495 ms
Max RA duration = 2500, Max DEC duration = 2500, DEC guide mode = Auto
RA Guide Speed = 7.5 a-s/s, Dec Guide Speed = 7.5 a-s/s, Cal Dec = 0.0, Last Cal Issue = None, Timestamp = 7/7/2026 10:36:27 PM
RA = 0.07 hr, Dec = 67.5 deg, Hour angle = -1.19 hr, Pier side = West, Rotator pos = N/A, Alt = 73.1 deg, Az = 23.8 deg
Lock position = 1165.132, 978.380, Star position = 1165.132, 978.380, HFD = 5.08 px
Frame,Time,mount,dx,dy,RARawDistance,DECRawDistance,RAGuideDistance,DECGuideDistance,RADuration,RADirection,DECDuration,DECDirection,XStep,YStep,StarMass,SNR,ErrorCode
INFO: SETTLING STATE CHANGE, Settling started
1,9.060,"Mount",0.267,-0.366,0.401,0.269,0.252,0.000,100,W,0,,,,9536,65.97,0
INFO: SETTLING STATE CHANGE, Settling complete
2,17.996,"Mount",0.399,-0.169,0.225,0.400,0.142,0.000,56,W,0,,,,9249,65.29,0
3,27.028,"Mount",1.019,0.018,0.130,1.019,0.082,0.000,32,W,0,,,,9868,67.22,0
4,36.317,"Mount",1.025,0.491,-0.336,1.022,-0.194,0.715,76,E,103,S,,,9256,65.28,0
5,45.173,"Mount",0.549,0.206,-0.124,0.548,-0.042,0.383,17,E,55,S,,,8621,62.56,0
6,53.964,"Mount",0.246,-0.114,0.148,0.247,-0.062,0.000,25,E,0,,,,8829,63.14,0
7,63.317,"Mount",0.823,-0.399,0.514,0.825,0.365,0.578,144,W,83,S,,,8634,62.75,0
8,72.029,"Mount",-0.091,0.135,-0.147,-0.091,-0.076,0.000,30,E,0,,,,9507,66.38,0
9,81.013,"Mount",0.262,-0.007,0.045,0.262,-0.027,0.000,11,E,0,,,,9631,66.22,0
10,90.174,"Mount",0.482,-0.075,0.145,0.483,-0.057,0.338,23,E,49,S,,,9152,64.60,0
11,99.014,"Mount",0.141,-0.107,0.126,0.142,0.034,0.000,13,W,0,,,,9699,66.96,0
12,107.999,"Mount",0.111,-0.008,0.024,0.111,-0.043,0.000,17,E,0,,,,10062,68.02,0
13,117.239,"Mount",0.524,-0.263,0.337,0.525,0.184,0.368,73,W,53,S,,,10731,70.04,0
14,125.952,"Mount",-0.009,0.118,-0.118,-0.010,-0.028,0.000,11,E,0,,,,9600,66.58,0
15,135.144,"Mount",0.312,0.108,-0.062,0.312,-0.057,0.218,23,E,31,S,,,9609,66.73,0
16,143.993,"Mount",0.300,0.291,-0.244,0.298,0.037,0.000,14,W,0,,,,9850,67.18,0
17,153.178,"Mount",0.341,0.448,-0.394,0.338,-0.237,0.237,94,E,34,S,,,9599,66.29,0
18,161.938,"Mount",-0.228,0.006,-0.039,-0.228,-0.025,0.000,10,E,0,,,,9146,64.67,0
19,170.940,"Mount",0.133,-0.282,0.299,0.135,-0.008,0.000,3,E,0,,,,8890,63.58,0
20,180.290,"Mount",0.640,-0.748,0.834,0.645,0.448,0.451,177,W,65,S,,,9595,66.24,0
21,189.355,"Mount",0.572,-0.906,0.980,0.577,0.582,0.404,230,W,58,S,,,9468,65.72,0
22,198.370,"Mount",0.338,-1.286,1.322,0.345,0.789,0.242,312,W,35,S,,,10392,69.13,0
23,206.950,"Mount",0.079,-0.031,0.042,0.079,0.035,0.000,14,W,0,,,,10336,69.01,0
24,216.004,"Mount",0.051,0.125,-0.117,0.050,-0.129,0.000,51,E,0,,,,9422,65.48,0
25,225.133,"Mount",0.385,0.021,0.036,0.385,0.024,0.270,10,W,39,S,,,9247,65.08,0
26,234.085,"Mount",0.370,0.350,-0.293,0.368,-0.080,0.258,32,E,37,S,,,10700,70.17,0
27,243.133,"Mount",0.470,0.342,-0.269,0.468,-0.084,0.328,33,E,47,S,,,10573,69.41,0
28,252.102,"Mount",0.525,-0.104,0.180,0.525,0.088,0.368,35,W,53,S,,,9714,66.67,0
29,261.134,"Mount",0.400,0.205,-0.145,0.399,-0.065,0.279,26,E,40,S,,,10186,68.59,0
30,269.879,"Mount",-0.043,-0.162,0.154,-0.043,0.005,0.000,2,W,0,,,,9960,67.59,0
31,278.960,"Mount",0.223,0.011,0.021,0.222,-0.034,0.000,14,E,0,,,,9679,66.35,0
32,287.888,"Mount",0.284,0.217,-0.173,0.283,-0.022,0.000,9,E,0,,,,9499,66.20,0
33,297.072,"Mount",0.449,-0.189,0.253,0.451,-0.066,0.315,26,E,46,S,,,9914,67.35,0
34,306.347,"Mount",0.336,-1.163,1.199,0.343,0.798,0.240,315,W,35,S,,,9905,67.24,0
35,315.283,"Mount",0.318,-0.932,0.968,0.323,0.548,0.226,216,W,33,S,,,10045,67.70,0
36,324.058,"Mount",0.201,-0.688,0.710,0.205,0.382,0.000,151,W,0,,,,10314,68.85,0
37,333.298,"Mount",0.422,-0.570,0.626,0.426,0.353,0.298,139,W,43,S,,,9774,67.19,0
38,341.868,"Mount",0.003,-0.209,0.208,0.004,-0.021,0.000,8,E,0,,,,9780,66.79,0
39,350.947,"Mount",0.204,-0.243,0.270,0.205,-0.065,0.000,26,E,0,,,,10407,69.01,0
40,360.363,"Mount",0.511,-1.077,1.140,0.517,0.706,0.362,279,W,52,S,,,9489,65.75,0
41,369.141,"Mount",-0.073,-1.010,0.989,-0.068,0.596,0.000,235,W,0,,,,10204,68.05,0
42,378.156,"Mount",0.326,-0.537,0.578,0.329,0.340,0.230,134,W,33,S,,,10002,67.34,0
43,386.981,"Mount",0.200,-0.157,0.184,0.201,-0.105,0.000,41,E,0,,,,9605,66.38,0
44,396.077,"Mount",0.649,-0.046,0.140,0.649,-0.011,0.454,4,E,66,S,,,9535,66.25,0
45,405.221,"Mount",0.412,-0.607,0.660,0.416,0.382,0.291,151,W,42,S,,,10234,68.62,0
46,413.931,"Mount",0.020,0.025,-0.022,0.020,-0.034,0.000,13,E,0,,,,9631,66.38,0
47,422.966,"Mount",0.196,-0.311,0.336,0.197,0.072,0.000,28,W,0,,,,8841,63.61,0
48,432.110,"Mount",0.561,-0.137,0.217,0.562,0.033,0.394,13,W,57,S,,,9947,67.51,0
49,440.934,"Mount",0.143,0.062,-0.041,0.143,-0.141,0.000,56,E,0,,,,10193,68.89,0
50,449.858,"Mount",0.207,0.013,0.017,0.207,0.003,0.000,1,W,0,,,,9707,66.83,0
51,459.223,"Mount",0.304,0.631,-0.580,0.300,-0.380,0.210,150,E,30,S,,,9530,66.14,0
52,467.823,"Mount",0.210,0.340,-0.306,0.208,0.001,0.000,0,,0,,,,10178,68.29,0
53,476.872,"Mount",0.255,0.361,-0.320,0.253,-0.035,0.000,14,E,0,,,,9780,67.17,0
54,486.064,"Mount",0.439,0.369,-0.301,0.437,-0.087,0.306,34,E,44,S,,,9633,66.56,0
55,495.113,"Mount",0.633,0.273,-0.178,0.632,-0.054,0.442,21,E,64,S,,,9987,67.80,0
56,504.017,"Mount",0.189,0.384,-0.352,0.187,-0.272,0.000,108,E,0,,,,9042,64.60,0
57,512.858,"Mount",0.218,-0.103,0.134,0.219,-0.007,0.000,3,E,0,,,,9419,65.87,0
58,522.034,"Mount",0.415,-0.170,0.229,0.416,-0.020,0.291,8,E,42,S,,,9617,66.21,0
59,530.938,"Mount",0.257,-0.187,0.223,0.258,-0.104,0.000,41,E,0,,,,8939,63.95,0
60,540.275,"Mount",0.543,-0.958,1.027,0.548,0.617,0.384,243,W,55,S,,,9277,65.01,0
61,548.979,"Mount",0.132,-0.542,0.556,0.135,0.268,0.000,106,W,0,,,,9815,67.13,0
62,558.046,"Mount",0.114,-0.403,0.415,0.116,0.299,0.000,118,W,0,,,,9271,65.33,0
63,567.051,"Mount",0.308,-0.201,0.244,0.309,-0.085,0.217,34,E,31,S,,,8918,64.12,0
64,576.180,"Mount",0.468,-0.486,0.549,0.471,0.378,0.330,149,W,48,S,,,9535,66.07,0
65,584.892,"Mount",0.291,0.228,-0.183,0.290,0.031,0.000,12,W,0,,,,9454,65.93,0
66,593.844,"Mount",0.109,0.149,-0.132,0.108,-0.041,0.000,16,E,0,,,,9761,66.99,0
67,603.052,"Mount",0.410,0.261,-0.198,0.408,-0.029,0.286,11,E,41,S,,,8920,64.10,0
68,612.006,"Mount",0.162,0.407,-0.379,0.159,-0.276,0.000,109,E,0,,,,9060,64.74,0
69,620.852,"Mount",0.218,-0.113,0.144,0.219,-0.025,0.000,10,E,0,,,,9653,66.50,0
70,630.149,"Mount",2.679,0.402,-0.007,2.677,-0.000,1.874,0,,270,S,,,7961,60.22,0
71,639.134,"Mount",0.878,0.672,-0.536,0.874,-0.348,0.612,138,E,88,S,,,7912,59.98,0
72,647.846,"Mount",-0.229,-0.141,0.106,-0.228,-0.026,0.000,10,E,0,,,,7982,60.53,0
73,656.785,"Mount",-0.111,-0.043,0.027,-0.110,-0.018,0.000,7,E,0,,,,7530,58.50,0
74,666.200,"Mount",0.853,-0.707,0.824,0.857,0.414,0.600,163,W,87,S,,,7893,59.77,0
75,675.343,"Mount",0.493,-1.119,1.179,0.500,0.767,0.350,303,W,50,S,,,8553,62.55,0
76,683.912,"Mount",-0.263,-0.422,0.379,-0.261,0.244,0.000,96,W,0,,,,8324,61.71,0
77,692.876,"Mount",-0.060,-0.205,0.194,-0.058,-0.122,0.000,48,E,0,,,,7977,60.15,0
78,701.920,"Mount",0.104,-0.586,0.594,0.108,0.254,0.000,100,W,0,,,,8584,62.29,0
79,710.960,"Mount",0.288,-0.572,0.608,0.291,0.376,0.000,149,W,0,,,,8164,61.00,0
80,720.105,"Mount",0.668,-0.435,0.528,0.671,0.347,0.469,137,W,68,S,,,7963,60.19,0
81,729.136,"Mount",0.430,-0.522,0.579,0.433,0.384,0.303,151,W,44,S,,,8047,60.39,0
82,737.817,"Mount",-0.573,-0.237,0.151,-0.571,-0.035,0.000,14,E,0,,,,8206,61.34,0
83,746.866,"Mount",-0.013,-0.258,0.254,-0.011,-0.048,0.000,19,E,0,,,,8467,62.26,0
84,755.773,"Mount",-0.076,0.119,-0.129,-0.076,0.017,0.000,7,W,0,,,,8508,62.39,0
85,764.851,"Mount",0.052,-0.277,0.281,0.053,-0.066,0.000,26,E,0,,,,8213,61.04,0
86,774.107,"Mount",0.679,-0.468,0.562,0.681,0.324,0.477,128,W,69,S,,,7980,60.23,0
87,782.933,"Mount",0.267,-0.487,0.521,0.270,0.291,0.000,115,W,0,,,,8001,60.40,0
88,792.236,"Mount",0.598,-0.970,1.047,0.604,0.673,0.423,266,W,61,S,,,8288,61.53,0
89,800.885,"Mount",0.125,-0.568,0.581,0.128,0.241,0.000,95,W,0,,,,8440,61.98,0
90,810.109,"Mount",0.552,-0.530,0.605,0.555,0.380,0.389,150,W,56,S,,,8031,59.96,0
91,818.821,"Mount",-0.009,0.014,-0.015,-0.009,-0.136,0.000,54,E,0,,,,7835,59.59,0
92,828.094,"Mount",0.344,-0.541,0.585,0.347,0.429,0.243,169,W,35,S,,,7953,60.36,0
93,836.901,"Mount",0.088,-0.406,0.414,0.090,0.326,0.000,129,W,0,,,,7674,58.94,0
94,846.077,"Mount",0.447,-0.357,0.419,0.449,0.272,0.314,107,W,45,S,,,7946,60.11,0
95,854.933,"Mount",-0.078,-0.624,0.606,-0.075,0.346,0.000,137,W,0,,,,7975,60.26,0
96,863.823,"Mount",0.092,-0.354,0.364,0.094,0.158,0.000,62,W,0,,,,7842,59.63,0
97,872.806,"Mount",0.105,-0.316,0.328,0.107,-0.103,0.000,41,E,0,,,,8173,60.91,0
98,881.870,"Mount",0.121,-0.415,0.428,0.124,0.283,0.000,112,W,0,,,,8479,62.01,0
99,890.809,"Mount",0.234,0.103,-0.068,0.233,-0.031,0.000,12,E,0,,,,8437,61.99,0
100,899.968,"Mount",0.297,-0.523,0.561,0.300,0.342,0.000,135,W,0,,,,8184,61.15,0
101,908.919,"Mount",0.837,-0.009,0.131,0.837,-0.027,0.586,11,E,85,S,,,8040,60.47,0
102,918.047,"Mount",0.786,0.056,0.059,0.786,-0.047,0.550,19,E,79,S,,,8301,61.22,0
103,926.823,"Mount",0.279,-0.005,0.046,0.279,-0.104,0.000,41,E,0,,,,8726,62.79,0
104,935.967,"Mount",0.548,-0.185,0.262,0.549,-0.025,0.384,10,E,55,S,,,7934,60.08,0
105,944.703,"Mount",-0.072,-0.230,0.217,-0.071,0.021,0.000,8,W,0,,,,8437,62.14,0
106,953.718,"Mount",-0.057,-0.304,0.292,-0.056,0.008,0.000,3,W,0,,,,8724,62.83,0
107,962.808,"Mount",0.100,-0.394,0.405,0.102,0.246,0.000,97,W,0,,,,8488,62.10,0
108,971.760,"Mount",0.238,0.001,0.034,0.238,-0.096,0.000,38,E,0,,,,7956,60.08,0
109,980.777,"Mount",0.173,-0.072,0.096,0.173,-0.026,0.000,10,E,0,,,,8723,63.11,0
110,990.033,"Mount",0.603,-0.367,0.451,0.605,0.291,0.424,115,W,61,S,,,7794,59.18,0
111,998.761,"Mount",-0.068,0.035,-0.045,-0.068,-0.092,0.000,36,E,0,,,,7666,58.92,0
112,1007.793,"Mount",0.056,0.077,-0.068,0.056,0.056,0.000,22,W,0,,,,8071,60.66,0
113,1016.793,"Mount",-0.024,-0.222,0.216,-0.022,-0.074,0.000,29,E,0,,,,8563,62.49,0
114,1025.745,"Mount",0.222,-0.022,0.054,0.222,0.047,0.000,19,W,0,,,,8066,60.54,0
115,1034.778,"Mount",0.293,0.248,-0.203,0.292,-0.124,0.000,49,E,0,,,,7866,59.63,0
116,1043.890,"Mount",0.365,-0.125,0.177,0.366,0.091,0.256,36,W,37,S,,,8484,62.02,0
117,1052.954,"Mount",0.516,0.082,-0.006,0.515,-0.015,0.361,6,E,52,S,,,8027,60.28,0
118,1061.970,"Mount",0.454,-0.292,0.355,0.456,0.158,0.319,62,W,46,S,,,7790,59.22,0
119,1070.689,"Mount",-0.223,-0.250,0.215,-0.222,-0.013,0.000,5,E,0,,,,8003,60.45,0
120,1079.701,"Mount",0.131,0.243,-0.221,0.129,-0.016,0.000,6,E,0,,,,7906,59.94,0
121,1088.909,"Mount",0.086,0.628,-0.609,0.082,-0.448,0.000,177,E,0,,,,8161,61.23,0
122,1097.893,"Mount",0.341,0.077,-0.026,0.341,-0.069,0.239,27,E,34,S,,,7843,59.39,0
123,1106.989,"Mount",0.827,0.172,-0.050,0.826,0.042,0.578,17,W,83,S,,,8316,61.56,0
124,1115.670,"Mount",0.087,0.328,-0.311,0.085,-0.016,0.000,6,E,0,,,,8560,62.39,0
125,1124.898,"Mount",0.069,0.497,-0.482,0.066,-0.401,0.000,158,E,0,,,,8566,62.49,0
126,1133.960,"Mount",0.490,0.276,-0.201,0.488,0.034,0.342,13,W,49,S,,,8585,62.41,0
127,1142.751,"Mount",0.067,-0.392,0.398,0.070,0.158,0.000,62,W,0,,,,8786,63.47,0
128,1152.135,"Mount",0.500,-0.883,0.947,0.505,0.626,0.354,247,W,51,S,,,8306,61.04,0
129,1160.688,"Mount",0.180,-0.173,0.198,0.181,-0.003,0.000,1,E,0,,,,9024,63.98,0
130,1169.659,"Mount",0.116,-0.085,0.101,0.117,-0.007,0.000,3,E,0,,,,8372,61.49,0
131,1178.818,"Mount",0.455,0.246,-0.177,0.454,0.012,0.317,5,W,46,S,,,8344,61.65,0
132,1187.721,"Mount",0.117,0.298,-0.277,0.116,-0.038,0.000,15,E,0,,,,8464,62.25,0
133,1196.849,"Mount",0.082,0.493,-0.476,0.079,-0.366,0.000,144,E,0,,,,8374,61.83,0
134,1205.850,"Mount",0.665,-0.071,0.167,0.666,0.004,0.466,1,W,67,S,,,8066,60.23,0
135,1214.834,"Mount",0.365,-0.268,0.319,0.367,0.018,0.257,7,W,37,S,,,8137,60.80,0
136,1223.707,"Mount",0.290,0.039,0.004,0.290,-0.049,0.000,19,E,0,,,,8084,60.72,0
137,1232.804,"Mount",0.429,0.019,0.044,0.429,-0.000,0.300,0,,43,S,,,8525,62.08,0
138,1241.676,"Mount",-0.819,-0.010,-0.109,-0.819,-0.028,0.000,11,E,0,,,,9455,65.43,0
139,1250.692,"Mount",-0.322,-0.036,-0.011,-0.321,-0.063,0.000,25,E,0,,,,9587,66.04,0
140,1259.917,"Mount",-0.177,-0.870,0.835,-0.172,0.535,0.000,211,W,0,,,,9345,65.37,0
141,1269.280,"Mount",-0.286,-2.419,2.351,-0.272,1.535,0.000,606,W,0,,,,10083,68.12,0
142,1277.743,"Mount",-0.111,0.064,-0.079,-0.112,-0.079,0.000,31,E,0,,,,9752,66.56,0
143,1286.630,"Mount",-0.314,-0.286,0.237,-0.313,-0.022,0.000,9,E,0,,,,9698,66.60,0
144,1295.662,"Mount",-0.007,-0.077,0.075,-0.006,-0.068,0.000,27,E,0,,,,9498,65.52,0
145,1304.759,"Mount",0.039,-0.441,0.442,0.041,0.221,0.000,87,W,0,,,,9280,65.30,0
146,1313.743,"Mount",0.111,-0.410,0.422,0.113,0.238,0.000,94,W,0,,,,9534,66.08,0
147,1322.808,"Mount",0.359,-0.596,0.642,0.363,0.415,0.000,164,W,0,,,,10041,67.58,0
148,1332.063,"Mount",0.490,-1.028,1.088,0.496,0.618,0.347,244,W,50,S,,,9765,65.94,0
149,1340.808,"Mount",0.404,-0.268,0.324,0.406,-0.073,0.284,29,E,41,S,,,10033,67.87,0
150,1349.969,"Mount",0.536,-0.315,0.389,0.538,0.230,0.376,91,W,54,S,,,8903,62.98,0
151,1358.792,"Mount",0.321,-0.113,0.158,0.322,-0.082,0.225,32,E,33,S,,,9549,66.15,0
152,1367.857,"Mount",0.450,-0.066,0.131,0.450,0.041,0.315,16,W,45,S,,,10129,67.87,0
153,1376.857,"Mount",0.411,-0.205,0.263,0.412,-0.049,0.289,19,E,42,S,,,9387,64.78,0
154,1385.747,"Mount",0.426,-0.090,0.151,0.426,-0.011,0.298,4,E,43,S,,,9149,64.38,0
155,1394.634,"Mount",-0.138,-0.078,0.057,-0.137,-0.095,0.000,38,E,0,,,,10370,69.18,0
156,1403.682,"Mount",0.153,0.022,0.001,0.152,-0.034,0.000,13,E,0,,,,9057,63.79,0
157,1412.667,"Mount",-0.138,0.073,-0.092,-0.138,-0.026,0.000,10,E,0,,,,10555,69.53,0
158,1421.780,"Mount",0.399,0.005,0.053,0.399,-0.008,0.279,3,E,40,S,,,9744,66.69,0
159,1430.716,"Mount",0.222,-0.433,0.461,0.225,0.198,0.000,78,W,0,,,,10432,69.05,0
160,1439.749,"Mount",0.309,-0.167,0.210,0.310,0.012,0.217,5,W,31,S,,,10521,69.29,0
161,1448.664,"Mount",0.254,-0.028,0.065,0.254,-0.043,0.000,17,E,0,,,,9460,65.29,0
162,1457.909,"Mount",0.454,-0.331,0.394,0.456,0.164,0.319,65,W,46,S,,,10255,68.31,0
163,1466.605,"Mount",0.216,-0.127,0.158,0.216,-0.030,0.000,12,E,0,,,,9431,65.10,0
164,1475.862,"Mount",0.513,-0.208,0.281,0.515,-0.048,0.360,19,E,52,S,,,9031,63.64,0
165,1484.766,"Mount",0.295,-0.446,0.484,0.297,0.279,0.000,110,W,0,,,,9168,64.47,0
166,1493.878,"Mount",0.515,-0.351,0.423,0.517,0.212,0.362,84,W,52,S,,,8981,63.82,0
167,1502.670,"Mount",0.281,-0.076,0.116,0.281,-0.066,0.000,26,E,0,,,,10114,67.80,0
168,1511.976,"Mount",0.442,-0.586,0.644,0.445,0.391,0.312,155,W,45,S,,,10633,69.73,0
169,1520.576,"Mount",0.061,-0.156,0.163,0.062,-0.019,0.000,8,E,0,,,,9606,66.05,0
170,1529.598,"Mount",-0.044,-0.120,0.112,-0.043,-0.002,0.000,1,E,0,,,,10643,69.74,0
171,1538.784,"Mount",0.349,-0.023,0.073,0.349,-0.055,0.244,22,E,35,S,,,10371,68.77,0
172,1547.640,"Mount",0.161,-0.121,0.143,0.162,-0.048,0.000,19,E,0,,,,9649,65.94,0
173,1556.609,"Mount",0.219,0.102,-0.069,0.218,-0.066,0.000,26,E,0,,,,10142,68.02,0
174,1565.657,"Mount",-0.212,-0.017,-0.014,-0.212,-0.063,0.000,25,E,0,,,,11495,72.63,0
175,1574.625,"Mount",0.021,0.021,-0.017,0.021,-0.034,0.000,13,E,0,,,,10408,68.69,0
176,1583.643,"Mount",0.259,0.188,-0.148,0.258,-0.044,0.000,17,E,0,,,,10161,67.43,0
177,1592.930,"Mount",0.989,-0.316,0.457,0.991,0.274,0.694,108,W,100,S,,,10238,68.05,0
178,1601.787,"Mount",0.783,0.357,-0.239,0.781,0.006,0.547,2,W,79,S,,,10599,69.55,0
179,1610.610,"Mount",0.264,-0.045,0.083,0.264,-0.078,0.000,31,E,0,,,,10640,69.31,0
180,1620.058,"Mount",0.644,-1.123,1.205,0.651,0.753,0.456,297,W,66,S,,,10293,68.58,0
181,1629.220,"Mount",0.323,-2.197,2.220,0.335,1.319,0.235,521,W,34,S,,,10262,67.94,0
182,1638.012,"Mount",0.372,-1.017,1.060,0.378,0.705,0.265,278,W,38,S,,,10129,67.53,0
183,1646.745,"Mount",-1.104,0.379,-0.536,-1.106,-0.361,0.000,142,E,0,,,,9623,66.12,0
184,1655.533,"Mount",-0.255,0.072,-0.108,-0.255,0.002,0.000,1,W,0,,,,10275,68.50,0
185,1664.549,"Mount",-0.120,0.202,-0.217,-0.121,-0.008,0.000,3,E,0,,,,9903,66.66,0
186,1673.789,"Mount",0.448,0.130,-0.064,0.447,-0.078,0.313,31,E,45,S,,,9979,67.16,0
187,1682.569,"Mount",-0.013,-0.218,0.214,-0.012,0.020,0.000,8,W,0,,,,10111,67.22,0
188,1691.535,"Mount",-0.011,0.019,-0.020,-0.011,-0.014,0.000,6,E,0,,,,9588,65.34,0
189,1700.639,"Mount",-0.091,0.122,-0.134,-0.092,-0.150,0.000,59,E,0,,,,9454,65.77,0
190,1709.613,"Mount",0.113,0.048,-0.031,0.113,-0.151,0.000,60,E,0,,,,9756,65.82,0
191,1718.817,"Mount",0.306,-0.085,0.129,0.306,-0.125,0.214,49,E,31,S,,,9652,65.90,0
192,1727.565,"Mount",0.289,0.091,-0.048,0.289,-0.028,0.000,11,E,0,,,,9831,66.35,0
193,1736.983,"Mount",0.574,-0.907,0.981,0.579,0.690,0.406,273,W,59,S,,,9730,66.40,0
194,1745.917,"Mount",0.257,-1.509,1.531,0.266,0.994,0.000,393,W,0,,,,9204,63.99,0
195,1754.598,"Mount",0.129,-0.408,0.422,0.131,0.172,0.000,68,W,0,,,,9445,65.20,0
196,1763.872,"Mount",0.568,-0.459,0.537,0.571,0.347,0.400,137,W,58,S,,,9532,65.26,0
197,1772.630,"Mount",0.228,0.187,-0.152,0.227,-0.041,0.000,16,E,0,,,,9525,65.44,0
198,1781.573,"Mount",0.276,-0.052,0.091,0.277,-0.065,0.000,26,E,0,,,,10127,67.59,0
199,1790.886,"Mount",0.600,-0.566,0.648,0.603,0.442,0.422,175,W,61,S,,,9657,66.15,0
200,1799.871,"Mount",0.588,-0.450,0.531,0.591,0.391,0.414,154,W,60,S,,,9515,65.42,0
201,1808.631,"Mount",-0.209,-0.429,0.394,-0.207,0.198,0.000,78,W,0,,,,9981,66.77,0
202,1817.551,"Mount",0.139,-0.086,0.105,0.140,-0.072,0.000,28,E,0,,,,10016,67.42,0
203,1826.584,"Mount",0.218,0.006,0.026,0.218,-0.047,0.000,19,E,0,,,,9461,65.00,0
204,1835.547,"Mount",0.251,-0.212,0.246,0.253,-0.045,0.000,18,E,0,,,,9512,65.33,0
205,1846.323,"Mount",0.588,-0.419,0.500,0.591,0.396,0.413,156,W,60,S,,,9774,66.06,0
INFO: SET LOCK POSITION, new lock pos = 1165.132, 978.380
INFO: DITHER by -1.304, 1.436, new lock pos = 1166.362, 979.879
INFO: SETTLING STATE CHANGE, Settling started
206,1854.401,"Mount",-1.230,-1.499,1.304,-1.436,1.304,-1.436,515,W,207,N,,,9676,66.42,0
INFO: SETTLING STATE CHANGE, Settling complete
207,1862.910,"Mount",-1.796,1.407,-1.653,-1.804,-1.042,0.000,411,E,0,,,,10042,67.63,0
208,1871.762,"Mount",-1.489,0.940,-1.147,-1.494,-0.723,0.000,285,E,0,,,,9402,65.44,0
209,1880.986,"Mount",-1.012,0.672,-0.812,-1.015,-0.642,-0.711,254,E,103,N,,,9239,64.46,0
210,1892.823,"Mount",-0.395,0.276,-0.330,-0.396,-0.166,-0.278,66,E,40,N,,,10265,68.45,0
211,1901.545,"Mount",0.256,0.122,-0.084,0.255,-0.070,0.000,28,E,0,,,,9494,65.38,0
212,1910.577,"Mount",0.427,0.135,-0.071,0.426,-0.039,0.000,15,E,0,,,,8848,63.01,0
213,1919.482,"Mount",0.496,0.208,-0.133,0.495,-0.024,0.000,9,E,0,,,,9596,65.81,0
214,1928.673,"Mount",0.360,0.604,-0.546,0.356,-0.334,0.000,132,E,0,,,,9820,66.60,0
215,1937.522,"Mount",0.785,0.340,-0.222,0.783,-0.044,0.000,17,E,0,,,,9633,65.50,0
216,1946.593,"Mount",0.553,0.432,-0.347,0.551,-0.244,0.000,96,E,0,,,,9526,65.37,0
217,1955.529,"Mount",0.871,0.191,-0.061,0.870,0.035,0.000,14,W,0,,,,9449,65.41,0
218,1964.835,"Mount",0.956,-0.310,0.446,0.958,0.321,0.671,127,W,97,S,,,9828,66.63,0
219,1973.708,"Mount",0.644,-0.203,0.295,0.645,-0.065,0.452,26,E,65,S,,,9095,63.89,0
220,1982.884,"Mount",1.208,-0.470,0.641,1.211,0.401,0.848,158,W,122,S,,,10118,67.78,0
221,1991.740,"Mount",0.601,-0.285,0.370,0.603,0.221,0.422,87,W,61,S,,,10162,68.03,0
222,2000.740,"Mount",0.742,0.075,0.034,0.742,-0.073,0.519,29,E,75,S,,,9854,66.74,0
223,2009.527,"Mount",0.044,-0.265,0.269,0.046,-0.071,0.000,28,E,0,,,,10908,70.05,0
224,2018.678,"Mount",0.053,-0.633,0.634,0.057,0.435,0.000,172,W,0,,,,9898,66.40,0
225,2027.485,"Mount",0.168,0.065,-0.040,0.168,-0.052,0.000,20,E,0,,,,9826,66.24,0
226,2036.549,"Mount",0.193,-0.216,0.242,0.194,0.153,0.000,61,W,0,,,,9324,64.99,0
227,2045.712,"Mount",0.463,0.219,-0.149,0.462,-0.101,0.324,40,E,47,S,,,10903,70.11,0
228,2054.498,"Mount",-0.026,-0.317,0.309,-0.024,0.024,0.000,10,W,0,,,,11602,72.22,0
229,2063.486,"Mount",0.230,-0.086,0.118,0.230,-0.009,0.000,4,E,0,,,,9287,64.56,0
230,2072.646,"Mount",0.338,0.069,-0.019,0.338,-0.060,0.237,24,E,34,S,,,9203,64.12,0
231,2081.470,"Mount",0.235,0.307,-0.270,0.233,-0.009,0.000,3,E,0,,,,9714,65.96,0
232,2090.647,"Mount",0.582,0.359,-0.270,0.580,-0.014,0.406,5,E,59,S,,,9700,65.99,0
233,2099.486,"Mount",0.133,-0.222,0.239,0.134,-0.051,0.000,20,E,0,,,,9396,65.15,0
234,2108.727,"Mount",0.125,-1.011,1.019,0.131,0.598,0.000,236,W,0,,,,10236,67.59,0
235,2117.432,"Mount",0.285,-0.241,0.280,0.287,-0.003,0.000,1,E,0,,,,10266,67.81,0
236,2126.790,"Mount",0.586,-0.362,0.444,0.588,0.327,0.412,129,W,59,S,,,11648,72.27,0
237,2135.564,"Mount",0.235,-0.424,0.454,0.238,0.230,0.000,91,W,0,,,,10205,67.63,0
238,2144.582,"Mount",0.372,0.033,0.022,0.372,0.002,0.260,1,W,38,S,,,10077,67.44,0
239,2153.742,"Mount",0.312,0.481,-0.431,0.309,-0.275,0.216,109,E,31,S,,,9793,66.22,0
240,2162.503,"Mount",0.195,-0.227,0.253,0.196,-0.044,0.000,17,E,0,,,,10216,67.54,0
241,2171.887,"Mount",0.748,-0.796,0.896,0.752,0.545,0.527,215,W,76,S,,,9757,65.70,0
242,2180.647,"Mount",0.487,-0.225,0.293,0.488,-0.010,0.342,4,E,49,S,,,10823,69.82,0
243,2189.532,"Mount",0.178,-0.179,0.203,0.179,-0.042,0.000,17,E,0,,,,9649,65.46,0
244,2198.552,"Mount",0.010,-0.453,0.450,0.013,0.272,0.000,107,W,0,,,,10183,67.63,0
245,2207.697,"Mount",0.445,-0.107,0.171,0.446,-0.126,0.312,50,E,45,S,,,9806,65.92,0
246,2216.569,"Mount",0.101,-0.575,0.583,0.104,0.337,0.000,133,W,0,,,,10036,66.75,0
247,2226.017,"Mount",0.747,-1.295,1.390,0.754,0.850,0.528,336,W,76,S,,,9129,63.68,0
248,2234.586,"Mount",-0.146,-0.715,0.686,-0.142,0.393,0.000,155,W,0,,,,9929,66.13,0
249,2243.548,"Mount",0.067,-0.496,0.501,0.070,0.238,0.000,94,W,0,,,,10064,66.65,0
250,2255.463,"Mount",-0.070,-0.320,0.306,-0.068,-0.095,0.000,38,E,0,,,,9501,65.05,0
251,2264.469,"Mount",0.219,-0.376,0.404,0.221,0.152,0.000,60,W,0,,,,9300,63.83,0
252,2273.548,"Mount",0.315,-0.267,0.310,0.316,0.005,0.221,2,W,32,S,,,10025,66.75,0
253,2282.768,"Mount",0.436,-0.648,0.705,0.440,0.491,0.308,194,W,44,S,,,10950,69.97,0
254,2291.690,"Mount",0.385,-0.499,0.549,0.388,0.296,0.271,117,W,39,S,,,9639,65.42,0
255,2300.737,"Mount",0.428,-0.437,0.495,0.430,0.319,0.301,126,W,43,S,,,9540,64.95,0
256,2309.577,"Mount",0.407,0.277,-0.215,0.405,-0.018,0.284,7,E,41,S,,,9963,66.81,0
257,2318.497,"Mount",0.117,0.209,-0.190,0.116,-0.079,0.000,31,E,0,,,,9173,63.74,0
258,2327.372,"Mount",-0.114,0.110,-0.125,-0.115,-0.022,0.000,9,E,0,,,,10682,68.76,0
259,2336.531,"Mount",0.302,0.116,-0.071,0.301,-0.000,0.211,0,,30,S,,,9926,66.36,0
260,2345.418,"Mount",0.013,0.069,-0.067,0.012,-0.065,0.000,26,E,0,,,,10218,67.53,0
261,2354.403,"Mount",0.074,-0.128,0.138,0.075,-0.028,0.000,11,E,0,,,,9365,63.97,0
262,2363.437,"Mount",0.288,0.242,-0.197,0.286,-0.041,0.000,16,E,0,,,,9822,65.70,0
263,2372.611,"Mount",0.486,0.394,-0.318,0.483,-0.075,0.338,30,E,49,S,,,10803,69.25,0
264,2381.611,"Mount",0.607,0.137,-0.047,0.606,0.017,0.424,7,W,61,S,,,9922,66.14,0
265,2390.581,"Mount",0.675,0.079,0.020,0.675,-0.045,0.472,18,E,68,S,,,10212,67.13,0
266,2399.374,"Mount",-0.214,-0.195,0.161,-0.213,0.011,0.000,4,W,0,,,,10172,66.78,0
267,2408.455,"Mount",0.141,0.148,-0.125,0.140,-0.182,0.000,72,E,0,,,,9238,63.89,0
268,2417.693,"Mount",0.422,-0.424,0.480,0.424,0.270,0.297,106,W,43,S,,,9758,65.62,0
269,2426.454,"Mount",0.071,-0.015,0.026,0.071,-0.031,0.000,12,E,0,,,,9585,65.86,0
270,2435.663,"Mount",0.556,-0.221,0.300,0.557,-0.044,0.390,17,E,56,S,,,10014,66.18,0
271,2444.503,"Mount",0.145,-0.486,0.502,0.148,0.210,0.000,83,W,0,,,,9884,65.42,0
272,2453.662,"Mount",0.299,-0.578,0.615,0.302,0.346,0.211,137,W,30,S,,,10504,68.67,0
273,2462.423,"Mount",0.058,0.131,-0.121,0.057,-0.049,0.000,19,E,0,,,,9549,65.05,0
274,2471.951,"Mount",2.122,0.734,-0.417,2.117,-0.340,1.482,134,E,214,S,,,8495,60.95,0
275,2480.600,"Mount",1.068,-0.035,0.191,1.068,-0.010,0.748,4,E,108,S,,,7795,58.23,0
276,2489.361,"Mount",-0.090,-0.153,0.138,-0.089,0.008,0.000,3,W,0,,,,8479,61.05,0
277,2498.473,"Mount",-0.085,-0.404,0.387,-0.083,0.245,0.000,97,W,0,,,,8285,59.82,0
278,2507.419,"Mount",-0.243,-0.026,-0.009,-0.243,-0.057,0.000,22,E,0,,,,7846,58.09,0
279,2516.407,"Mount",0.029,0.269,-0.262,0.028,-0.077,0.000,30,E,0,,,,8468,60.72,0
280,2525.488,"Mount",-0.362,0.321,-0.370,-0.363,-0.285,0.000,112,E,0,,,,8774,61.80,0
281,2534.423,"Mount",-0.251,-0.080,0.042,-0.251,-0.070,0.000,28,E,0,,,,8464,60.68,0
282,2543.328,"Mount",-0.079,0.216,-0.225,-0.080,0.003,0.000,1,W,0,,,,8673,61.68,0
283,2552.376,"Mount",0.100,-0.046,0.060,0.100,-0.059,0.000,23,E,0,,,,8595,61.26,0
284,2561.360,"Mount",0.001,-0.138,0.136,0.002,-0.074,0.000,29,E,0,,,,9050,62.54,0
285,2570.552,"Mount",0.316,-0.076,0.121,0.317,-0.042,0.222,17,E,32,S,,,9122,63.20,0
286,2579.872,"Mount",1.357,-0.968,1.155,1.363,0.675,0.954,266,W,138,S,,,8857,62.31,0
287,2589.048,"Mount",0.977,-1.646,1.771,0.986,1.095,0.690,433,W,100,S,,,8080,59.35,0
288,2597.357,"Mount",0.207,-0.012,0.042,0.207,-0.040,0.000,16,E,0,,,,8658,61.43,0
289,2606.316,"Mount",0.072,-0.087,0.096,0.072,0.018,0.000,7,W,0,,,,8227,59.92,0
290,2615.331,"Mount",0.043,-0.169,0.174,0.044,0.017,0.000,7,W,0,,,,8281,60.20,0
291,2624.369,"Mount",-0.203,0.080,-0.108,-0.204,-0.066,0.000,26,E,0,,,,9871,65.40,0
292,2633.314,"Mount",0.134,-0.247,0.263,0.136,-0.004,0.000,1,E,0,,,,8496,61.02,0
293,2642.377,"Mount",0.213,0.042,-0.010,0.212,-0.072,0.000,28,E,0,,,,9023,62.98,0
294,2651.330,"Mount",0.043,0.022,-0.016,0.043,0.012,0.000,5,W,0,,,,9516,64.55,0
295,2660.361,"Mount",-0.083,-0.129,0.115,-0.083,-0.038,0.000,15,E,0,,,,8727,61.69,0
296,2669.346,"Mount",0.073,0.140,-0.128,0.072,-0.039,0.000,15,E,0,,,,8228,60.14,0
297,2678.570,"Mount",0.838,0.212,-0.087,0.837,-0.064,0.586,25,E,85,S,,,8542,61.12,0
298,2687.366,"Mount",-0.076,0.135,-0.145,-0.077,-0.075,0.000,29,E,0,,,,8523,61.20,0
299,2696.954,"Mount",1.308,-1.293,1.470,1.315,0.906,0.921,358,W,133,S,,,8451,60.26,0
300,2705.780,"Mount",0.096,-1.675,1.671,0.106,1.027,0.000,406,W,0,,,,8023,58.81,0
301,2714.331,"Mount",-0.177,-0.293,0.264,-0.175,-0.079,0.000,31,E,0,,,,8565,60.39,0
302,2723.556,"Mount",-0.322,-0.995,0.938,-0.316,0.562,0.000,222,W,0,,,,9147,62.40,0
303,2732.395,"Mount",-0.136,-0.382,0.358,-0.134,0.113,0.000,45,W,0,,,,8543,60.49,0
304,2741.556,"Mount",-0.183,-0.587,0.554,-0.180,0.375,0.000,148,W,0,,,,8180,59.29,0
305,2750.621,"Mount",0.279,-0.877,0.908,0.284,0.655,0.000,259,W,0,,,,9242,63.03,0
306,2759.285,"Mount",0.122,-0.282,0.297,0.124,-0.023,0.000,9,E,0,,,,9383,63.36,0
307,2768.605,"Mount",0.356,-0.647,0.692,0.359,0.348,0.252,138,W,36,S,,,8246,59.85,0
308,2777.317,"Mount",0.011,-0.091,0.092,0.012,0.004,0.000,2,W,0,,,,8509,60.65,0
309,2786.301,"Mount",0.078,-0.003,0.014,0.078,-0.028,0.000,11,E,0,,,,8564,60.72,0
310,2795.381,"Mount",0.266,-0.035,0.073,0.266,-0.070,0.000,28,E,0,,,,8589,61.39,0
311,2804.493,"Mount",0.473,-0.234,0.301,0.474,-0.007,0.332,3,E,48,S,,,7999,58.23,0
312,2813.525,"Mount",0.359,-0.300,0.349,0.361,0.172,0.253,68,W,36,S,,,9318,62.77,0
313,2822.333,"Mount",-0.007,-0.079,0.078,-0.007,-0.055,0.000,22,E,0,,,,8185,59.27,0
314,2831.349,"Mount",0.156,-0.406,0.424,0.159,0.225,0.000,89,W,0,,,,8629,60.49,0
315,2840.317,"Mount",0.167,0.073,-0.047,0.167,-0.037,0.000,14,E,0,,,,8903,61.85,0
316,2849.462,"Mount",0.341,-0.209,0.257,0.342,-0.046,0.239,18,E,35,S,,,9110,61.70,0
317,2858.301,"Mount",0.297,-0.088,0.131,0.297,0.053,0.000,21,W,0,,,,9152,62.62,0
318,2867.622,"Mount",0.595,-0.329,0.412,0.597,0.325,0.418,128,W,60,S,,,8534,60.43,0
319,2876.558,"Mount",0.450,-0.002,0.068,0.450,-0.037,0.315,15,E,45,S,,,8229,59.47,0
320,2885.317,"Mount",0.102,-0.303,0.315,0.104,-0.032,0.000,13,E,0,,,,8688,61.16,0
321,2894.350,"Mount",-0.011,-0.485,0.478,-0.008,0.180,0.000,71,W,0,,,,8617,60.26,0
322,2903.302,"Mount",-0.030,-0.296,0.288,-0.028,-0.056,0.000,22,E,0,,,,8184,58.46,0
323,2912.702,"Mount",0.650,-0.967,1.051,0.655,0.641,0.459,253,W,66,S,,,8742,60.22,0
324,2921.366,"Mount",0.093,-0.460,0.469,0.095,0.242,0.000,96,W,0,,,,9092,61.84,0
325,2930.608,"Mount",0.395,-0.645,0.696,0.399,0.433,0.279,171,W,40,S,,,7812,57.66,0
326,2939.256,"Mount",-0.109,-0.065,0.048,-0.109,-0.035,0.000,14,E,0,,,,8755,60.57,0
327,2948.316,"Mount",0.236,-0.131,0.164,0.237,-0.038,0.000,15,E,0,,,,9175,62.25,0
328,2957.576,"Mount",0.478,-0.420,0.485,0.480,0.210,0.336,83,W,49,S,,,8340,59.26,0
329,2966.560,"Mount",0.413,-0.311,0.368,0.414,0.266,0.290,105,W,42,S,,,8794,60.92,0
330,2975.262,"Mount",0.145,0.196,-0.173,0.144,0.034,0.000,14,W,0,,,,8070,58.33,0
331,2984.352,"Mount",0.128,0.334,-0.312,0.126,-0.028,0.000,11,E,0,,,,8711,60.44,0
332,2993.225,"Mount",-0.124,0.209,-0.225,-0.126,-0.022,0.000,9,E,0,,,,8145,58.81,0
333,3002.282,"Mount",0.243,0.165,-0.128,0.242,-0.060,0.000,24,E,0,,,,7906,57.70,0
334,3011.449,"Mount",0.474,0.440,-0.366,0.471,-0.228,0.330,90,E,48,S,,,8776,60.77,0
335,3020.337,"Mount",0.235,0.389,-0.350,0.233,-0.340,0.000,134,E,0,,,,8049,58.20,0
336,3029.257,"Mount",0.113,0.160,-0.142,0.112,0.054,0.000,21,W,0,,,,8031,58.00,0
337,3038.368,"Mount",0.160,0.568,-0.539,0.157,-0.418,0.000,165,E,0,,,,8377,59.28,0
338,3047.481,"Mount",0.715,0.181,-0.075,0.714,0.038,0.500,15,W,72,S,,,8225,58.29,0
339,3056.577,"Mount",0.676,-0.554,0.646,0.679,0.313,0.475,124,W,69,S,,,7683,56.34,0
340,3065.689,"Mount",0.529,-1.154,1.219,0.535,0.723,0.375,285,W,54,S,,,8158,57.17,0
341,3074.369,"Mount",-0.128,-0.546,0.521,-0.124,0.349,0.000,138,W,0,,,,8252,57.84,0
342,3083.417,"Mount",-0.899,-0.992,0.851,-0.893,0.519,0.000,205,W,0,,,,10718,66.26,0
Guiding Ends at 2026-07-31 04:18:22
