PHD2 version 2.6.14 [Windows], Log version 2.5. Log enabled at 2026-07-20 22:18:38
INFO: Guiding parameter change, MultiStar = true

Guiding Begins at 2026-07-20 23:02:45
Equipment Profile = QHY5 EQASCOM OAG
Dither = both axes, Dither scale = 1.000, Image noise reduction = 2x2 mean, Guide-frame time lapse = 0, Server enabled
Pixel scale = 1.05 arc-sec/px, Binning = 1, Focal length = 1018 mm
Search region = 24 px, Star mass tolerance = 90.0%, Multi-star mode, list size = 12
 Camera = QHY5II-M-10d7d910f33c7354, gain = 90, full size = 1280 x 1024, have dark, dark dur = 3000, no defect map, pixel size = 5.2 um
Exposure = 3000 ms
Mount = EQMOD HEQ5/6 (ASCOM), connected, guiding enabled, xAngle = -81.6, xRate = 5.646, yAngle = 17.1, yRate = 6.929, parity = +/-
Norm rates RA = 7.0"/s @ dec 0, Dec = 7.3"/s; ortho.err. = 8.7 deg
X guide algorithm = Predictive PEC, Control gain = 0.630
Prediction gain = 0.430
Minimum move = 0.330
Hyperparameters
	Length scale long range SE kernel = 700.000
	Signal variance long range SE kernel = 20.000
	Length scale periodic kernel = 10.000
	Signal variance periodic kernel = 20.000
	Length scale short range SE kernel = 25.000
	Signal variance short range SE kernel = 10.000
	Period length periodic kernel = 1097.840
	FFT called after = 2.000 worm cycles
	Auto-adjust period length = On
Y guide algorithm = Resist Switch, Minimum move = 0.300 Aggression = 70% FastSwitch = disabled
Backlash comp = disabled, pulse = 495 ms
Max RA duration = 2500, Max DEC duration = 2500, DEC guide mode = Auto
RA Guide Speed = 7.5 a-s/s, Dec Guide Speed = 7.5 a-s/s, Cal Dec = 0.0, Last Cal Issue = None, Timestamp = 7/7/2026 10:36:27 PM
RA = 20.94 hr, Dec = 31.4 deg, Hour angle = -3.12 hr, Pier side = West, Rotator pos = N/A, Alt = 50.2 deg, Az = 103.7 deg
Lock position = 87.145, 106.824, Star position = 87.145, 106.824, HFD = 4.23 px
Frame,Time,mount,dx,dy,RARawDistance,DECRawDistance,RAGuideDistance,DECGuideDistance,RADuration,RADirection,DECDuration,DECDirection,XStep,YStep,StarMass,SNR,ErrorCode
INFO: SETTLING STATE CHANGE, Settling started
1,8.986,"Mount",1.212,-0.189,0.364,1.213,0.229,0.000,41,W,0,,,,5185,46.86,0
INFO: SETTLING STATE CHANGE, Settling complete
2,17.847,"Mount",2.155,0.429,-0.111,2.152,0.000,0.000,0,,0,,,,5327,47.55,0
3,27.151,"Mount",1.654,0.471,-0.225,1.652,0.000,1.156,0,,167,S,,,5003,45.69,0
4,36.219,"Mount",1.141,-0.223,0.387,1.142,0.244,0.799,43,W,115,S,,,5404,47.83,0
5,45.238,"Mount",0.757,-0.908,1.008,0.762,0.635,0.533,112,W,77,S,,,5508,48.24,0
6,54.371,"Mount",1.446,-1.846,2.037,1.456,1.283,1.019,227,W,147,S,,,5185,46.87,0
7,63.483,"Mount",1.198,-2.717,2.862,1.214,1.803,0.850,319,W,123,S,,,5382,47.74,0
8,72.663,"Mount",1.426,-3.800,3.967,1.448,2.499,1.013,443,W,146,S,,,5461,47.77,0
9,81.315,"Mount",0.210,-3.655,3.646,0.231,2.297,0.000,407,W,0,,,,5404,47.93,0
10,90.446,"Mount",1.149,-2.205,2.348,1.161,1.480,0.813,262,W,117,S,,,5445,48.40,0
11,99.162,"Mount",0.235,-1.346,1.366,0.243,0.926,0.000,164,W,0,,,,5067,46.35,0
12,108.166,"Mount",0.717,-0.268,0.370,0.719,0.313,0.503,56,W,73,S,,,5213,47.14,0
13,117.090,"Mount",0.823,0.389,-0.265,0.821,0.013,0.574,2,W,83,S,,,5480,48.25,0
14,126.145,"Mount",0.325,-0.433,0.476,0.328,0.303,0.229,54,W,33,S,,,5123,46.70,0
15,134.937,"Mount",-0.056,0.422,-0.425,-0.059,-0.207,0.000,37,E,0,,,,5268,47.56,0
16,144.117,"Mount",0.427,-0.424,0.482,0.429,0.284,0.300,50,W,43,S,,,5251,47.13,0
17,153.040,"Mount",0.557,0.184,-0.101,0.556,0.051,0.389,9,W,56,S,,,5331,47.80,0
18,161.861,"Mount",0.156,-0.039,0.061,0.156,0.027,0.000,5,W,0,,,,5203,47.26,0
19,171.191,"Mount",1.257,0.738,-0.546,1.253,-0.294,0.877,52,E,127,S,,,5397,47.88,0
20,179.828,"Mount",0.171,0.078,-0.052,0.171,0.026,0.000,5,W,0,,,,5486,48.42,0
21,189.232,"Mount",1.016,-1.260,1.395,1.024,0.817,0.717,145,W,103,S,,,5437,48.16,0
22,198.011,"Mount",0.110,-0.867,0.874,0.115,0.551,0.000,98,W,0,,,,5442,48.13,0
23,206.823,"Mount",0.144,0.153,-0.131,0.143,0.013,0.000,2,W,0,,,,5423,48.12,0
24,216.018,"Mount",0.705,-0.179,0.280,0.706,0.015,0.494,3,W,71,S,,,5283,47.28,0
25,224.910,"Mount",0.113,0.667,-0.643,0.109,-0.302,0.000,54,E,0,,,,5561,48.79,0
26,234.139,"Mount",0.732,-0.612,0.712,0.735,0.385,0.515,68,W,74,S,,,5250,47.34,0
27,243.062,"Mount",0.073,-1.723,1.715,0.083,1.061,0.000,188,W,0,,,,5553,48.56,0
28,251.906,"Mount",-0.082,-0.103,0.090,-0.081,0.063,0.000,11,W,0,,,,5506,48.87,0
29,260.939,"Mount",0.240,0.568,-0.527,0.236,-0.273,0.000,48,E,0,,,,5507,48.36,0
30,270.013,"Mount",0.387,0.335,-0.275,0.385,0.056,0.269,10,W,39,S,,,5369,48.16,0
31,278.996,"Mount",0.328,0.213,-0.163,0.327,0.048,0.229,8,W,33,S,,,5251,47.52,0
32,287.968,"Mount",0.349,-0.013,0.064,0.349,0.011,0.244,2,W,35,S,,,5526,48.38,0
33,296.988,"Mount",0.632,-0.130,0.221,0.633,0.041,0.443,7,W,64,S,,,5507,48.11,0
34,306.152,"Mount",1.154,-0.307,0.472,1.156,0.320,0.809,57,W,117,S,,,5219,47.18,0
35,314.868,"Mount",0.180,0.187,-0.158,0.179,0.031,0.000,6,W,0,,,,4951,45.64,0
36,324.241,"Mount",0.524,1.608,-1.514,0.514,-0.835,0.360,148,E,52,S,,,5378,48.04,0
37,332.939,"Mount",-0.154,0.849,-0.862,-0.159,-0.490,0.000,87,E,0,,,,5380,47.94,0
38,342.103,"Mount",0.499,0.764,-0.683,0.495,-0.364,0.346,64,E,50,S,,,5181,46.80,0
39,350.851,"Mount",-0.337,0.355,-0.400,-0.339,-0.208,0.000,37,E,0,,,,5265,47.59,0
40,360.082,"Mount",0.424,0.721,-0.651,0.420,-0.364,0.294,64,E,42,S,,,5205,46.86,0
41,368.890,"Mount",-0.196,0.801,-0.821,-0.201,-0.432,0.000,76,E,0,,,,5260,47.45,0
42,377.862,"Mount",-0.045,0.447,-0.449,-0.047,-0.240,0.000,43,E,0,,,,5268,47.00,0
43,387.073,"Mount",0.762,0.433,-0.318,0.759,0.064,0.531,11,W,77,S,,,5209,47.04,0
44,395.885,"Mount",0.106,0.429,-0.409,0.103,-0.190,0.000,34,E,0,,,,5218,47.16,0
45,404.784,"Mount",0.183,-0.122,0.147,0.184,0.051,0.000,9,W,0,,,,5080,46.50,0
46,414.053,"Mount",0.639,-0.236,0.327,0.640,0.071,0.448,13,W,65,S,,,5294,47.53,0
47,422.785,"Mount",-0.100,0.253,-0.265,-0.101,0.035,0.000,6,W,0,,,,5076,46.24,0
48,432.044,"Mount",0.634,0.740,-0.640,0.630,-0.334,0.441,59,E,64,S,,,5358,47.66,0
49,440.872,"Mount",0.220,-0.598,0.624,0.223,0.432,0.000,77,W,0,,,,5490,48.37,0
50,450.037,"Mount",0.465,0.052,0.016,0.464,0.101,0.325,18,W,47,S,,,5030,46.35,0
51,458.960,"Mount",0.568,0.135,-0.050,0.567,-0.025,0.397,4,E,57,S,,,5402,48.00,0
52,467.883,"Mount",0.155,-0.518,0.535,0.158,0.399,0.000,71,W,0,,,,4964,45.98,0
53,477.015,"Mount",0.523,-0.111,0.186,0.524,0.097,0.366,17,W,53,S,,,5054,46.47,0
54,485.859,"Mount",-0.130,0.427,-0.441,-0.133,-0.231,0.000,41,E,0,,,,5527,48.48,0
55,494.943,"Mount",0.312,0.058,-0.012,0.311,0.027,0.218,5,W,31,S,,,5140,46.91,0
56,503.995,"Mount",0.421,0.843,-0.773,0.416,-0.359,0.291,64,E,42,S,,,5143,46.55,0
57,512.886,"Mount",-0.161,0.853,-0.867,-0.166,-0.544,0.000,96,E,0,,,,5369,47.62,0
58,521.890,"Mount",-0.052,0.857,-0.855,-0.057,-0.469,0.000,83,E,0,,,,5345,47.99,0
59,531.054,"Mount",0.447,0.603,-0.531,0.443,-0.251,0.310,44,E,45,S,,,5224,46.87,0
60,539.770,"Mount",0.231,0.277,-0.241,0.229,0.036,0.000,6,W,0,,,,4971,45.85,0
61,548.949,"Mount",0.317,0.515,-0.463,0.314,-0.229,0.220,41,E,32,S,,,5008,46.43,0
62,558.161,"Mount",0.512,-1.685,1.742,0.522,1.045,0.365,185,W,53,S,,,5058,46.42,0
63,566.876,"Mount",0.012,-1.053,1.044,0.018,0.699,0.000,124,W,0,,,,5502,48.47,0
64,575.815,"Mount",0.222,-0.328,0.357,0.224,0.223,0.000,39,W,0,,,,5263,47.53,0
65,584.870,"Mount",0.370,-0.172,0.224,0.371,-0.033,0.260,6,E,37,S,,,5226,47.48,0
66,594.013,"Mount",0.603,0.102,-0.013,0.602,0.057,0.422,10,W,61,S,,,5029,46.29,0
67,602.807,"Mount",-0.195,0.013,-0.041,-0.196,-0.064,0.000,11,E,0,,,,5191,47.09,0
68,611.941,"Mount",0.330,-0.342,0.387,0.332,0.203,0.232,36,W,34,S,,,5156,45.99,0
69,620.816,"Mount",0.106,0.607,-0.585,0.103,-0.314,0.000,56,E,0,,,,5254,47.34,0
70,629.823,"Mount",0.118,-0.153,0.169,0.119,-0.086,0.000,15,E,0,,,,5326,47.59,0
71,639.031,"Mount",0.827,0.422,-0.297,0.825,0.081,0.578,14,W,83,S,,,5398,47.97,0
72,647.859,"Mount",-1.035,0.458,-0.604,-1.038,-0.454,0.000,80,E,0,,,,5444,47.72,0
73,656.735,"Mount",-0.149,-0.279,0.254,-0.148,-0.034,0.000,6,E,0,,,,5570,48.66,0
74,665.946,"Mount",-0.400,-1.573,1.498,-0.391,0.920,0.000,163,W,0,,,,5214,47.07,0
75,674.869,"Mount",0.022,-0.507,0.505,0.025,0.283,0.000,50,W,0,,,,5413,47.87,0
76,683.761,"Mount",-0.077,-0.300,0.286,-0.076,-0.098,0.000,17,E,0,,,,5353,47.88,0
77,692.828,"Mount",0.264,-0.595,0.627,0.268,0.427,0.000,76,W,0,,,,5143,46.98,0
78,701.698,"Mount",-0.227,0.002,-0.035,-0.227,-0.001,0.000,0,,0,,,,5595,49.19,0
79,710.963,"Mount",0.503,-0.332,0.402,0.505,0.172,0.353,31,W,51,S,,,5124,46.79,0
80,719.711,"Mount",-0.535,0.242,-0.317,-0.536,0.032,0.000,6,W,0,,,,5639,49.04,0
81,728.800,"Mount",-0.423,-0.101,0.038,-0.422,-0.096,0.000,17,E,0,,,,5404,48.61,0
82,737.975,"Mount",-0.437,-0.545,0.476,-0.433,0.342,-0.303,61,W,44,N,,,5075,46.56,0
83,746.802,"Mount",-0.141,0.401,-0.417,-0.143,-0.249,0.000,44,E,0,,,,5448,48.53,0
84,755.773,"Mount",-0.041,-0.009,0.003,-0.041,-0.100,0.000,18,E,0,,,,5166,47.09,0
85,764.850,"Mount",0.741,-0.583,0.685,0.744,0.445,0.000,79,W,0,,,,5225,47.60,0
86,773.749,"Mount",0.918,0.131,0.004,0.917,-0.008,0.000,1,E,0,,,,5177,47.28,0
87,782.784,"Mount",0.723,0.402,-0.292,0.721,-0.111,0.000,20,E,0,,,,5235,47.17,0
88,794.668,"Mount",1.311,0.397,-0.202,1.309,-0.001,0.000,0,,0,,,,5262,47.61,0
89,803.846,"Mount",1.190,1.172,-0.986,1.183,-0.577,0.000,102,E,0,,,,5235,46.78,0
90,812.976,"Mount",1.727,0.077,0.175,1.726,-0.040,1.208,7,E,174,S,,,5366,47.51,0
91,822.012,"Mount",0.879,0.212,-0.081,0.878,0.086,0.615,15,W,89,S,,,5316,47.84,0
92,830.721,"Mount",0.238,-0.003,0.038,0.238,-0.048,0.000,9,E,0,,,,5154,46.92,0
93,839.907,"Mount",0.313,0.524,-0.473,0.310,-0.280,0.217,50,E,31,S,,,5263,47.28,0
94,848.910,"Mount",0.364,-0.400,0.449,0.366,0.254,0.256,45,W,37,S,,,5226,47.33,0
95,857.737,"Mount",0.163,0.039,-0.014,0.163,0.114,0.000,20,W,0,,,,5100,46.44,0
96,866.854,"Mount",0.337,0.173,-0.122,0.336,-0.035,0.235,6,E,34,S,,,5216,47.09,0
97,875.856,"Mount",0.123,0.839,-0.812,0.118,-0.485,0.000,86,E,0,,,,5138,46.68,0
98,884.894,"Mount",1.042,-0.064,0.215,1.042,0.027,0.729,5,W,105,S,,,5340,47.92,0
99,893.747,"Mount",-0.436,0.288,-0.349,-0.438,-0.134,0.000,24,E,0,,,,5306,47.30,0
100,902.738,"Mount",0.034,-0.021,0.026,0.034,-0.124,0.000,22,E,0,,,,5411,48.02,0
101,911.678,"Mount",0.067,0.011,-0.001,0.067,0.052,0.000,9,W,0,,,,5616,49.63,0
102,920.746,"Mount",0.210,0.263,-0.230,0.208,0.058,0.000,10,W,0,,,,5307,47.72,0
103,929.807,"Mount",0.032,0.698,-0.686,0.028,-0.456,0.000,81,E,0,,,,5099,46.51,0
104,938.943,"Mount",0.859,-0.165,0.288,0.860,0.045,0.602,8,W,87,S,,,5276,47.93,0
105,947.746,"Mount",-0.208,0.159,-0.188,-0.209,0.122,0.000,22,W,0,,,,5228,47.52,0
106,956.789,"Mount",-0.199,0.833,-0.854,-0.204,-0.554,0.000,98,E,0,,,,5343,48.26,0
107,965.905,"Mount",0.445,0.571,-0.500,0.442,-0.293,0.309,52,E,45,S,,,5062,46.45,0
108,974.956,"Mount",0.413,0.941,-0.871,0.407,-0.405,0.285,72,E,41,S,,,5231,47.78,0
109,983.735,"Mount",-0.027,0.594,-0.591,-0.031,-0.446,0.000,79,E,0,,,,5214,47.31,0
110,992.738,"Mount",-0.013,0.274,-0.273,-0.015,0.114,0.000,20,W,0,,,,5345,47.86,0
111,1001.773,"Mount",0.049,0.863,-0.846,0.044,-0.422,0.000,75,E,0,,,,5286,47.71,0
112,1010.760,"Mount",0.380,0.062,-0.006,0.380,-0.015,0.266,3,E,38,S,,,5075,46.09,0
113,1019.908,"Mount",0.404,-0.248,0.304,0.406,0.128,0.284,23,W,41,S,,,5093,46.54,0
114,1028.912,"Mount",0.405,-0.542,0.595,0.408,0.369,0.285,65,W,41,S,,,5450,48.60,0
115,1038.058,"Mount",0.317,-1.912,1.938,0.328,1.200,0.230,213,W,33,S,,,5578,48.89,0
116,1046.918,"Mount",0.435,-0.576,0.633,0.438,0.503,0.307,89,W,44,S,,,5586,49.09,0
117,1055.776,"Mount",-0.311,0.526,-0.566,-0.314,-0.421,0.000,74,E,0,,,,5303,47.60,0
118,1064.715,"Mount",0.029,0.601,-0.590,0.026,-0.402,0.000,71,E,0,,,,5090,46.76,0
119,1073.814,"Mount",0.306,0.412,-0.363,0.303,-0.145,0.212,26,E,31,S,,,4973,45.97,0
120,1082.849,"Mount",0.687,-0.397,0.493,0.690,0.193,0.483,34,W,70,S,,,4909,45.83,0
121,1091.853,"Mount",0.476,0.310,-0.237,0.474,0.046,0.332,8,W,48,S,,,5264,47.73,0
122,1100.765,"Mount",-0.590,0.677,-0.756,-0.594,-0.445,0.000,79,E,0,,,,5195,46.68,0
123,1109.624,"Mount",-0.376,0.010,-0.064,-0.376,-0.012,0.000,2,E,0,,,,5121,46.65,0
124,1118.751,"Mount",-0.014,1.042,-1.033,-0.020,-0.597,0.000,106,E,0,,,,5472,48.25,0
125,1127.833,"Mount",0.430,0.105,-0.041,0.430,-0.004,0.301,1,E,43,S,,,5144,46.99,0
126,1136.676,"Mount",0.267,0.423,-0.380,0.264,-0.116,0.000,20,E,0,,,,5021,46.42,0
127,1145.903,"Mount",0.456,-0.425,0.487,0.459,0.540,0.321,96,W,46,S,,,5141,47.11,0
128,1154.809,"Mount",0.060,-0.493,0.496,0.063,0.637,0.000,113,W,0,,,,5468,48.30,0
129,1163.717,"Mount",0.179,-0.315,0.338,0.180,0.547,0.000,97,W,0,,,,5498,49.08,0
130,1172.655,"Mount",-0.023,0.323,-0.322,-0.025,0.194,0.000,34,W,0,,,,5480,48.52,0
131,1181.867,"Mount",0.584,0.977,-0.882,0.579,-0.420,0.405,74,E,58,S,,,5195,47.21,0
132,1190.622,"Mount",0.207,0.073,-0.042,0.207,-0.006,0.000,1,E,0,,,,5016,46.23,0
133,1199.985,"Mount",0.758,-1.116,1.215,0.764,0.705,0.535,125,W,77,S,,,5493,48.41,0
134,1208.827,"Mount",0.359,-0.668,0.713,0.363,0.497,0.254,88,W,37,S,,,5206,47.27,0
135,1217.654,"Mount",0.187,-0.443,0.466,0.189,0.244,0.000,43,W,0,,,,5300,47.48,0
136,1226.673,"Mount",-0.117,-0.482,0.459,-0.114,0.282,0.000,50,W,0,,,,5256,47.43,0
137,1235.676,"Mount",-0.002,0.091,-0.091,-0.002,0.061,0.000,11,W,0,,,,5267,47.40,0
138,1245.143,"Mount",1.263,0.154,0.031,1.262,-0.054,0.883,10,E,127,S,,,4776,45.87,0
139,1253.907,"Mount",0.768,-0.433,0.541,0.770,0.274,0.539,49,W,78,S,,,4880,46.07,0
140,1262.590,"Mount",-0.078,-0.257,0.242,-0.076,-0.027,0.000,5,E,0,,,,4728,45.37,0
141,1271.689,"Mount",-0.108,0.813,-0.820,-0.113,-0.370,0.000,66,E,0,,,,5007,46.59,0
142,1280.709,"Mount",0.124,-0.626,0.638,0.128,0.476,0.000,84,W,0,,,,4797,45.28,0
143,1289.759,"Mount",0.028,1.524,-1.504,0.019,-0.869,0.000,154,E,0,,,,4775,45.26,0
144,1298.762,"Mount",0.349,0.356,-0.301,0.347,-0.134,0.243,24,E,35,S,,,4869,45.81,0
145,1307.733,"Mount",0.530,0.175,-0.096,0.529,-0.007,0.370,1,E,53,S,,,4591,44.48,0
146,1316.863,"Mount",0.341,0.638,-0.582,0.337,-0.300,0.236,53,E,34,S,,,4922,46.21,0
147,1325.643,"Mount",0.199,1.028,-0.988,0.193,-0.468,0.000,83,E,0,,,,4764,45.51,0
148,1334.757,"Mount",0.210,1.111,-1.069,0.204,-0.601,0.000,106,E,0,,,,4650,44.80,0
149,1343.792,"Mount",0.677,0.074,0.025,0.676,-0.068,0.473,12,E,68,S,,,4895,45.68,0
150,1352.795,"Mount",0.732,-0.185,0.290,0.733,-0.011,0.513,2,E,74,S,,,5006,46.50,0
151,1361.654,"Mount",-0.404,-0.566,0.501,-0.401,0.318,0.000,56,W,0,,,,5041,46.71,0
152,1370.754,"Mount",0.520,0.387,-0.307,0.518,0.035,0.363,6,W,52,S,,,5172,47.19,0
153,1379.692,"Mount",-0.176,-0.488,0.457,-0.173,0.310,0.000,55,W,0,,,,4815,45.69,0
154,1388.696,"Mount",-0.120,1.011,-1.018,-0.126,-0.502,0.000,89,E,0,,,,4709,45.28,0
155,1397.603,"Mount",-0.095,-0.020,0.006,-0.095,-0.096,0.000,17,E,0,,,,4881,46.00,0
156,1406.814,"Mount",1.020,0.479,-0.326,1.017,-0.141,0.712,25,E,103,S,,,4784,45.51,0
157,1415.768,"Mount",0.579,0.267,-0.179,0.578,-0.112,0.404,20,E,58,S,,,4790,45.67,0
158,1424.532,"Mount",-0.087,-0.131,0.117,-0.087,-0.043,0.000,8,E,0,,,,4699,45.02,0
159,1433.647,"Mount",-0.116,0.588,-0.598,-0.119,-0.341,0.000,60,E,0,,,,4725,45.39,0
160,1442.624,"Mount",-0.078,-0.184,0.171,-0.077,-0.089,0.000,16,E,0,,,,4856,45.72,0
161,1451.719,"Mount",-0.536,0.727,-0.797,-0.540,-0.572,0.000,101,E,0,,,,4774,45.04,0
162,1460.705,"Mount",0.218,1.456,-1.409,0.210,-0.923,0.000,163,E,0,,,,4510,43.94,0
163,1469.867,"Mount",0.682,1.561,-1.445,0.673,-0.936,0.471,166,E,68,S,,,4733,45.43,0
164,1478.711,"Mount",0.753,0.348,-0.235,0.751,-0.001,0.525,0,,76,S,,,4997,46.33,0
165,1487.569,"Mount",0.293,0.339,-0.293,0.291,0.105,0.000,19,W,0,,,,4616,44.61,0
166,1496.749,"Mount",-0.227,1.420,-1.437,-0.235,-0.785,0.000,139,E,0,,,,4689,44.98,0
167,1505.815,"Mount",0.680,0.478,-0.374,0.677,-0.293,0.474,52,E,68,S,,,5026,46.93,0
168,1515.009,"Mount",0.548,-2.490,2.543,0.562,1.532,0.394,271,W,57,S,,,4813,45.17,0
169,1524.045,"Mount",0.798,-1.491,1.591,0.807,1.178,0.565,209,W,81,S,,,4723,45.13,0
170,1532.536,"Mount",-0.565,-0.023,-0.059,-0.565,-0.043,0.000,8,E,0,,,,4647,44.60,0
171,1541.553,"Mount",-0.593,0.212,-0.296,-0.595,-0.077,0.000,14,E,0,,,,4565,44.18,0
172,1550.575,"Mount",0.032,-0.311,0.312,0.034,0.088,0.000,16,W,0,,,,4770,45.44,0
173,1559.688,"Mount",0.341,0.347,-0.294,0.339,0.077,0.238,14,W,34,S,,,4930,46.37,0
174,1568.580,"Mount",0.300,0.176,-0.130,0.299,-0.113,0.000,20,E,0,,,,5004,46.82,0
175,1577.774,"Mount",0.564,-0.554,0.630,0.568,0.452,0.397,80,W,57,S,,,5134,47.12,0
176,1586.745,"Mount",0.368,0.657,-0.596,0.365,-0.359,0.255,64,E,37,S,,,4802,45.81,0
177,1598.609,"Mount",-0.176,-0.483,0.452,-0.173,0.065,0.000,12,W,0,,,,4835,45.94,0
178,1607.644,"Mount",-0.787,0.917,-1.022,-0.793,-0.666,0.000,118,E,0,,,,4877,45.69,0
179,1616.791,"Mount",1.053,0.485,-0.326,1.050,-0.108,0.735,19,E,106,S,,,4636,44.85,0
180,1625.864,"Mount",0.427,-1.684,1.729,0.437,1.030,0.306,182,W,44,S,,,4806,45.79,0
181,1634.573,"Mount",0.204,-0.531,0.555,0.207,0.433,0.000,77,W,0,,,,4960,46.43,0
182,1643.753,"Mount",0.604,-0.314,0.399,0.605,0.362,0.424,64,W,61,S,,,4912,46.01,0
183,1652.467,"Mount",0.108,0.369,-0.350,0.106,0.004,0.000,1,W,0,,,,5136,47.47,0
184,1661.742,"Mount",0.652,0.245,-0.147,0.651,0.054,0.455,10,W,66,S,,,5192,47.44,0
185,1670.650,"Mount",0.519,-0.250,0.323,0.520,-0.037,0.364,7,E,53,S,,,4723,45.33,0
186,1679.653,"Mount",0.068,-1.352,1.348,0.076,0.804,0.000,142,W,0,,,,5172,47.52,0
187,1688.591,"Mount",-0.085,-0.737,0.717,-0.081,0.498,0.000,88,W,0,,,,5031,46.98,0
188,1697.546,"Mount",0.054,0.176,-0.167,0.053,-0.056,0.000,10,E,0,,,,4991,46.77,0
189,1706.565,"Mount",0.188,-0.545,0.567,0.191,0.243,0.000,43,W,0,,,,4911,46.36,0
190,1715.764,"Mount",0.610,-0.393,0.478,0.612,0.340,0.429,60,W,62,S,,,4949,46.55,0
191,1724.733,"Mount",0.546,-0.371,0.446,0.548,0.172,0.384,30,W,55,S,,,5287,48.13,0
192,1733.553,"Mount",0.131,-0.621,0.633,0.134,0.302,0.000,54,W,0,,,,5128,46.86,0
193,1742.512,"Mount",0.053,0.130,-0.121,0.052,0.111,0.000,20,W,0,,,,5024,46.95,0
194,1751.516,"Mount",-0.298,-0.019,-0.025,-0.298,0.131,0.000,23,W,0,,,,4887,45.59,0
195,1760.583,"Mount",-0.380,1.031,-1.076,-0.386,-0.631,0.000,112,E,0,,,,4882,45.44,0
196,1769.619,"Mount",-0.009,0.983,-0.974,-0.014,-0.656,0.000,116,E,0,,,,4985,46.23,0
197,1778.685,"Mount",0.348,0.664,-0.606,0.344,-0.401,0.241,71,E,35,S,,,5062,46.88,0
198,1787.756,"Mount",0.455,0.771,-0.696,0.450,-0.419,0.315,74,E,46,S,,,5364,47.77,0
199,1796.547,"Mount",0.025,0.538,-0.529,0.021,-0.323,0.000,57,E,0,,,,5080,46.98,0
200,1805.500,"Mount",0.026,0.231,-0.224,0.024,-0.062,0.000,11,E,0,,,,4991,46.46,0
201,1814.728,"Mount",0.312,0.609,-0.557,0.308,-0.290,0.216,51,E,31,S,,,4884,45.96,0
202,1823.539,"Mount",-0.105,0.571,-0.580,-0.108,-0.351,0.000,62,E,0,,,,4792,45.53,0
203,1832.798,"Mount",0.570,0.713,-0.623,0.566,-0.452,0.396,80,E,57,S,,,5009,46.39,0
204,1841.722,"Mount",0.468,0.485,-0.411,0.465,-0.227,0.325,40,E,47,S,,,4780,45.23,0
205,1850.742,"Mount",0.404,-0.037,0.096,0.405,0.107,0.283,19,W,41,S,,,4893,45.76,0
206,1859.570,"Mount",-0.734,0.417,-0.520,-0.737,-0.291,0.000,52,E,0,,,,4809,45.43,0
207,1868.505,"Mount",-0.699,0.054,-0.155,-0.699,-0.082,0.000,15,E,0,,,,5073,46.68,0
208,1877.465,"Mount",-0.697,0.108,-0.208,-0.698,0.006,0.000,1,W,0,,,,5035,46.93,0
209,1886.496,"Mount",0.181,-0.307,0.330,0.182,0.116,0.000,21,W,0,,,,4889,46.11,0
210,1895.611,"Mount",0.551,-0.109,0.188,0.551,0.003,0.386,1,W,56,S,,,5181,47.23,0
211,1904.632,"Mount",-0.471,-0.007,-0.062,-0.471,0.058,0.000,10,W,0,,,,5047,46.71,0
212,1913.537,"Mount",-0.193,0.928,-0.947,-0.198,-0.576,0.000,102,E,0,,,,5291,47.84,0
213,1922.573,"Mount",0.111,0.673,-0.650,0.107,-0.521,0.000,92,E,0,,,,5364,47.99,0
214,1931.568,"Mount",-0.094,0.808,-0.813,-0.099,-0.486,0.000,86,E,0,,,,5159,46.96,0
215,1940.482,"Mount",-0.022,-0.128,0.123,-0.021,0.102,0.000,18,W,0,,,,5112,47.08,0
216,1949.533,"Mount",0.017,0.923,-0.911,0.012,-0.560,0.000,99,E,0,,,,4922,46.22,0
217,1958.729,"Mount",0.750,0.220,-0.108,0.749,-0.177,0.524,31,E,76,S,,,5220,47.40,0
218,1967.476,"Mount",-0.008,0.165,-0.165,-0.009,0.116,0.000,20,W,0,,,,5493,49.03,0
219,1976.527,"Mount",-0.098,-0.204,0.188,-0.097,0.054,0.000,10,W,0,,,,5056,46.74,0
220,1985.594,"Mount",0.328,-0.304,0.348,0.330,0.169,0.231,30,W,33,S,,,5181,47.47,0
221,1994.838,"Mount",0.944,-1.154,1.279,0.951,0.859,0.665,152,W,96,S,,,5277,47.96,0
222,2003.570,"Mount",0.005,-0.966,0.957,0.011,0.653,0.000,116,W,0,,,,5246,47.64,0
223,2012.460,"Mount",0.019,0.033,-0.029,0.019,-0.101,0.000,18,E,0,,,,5339,47.88,0
224,2021.406,"Mount",-0.219,-0.168,0.135,-0.218,-0.007,0.000,1,E,0,,,,5079,46.90,0
225,2030.480,"Mount",-0.009,0.152,-0.152,-0.010,0.060,0.000,11,W,0,,,,5110,47.25,0
226,2039.551,"Mount",-0.085,0.918,-0.920,-0.091,-0.717,0.000,127,E,0,,,,5043,46.55,0
227,2048.681,"Mount",0.617,0.581,-0.485,0.613,-0.441,0.429,78,E,62,S,,,4950,46.22,0
228,2057.668,"Mount",0.759,-0.300,0.407,0.761,0.176,0.532,31,W,77,S,,,4984,46.49,0
229,2066.622,"Mount",0.973,0.330,-0.184,0.971,-0.050,0.679,9,E,98,S,,,5123,47.15,0
230,2075.426,"Mount",-0.349,0.113,-0.163,-0.349,-0.074,0.000,13,E,0,,,,4765,45.23,0
231,2084.437,"Mount",-0.004,-0.182,0.179,-0.003,-0.068,0.000,12,E,0,,,,5133,47.43,0
232,2093.401,"Mount",-0.275,-0.302,0.259,-0.273,0.046,0.000,8,W,0,,,,4829,45.83,0
233,2102.715,"Mount",0.675,-0.697,0.788,0.679,0.537,0.476,95,W,69,S,,,4862,45.83,0
234,2111.831,"Mount",0.575,-1.581,1.648,0.585,1.102,0.409,195,W,59,S,,,5185,47.17,0
235,2120.481,"Mount",-0.440,-0.449,0.380,-0.438,0.551,0.000,98,W,0,,,,5070,46.83,0
236,2129.437,"Mount",-0.363,0.503,-0.551,-0.366,-0.230,0.000,41,E,0,,,,4999,46.68,0
237,2138.492,"Mount",-0.325,0.449,-0.492,-0.327,-0.417,0.000,74,E,0,,,,5093,47.34,0
238,2147.441,"Mount",0.242,-0.181,0.214,0.243,-0.148,0.000,26,E,0,,,,5046,47.08,0
239,2156.447,"Mount",0.585,-0.110,0.194,0.585,-0.103,0.000,18,E,0,,,,4943,46.49,0
240,2165.595,"Mount",0.784,-0.101,0.214,0.784,0.014,0.549,3,W,79,S,,,5140,47.32,0
241,2174.469,"Mount",0.046,-0.374,0.377,0.048,0.264,0.000,47,W,0,,,,5063,46.75,0
242,2183.633,"Mount",0.312,0.658,-0.606,0.308,-0.477,0.216,84,E,31,S,,,5158,47.11,0
243,2192.380,"Mount",-0.052,0.313,-0.317,-0.054,-0.022,0.000,4,E,0,,,,5391,48.36,0
244,2201.392,"Mount",0.259,0.286,-0.246,0.257,-0.040,0.000,7,E,0,,,,4959,46.20,0
245,2210.643,"Mount",0.590,0.495,-0.404,0.588,-0.184,0.411,33,E,59,S,,,5103,46.80,0
246,2219.454,"Mount",0.123,0.308,-0.287,0.121,0.313,0.000,55,W,0,,,,5214,47.69,0
247,2228.712,"Mount",0.354,2.013,-1.940,0.343,-0.788,0.240,140,E,35,S,,,5099,47.45,0
248,2237.573,"Mount",0.126,1.324,-1.292,0.118,-0.782,0.000,138,E,0,,,,4697,44.53,0
249,2246.671,"Mount",0.461,0.970,-0.893,0.455,-0.497,0.319,88,E,46,S,,,4882,45.97,0
250,2255.386,"Mount",0.115,0.552,-0.530,0.112,-0.171,0.000,30,E,0,,,,5102,47.14,0
251,2264.518,"Mount",0.386,0.139,-0.081,0.385,0.008,0.269,1,W,39,S,,,5159,47.40,0
252,2273.617,"Mount",0.644,-0.222,0.314,0.645,0.077,0.452,14,W,65,S,,,4909,46.07,0
253,2282.381,"Mount",0.199,0.424,-0.390,0.197,-0.180,0.000,32,E,0,,,,4916,45.88,0
254,2291.593,"Mount",0.432,0.488,-0.420,0.429,-0.399,0.301,71,E,43,S,,,5230,47.19,0
255,2300.420,"Mount",-0.222,-0.258,0.223,-0.220,0.180,0.000,32,W,0,,,,4897,46.04,0
256,2309.585,"Mount",0.458,0.126,-0.058,0.457,-0.165,0.320,29,E,46,S,,,5670,49.63,0
257,2318.394,"Mount",0.223,0.362,-0.325,0.221,0.062,0.000,11,W,0,,,,5267,47.74,0
258,2327.446,"Mount",-0.114,0.522,-0.533,-0.117,-0.384,0.000,68,E,0,,,,5480,48.90,0
259,2339.583,"Mount",0.683,-0.209,0.306,0.684,-0.217,0.479,38,E,69,S,,,4761,45.50,0
260,2348.479,"Mount",-0.026,-0.554,0.544,-0.023,0.398,0.000,71,W,0,,,,5193,47.57,0
261,2357.590,"Mount",0.588,0.067,0.020,0.587,-0.111,0.411,20,E,59,S,,,4970,46.61,0
262,2366.625,"Mount",0.540,-0.412,0.487,0.542,0.336,0.379,60,W,55,S,,,5505,48.82,0
263,2375.315,"Mount",0.138,-0.259,0.276,0.140,-0.029,0.000,5,E,0,,,,5030,46.56,0
264,2384.391,"Mount",-0.312,0.339,-0.381,-0.314,-0.288,0.000,51,E,0,,,,5183,47.33,0
265,2393.427,"Mount",0.269,-0.297,0.333,0.271,0.251,0.000,44,W,0,,,,5094,46.72,0
266,2402.670,"Mount",0.708,1.301,-1.184,0.701,-0.760,0.491,135,E,71,S,,,5401,48.07,0
267,2411.496,"Mount",-0.236,1.249,-1.270,-0.243,-0.890,0.000,158,E,0,,,,5117,47.21,0
268,2420.565,"Mount",-0.441,1.342,-1.392,-0.449,-1.102,0.000,195,E,0,,,,5263,47.68,0
269,2429.632,"Mount",0.520,0.705,-0.622,0.515,-0.433,0.361,77,E,52,S,,,4974,46.89,0
270,2438.379,"Mount",0.167,-0.227,0.249,0.168,-0.130,0.000,23,E,0,,,,5518,49.22,0
271,2447.399,"Mount",0.160,0.289,-0.262,0.158,0.177,0.000,31,W,0,,,,5123,47.36,0
272,2456.465,"Mount",-0.711,0.117,-0.220,-0.712,0.356,0.000,63,W,0,,,,5217,47.11,0
273,2465.358,"Mount",-0.034,0.111,-0.115,-0.035,-0.083,0.000,15,E,0,,,,5516,49.05,0
274,2474.505,"Mount",0.083,-1.485,1.482,0.092,1.013,0.000,179,W,0,,,,5698,49.04,0
275,2483.572,"Mount",0.473,-0.835,0.895,0.478,0.562,0.335,100,W,48,S,,,5737,49.76,0
276,2492.319,"Mount",-0.026,-0.334,0.327,-0.024,0.007,0.000,1,W,0,,,,5350,47.82,0
277,2501.418,"Mount",-0.480,-0.337,0.263,-0.478,0.094,0.000,17,W,0,,,,5416,48.61,0
278,2510.468,"Mount",0.543,0.375,-0.291,0.541,-0.027,0.379,5,E,55,S,,,5447,48.26,0
279,2519.392,"Mount",0.035,0.521,-0.510,0.032,-0.389,0.000,69,E,0,,,,5660,49.47,0
280,2528.331,"Mount",0.222,0.416,-0.379,0.220,-0.097,0.000,17,E,0,,,,5505,48.22,0
281,2537.382,"Mount",0.139,0.595,-0.569,0.135,-0.320,0.000,57,E,0,,,,5335,47.79,0
282,2546.346,"Mount",0.063,0.296,-0.283,0.061,-0.064,0.000,11,E,0,,,,5642,49.06,0
283,2555.405,"Mount",0.222,0.990,-0.947,0.216,-0.523,0.000,93,E,0,,,,5463,48.23,0
284,2564.360,"Mount",-0.037,0.641,-0.640,-0.040,-0.334,0.000,59,E,0,,,,5457,48.45,0
285,2573.588,"Mount",0.328,0.611,-0.556,0.325,-0.436,0.227,77,E,33,S,,,5542,48.75,0
286,2582.560,"Mount",0.925,-0.135,0.269,0.926,0.055,0.648,10,W,94,S,,,5398,48.15,0
287,2591.531,"Mount",0.529,-0.805,0.874,0.533,0.542,0.373,96,W,54,S,,,5462,48.71,0
288,2600.373,"Mount",-0.103,-0.753,0.730,-0.098,0.546,0.000,97,W,0,,,,5614,49.28,0
289,2609.457,"Mount",0.320,0.016,0.031,0.320,-0.085,0.224,15,E,32,S,,,5185,47.19,0
290,2618.331,"Mount",0.017,0.032,-0.029,0.017,-0.070,0.000,12,E,0,,,,5326,48.14,0
291,2627.334,"Mount",-0.139,-0.535,0.509,-0.136,0.327,0.000,58,W,0,,,,5272,47.96,0
292,2636.482,"Mount",0.230,-1.459,1.477,0.239,1.086,0.000,192,W,0,,,,5480,48.62,0
293,2645.405,"Mount",0.180,-0.677,0.696,0.183,0.705,0.000,125,W,0,,,,5383,48.07,0
294,2654.344,"Mount",-0.045,-0.442,0.431,-0.043,0.247,0.000,44,W,0,,,,5372,47.91,0
295,2663.299,"Mount",0.289,-0.155,0.195,0.290,-0.062,0.000,11,E,0,,,,5579,49.32,0
296,2672.479,"Mount",0.663,0.181,-0.083,0.662,-0.049,0.463,9,E,67,S,,,5288,48.41,0
297,2681.433,"Mount",0.517,-0.154,0.227,0.518,-0.031,0.362,6,E,52,S,,,5353,48.21,0
298,2690.234,"Mount",0.115,-0.173,0.188,0.116,0.025,0.000,5,W,0,,,,5440,48.83,0
299,2699.264,"Mount",0.177,0.126,-0.099,0.176,0.116,0.000,21,W,0,,,,5453,48.27,0
300,2708.315,"Mount",0.177,0.487,-0.456,0.174,-0.325,0.000,58,E,0,,,,5266,48.02,0
301,2717.559,"Mount",0.567,0.888,-0.796,0.562,-0.438,0.394,77,E,57,S,,,5375,47.61,0
302,2726.562,"Mount",0.365,1.357,-1.289,0.358,-0.903,0.250,160,E,36,S,,,5182,47.14,0
303,2735.356,"Mount",-0.133,1.000,-1.008,-0.139,-0.743,0.000,132,E,0,,,,5549,48.56,0
304,2744.422,"Mount",0.289,1.464,-1.406,0.281,-0.918,0.000,163,E,0,,,,5512,49.19,0
305,2753.329,"Mount",0.257,0.738,-0.692,0.253,-0.575,0.000,102,E,0,,,,5155,47.07,0
306,2762.365,"Mount",-0.006,1.044,-1.034,-0.012,-0.630,0.000,112,E,0,,,,5239,47.45,0
307,2771.385,"Mount",0.688,-0.050,0.150,0.689,0.022,0.482,4,W,70,S,,,5468,48.33,0
308,2780.580,"Mount",0.800,0.914,-0.788,0.795,-0.507,0.556,90,E,80,S,,,5042,46.75,0
309,2789.294,"Mount",-0.085,0.632,-0.638,-0.089,-0.254,0.000,45,E,0,,,,5379,48.15,0
310,2798.426,"Mount",0.115,1.591,-1.557,0.105,-0.904,0.000,160,E,0,,,,5305,48.07,0
311,2807.397,"Mount",0.564,-0.081,0.163,0.565,-0.017,0.395,3,E,57,S,,,5251,47.66,0
312,2816.199,"Mount",-0.220,-0.162,0.128,-0.219,0.000,0.000,0,,0,,,,5324,48.06,0
313,2825.276,"Mount",0.128,0.431,-0.408,0.126,-0.239,0.000,42,E,0,,,,5378,48.37,0
314,2834.359,"Mount",0.463,0.131,-0.062,0.462,-0.034,0.324,6,E,47,S,,,5320,48.47,0
315,2843.250,"Mount",0.080,0.333,-0.318,0.078,-0.127,0.000,22,E,0,,,,5346,48.08,0
316,2852.381,"Mount",0.444,-0.073,0.137,0.445,-0.016,0.311,3,E,45,S,,,5132,46.67,0
317,2861.226,"Mount",0.149,-0.298,0.317,0.151,-0.043,0.000,8,E,0,,,,5657,49.52,0
318,2870.387,"Mount",0.392,0.268,-0.208,0.391,0.179,0.274,32,W,39,S,,,5667,49.34,0
319,2879.407,"Mount",0.737,0.323,-0.212,0.735,0.058,0.514,10,W,74,S,,,5656,49.25,0
320,2888.395,"Mount",-0.355,1.435,-1.472,-0.363,-0.964,0.000,171,E,0,,,,5230,46.63,0
321,2897.398,"Mount",-0.401,1.092,-1.138,-0.407,-0.672,0.000,119,E,0,,,,5262,47.33,0
322,2906.337,"Mount",-0.022,0.690,-0.685,-0.026,-0.506,0.000,90,E,0,,,,5258,47.03,0
323,2915.531,"Mount",0.798,0.818,-0.693,0.793,-0.432,0.555,76,E,80,S,,,5172,47.49,0
324,2924.247,"Mount",0.082,0.542,-0.524,0.078,-0.277,0.000,49,E,0,,,,5390,48.46,0
325,2933.314,"Mount",0.040,0.752,-0.739,0.035,-0.546,0.000,97,E,0,,,,5497,49.02,0
326,2942.414,"Mount",0.387,0.365,-0.305,0.385,-0.061,0.270,11,E,39,S,,,5073,46.55,0
327,2951.256,"Mount",0.027,-0.367,0.367,0.029,0.090,0.000,16,W,0,,,,5589,49.19,0
328,2960.372,"Mount",0.228,-1.433,1.451,0.236,0.896,0.000,159,W,0,,,,5813,49.74,0
329,2969.390,"Mount",0.689,-0.280,0.377,0.691,0.123,0.484,22,W,70,S,,,5357,47.93,0
330,2978.345,"Mount",0.351,-0.162,0.212,0.352,0.030,0.246,5,W,36,S,,,5384,48.30,0
331,2987.476,"Mount",1.084,-0.081,0.238,1.085,0.153,0.759,27,W,110,S,,,5469,48.50,0
332,2996.239,"Mount",-0.141,0.118,-0.137,-0.141,0.177,0.000,31,W,0,,,,5633,49.42,0
333,3005.280,"Mount",-0.539,0.421,-0.495,-0.541,-0.237,0.000,42,E,0,,,,5515,48.77,0
334,3014.149,"Mount",-0.146,-0.292,0.268,-0.145,-0.009,0.000,2,E,0,,,,5286,47.86,0
335,3023.247,"Mount",-0.009,0.597,-0.592,-0.013,-0.296,0.000,52,E,0,,,,5637,48.78,0
336,3032.266,"Mount",0.238,0.680,-0.638,0.234,-0.441,0.000,78,E,0,,,,5539,48.61,0
337,3041.413,"Mount",0.804,0.371,-0.250,0.802,-0.076,0.561,14,E,81,S,,,5715,49.66,0
338,3050.418,"Mount",0.351,-0.096,0.146,0.352,0.150,0.246,27,W,36,S,,,5280,47.53,0
339,3059.324,"Mount",0.600,-0.148,0.233,0.601,-0.021,0.421,4,E,61,S,,,5411,47.69,0
INFO: SET LOCK POSITION, new lock pos = 87.145, 106.824
INFO: DITHER by -1.995, 0.254, new lock pos = 87.106, 108.835
INFO: SETTLING STATE CHANGE, Settling started
340,3068.679,"Mount",0.039,-2.011,1.995,-0.254,1.995,-0.254,353,W,37,N,,,5792,49.87,0
INFO: SETTLING STATE CHANGE, Settling complete
341,3077.427,"Mount",0.552,-2.448,2.502,0.566,1.576,0.000,279,W,0,,,,5596,49.22,0
342,3086.198,"Mount",0.536,0.137,-0.058,0.535,-0.036,0.000,6,E,0,,,,5389,47.95,0
343,3095.224,"Mount",0.031,0.394,-0.385,0.029,-0.285,0.000,51,E,0,,,,5453,48.44,0
344,3104.595,"Mount",0.610,-1.112,1.189,0.616,0.680,0.431,120,W,62,S,,,5467,48.49,0
345,3113.458,"Mount",0.748,-0.787,0.887,0.752,0.521,0.527,92,W,76,S,,,5143,47.17,0
346,3122.426,"Mount",0.561,-0.464,0.541,0.564,0.300,0.395,53,W,57,S,,,5429,48.37,0
347,3134.192,"Mount",-0.138,0.381,-0.397,-0.140,-0.210,0.000,37,E,0,,,,4942,46.04,0
348,3143.311,"Mount",0.164,1.068,-1.033,0.157,-0.778,0.000,138,E,0,,,,5588,49.07,0
349,3152.329,"Mount",0.476,-0.022,0.091,0.476,-0.034,0.334,6,E,48,S,,,5411,48.51,0
350,3161.413,"Mount",0.718,0.337,-0.229,0.716,0.069,0.501,12,W,72,S,,,5281,47.68,0
351,3170.256,"Mount",-0.064,0.850,-0.850,-0.069,-0.567,0.000,100,E,0,,,,5263,47.12,0
352,3179.211,"Mount",-0.139,0.081,-0.101,-0.140,-0.089,0.000,16,E,0,,,,5308,48.26,0
353,3188.151,"Mount",-0.158,0.197,-0.218,-0.159,-0.022,0.000,4,E,0,,,,5622,49.61,0
354,3197.283,"Mount",-0.226,1.268,-1.287,-0.233,-0.794,0.000,141,E,0,,,,5203,46.78,0
355,3206.317,"Mount",-0.173,1.286,-1.298,-0.180,-0.847,0.000,150,E,0,,,,5425,48.16,0
356,3215.241,"Mount",0.097,0.777,-0.755,0.092,-0.531,0.000,94,E,0,,,,5325,48.33,0
357,3224.276,"Mount",0.314,-0.050,0.096,0.315,-0.019,0.220,3,E,32,S,,,5662,49.83,0
358,3233.343,"Mount",0.313,-0.333,0.375,0.315,0.256,0.220,45,W,32,S,,,5442,48.27,0
359,3242.410,"Mount",0.555,0.860,-0.770,0.550,-0.450,0.385,80,E,56,S,,,5709,49.96,0
360,3251.398,"Mount",0.331,0.678,-0.623,0.327,-0.367,0.229,65,E,33,S,,,5580,49.36,0
361,3260.208,"Mount",-0.195,0.492,-0.515,-0.198,-0.291,0.000,52,E,0,,,,5271,47.90,0
362,3269.292,"Mount",0.395,0.187,-0.127,0.394,-0.047,0.275,8,E,40,S,,,5440,48.79,0
363,3278.408,"Mount",0.427,0.766,-0.696,0.423,-0.534,0.296,95,E,43,S,,,5373,48.24,0
364,3287.187,"Mount",-0.197,0.576,-0.599,-0.200,-0.316,0.000,56,E,0,,,,5439,48.60,0
365,3296.085,"Mount",-0.289,-0.280,0.235,-0.287,0.031,0.000,6,W,0,,,,5341,48.43,0
366,3305.183,"Mount",-0.205,0.124,-0.152,-0.206,0.097,0.000,17,W,0,,,,5134,47.41,0
367,3314.134,"Mount",0.029,0.392,-0.383,0.027,-0.222,0.000,39,E,0,,,,5634,49.52,0
368,3323.216,"Mount",-0.182,0.721,-0.740,-0.186,-0.422,0.000,75,E,0,,,,5108,47.17,0
369,3332.108,"Mount",0.274,0.408,-0.363,0.272,-0.098,0.000,17,E,0,,,,5415,48.37,0
370,3341.383,"Mount",0.621,0.559,-0.462,0.618,-0.238,0.433,42,E,62,S,,,5301,48.12,0
371,3350.084,"Mount",0.149,0.132,-0.109,0.148,0.022,0.000,4,W,0,,,,5516,48.80,0
372,3359.438,"Mount",0.740,0.808,-0.692,0.735,-0.475,0.515,84,E,74,S,,,5525,49.34,0
373,3368.410,"Mount",0.367,0.894,-0.831,0.362,-0.639,0.253,113,E,37,S,,,5569,49.07,0
374,3377.237,"Mount",0.147,1.101,-1.068,0.141,-0.785,0.000,139,E,0,,,,5285,47.65,0
375,3386.224,"Mount",-0.032,0.838,-0.834,-0.037,-0.617,0.000,109,E,0,,,,4913,45.57,0
376,3395.372,"Mount",0.727,-0.276,0.379,0.729,0.275,0.510,49,W,74,S,,,5417,48.99,0
377,3404.166,"Mount",-0.016,0.638,-0.633,-0.020,-0.416,0.000,74,E,0,,,,5257,47.71,0
378,3413.186,"Mount",0.171,0.314,-0.286,0.169,-0.118,0.000,21,E,0,,,,5468,49.07,0
379,3422.382,"Mount",0.956,-0.333,0.469,0.958,0.402,0.670,71,W,97,S,,,5663,49.85,0
380,3431.482,"Mount",0.490,-1.927,1.978,0.501,1.234,0.351,219,W,51,S,,,5694,49.68,0
381,3440.693,"Mount",0.981,-2.998,3.109,0.998,1.970,0.699,349,W,101,S,,,5607,49.33,0
382,3449.075,"Mount",-0.202,-0.153,0.122,-0.201,-0.049,0.000,9,E,0,,,,5171,47.50,0
383,3458.124,"Mount",-0.101,0.180,-0.192,-0.102,-0.065,0.000,11,E,0,,,,5196,47.64,0
384,3467.228,"Mount",-0.221,0.737,-0.762,-0.226,-0.625,0.000,111,E,0,,,,5220,47.81,0
385,3476.153,"Mount",0.046,-0.194,0.199,0.047,-0.093,0.000,16,E,0,,,,5440,48.74,0
386,3485.129,"Mount",-0.046,-0.404,0.393,-0.044,0.147,0.000,26,W,0,,,,5574,49.38,0
387,3494.184,"Mount",-0.034,0.875,-0.870,-0.039,-0.531,0.000,94,E,0,,,,5252,46.96,0
388,3503.203,"Mount",0.298,0.879,-0.826,0.293,-0.572,0.000,101,E,0,,,,5465,48.87,0
389,3512.159,"Mount",0.241,0.791,-0.748,0.236,-0.470,0.000,83,E,0,,,,5337,48.39,0
390,3521.386,"Mount",0.851,1.046,-0.911,0.845,-0.587,0.591,104,E,85,S,,,5696,49.34,0
391,3530.390,"Mount",0.476,1.202,-1.120,0.469,-0.699,0.329,124,E,47,S,,,5121,46.14,0
392,3539.104,"Mount",0.142,-0.323,0.340,0.144,0.178,0.000,32,W,0,,,,5592,49.37,0
393,3548.682,"Mount",1.516,-2.425,2.620,1.530,1.669,1.071,296,W,155,S,,,5415,48.16,0
394,3557.190,"Mount",-0.184,-0.908,0.872,-0.179,0.663,0.000,117,W,0,,,,5420,48.23,0
395,3566.008,"Mount",0.117,0.269,-0.249,0.115,-0.034,0.000,6,E,0,,,,5167,47.37,0
396,3575.261,"Mount",0.637,0.103,-0.009,0.636,-0.083,0.445,15,E,64,S,,,5441,48.95,0
397,3584.121,"Mount",-0.430,-0.994,0.921,-0.425,0.609,0.000,108,W,0,,,,5376,48.07,0
398,3593.172,"Mount",-0.465,-1.467,1.383,-0.457,0.934,0.000,165,W,0,,,,5129,47.18,0
399,3602.351,"Mount",0.774,-1.209,1.309,0.781,0.784,0.547,139,W,79,S,,,5762,49.84,0
400,3611.147,"Mount",0.124,-1.147,1.153,0.130,0.729,0.000,129,W,0,,,,5750,49.76,0
401,3620.103,"Mount",-0.060,0.020,-0.029,-0.061,-0.093,0.000,16,E,0,,,,5386,48.30,0
402,3629.106,"Mount",-0.077,-0.783,0.764,-0.072,0.379,0.000,67,W,0,,,,5511,48.60,0
403,3638.159,"Mount",0.494,0.284,-0.209,0.492,0.018,0.345,3,W,50,S,,,5646,49.09,0
404,3647.147,"Mount",-0.049,1.439,-1.431,-0.058,-0.832,0.000,147,E,0,,,,5201,47.44,0
405,3656.100,"Mount",-0.274,0.715,-0.747,-0.278,-0.307,0.000,54,E,0,,,,5370,48.44,0
406,3665.072,"Mount",-0.366,1.021,-1.063,-0.371,-0.399,0.000,71,E,0,,,,5311,48.42,0
407,3674.160,"Mount",-0.199,0.982,-1.000,-0.205,-0.633,0.000,112,E,0,,,,5463,48.54,0
408,3684.693,"Mount",1.494,0.793,-0.567,1.489,-0.357,1.042,63,E,150,S,,,6012,50.77,0
409,3692.194,"Mount",0.361,-0.516,0.563,0.364,0.281,0.255,50,W,37,S,,,5104,47.22,0
410,3701.149,"Mount",-0.493,0.855,-0.918,-0.498,-0.616,0.000,109,E,0,,,,4900,46.10,0
411,3709.992,"Mount",-0.033,0.233,-0.236,-0.034,-0.031,0.000,5,E,0,,,,4989,46.43,0
412,3719.102,"Mount",0.002,0.460,-0.455,-0.001,-0.308,0.000,54,E,0,,,,5286,48.03,0
413,3728.318,"Mount",1.156,0.524,-0.350,1.153,-0.204,0.807,36,E,116,S,,,4763,45.47,0
414,3737.243,"Mount",0.449,0.313,-0.244,0.448,-0.069,0.313,12,E,45,S,,,4682,45.49,0
415,3746.103,"Mount",-0.047,0.423,-0.425,-0.049,-0.266,0.000,47,E,0,,,,4947,46.63,0
416,3755.138,"Mount",0.261,-0.700,0.731,0.265,0.589,0.000,104,W,0,,,,5285,47.66,0
417,3763.950,"Mount",0.166,0.076,-0.051,0.165,-0.007,0.000,1,E,0,,,,5045,46.69,0
418,3773.257,"Mount",0.755,-0.413,0.519,0.758,0.210,0.530,37,W,77,S,,,5303,48.09,0
419,3782.037,"Mount",-0.084,-0.063,0.050,-0.084,-0.119,0.000,21,E,0,,,,4437,43.93,0
420,3791.085,"Mount",0.183,-0.688,0.708,0.187,0.469,0.000,83,W,0,,,,5435,48.36,0
421,3800.091,"Mount",0.115,0.509,-0.487,0.112,-0.297,0.000,53,E,0,,,,5008,46.34,0
422,3809.031,"Mount",-0.119,-0.224,0.204,-0.118,-0.080,0.000,14,E,0,,,,5066,47.22,0
423,3821.233,"Mount",0.600,-0.065,0.152,0.601,0.085,0.421,15,W,61,S,,,4953,46.56,0
424,3830.044,"Mount",0.099,0.620,-0.598,0.096,-0.339,0.000,60,E,0,,,,4835,46.21,0
425,3839.256,"Mount",0.343,0.850,-0.791,0.338,-0.535,0.237,95,E,34,S,,,5048,47.41,0
426,3848.355,"Mount",0.452,1.544,-1.462,0.443,-0.991,0.310,176,E,45,S,,,5181,47.33,0
427,3857.135,"Mount",-0.206,1.194,-1.212,-0.213,-0.801,0.000,142,E,0,,,,4529,44.78,0
428,3866.314,"Mount",0.728,1.212,-1.093,0.721,-0.716,0.505,127,E,73,S,,,4889,46.29,0
429,3875.093,"Mount",-0.113,0.783,-0.791,-0.117,-0.524,0.000,93,E,0,,,,5206,47.45,0
430,3884.065,"Mount",0.036,0.511,-0.501,0.033,-0.353,0.000,63,E,0,,,,4912,46.44,0
431,3893.133,"Mount",0.540,-0.037,0.115,0.540,-0.015,0.378,3,E,55,S,,,4825,46.17,0
432,3902.107,"Mount",0.303,-0.126,0.169,0.304,0.015,0.213,3,W,31,S,,,5026,46.95,0
433,3911.364,"Mount",0.902,-1.288,1.406,0.910,0.825,0.637,146,W,92,S,,,5339,48.21,0
434,3920.160,"Mount",-0.367,-2.167,2.090,-0.354,1.227,0.000,217,W,0,,,,5234,47.93,0
435,3929.227,"Mount",0.369,-0.989,1.032,0.374,0.609,0.262,108,W,38,S,,,4754,45.34,0
436,3938.006,"Mount",0.183,-0.382,0.404,0.185,0.183,0.000,32,W,0,,,,5140,47.31,0
437,3947.010,"Mount",0.192,0.579,-0.545,0.189,-0.294,0.000,52,E,0,,,,4974,46.71,0
438,3955.981,"Mount",-0.217,0.398,-0.425,-0.219,-0.225,0.000,40,E,0,,,,4850,45.87,0
439,3964.918,"Mount",0.118,-0.092,0.108,0.119,0.002,0.000,0,,0,,,,5015,46.76,0
440,3974.021,"Mount",0.261,-0.410,0.444,0.264,0.392,0.000,69,W,0,,,,5207,47.73,0
441,3983.153,"Mount",0.470,0.117,-0.048,0.469,0.161,0.329,28,W,47,S,,,5033,46.79,0
442,3992.028,"Mount",0.138,0.961,-0.930,0.133,-0.374,0.000,66,E,0,,,,4811,46.20,0
443,4001.288,"Mount",0.757,1.251,-1.127,0.750,-0.743,0.525,132,E,76,S,,,5030,46.97,0
444,4010.050,"Mount",0.159,0.612,-0.583,0.156,-0.380,0.000,67,E,0,,,,4711,45.58,0
445,4019.231,"Mount",0.457,-0.729,0.788,0.461,0.524,0.323,93,W,47,S,,,5127,46.91,0
446,4028.252,"Mount",-0.030,-2.402,2.372,-0.016,1.553,0.000,275,W,0,,,,4908,46.29,0
447,4036.923,"Mount",0.063,-0.091,0.100,0.063,-0.012,0.000,2,E,0,,,,4533,44.24,0
448,4045.945,"Mount",0.112,-0.100,0.116,0.112,-0.121,0.000,21,E,0,,,,4807,46.01,0
449,4055.005,"Mount",0.110,0.566,-0.543,0.107,-0.364,0.000,64,E,0,,,,4570,44.51,0
450,4064.313,"Mount",0.905,-1.128,1.248,0.912,0.772,0.638,137,W,92,S,,,5094,46.83,0
451,4073.075,"Mount",-0.107,-1.117,1.089,-0.100,0.631,0.000,112,W,0,,,,4995,46.71,0
452,4082.015,"Mount",0.149,-0.392,0.410,0.151,0.246,0.000,44,W,0,,,,5103,47.49,0
453,4091.179,"Mount",0.465,-0.376,0.440,0.467,0.397,0.327,70,W,47,S,,,4839,45.88,0
454,4100.071,"Mount",0.561,0.071,0.011,0.560,0.006,0.392,1,W,57,S,,,5112,47.50,0
455,4108.978,"Mount",0.274,0.491,-0.446,0.271,-0.314,0.000,56,E,0,,,,4818,45.87,0
456,4118.110,"Mount",0.397,-0.468,0.521,0.400,0.373,0.280,66,W,40,S,,,5231,47.23,0
457,4127.049,"Mount",0.496,-0.185,0.256,0.497,0.039,0.348,7,W,50,S,,,5181,47.67,0
458,4135.909,"Mount",-0.006,0.152,-0.151,-0.007,0.052,0.000,9,W,0,,,,4990,46.67,0
459,4144.880,"Mount",0.211,-0.068,0.098,0.211,-0.048,0.000,8,E,0,,,,4684,45.14,0
460,4154.187,"Mount",0.336,0.734,-0.677,0.332,-0.445,0.232,79,E,34,S,,,4805,45.63,0
461,4163.159,"Mount",0.374,0.744,-0.682,0.369,-0.437,0.259,77,E,37,S,,,4805,45.92,0
462,4171.954,"Mount",-0.236,0.502,-0.531,-0.239,-0.379,0.000,67,E,0,,,,4852,46.22,0
463,4181.022,"Mount",-0.024,0.810,-0.805,-0.028,-0.675,0.000,120,E,0,,,,4842,46.04,0
464,4189.897,"Mount",0.169,-0.011,0.035,0.169,-0.016,0.000,3,E,0,,,,4783,45.71,0
465,4199.075,"Mount",0.769,0.203,-0.089,0.768,-0.051,0.538,9,E,78,S,,,5221,47.79,0
466,4208.009,"Mount",-0.271,0.870,-0.900,-0.276,-0.633,0.000,112,E,0,,,,4498,44.38,0
467,4216.970,"Mount",-0.231,0.760,-0.786,-0.235,-0.408,0.000,72,E,0,,,,4862,46.27,0
468,4226.166,"Mount",0.344,0.804,-0.745,0.340,-0.479,0.238,85,E,34,S,,,4590,45.07,0
469,4234.858,"Mount",-0.088,0.012,-0.025,-0.088,-0.049,0.000,9,E,0,,,,4652,45.31,0
470,4243.917,"Mount",0.127,0.434,-0.411,0.124,-0.184,0.000,33,E,0,,,,4780,45.91,0
471,4253.080,"Mount",0.439,0.529,-0.460,0.436,-0.213,0.305,38,E,44,S,,,4708,45.49,0
472,4261.876,"Mount",0.219,0.102,-0.069,0.219,0.022,0.000,4,W,0,,,,4570,45.06,0
473,4271.072,"Mount",0.616,-0.068,0.158,0.616,-0.069,0.431,12,E,62,S,,,4778,45.75,0
474,4279.962,"Mount",0.202,-0.473,0.498,0.205,0.279,0.000,49,W,0,,,,4681,45.37,0
475,4289.126,"Mount",0.579,-0.542,0.621,0.582,0.442,0.407,78,W,59,S,,,4506,44.10,0
476,4297.895,"Mount",-0.057,0.249,-0.255,-0.059,0.069,0.000,12,W,0,,,,5368,48.47,0
477,4306.925,"Mount",-0.351,0.523,-0.568,-0.354,-0.319,0.000,57,E,0,,,,4986,46.68,0
478,4315.961,"Mount",0.056,0.889,-0.871,0.051,-0.579,0.000,103,E,0,,,,5323,48.35,0
479,4324.948,"Mount",-0.046,0.566,-0.567,-0.050,-0.319,0.000,56,E,0,,,,5171,47.51,0
480,4334.020,"Mount",-0.266,1.120,-1.147,-0.272,-0.624,0.000,111,E,0,,,,4990,46.25,0
481,4343.084,"Mount",0.320,0.894,-0.837,0.315,-0.483,0.221,86,E,32,S,,,5397,48.58,0
482,4351.939,"Mount",-0.138,0.556,-0.570,-0.141,-0.391,0.000,69,E,0,,,,5036,46.67,0
483,4361.010,"Mount",0.514,-0.080,0.155,0.515,-0.051,0.360,9,E,52,S,,,5504,49.07,0
484,4369.901,"Mount",-0.039,0.359,-0.361,-0.041,-0.225,0.000,40,E,0,,,,5158,47.17,0
485,4379.113,"Mount",1.010,-0.527,0.668,1.013,0.402,0.709,71,W,102,S,,,5520,49.19,0
486,4388.005,"Mount",0.177,-1.624,1.632,0.186,1.044,0.000,185,W,0,,,,5385,48.08,0
487,4397.106,"Mount",0.148,-1.784,1.787,0.158,1.087,0.000,192,W,0,,,,5500,48.87,0
488,4406.124,"Mount",0.447,-0.875,0.931,0.452,0.578,0.316,102,W,46,S,,,5227,47.23,0
489,4415.000,"Mount",0.148,0.708,-0.679,0.144,-0.447,0.000,79,E,0,,,,5294,48.09,0
490,4423.971,"Mount",0.177,0.880,-0.845,0.172,-0.611,0.000,108,E,0,,,,5178,46.88,0
491,4433.103,"Mount",0.951,0.532,-0.388,0.947,-0.193,0.663,34,E,96,S,,,5168,47.80,0
492,4441.898,"Mount",0.104,0.573,-0.552,0.100,-0.282,0.000,50,E,0,,,,5113,47.04,0
493,4450.902,"Mount",0.077,0.583,-0.566,0.074,-0.390,0.000,69,E,0,,,,5015,46.88,0
494,4460.018,"Mount",0.639,0.192,-0.097,0.638,-0.078,0.447,14,E,64,S,,,5073,47.26,0
495,4469.068,"Mount",0.635,0.727,-0.626,0.631,-0.407,0.442,72,E,64,S,,,5335,47.60,0
496,4477.977,"Mount",0.392,0.484,-0.422,0.390,-0.212,0.273,38,E,39,S,,,5317,48.62,0
497,4486.932,"Mount",0.237,1.030,-0.985,0.231,-0.599,0.000,106,E,0,,,,5025,46.93,0
498,4495.903,"Mount",-0.002,0.792,-0.784,-0.006,-0.577,0.000,102,E,0,,,,5351,48.12,0
499,4505.323,"Mount",1.046,-2.614,2.738,1.061,1.616,0.743,286,W,107,S,,,5323,48.08,0
500,4513.975,"Mount",-0.353,-1.226,1.161,-0.346,0.760,0.000,135,W,0,,,,5209,47.57,0
501,4522.855,"Mount",0.142,-0.232,0.250,0.144,-0.087,0.000,15,E,0,,,,5309,48.24,0
502,4532.045,"Mount",0.355,-0.252,0.301,0.356,-0.066,0.249,12,E,36,S,,,5160,47.58,0
503,4541.145,"Mount",0.730,-1.259,1.352,0.737,0.927,0.516,164,W,74,S,,,5285,47.98,0
504,4549.925,"Mount",0.089,-1.206,1.206,0.096,0.758,0.000,134,W,0,,,,5176,47.33,0
505,4559.136,"Mount",0.495,-1.281,1.340,0.502,0.775,0.352,137,W,51,S,,,5173,46.85,0
506,4567.820,"Mount",-0.278,-0.088,0.046,-0.277,0.012,0.000,2,W,0,,,,5221,47.61,0
507,4576.759,"Mount",0.202,-0.062,0.091,0.203,0.042,0.000,8,W,0,,,,5142,47.57,0
508,4585.827,"Mount",-0.088,0.156,-0.167,-0.089,0.075,0.000,13,W,0,,,,5287,47.97,0
509,4594.894,"Mount",-0.321,0.675,-0.715,-0.325,-0.527,0.000,93,E,0,,,,5119,46.74,0
510,4603.789,"Mount",0.039,-0.257,0.260,0.040,0.021,0.000,4,W,0,,,,5049,46.60,0
511,4612.838,"Mount",0.195,0.005,0.024,0.195,0.083,0.000,15,W,0,,,,4940,46.07,0
512,4621.855,"Mount",0.242,0.867,-0.823,0.237,-0.491,0.000,87,E,0,,,,5213,47.98,0
513,4630.910,"Mount",0.304,1.207,-1.150,0.297,-0.705,0.000,125,E,0,,,,5316,48.12,0
514,4640.041,"Mount",0.682,0.870,-0.762,0.676,-0.472,0.474,84,E,68,S,,,5105,47.64,0
515,4649.076,"Mount",1.011,1.175,-1.015,1.005,-0.584,0.703,103,E,101,S,,,5252,47.29,0
516,4657.823,"Mount",-0.037,0.398,-0.399,-0.039,-0.254,0.000,45,E,0,,,,5154,47.17,0
517,4667.036,"Mount",0.469,0.168,-0.098,0.468,-0.065,0.328,11,E,47,S,,,5300,48.33,0
518,4675.991,"Mount",0.313,0.038,0.008,0.313,0.124,0.219,22,W,32,S,,,5330,48.28,0
519,4684.819,"Mount",-0.300,0.525,-0.563,-0.303,-0.316,0.000,56,E,0,,,,5244,47.59,0
520,4693.983,"Mount",0.466,0.282,-0.211,0.464,0.064,0.325,11,W,47,S,,,4807,45.86,0
521,4702.970,"Mount",0.615,0.877,-0.778,0.610,-0.373,0.427,66,E,62,S,,,5240,47.37,0
522,4711.861,"Mount",-0.325,-0.692,0.637,-0.321,0.413,0.000,73,W,0,,,,5418,48.23,0
523,4720.801,"Mount",-0.174,-0.274,0.246,-0.173,-0.082,0.000,15,E,0,,,,5170,47.58,0
524,4729.837,"Mount",-0.017,-0.642,0.633,-0.013,0.393,0.000,70,W,0,,,,5039,47.11,0
525,4738.866,"Mount",-0.282,-0.781,0.731,-0.278,0.438,0.000,78,W,0,,,,5336,47.91,0
526,4747.821,"Mount",-0.096,0.588,-0.596,-0.099,-0.347,0.000,61,E,0,,,,5007,46.47,0
527,4756.753,"Mount",-0.046,0.259,-0.263,-0.048,-0.051,0.000,9,E,0,,,,5323,48.61,0
528,4765.853,"Mount",-0.045,0.882,-0.879,-0.050,-0.538,0.000,95,E,0,,,,5238,47.35,0
529,4774.935,"Mount",0.365,0.470,-0.411,0.363,-0.275,0.254,49,E,37,S,,,5175,47.56,0
530,4783.843,"Mount",-0.199,0.816,-0.836,-0.204,-0.502,0.000,89,E,0,,,,4743,44.78,0
531,4793.070,"Mount",1.615,-0.309,0.541,1.617,0.306,1.132,54,W,163,S,,,5440,49.18,0
532,4801.882,"Mount",-0.342,1.056,-1.094,-0.348,-0.697,0.000,123,E,0,,,,5219,47.17,0
533,4810.902,"Mount",-0.362,1.290,-1.329,-0.370,-0.903,0.000,160,E,0,,,,5167,47.29,0
534,4819.953,"Mount",0.387,0.454,-0.393,0.384,-0.275,0.269,49,E,39,S,,,5514,49.34,0
535,4828.840,"Mount",0.105,0.856,-0.832,0.100,-0.548,0.000,97,E,0,,,,5146,47.24,0
536,4837.784,"Mount",-0.097,-0.155,0.139,-0.096,-0.121,0.000,21,E,0,,,,5291,47.45,0
537,4846.981,"Mount",0.555,-0.658,0.732,0.559,0.381,0.391,67,W,56,S,,,5537,49.32,0
538,4855.843,"Mount",0.118,0.620,-0.596,0.114,-0.416,0.000,74,E,0,,,,5370,48.49,0
539,4865.116,"Mount",1.074,-0.822,0.970,1.079,0.521,0.755,92,W,109,S,,,4869,45.65,0
540,4874.232,"Mount",0.829,-2.609,2.702,0.844,1.639,0.591,290,W,85,S,,,5211,47.31,0
541,4882.916,"Mount",-0.015,-1.458,1.440,-0.006,0.925,0.000,164,W,0,,,,5654,49.08,0
542,4891.854,"Mount",0.308,0.179,-0.132,0.307,0.013,0.215,2,W,31,S,,,5136,47.49,0
543,4900.827,"Mount",-0.360,0.512,-0.559,-0.363,-0.381,0.000,68,E,0,,,,5314,48.03,0
544,4909.734,"Mount",-0.086,-0.392,0.375,-0.084,0.184,0.000,33,W,0,,,,5443,48.45,0
545,4918.790,"Mount",0.096,0.368,-0.350,0.094,-0.260,0.000,46,E,0,,,,5490,49.36,0
546,4927.725,"Mount",0.058,-0.137,0.144,0.059,-0.025,0.000,4,E,0,,,,5295,47.67,0
547,4936.809,"Mount",0.287,0.388,-0.342,0.285,-0.244,0.000,43,E,0,,,,5231,47.42,0
548,4945.892,"Mount",0.875,0.301,-0.170,0.873,0.016,0.611,3,W,88,S,,,5434,48.62,0
549,4954.863,"Mount",0.077,1.218,-1.194,0.070,-0.803,0.000,142,E,0,,,,5133,46.08,0
550,4964.107,"Mount",0.489,1.855,-1.764,0.478,-1.150,0.334,204,E,48,S,,,5340,47.78,0
551,4972.838,"Mount",-0.370,0.849,-0.893,-0.374,-0.582,0.000,103,E,0,,,,5085,46.73,0
552,4981.892,"Mount",-0.023,-1.458,1.439,-0.014,0.853,0.000,151,W,0,,,,5400,48.23,0
553,4991.102,"Mount",0.391,-1.757,1.796,0.401,1.133,0.281,201,W,41,S,,,4911,46.09,0
554,4999.801,"Mount",-0.581,-0.474,0.384,-0.578,0.297,0.000,53,W,0,,,,5317,47.66,0
555,5008.703,"Mount",-0.037,0.223,-0.226,-0.038,-0.033,0.000,6,E,0,,,,5192,47.54,0
556,5017.760,"Mount",-0.288,-0.312,0.266,-0.286,-0.057,0.000,10,E,0,,,,5268,47.99,0
557,5026.845,"Mount",-0.062,-1.008,0.989,-0.056,0.689,0.000,122,W,0,,,,5185,47.48,0
558,5036.009,"Mount",0.644,-0.940,1.023,0.649,0.675,0.454,120,W,66,S,,,5297,47.50,0
559,5044.949,"Mount",0.303,-0.843,0.878,0.307,0.615,0.215,109,W,31,S,,,5274,47.67,0
560,5053.808,"Mount",0.217,-0.484,0.511,0.220,0.387,0.000,69,W,0,,,,5085,47.07,0
561,5062.731,"Mount",0.024,0.440,-0.432,0.022,-0.186,0.000,33,E,0,,,,5249,47.13,0
562,5071.911,"Mount",0.458,-0.546,0.607,0.461,0.490,0.323,87,W,47,S,,,5230,47.63,0
563,5081.011,"Mount",0.730,-0.453,0.555,0.732,0.521,0.513,92,W,74,S,,,5495,48.98,0
564,5089.759,"Mount",-0.174,-0.360,0.331,-0.171,0.322,0.000,57,W,0,,,,5035,46.82,0
565,5098.682,"Mount",0.112,-0.175,0.189,0.113,0.053,0.000,9,W,0,,,,5233,47.87,0
566,5107.675,"Mount",-0.292,-0.119,0.075,-0.291,0.006,0.000,1,W,0,,,,5053,46.81,0
567,5116.848,"Mount",-0.346,1.213,-1.250,-0.353,-0.793,0.000,140,E,0,,,,5049,46.16,0
568,5125.805,"Mount",-0.228,0.838,-0.863,-0.233,-0.571,0.000,101,E,0,,,,4898,46.12,0
569,5134.793,"Mount",-0.100,1.077,-1.080,-0.106,-0.670,0.000,119,E,0,,,,5197,47.35,0
570,5143.973,"Mount",0.380,0.809,-0.745,0.375,-0.508,0.263,90,E,38,S,,,5473,49.04,0
571,5152.735,"Mount",0.299,0.701,-0.650,0.295,-0.412,0.000,73,E,0,,,,5235,48.07,0
572,5161.756,"Mount",0.112,0.870,-0.844,0.107,-0.535,0.000,95,E,0,,,,4984,46.75,0
573,5170.936,"Mount",0.432,0.841,-0.769,0.427,-0.474,0.299,84,E,43,S,,,5647,49.99,0
574,5179.746,"Mount",0.255,0.583,-0.539,0.252,-0.352,0.000,62,E,0,,,,5236,47.70,0
575,5188.927,"Mount",0.797,0.470,-0.349,0.794,-0.253,0.556,45,E,80,S,,,5337,48.30,0
576,5197.771,"Mount",0.124,-0.946,0.954,0.129,0.549,0.000,97,W,0,,,,5338,47.89,0
577,5206.627,"Mount",-0.183,-0.195,0.166,-0.182,-0.002,0.000,0,,0,,,,5179,46.95,0
578,5215.748,"Mount",0.236,-0.477,0.507,0.239,0.282,0.000,50,W,0,,,,5238,47.78,0
579,5224.765,"Mount",0.385,0.186,-0.128,0.384,-0.041,0.269,7,E,39,S,,,5139,47.21,0
580,5233.673,"Mount",-0.058,-0.022,0.013,-0.057,-0.057,0.000,10,E,0,,,,5145,46.90,0
581,5242.780,"Mount",-0.008,-0.581,0.574,-0.004,0.310,0.000,55,W,0,,,,5202,47.39,0
582,5251.888,"Mount",0.440,-0.401,0.461,0.442,0.264,0.310,47,W,45,S,,,5090,47.05,0
583,5260.863,"Mount",0.580,-0.244,0.326,0.582,-0.071,0.407,13,E,59,S,,,5453,48.72,0
584,5272.631,"Mount",0.057,-0.305,0.310,0.059,0.005,0.000,1,W,0,,,,5394,48.33,0
585,5281.810,"Mount",0.320,0.330,-0.280,0.318,-0.075,0.223,13,E,32,S,,,5540,49.44,0
586,5290.798,"Mount",0.108,1.090,-1.062,0.102,-0.770,0.000,136,E,0,,,,5142,47.80,0
587,5299.913,"Mount",0.741,0.542,-0.428,0.738,-0.372,0.516,66,E,75,S,,,5404,48.64,0
588,5308.677,"Mount",0.044,0.398,-0.387,0.042,-0.257,0.000,46,E,0,,,,5018,46.99,0
589,5317.841,"Mount",0.420,0.315,-0.251,0.418,-0.091,0.293,16,E,42,S,,,5316,48.41,0
590,5326.776,"Mount",0.288,0.740,-0.690,0.284,-0.489,0.000,87,E,0,,,,5281,48.39,0
591,5335.816,"Mount",0.551,0.257,-0.174,0.550,-0.015,0.385,3,E,56,S,,,5322,48.47,0
592,5344.755,"Mount",0.162,-0.614,0.631,0.165,0.263,0.000,47,W,0,,,,5345,48.01,0
593,5353.872,"Mount",0.170,-1.737,1.744,0.180,1.112,0.000,197,W,0,,,,5330,47.87,0
594,5362.923,"Mount",0.475,-0.785,0.846,0.480,0.594,0.336,105,W,48,S,,,5067,46.88,0
595,5371.639,"Mount",0.234,0.403,-0.364,0.232,-0.287,0.000,51,E,0,,,,5379,48.48,0
596,5380.868,"Mount",0.413,0.365,-0.301,0.411,-0.076,0.287,14,E,41,S,,,5322,48.08,0
597,5389.647,"Mount",0.217,-0.162,0.192,0.218,0.060,0.000,11,W,0,,,,5247,48.52,0
598,5398.714,"Mount",0.370,0.119,-0.064,0.369,0.023,0.258,4,W,37,S,,,5408,48.87,0
599,5407.830,"Mount",0.392,0.653,-0.589,0.389,-0.395,0.272,70,E,39,S,,,5158,47.80,0
600,5416.609,"Mount",0.201,0.031,-0.002,0.201,-0.068,0.000,12,E,0,,,,5218,47.41,0
601,5425.854,"Mount",0.427,-0.511,0.568,0.430,0.381,0.301,67,W,43,S,,,5282,47.95,0
602,5434.842,"Mount",0.345,0.703,-0.645,0.340,-0.422,0.238,75,E,34,S,,,5202,47.62,0
603,5443.685,"Mount",0.257,0.670,-0.626,0.253,-0.417,0.000,74,E,0,,,,5086,47.12,0
604,5452.772,"Mount",0.372,-0.341,0.391,0.374,0.251,0.262,45,W,38,S,,,5102,47.30,0
605,5461.981,"Mount",0.889,-1.335,1.451,0.896,0.933,0.627,165,W,91,S,,,5269,47.55,0
606,5471.191,"Mount",0.710,-3.441,3.507,0.730,2.289,0.511,405,W,74,S,,,5389,48.14,0
607,5479.699,"Mount",-0.010,-0.602,0.594,-0.006,0.518,0.000,92,W,0,,,,5092,47.17,0
608,5488.577,"Mount",-0.002,0.302,-0.299,-0.004,0.028,0.000,5,W,0,,,,4942,46.76,0
609,5497.626,"Mount",0.092,0.279,-0.262,0.090,0.071,0.000,13,W,0,,,,5188,47.63,0
610,5506.598,"Mount",0.164,-0.116,0.139,0.165,0.133,0.000,24,W,0,,,,5545,49.29,0
Guiding Ends at 2026-07-21 00:34:40

Guiding Begins at 2026-07-21 00:38:16
Equipment Profile = QHY5 EQASCOM OAG
Dither = both axes, Dither scale = 1.000, Image noise reduction = 2x2 mean, Guide-frame time lapse = 0, Server enabled
Pixel scale = 1.05 arc-sec/px, Binning = 1, Focal length = 1018 mm
Search region = 24 px, Star mass tolerance = 90.0%, Multi-star mode, list size = 12
 Camera = QHY5II-M-10d7d910f33c7354, gain = 90, full size = 1280 x 1024, have dark, dark dur = 3000, no defect map, pixel size = 5.2 um
Exposure = 3000 ms
Mount = EQMOD HEQ5/6 (ASCOM), connected, guiding enabled, xAngle = -81.6, xRate = 5.644, yAngle = 17.1, yRate = 6.929, parity = +/-
Norm rates RA = 7.0"/s @ dec 0, Dec = 7.3"/s; ortho.err. = 8.7 deg
X guide algorithm = Predictive PEC, Control gain = 0.630
Prediction gain = 0.430
Minimum move = 0.330
Hyperparameters
	Length scale long range SE kernel = 700.000
	Signal variance long range SE kernel = 20.000
	Length scale periodic kernel = 10.000
	Signal variance periodic kernel = 20.000
	Length scale short range SE kernel = 25.000
	Signal variance short range SE kernel = 10.000
	Period length periodic kernel = 492.754
	FFT called after = 2.000 worm cycles
	Auto-adjust period length = On
Y guide algorithm = Resist Switch, Minimum move = 0.300 Aggression = 70% FastSwitch = disabled
Backlash comp = disabled, pulse = 495 ms
Max RA duration = 2500, Max DEC duration = 2500, DEC guide mode = Auto
RA Guide Speed = 7.5 a-s/s, Dec Guide Speed = 7.5 a-s/s, Cal Dec = 0.0, Last Cal Issue = None, Timestamp = 7/7/2026 10:36:27 PM
RA = 20.94 hr, Dec = 31.4 deg, Hour angle = -1.52 hr, Pier side = West, Rotator pos = N/A, Alt = 62.9 deg, Az = 133.3 deg
Lock position = 89.258, 112.199, Star position = 89.258, 112.199, HFD = 3.86 px
Frame,Time,mount,dx,dy,RARawDistance,DECRawDistance,RAGuideDistance,DECGuideDistance,RADuration,RADirection,DECDuration,DECDirection,XStep,YStep,StarMass,SNR,ErrorCode
INFO: SETTLING STATE CHANGE, Settling started
1,9.074,"Mount",0.756,-0.139,0.248,0.756,0.156,0.000,28,W,0,,,,4997,46.73,0
INFO: SETTLING STATE CHANGE, Settling complete
2,18.007,"Mount",0.676,0.114,-0.014,0.675,-0.009,0.000,2,E,0,,,,5036,47.49,0
3,27.123,"Mount",0.074,0.716,-0.698,0.070,-0.440,0.000,78,E,0,,,,5164,47.79,0
4,36.310,"Mount",0.460,1.213,-1.133,0.453,-0.745,0.317,132,E,46,S,,,5096,47.31,0
5,45.297,"Mount",0.615,0.846,-0.747,0.610,-0.521,0.427,92,E,62,S,,,4850,46.17,0
6,54.237,"Mount",0.379,0.463,-0.403,0.376,-0.374,0.263,66,E,38,S,,,4963,46.69,0
7,63.369,"Mount",0.637,-1.081,1.162,0.643,0.717,0.450,127,W,65,S,,,4828,45.92,0
8,72.084,"Mount",0.019,-0.092,0.093,0.019,-0.112,0.000,20,E,0,,,,4901,46.29,0
9,81.137,"Mount",0.013,-1.217,1.206,0.020,0.699,0.000,124,W,0,,,,4997,46.97,0
10,90.252,"Mount",0.342,-0.839,0.880,0.347,0.479,0.243,85,W,35,S,,,4925,46.67,0
11,99.400,"Mount",0.349,-2.413,2.438,0.363,1.435,0.254,254,W,37,S,,,4908,46.16,0
12,108.146,"Mount",0.133,-1.355,1.360,0.141,0.871,0.000,154,W,0,,,,4740,45.48,0
13,116.950,"Mount",-0.154,-0.059,0.035,-0.154,0.037,0.000,7,W,0,,,,4969,46.65,0
14,126.075,"Mount",-0.081,0.679,-0.684,-0.085,-0.425,0.000,75,E,0,,,,4975,46.77,0
15,135.030,"Mount",0.183,0.529,-0.497,0.180,-0.320,0.000,57,E,0,,,,5068,47.36,0
16,144.203,"Mount",0.742,0.470,-0.356,0.740,-0.173,0.518,31,E,75,S,,,5165,47.64,0
17,153.005,"Mount",0.165,0.332,-0.304,0.163,0.079,0.000,14,W,0,,,,5051,46.93,0
18,162.105,"Mount",0.277,1.141,-1.089,0.270,-0.739,0.000,131,E,0,,,,5015,47.08,0
19,171.059,"Mount",0.216,0.478,-0.441,0.214,-0.291,0.000,52,E,0,,,,4862,46.38,0
20,180.016,"Mount",0.071,0.682,-0.664,0.067,-0.343,0.000,61,E,0,,,,4828,46.18,0
21,189.275,"Mount",0.525,1.362,-1.270,0.517,-0.735,0.362,130,E,52,S,,,4786,45.82,0
22,198.200,"Mount",0.379,0.712,-0.649,0.375,-0.430,0.263,76,E,38,S,,,4854,46.26,0
23,207.091,"Mount",0.357,-0.032,0.084,0.358,-0.027,0.250,5,E,36,S,,,4945,46.13,0
24,216.510,"Mount",0.590,-3.190,3.242,0.609,2.087,0.426,370,W,62,S,,,5215,48.01,0
25,225.076,"Mount",0.130,-0.894,0.903,0.135,0.709,0.000,126,W,0,,,,4768,45.74,0
26,234.038,"Mount",-0.163,0.463,-0.482,-0.166,-0.270,0.000,48,E,0,,,,4965,46.69,0
27,242.992,"Mount",0.151,-0.593,0.609,0.154,0.376,0.000,67,W,0,,,,4865,46.07,0
28,252.204,"Mount",0.704,-0.542,0.639,0.708,0.472,0.495,84,W,71,S,,,5078,47.57,0
29,261.303,"Mount",0.761,-1.026,1.126,0.767,0.748,0.537,133,W,77,S,,,4775,45.73,0
30,270.065,"Mount",-0.211,-1.073,1.031,-0.205,0.675,0.000,120,W,0,,,,5040,46.81,0
31,279.215,"Mount",0.411,-0.772,0.824,0.415,0.677,0.291,120,W,42,S,,,4967,46.61,0
32,288.011,"Mount",-0.052,-0.419,0.407,-0.049,0.403,0.000,71,W,0,,,,5128,47.32,0
33,297.015,"Mount",0.100,0.507,-0.487,0.097,-0.264,0.000,47,E,0,,,,5004,46.70,0
34,305.923,"Mount",0.074,-0.083,0.092,0.074,0.052,0.000,9,W,0,,,,4725,45.48,0
35,315.120,"Mount",0.392,0.589,-0.526,0.389,-0.217,0.272,38,E,39,S,,,4834,46.00,0
36,324.074,"Mount",0.380,-0.012,0.067,0.380,-0.026,0.266,5,E,38,S,,,4636,45.41,0
37,333.142,"Mount",0.524,0.221,-0.142,0.523,0.097,0.366,17,W,53,S,,,4823,46.17,0
38,342.049,"Mount",-0.008,1.182,-1.170,-0.015,-0.705,0.000,125,E,0,,,,5081,47.18,0
39,351.180,"Mount",0.262,1.603,-1.548,0.253,-1.091,0.000,193,E,0,,,,5027,47.12,0
40,360.069,"Mount",0.030,1.059,-1.043,0.024,-0.707,0.000,125,E,0,,,,4622,45.03,0
41,369.236,"Mount",0.602,1.003,-0.905,0.596,-0.647,0.417,115,E,60,S,,,5174,48.11,0
42,378.113,"Mount",0.560,0.411,-0.325,0.557,-0.101,0.390,18,E,56,S,,,5045,47.29,0
43,387.003,"Mount",-0.433,0.552,-0.609,-0.436,-0.418,0.000,74,E,0,,,,4829,45.78,0
44,396.023,"Mount",0.120,0.808,-0.782,0.115,-0.577,0.000,102,E,0,,,,4376,43.93,0
45,405.171,"Mount",0.492,-0.219,0.288,0.493,-0.124,0.345,22,E,50,S,,,5022,47.08,0
46,414.206,"Mount",0.679,-0.927,1.016,0.684,0.609,0.479,108,W,69,S,,,4720,45.65,0
47,422.918,"Mount",-0.205,-0.216,0.184,-0.203,-0.156,0.000,28,E,0,,,,4844,45.84,0
48,431.990,"Mount",-0.529,-0.772,0.687,-0.525,0.349,0.000,62,W,0,,,,4856,46.39,0
49,440.997,"Mount",0.071,-0.366,0.373,0.073,0.231,0.000,41,W,0,,,,5119,47.29,0
50,449.881,"Mount",0.127,-0.259,0.274,0.128,0.002,0.000,0,,0,,,,4823,45.78,0
51,459.049,"Mount",0.347,0.252,-0.199,0.346,-0.049,0.242,9,E,35,S,,,4909,46.51,0
52,468.070,"Mount",0.320,-0.333,0.376,0.322,0.164,0.225,29,W,33,S,,,4858,46.04,0
53,479.837,"Mount",0.033,-0.177,0.180,0.034,0.001,0.000,0,,0,,,,4741,45.79,0
54,489.084,"Mount",0.472,-0.087,0.155,0.473,-0.028,0.331,5,E,48,S,,,4968,47.13,0
55,497.884,"Mount",-0.111,0.057,-0.072,-0.111,-0.027,0.000,5,E,0,,,,5037,46.92,0
56,506.995,"Mount",0.220,0.836,-0.795,0.215,-0.529,0.000,94,E,0,,,,4784,45.74,0
57,516.174,"Mount",0.464,0.765,-0.689,0.459,-0.494,0.321,88,E,46,S,,,4927,46.86,0
58,524.985,"Mount",0.001,0.914,-0.904,-0.004,-0.648,0.000,115,E,0,,,,4635,45.08,0
59,534.054,"Mount",0.404,-0.038,0.096,0.404,-0.110,0.283,19,E,41,S,,,4656,45.35,0
60,542.945,"Mount",0.232,0.067,-0.033,0.232,-0.088,0.000,16,E,0,,,,4842,45.95,0
61,551.901,"Mount",0.251,0.037,-0.000,0.251,-0.128,0.000,23,E,0,,,,4685,45.20,0
62,561.113,"Mount",0.474,0.168,-0.097,0.473,-0.092,0.331,16,E,48,S,,,4752,45.90,0
63,570.101,"Mount",0.576,-0.135,0.217,0.576,-0.057,0.403,10,E,58,S,,,4942,46.90,0
64,579.360,"Mount",0.690,-2.478,2.553,0.704,1.580,0.493,280,W,71,S,,,5032,46.82,0
65,588.364,"Mount",0.727,-2.149,2.232,0.739,1.509,0.517,267,W,75,S,,,4935,46.27,0
66,596.967,"Mount",-0.168,-0.723,0.691,-0.164,0.573,0.000,101,W,0,,,,4927,45.98,0
67,605.827,"Mount",-0.487,-0.086,0.014,-0.486,0.040,0.000,7,W,0,,,,5315,48.18,0
68,614.894,"Mount",-0.175,0.559,-0.579,-0.178,-0.287,0.000,51,E,0,,,,4631,45.13,0
69,624.185,"Mount",1.055,-0.024,0.177,1.055,0.071,0.739,13,W,107,S,,,5210,48.05,0
INFO: SET LOCK POSITION, new lock pos = 89.258, 112.199
INFO: DITHER by -1.227, 1.235, new lock pos = 90.300, 113.593
INFO: SETTLING STATE CHANGE, Settling started
70,633.333,"Mount",-1.043,-1.394,1.227,-1.235,1.227,-1.235,217,W,178,N,,,5483,48.57,0
INFO: SETTLING STATE CHANGE, Settling complete
71,641.985,"Mount",-1.097,0.870,-1.021,-1.102,-0.643,0.000,114,E,0,,,,5736,50.12,0
72,650.973,"Mount",-0.519,0.410,-0.482,-0.522,-0.303,0.000,54,E,0,,,,5177,47.57,0
73,660.025,"Mount",-0.335,0.421,-0.465,-0.337,-0.241,-0.236,43,E,34,N,,,5594,49.67,0
74,668.948,"Mount",-0.021,0.604,-0.600,-0.025,-0.442,0.000,78,E,0,,,,5384,48.59,0
75,677.969,"Mount",0.225,1.025,-0.981,0.220,-0.789,0.000,140,E,0,,,,5354,48.23,0
76,686.924,"Mount",0.497,-0.660,0.726,0.501,0.347,0.000,61,W,0,,,,5159,47.81,0
77,696.169,"Mount",0.123,-2.389,2.381,0.137,1.613,0.000,286,W,0,,,,5268,48.00,0
78,704.904,"Mount",-0.124,-0.030,0.012,-0.124,0.213,0.000,38,W,0,,,,5413,48.82,0
79,713.840,"Mount",0.431,-0.088,0.150,0.432,0.045,0.000,8,W,0,,,,5075,47.57,0
80,725.804,"Mount",1.170,0.004,0.167,1.170,-0.008,0.000,1,E,0,,,,5269,47.81,0
81,734.917,"Mount",1.345,-0.352,0.544,1.347,0.435,0.000,77,W,0,,,,5195,48.00,0
82,747.264,"Mount",1.662,-0.250,0.490,1.664,0.466,1.164,83,W,168,S,,,5169,48.04,0
83,756.091,"Mount",1.178,0.150,0.024,1.177,0.181,0.824,32,W,119,S,,,5240,48.21,0
84,765.015,"Mount",0.321,0.135,-0.086,0.320,0.073,0.224,13,W,32,S,,,5145,47.15,0
85,773.938,"Mount",0.494,0.051,0.021,0.494,0.053,0.346,9,W,50,S,,,5136,47.44,0
86,782.814,"Mount",0.259,0.156,-0.117,0.259,0.027,0.000,5,W,0,,,,5216,47.87,0
87,791.993,"Mount",0.666,0.124,-0.025,0.666,0.005,0.466,1,W,67,S,,,5262,48.32,0
88,801.012,"Mount",0.341,-0.331,0.378,0.343,0.282,0.240,50,W,35,S,,,5189,47.66,0
89,809.874,"Mount",-0.243,0.185,-0.219,-0.244,0.060,0.000,11,W,0,,,,5309,48.12,0
90,818.876,"Mount",0.201,0.793,-0.756,0.196,-0.565,0.000,100,E,0,,,,5326,48.15,0
91,828.120,"Mount",0.493,1.064,-0.981,0.487,-0.721,0.341,128,E,49,S,,,5264,47.83,0
92,836.933,"Mount",0.288,1.034,-0.981,0.282,-0.702,0.000,124,E,0,,,,5149,47.46,0
93,845.887,"Mount",0.012,0.587,-0.579,0.008,-0.498,0.000,88,E,0,,,,5185,47.67,0
94,854.971,"Mount",0.356,-0.243,0.292,0.357,-0.077,0.250,14,E,36,S,,,5258,48.18,0
95,864.054,"Mount",0.420,-0.841,0.893,0.425,0.470,0.297,83,W,43,S,,,5028,46.93,0
96,875.888,"Mount",0.158,0.361,-0.334,0.156,-0.397,0.000,70,E,0,,,,5337,48.25,0
97,885.053,"Mount",0.416,0.456,-0.391,0.414,-0.315,0.290,56,E,42,S,,,5368,48.59,0
98,893.784,"Mount",0.276,0.050,-0.009,0.275,-0.067,0.000,12,E,0,,,,5552,49.24,0
99,902.830,"Mount",0.019,0.286,-0.280,0.017,-0.071,0.000,13,E,0,,,,5243,48.24,0
100,911.807,"Mount",0.156,-0.202,0.223,0.157,-0.012,0.000,2,E,0,,,,5095,47.29,0
101,920.970,"Mount",0.645,-0.148,0.241,0.646,-0.004,0.452,1,E,65,S,,,5105,47.40,0
102,929.853,"Mount",0.297,-0.385,0.424,0.299,0.233,0.000,41,W,0,,,,5472,48.80,0
103,938.962,"Mount",0.648,0.337,-0.239,0.646,-0.028,0.452,5,E,65,S,,,5160,47.47,0
104,947.982,"Mount",0.481,0.027,0.043,0.481,0.013,0.336,2,W,49,S,,,5152,47.72,0
105,956.779,"Mount",0.072,-0.129,0.138,0.073,-0.010,0.000,2,E,0,,,,5329,48.53,0
106,965.924,"Mount",0.528,-0.196,0.271,0.529,0.009,0.371,2,W,53,S,,,5264,47.97,0
107,974.800,"Mount",-0.072,-0.352,0.337,-0.069,0.176,0.000,31,W,0,,,,5687,49.59,0
108,983.875,"Mount",-0.006,0.408,-0.404,-0.008,-0.271,0.000,48,E,0,,,,5256,48.06,0
109,993.048,"Mount",0.620,0.647,-0.550,0.616,-0.446,0.431,79,E,62,S,,,5312,47.94,0
110,1002.004,"Mount",0.338,0.015,0.035,0.338,-0.122,0.237,22,E,34,S,,,5075,47.33,0
111,1010.975,"Mount",0.421,0.041,0.021,0.421,-0.128,0.295,23,E,43,S,,,5164,47.64,0
112,1019.786,"Mount",-0.087,0.089,-0.101,-0.087,-0.132,0.000,23,E,0,,,,5476,48.48,0
113,1028.790,"Mount",-0.184,-0.445,0.414,-0.181,0.154,0.000,27,W,0,,,,5118,46.66,0
114,1037.811,"Mount",0.203,-0.049,0.078,0.203,-0.084,0.000,15,E,0,,,,5357,48.37,0
115,1049.853,"Mount",-0.317,-0.768,0.714,-0.312,0.329,0.000,58,W,0,,,,5521,49.28,0
116,1059.224,"Mount",0.447,-2.324,2.364,0.460,1.660,0.322,294,W,46,S,,,5383,48.86,0
117,1067.812,"Mount",-0.130,0.026,-0.044,-0.130,0.276,0.000,49,W,0,,,,5228,47.85,0
118,1076.800,"Mount",-0.107,0.526,-0.536,-0.110,-0.236,0.000,42,E,0,,,,5236,47.91,0
119,1085.948,"Mount",0.581,0.373,-0.284,0.578,0.142,0.405,25,W,58,S,,,5365,48.37,0
120,1094.983,"Mount",0.411,0.721,-0.653,0.407,-0.346,0.285,61,E,41,S,,,5522,49.33,0
121,1103.762,"Mount",-0.391,0.474,-0.526,-0.393,-0.251,0.000,45,E,0,,,,5470,48.84,0
122,1112.739,"Mount",0.277,0.103,-0.062,0.276,-0.006,0.000,1,E,0,,,,5265,47.81,0
123,1121.835,"Mount",0.337,0.329,-0.276,0.335,-0.025,0.234,4,E,34,S,,,5555,49.20,0
124,1130.822,"Mount",-0.211,0.326,-0.353,-0.213,-0.250,0.000,44,E,0,,,,5441,48.46,0
125,1139.731,"Mount",0.049,-0.016,0.023,0.049,-0.038,0.000,7,E,0,,,,5473,49.03,0
126,1148.975,"Mount",0.637,0.446,-0.348,0.634,-0.289,0.444,51,E,64,S,,,5498,48.96,0
127,1157.767,"Mount",0.210,0.097,-0.065,0.209,-0.212,0.000,38,E,0,,,,5543,48.91,0
128,1167.141,"Mount",0.684,-1.561,1.644,0.693,1.061,0.485,188,W,70,S,,,5389,49.23,0
129,1176.368,"Mount",0.496,-3.207,3.245,0.515,2.275,0.360,403,W,52,S,,,5671,50.12,0
130,1184.828,"Mount",-0.297,-0.473,0.425,-0.294,0.462,0.000,82,W,0,,,,5518,48.81,0
131,1193.795,"Mount",0.002,-0.396,0.392,0.005,0.257,0.000,45,W,0,,,,5503,49.05,0
132,1202.756,"Mount",0.148,0.025,-0.003,0.148,0.066,0.000,12,W,0,,,,5293,48.21,0
133,1211.738,"Mount",-0.220,0.004,-0.036,-0.220,0.112,0.000,20,W,0,,,,5357,48.75,0
134,1220.764,"Mount",0.142,-0.418,0.434,0.144,0.381,0.000,68,W,0,,,,5722,50.01,0
135,1229.739,"Mount",0.202,0.217,-0.185,0.201,0.120,0.000,21,W,0,,,,5028,46.92,0
136,1238.754,"Mount",0.260,0.304,-0.263,0.258,0.090,0.000,16,W,0,,,,5486,48.80,0
137,1248.063,"Mount",0.723,0.440,-0.330,0.720,-0.151,0.504,27,E,73,S,,,5510,49.29,0
138,1256.734,"Mount",-0.197,-0.214,0.183,-0.196,0.030,0.000,5,W,0,,,,5331,48.14,0
139,1265.673,"Mount",0.027,0.107,-0.102,0.026,0.005,0.000,1,W,0,,,,5533,49.33,0
140,1274.851,"Mount",0.186,1.101,-1.062,0.180,-0.671,0.000,119,E,0,,,,5446,49.00,0
141,1283.839,"Mount",0.374,0.069,-0.014,0.373,-0.031,0.261,6,E,38,S,,,5232,47.82,0
142,1292.656,"Mount",0.110,0.334,-0.314,0.108,-0.031,0.000,5,E,0,,,,5286,47.94,0
143,1302.022,"Mount",0.398,1.255,-1.184,0.390,-0.830,0.273,147,E,39,S,,,5294,48.09,0
144,1311.009,"Mount",0.439,0.943,-0.869,0.433,-0.762,0.303,135,E,44,S,,,5440,48.75,0
145,1319.741,"Mount",-0.030,0.355,-0.356,-0.032,-0.397,0.000,70,E,0,,,,5440,48.74,0
146,1328.713,"Mount",0.172,0.054,-0.028,0.172,-0.085,0.000,15,E,0,,,,5361,48.41,0
147,1337.738,"Mount",0.095,-0.048,0.062,0.095,-0.115,0.000,20,E,0,,,,5449,48.80,0
148,1346.944,"Mount",0.451,0.699,-0.625,0.447,-0.461,0.313,82,E,45,S,,,5547,49.52,0
149,1355.884,"Mount",0.548,-0.349,0.425,0.550,0.134,0.385,24,W,56,S,,,5489,49.18,0
150,1364.713,"Mount",-0.059,-0.110,0.100,-0.058,-0.050,0.000,9,E,0,,,,5592,49.47,0
151,1373.908,"Mount",0.309,-0.723,0.760,0.314,0.394,0.219,70,W,32,S,,,5227,47.81,0
152,1382.671,"Mount",0.189,-0.050,0.077,0.189,-0.015,0.000,3,E,0,,,,5645,49.95,0
153,1391.819,"Mount",0.575,0.092,-0.007,0.575,0.004,0.402,1,W,58,S,,,5692,49.82,0
154,1400.732,"Mount",0.213,-0.370,0.397,0.215,0.226,0.000,40,W,0,,,,5654,50.08,0
155,1409.777,"Mount",0.359,-0.137,0.188,0.359,0.048,0.252,8,W,36,S,,,5626,49.79,0
156,1418.717,"Mount",-0.227,-0.544,0.505,-0.224,0.273,0.000,48,W,0,,,,5718,50.17,0
157,1427.689,"Mount",-0.016,-0.185,0.180,-0.015,-0.006,0.000,1,E,0,,,,5279,48.02,0
158,1436.649,"Mount",-0.067,-0.113,0.102,-0.066,-0.030,0.000,5,E,0,,,,5651,49.43,0
159,1445.622,"Mount",0.111,0.001,0.015,0.111,0.039,0.000,7,W,0,,,,5469,48.84,0
160,1454.892,"Mount",0.651,0.533,-0.433,0.648,-0.323,0.454,57,E,66,S,,,5173,47.55,0
161,1463.944,"Mount",0.784,0.973,-0.848,0.779,-0.630,0.545,112,E,79,S,,,5352,48.62,0
162,1472.771,"Mount",-0.141,0.803,-0.815,-0.146,-0.654,0.000,116,E,0,,,,5518,49.17,0
163,1481.759,"Mount",-0.049,0.604,-0.604,-0.052,-0.550,0.000,97,E,0,,,,5149,47.69,0
164,1490.874,"Mount",0.503,-0.176,0.247,0.504,-0.185,0.353,33,E,51,S,,,5201,47.87,0
165,1499.942,"Mount",0.756,-0.467,0.572,0.758,0.283,0.531,50,W,77,S,,,5210,48.03,0
166,1508.658,"Mount",-0.267,-0.163,0.122,-0.266,-0.075,0.000,13,E,0,,,,5299,48.09,0
167,1517.854,"Mount",0.397,-0.217,0.273,0.398,-0.085,0.279,15,E,40,S,,,5428,48.99,0
168,1526.810,"Mount",0.284,-0.913,0.945,0.289,0.655,0.000,116,W,0,,,,5257,47.86,0
169,1536.085,"Mount",0.727,-1.658,1.747,0.737,1.350,0.516,239,W,74,S,,,5242,48.30,0
170,1544.993,"Mount",0.382,-1.653,1.691,0.391,1.333,0.274,236,W,40,S,,,5203,47.79,0
171,1553.692,"Mount",0.244,0.263,-0.225,0.242,0.293,0.000,52,W,0,,,,5204,47.62,0
172,1562.712,"Mount",0.248,0.634,-0.591,0.244,-0.303,0.000,54,E,0,,,,5247,47.99,0
173,1571.827,"Mount",0.368,-0.397,0.447,0.370,0.227,0.259,40,W,37,S,,,5004,46.82,0
174,1580.831,"Mount",0.396,-0.375,0.428,0.399,0.269,0.279,48,W,40,S,,,5475,48.57,0
175,1589.770,"Mount",0.313,0.340,-0.290,0.311,-0.037,0.218,7,E,31,S,,,5784,50.34,0
176,1598.662,"Mount",0.136,-0.147,0.165,0.137,-0.124,0.000,22,E,0,,,,5609,49.57,0
177,1607.619,"Mount",-0.287,-0.189,0.145,-0.285,0.003,0.000,1,W,0,,,,5362,48.65,0
178,1619.725,"Mount",-0.075,0.892,-0.893,-0.080,-0.704,0.000,125,E,0,,,,5108,47.07,0
179,1628.936,"Mount",0.959,0.559,-0.413,0.956,-0.450,0.669,80,E,97,S,,,5434,48.65,0
180,1637.679,"Mount",0.286,0.230,-0.186,0.285,-0.125,0.000,22,E,0,,,,5333,48.03,0
181,1646.768,"Mount",0.005,-1.150,1.138,0.012,0.969,0.000,172,W,0,,,,5346,48.06,0
182,1655.852,"Mount",0.267,-1.585,1.607,0.276,1.371,0.000,243,W,0,,,,5098,47.41,0
183,1664.824,"Mount",0.360,-0.431,0.478,0.362,0.400,0.254,71,W,37,S,,,4871,46.18,0
184,1673.588,"Mount",0.221,0.058,-0.025,0.221,0.028,0.000,5,W,0,,,,5194,47.76,0
185,1682.814,"Mount",0.353,-0.488,0.534,0.356,0.327,0.249,58,W,36,S,,,5194,47.62,0
186,1691.660,"Mount",0.240,-0.365,0.396,0.242,0.382,0.000,68,W,0,,,,5131,47.24,0
187,1700.854,"Mount",0.525,-0.689,0.758,0.529,0.607,0.370,107,W,53,S,,,4787,45.80,0
188,1709.958,"Mount",0.465,-1.586,1.637,0.474,1.131,0.332,200,W,48,S,,,5123,47.70,0
189,1718.703,"Mount",-0.446,-0.780,0.707,-0.441,0.549,0.000,97,W,0,,,,5221,47.76,0
190,1727.594,"Mount",0.080,-0.111,0.122,0.081,0.017,0.000,3,W,0,,,,5007,46.79,0
191,1736.679,"Mount",0.049,-0.356,0.359,0.052,0.232,0.000,41,W,0,,,,4971,46.00,0
192,1745.586,"Mount",0.025,0.099,-0.094,0.025,-0.050,0.000,9,E,0,,,,5114,47.13,0
193,1754.557,"Mount",0.096,0.250,-0.234,0.095,-0.012,0.000,2,E,0,,,,5387,48.42,0
194,1763.613,"Mount",-0.069,0.337,-0.343,-0.071,-0.190,0.000,34,E,0,,,,4998,46.31,0
195,1772.757,"Mount",0.456,0.246,-0.177,0.454,-0.070,0.318,12,E,46,S,,,5055,47.14,0
196,1781.686,"Mount",0.112,0.617,-0.595,0.108,-0.570,0.000,101,E,0,,,,5341,47.72,0
197,1790.604,"Mount",0.219,0.256,-0.221,0.218,-0.178,0.000,32,E,0,,,,5252,47.64,0
198,1799.805,"Mount",0.628,0.393,-0.297,0.625,-0.195,0.438,35,E,63,S,,,5033,46.72,0
199,1808.676,"Mount",-0.103,0.645,-0.653,-0.107,-0.459,0.000,81,E,0,,,,5283,47.79,0
200,1817.618,"Mount",0.198,0.176,-0.145,0.197,-0.054,0.000,10,E,0,,,,5107,47.05,0
201,1826.587,"Mount",0.300,0.279,-0.232,0.299,-0.116,0.000,20,E,0,,,,5078,47.02,0
202,1835.688,"Mount",0.229,0.866,-0.823,0.224,-0.595,0.000,106,E,0,,,,5241,47.75,0
203,1844.691,"Mount",0.156,0.565,-0.536,0.153,-0.427,0.000,76,E,0,,,,5018,46.75,0
204,1853.663,"Mount",0.370,-0.074,0.127,0.370,-0.014,0.259,2,E,37,S,,,5020,46.73,0
205,1862.859,"Mount",0.840,-0.583,0.699,0.844,0.422,0.591,75,W,85,S,,,4624,45.18,0
206,1871.529,"Mount",-0.159,0.186,-0.207,-0.160,-0.003,0.000,1,E,0,,,,4577,44.61,0
207,1880.786,"Mount",0.517,-0.687,0.755,0.521,0.502,0.365,89,W,53,S,,,4590,44.88,0
208,1889.709,"Mount",0.396,-0.210,0.266,0.397,0.005,0.278,1,W,40,S,,,4574,44.72,0
209,1901.624,"Mount",0.043,-0.609,0.609,0.046,0.365,0.000,65,W,0,,,,4625,44.84,0
210,1910.612,"Mount",-0.140,-0.455,0.430,-0.137,0.279,0.000,49,W,0,,,,4526,44.45,0
211,1919.601,"Mount",0.262,-0.455,0.488,0.264,0.314,0.000,56,W,0,,,,4488,44.20,0
212,1928.611,"Mount",-0.045,0.419,-0.421,-0.048,-0.299,0.000,53,E,0,,,,4544,44.58,0
213,1937.573,"Mount",-0.027,0.248,-0.249,-0.028,-0.116,0.000,21,E,0,,,,4419,43.66,0
214,1946.707,"Mount",0.347,0.317,-0.264,0.345,-0.150,0.242,27,E,35,S,,,4497,44.51,0
215,1955.855,"Mount",0.436,0.990,-0.916,0.430,-0.793,0.301,140,E,43,S,,,4515,44.34,0
216,1964.762,"Mount",0.408,0.165,-0.104,0.407,-0.153,0.285,27,E,41,S,,,4360,43.22,0
217,1973.734,"Mount",0.440,-0.153,0.215,0.441,-0.107,0.309,19,E,45,S,,,4419,43.67,0
218,1982.593,"Mount",-0.016,0.340,-0.338,-0.018,-0.248,0.000,44,E,0,,,,4262,42.96,0
219,1991.549,"Mount",0.282,-0.182,0.221,0.283,-0.071,0.000,13,E,0,,,,4484,44.26,0
220,2000.521,"Mount",-0.023,-0.119,0.115,-0.022,0.016,0.000,3,W,0,,,,4222,42.16,0
221,2009.845,"Mount",0.485,-0.792,0.854,0.489,0.840,0.343,149,W,49,S,,,4440,44.02,0
222,2019.041,"Mount",0.782,-1.817,1.911,0.793,1.630,0.555,289,W,80,S,,,4507,44.42,0
223,2027.628,"Mount",0.162,-0.588,0.605,0.165,0.621,0.000,110,W,0,,,,4633,44.71,0
224,2036.568,"Mount",-0.251,0.380,-0.412,-0.253,-0.297,0.000,53,E,0,,,,4483,44.05,0
225,2045.655,"Mount",-0.309,0.680,-0.717,-0.312,-0.456,0.000,81,E,0,,,,4584,44.54,0
226,2054.512,"Mount",-0.149,0.088,-0.109,-0.150,-0.035,0.000,6,E,0,,,,4566,44.46,0
227,2063.611,"Mount",-0.054,0.594,-0.595,-0.057,-0.488,0.000,86,E,0,,,,4301,42.87,0
228,2072.519,"Mount",-0.360,-0.194,0.139,-0.359,-0.036,0.000,6,E,0,,,,4080,41.46,0
229,2081.459,"Mount",-0.081,0.097,-0.108,-0.082,-0.035,0.000,6,E,0,,,,4266,42.97,0
230,2090.674,"Mount",0.342,0.207,-0.155,0.341,-0.110,0.239,20,E,34,S,,,4398,43.67,0
231,2099.514,"Mount",0.097,0.329,-0.311,0.095,-0.132,0.000,23,E,0,,,,4135,42.16,0
232,2108.774,"Mount",0.541,0.480,-0.396,0.538,-0.425,0.377,75,E,54,S,,,4264,42.47,0
233,2117.682,"Mount",0.834,-0.156,0.275,0.835,0.008,0.584,1,W,84,S,,,3956,41.19,0
234,2126.748,"Mount",0.117,-1.504,1.505,0.125,1.391,0.000,247,W,0,,,,4128,42.09,0
235,2138.983,"Mount",0.742,-2.386,2.469,0.756,1.704,0.529,302,W,76,S,,,3994,41.23,0
236,2147.538,"Mount",0.217,0.065,-0.033,0.217,0.017,0.000,3,W,0,,,,3977,41.16,0
237,2156.478,"Mount",0.140,-0.246,0.263,0.142,-0.028,0.000,5,E,0,,,,3997,41.62,0
238,2165.722,"Mount",0.533,0.085,-0.006,0.532,0.086,0.373,15,W,54,S,,,4146,42.08,0
239,2174.565,"Mount",0.244,-0.393,0.424,0.246,0.410,0.000,73,W,0,,,,4094,41.67,0
240,2183.556,"Mount",0.066,-0.021,0.030,0.067,0.167,0.000,30,W,0,,,,4034,41.07,0
241,2192.669,"Mount",0.523,-0.191,0.265,0.524,0.055,0.367,10,W,53,S,,,3913,40.55,0
242,2201.424,"Mount",0.159,0.011,0.012,0.159,-0.021,0.000,4,E,0,,,,4283,42.86,0
243,2210.549,"Mount",0.186,-0.462,0.484,0.189,0.305,0.000,54,W,0,,,,4371,43.74,0
244,2219.616,"Mount",0.388,-0.088,0.143,0.388,-0.009,0.272,2,E,39,S,,,4339,43.19,0
245,2228.588,"Mount",0.307,0.281,-0.233,0.306,-0.037,0.214,7,E,31,S,,,4128,42.29,0
246,2237.592,"Mount",0.398,0.344,-0.282,0.396,-0.013,0.277,2,E,40,S,,,4332,43.42,0
247,2246.643,"Mount",0.428,0.284,-0.218,0.426,-0.088,0.298,16,E,43,S,,,3996,41.00,0
248,2255.486,"Mount",-0.034,0.215,-0.217,-0.036,-0.193,0.000,34,E,0,,,,4574,44.23,0
249,2264.524,"Mount",0.168,0.217,-0.190,0.167,-0.203,0.000,36,E,0,,,,4322,42.93,0
250,2273.478,"Mount",0.193,0.223,-0.192,0.191,-0.174,0.000,31,E,0,,,,4328,42.88,0
251,2282.674,"Mount",0.845,0.116,0.009,0.844,-0.087,0.591,15,E,85,S,,,4254,42.84,0
252,2291.646,"Mount",0.405,-0.098,0.156,0.406,-0.030,0.284,5,E,41,S,,,4183,41.99,0
253,2300.490,"Mount",0.018,-0.552,0.549,0.021,0.215,0.000,38,W,0,,,,4099,41.83,0
254,2309.653,"Mount",0.500,-0.014,0.087,0.500,-0.099,0.350,18,E,51,S,,,4234,42.75,0
255,2318.480,"Mount",0.163,0.057,-0.033,0.163,-0.096,0.000,17,E,0,,,,4177,41.97,0
256,2327.386,"Mount",0.236,-0.134,0.167,0.237,-0.001,0.000,0,,0,,,,4104,41.88,0
257,2336.584,"Mount",0.399,0.305,-0.244,0.397,-0.014,0.278,2,E,40,S,,,4020,41.34,0
258,2345.555,"Mount",0.039,0.362,-0.352,0.037,-0.235,0.000,42,E,0,,,,4008,41.27,0
259,2354.416,"Mount",0.208,-0.108,0.138,0.208,0.052,0.000,9,W,0,,,,3951,41.26,0
260,2363.440,"Mount",0.270,0.217,-0.175,0.269,-0.019,0.000,3,E,0,,,,4179,42.31,0
261,2372.599,"Mount",0.471,0.251,-0.180,0.470,-0.027,0.329,5,E,47,S,,,4055,41.66,0
262,2381.458,"Mount",-0.033,0.216,-0.219,-0.034,0.008,0.000,1,W,0,,,,4058,41.35,0
263,2390.590,"Mount",0.357,0.213,-0.159,0.355,0.015,0.249,3,W,36,S,,,4199,42.24,0
264,2399.610,"Mount",0.408,-0.025,0.084,0.408,-0.044,0.286,8,E,41,S,,,4146,42.19,0
265,2408.645,"Mount",0.406,0.331,-0.268,0.405,-0.074,0.283,13,E,41,S,,,4333,42.98,0
266,2417.504,"Mount",-0.072,0.367,-0.373,-0.074,-0.383,0.000,68,E,0,,,,4167,42.34,0
267,2426.530,"Mount",-0.002,0.271,-0.268,-0.004,-0.246,0.000,44,E,0,,,,4344,42.75,0
268,2435.657,"Mount",0.323,0.434,-0.383,0.321,-0.414,0.224,73,E,32,S,,,4470,43.72,0
269,2444.580,"Mount",0.467,0.201,-0.130,0.466,-0.089,0.326,16,E,47,S,,,4281,42.80,0
270,2453.456,"Mount",-0.015,-0.029,0.027,-0.015,-0.073,0.000,13,E,0,,,,4438,43.86,0
271,2462.523,"Mount",0.352,-0.166,0.216,0.353,-0.028,0.247,5,E,36,S,,,4442,43.43,0
272,2471.399,"Mount",-0.178,-0.001,-0.025,-0.178,-0.059,0.000,11,E,0,,,,4535,43.80,0
273,2480.595,"Mount",0.353,0.209,-0.156,0.352,0.114,0.247,20,W,36,S,,,4329,43.13,0
274,2489.583,"Mount",-0.056,-0.581,0.566,-0.053,0.889,0.000,158,W,0,,,,4571,44.32,0
275,2498.555,"Mount",0.176,-0.579,0.598,0.179,0.754,0.000,134,W,0,,,,4459,43.92,0
276,2507.478,"Mount",0.013,-0.432,0.429,0.016,0.286,0.000,51,W,0,,,,4423,43.89,0
277,2516.418,"Mount",0.099,0.014,0.000,0.099,-0.098,0.000,17,E,0,,,,4438,43.74,0
278,2525.438,"Mount",0.296,-0.168,0.210,0.297,-0.055,0.000,10,E,0,,,,4311,43.32,0
279,2534.601,"Mount",0.661,-0.192,0.287,0.662,-0.048,0.463,8,E,67,S,,,4258,42.83,0
280,2543.493,"Mount",0.265,-0.406,0.440,0.268,0.229,0.000,41,W,0,,,,4470,44.31,0
281,2552.480,"Mount",0.167,0.407,-0.378,0.165,-0.282,0.000,50,E,0,,,,4443,43.91,0
282,2561.644,"Mount",0.348,0.621,-0.564,0.344,-0.436,0.241,77,E,35,S,,,4286,43.36,0
283,2570.407,"Mount",0.106,0.039,-0.023,0.105,-0.127,0.000,23,E,0,,,,4813,45.97,0
284,2579.667,"Mount",0.476,0.405,-0.331,0.474,-0.395,0.332,70,E,48,S,,,4358,43.31,0
285,2588.607,"Mount",0.508,0.272,-0.195,0.506,-0.170,0.354,30,E,51,S,,,4472,43.99,0
286,2597.482,"Mount",0.270,0.070,-0.030,0.269,0.202,0.000,36,W,0,,,,4520,44.23,0
287,2606.518,"Mount",0.117,-0.432,0.445,0.119,0.760,0.000,135,W,0,,,,4626,44.71,0
288,2615.809,"Mount",0.751,-1.982,2.071,0.763,1.353,0.534,240,W,77,S,,,4476,44.46,0
289,2624.477,"Mount",-0.279,-0.877,0.827,-0.274,0.515,0.000,91,W,0,,,,4614,45.01,0
290,2633.365,"Mount",-0.036,-0.291,0.282,-0.034,0.023,0.000,4,W,0,,,,4400,43.98,0
291,2642.613,"Mount",0.319,-0.596,0.637,0.322,0.477,0.225,85,W,33,S,,,4525,44.60,0
292,2651.554,"Mount",0.154,-0.872,0.885,0.159,0.760,0.000,135,W,0,,,,4548,44.67,0
293,2660.449,"Mount",0.208,-0.559,0.583,0.212,0.488,0.000,86,W,0,,,,4627,45.02,0
294,2669.673,"Mount",0.609,-0.707,0.788,0.613,0.523,0.429,93,W,62,S,,,4613,45.18,0
295,2678.420,"Mount",0.185,-0.832,0.850,0.190,0.511,0.000,91,W,0,,,,4243,43.47,0
296,2687.503,"Mount",0.483,0.213,-0.140,0.482,0.036,0.337,6,W,49,S,,,4392,43.83,0
297,2696.301,"Mount",0.024,0.092,-0.087,0.024,-0.032,0.000,6,E,0,,,,4751,45.79,0
298,2705.560,"Mount",0.443,-0.025,0.089,0.443,-0.055,0.310,10,E,45,S,,,5022,47.29,0
299,2714.310,"Mount",-0.036,-0.034,0.029,-0.036,-0.014,0.000,2,E,0,,,,4749,45.54,0
300,2723.407,"Mount",-0.253,0.066,-0.103,-0.254,-0.137,0.000,24,E,0,,,,5154,47.77,0
301,2732.362,"Mount",-0.205,0.057,-0.086,-0.205,-0.187,0.000,33,E,0,,,,4984,47.03,0
302,2741.590,"Mount",-0.045,1.337,-1.329,-0.052,-1.030,0.000,183,E,0,,,,4702,45.50,0
303,2750.482,"Mount",0.259,1.068,-1.019,0.253,-0.802,0.000,142,E,0,,,,4629,45.21,0
304,2759.533,"Mount",0.506,0.335,-0.257,0.504,-0.091,0.353,16,E,51,S,,,4719,46.05,0
305,2768.377,"Mount",-0.008,0.437,-0.433,-0.010,-0.315,0.000,56,E,0,,,,5011,47.19,0
306,2777.686,"Mount",0.883,0.705,-0.569,0.879,-0.485,0.615,86,E,89,S,,,4907,46.59,0
307,2786.577,"Mount",0.565,0.463,-0.375,0.562,-0.362,0.393,64,E,57,S,,,4821,46.28,0
308,2795.358,"Mount",-0.454,-0.080,0.013,-0.454,-0.064,0.000,11,E,0,,,,5093,47.39,0
309,2804.304,"Mount",0.095,0.020,-0.006,0.095,-0.044,0.000,8,E,0,,,,4690,45.52,0
310,2813.321,"Mount",0.065,-0.037,0.046,0.066,-0.028,0.000,5,E,0,,,,4581,44.91,0
311,2822.368,"Mount",-0.009,0.369,-0.366,-0.011,-0.252,0.000,45,E,0,,,,4948,46.95,0
312,2831.292,"Mount",0.178,-0.014,0.040,0.178,0.017,0.000,3,W,0,,,,4883,46.57,0
313,2840.537,"Mount",0.524,-0.555,0.626,0.527,0.333,0.369,59,W,53,S,,,4898,46.80,0
314,2849.587,"Mount",0.570,-0.366,0.445,0.572,0.289,0.401,51,W,58,S,,,4765,46.18,0
315,2858.320,"Mount",0.215,0.009,0.022,0.215,-0.020,0.000,4,E,0,,,,4771,46.10,0
316,2867.292,"Mount",0.198,-0.063,0.091,0.198,0.011,0.000,2,W,0,,,,4669,45.44,0
317,2876.518,"Mount",0.545,0.144,-0.063,0.544,-0.069,0.381,12,E,55,S,,,4918,46.50,0
318,2885.490,"Mount",0.350,0.334,-0.279,0.348,-0.133,0.244,24,E,35,S,,,5006,47.18,0
319,2894.382,"Mount",0.087,0.514,-0.496,0.084,-0.479,0.000,85,E,0,,,,5220,48.16,0
320,2906.376,"Mount",-0.071,0.279,-0.286,-0.072,-0.282,0.000,50,E,0,,,,5257,48.41,0
321,2915.446,"Mount",0.240,0.808,-0.764,0.235,-0.639,0.000,113,E,0,,,,4810,45.99,0
322,2924.577,"Mount",0.677,0.792,-0.685,0.672,-0.528,0.470,93,E,68,S,,,4682,45.78,0
323,2933.548,"Mount",0.309,0.995,-0.939,0.303,-0.629,0.212,111,E,31,S,,,4812,46.25,0
324,2942.648,"Mount",0.571,1.112,-1.017,0.564,-0.686,0.395,122,E,57,S,,,4818,46.01,0
325,2951.428,"Mount",0.084,0.795,-0.774,0.080,-0.506,0.000,90,E,0,,,,4624,45.45,0
326,2960.448,"Mount",0.525,0.532,-0.449,0.522,-0.014,0.365,2,E,53,S,,,4762,45.88,0
327,2969.595,"Mount",0.588,0.399,-0.309,0.586,0.466,0.410,83,W,59,S,,,5070,47.64,0
328,2978.615,"Mount",0.735,-0.554,0.656,0.738,0.558,0.517,99,W,75,S,,,5008,46.92,0
329,2987.314,"Mount",-0.429,-0.517,0.449,-0.426,0.218,0.000,39,W,0,,,,4973,46.88,0
330,2996.495,"Mount",0.307,-0.229,0.271,0.308,-0.099,0.216,18,E,31,S,,,4989,47.17,0
331,3005.370,"Mount",-0.266,-0.570,0.526,-0.263,0.282,0.000,50,W,0,,,,4994,47.04,0
332,3014.267,"Mount",0.088,0.038,-0.025,0.088,-0.031,0.000,5,E,0,,,,5213,48.35,0
333,3023.298,"Mount",0.079,0.313,-0.298,0.078,-0.094,0.000,17,E,0,,,,4974,46.88,0
334,3032.445,"Mount",0.319,-0.299,0.342,0.321,0.147,0.224,26,W,32,S,,,4946,46.90,0
335,3041.450,"Mount",0.506,0.119,-0.044,0.505,-0.098,0.354,17,E,51,S,,,5265,48.59,0
336,3050.501,"Mount",0.518,0.122,-0.045,0.517,-0.159,0.362,28,E,52,S,,,4879,46.81,0
337,3059.377,"Mount",0.121,0.004,0.014,0.121,-0.157,0.000,28,E,0,,,,5210,48.02,0
338,3068.500,"Mount",-0.294,0.366,-0.405,-0.296,-0.277,0.000,49,E,0,,,,5223,47.60,0
339,3077.320,"Mount",-0.298,0.127,-0.169,-0.299,0.342,0.000,61,W,0,,,,5364,48.33,0
340,3086.373,"Mount",-0.112,-0.404,0.384,-0.110,0.558,0.000,99,W,0,,,,5599,49.73,0
341,3095.391,"Mount",0.031,-0.882,0.877,0.036,0.595,0.000,105,W,0,,,,4972,46.55,0
342,3104.427,"Mount",0.319,-0.041,0.088,0.320,-0.071,0.224,13,E,32,S,,,5380,48.67,0
343,3113.432,"Mount",0.205,-1.119,1.137,0.212,0.778,0.000,138,W,0,,,,5301,48.47,0
344,3122.451,"Mount",0.602,0.000,0.087,0.602,0.143,0.421,25,W,61,S,,,5241,48.21,0
345,3131.407,"Mount",0.319,0.179,-0.130,0.318,0.117,0.223,21,W,32,S,,,5110,47.75,0
346,3140.297,"Mount",0.034,-0.200,0.203,0.036,0.076,0.000,13,W,0,,,,5109,47.20,0
347,3149.431,"Mount",0.338,-0.307,0.353,0.340,0.227,0.238,40,W,34,S,,,5350,48.70,0
348,3158.547,"Mount",0.821,-0.498,0.613,0.824,0.350,0.577,62,W,83,S,,,5293,48.72,0
349,3167.207,"Mount",-0.051,-0.310,0.299,-0.050,-0.017,0.000,3,E,0,,,,5250,48.38,0
350,3176.346,"Mount",-0.016,-0.604,0.595,-0.012,0.338,0.000,60,W,0,,,,4923,46.74,0
351,3185.284,"Mount",0.109,-0.101,0.116,0.110,-0.065,0.000,11,E,0,,,,5688,49.85,0
352,3194.306,"Mount",-0.019,0.534,-0.531,-0.022,-0.418,0.000,74,E,0,,,,5699,50.38,0
353,3203.439,"Mount",0.310,0.063,-0.017,0.309,-0.155,0.216,27,E,31,S,,,5563,49.61,0
354,3212.273,"Mount",0.162,-0.525,0.543,0.165,0.125,0.000,22,W,0,,,,5490,48.89,0
355,3221.334,"Mount",-0.012,0.522,-0.518,-0.015,-0.518,0.000,92,E,0,,,,5312,48.68,0
356,3230.338,"Mount",0.038,0.445,-0.435,0.036,-0.431,0.000,76,E,0,,,,5464,49.28,0
357,3239.422,"Mount",0.681,-0.029,0.128,0.681,-0.055,0.477,10,E,69,S,,,5271,48.25,0
358,3248.250,"Mount",0.152,-0.038,0.060,0.152,-0.119,0.000,21,E,0,,,,5221,47.91,0
359,3257.291,"Mount",-0.030,-0.342,0.334,-0.028,0.085,0.000,15,W,0,,,,5200,48.33,0
360,3266.482,"Mount",0.429,0.550,-0.482,0.426,-0.412,0.298,73,E,43,S,,,5338,48.47,0
361,3275.230,"Mount",-0.140,0.261,-0.279,-0.141,-0.066,0.000,12,E,0,,,,5211,48.38,0
362,3284.297,"Mount",0.290,0.915,-0.863,0.285,-0.556,0.000,99,E,0,,,,5470,49.34,0
363,3293.301,"Mount",0.293,0.843,-0.791,0.288,-0.570,0.000,101,E,0,,,,5081,47.53,0
364,3302.481,"Mount",1.285,0.510,-0.317,1.282,-0.029,0.897,5,E,130,S,,,5327,48.77,0
365,3311.308,"Mount",0.233,0.434,-0.395,0.230,-0.238,0.000,42,E,0,,,,5116,47.53,0
366,3320.160,"Mount",-0.292,-0.042,-0.001,-0.291,-0.038,0.000,7,E,0,,,,5202,47.95,0
367,3329.175,"Mount",-0.080,0.169,-0.179,-0.081,-0.048,0.000,8,E,0,,,,5176,48.22,0
368,3338.255,"Mount",-0.300,0.499,-0.538,-0.303,-0.344,0.000,61,E,0,,,,4938,46.46,0
369,3347.303,"Mount",-0.247,0.352,-0.385,-0.249,-0.268,0.000,47,E,0,,,,5241,48.01,0
370,3356.241,"Mount",0.248,-0.380,0.412,0.250,0.141,0.000,25,W,0,,,,5360,48.49,0
371,3365.395,"Mount",0.679,-0.315,0.410,0.681,0.132,0.476,23,W,69,S,,,5297,48.38,0
372,3374.247,"Mount",-0.047,-0.096,0.088,-0.047,-0.190,0.000,34,E,0,,,,5391,48.88,0
373,3383.240,"Mount",0.155,-0.038,0.061,0.155,-0.221,0.000,39,E,0,,,,5074,47.47,0
374,3392.519,"Mount",0.859,0.736,-0.603,0.854,-0.552,0.598,98,E,86,S,,,5322,48.69,0
375,3401.186,"Mount",0.195,0.266,-0.234,0.193,-0.092,0.000,16,E,0,,,,5082,47.22,0
376,3410.352,"Mount",0.349,0.284,-0.230,0.347,-0.048,0.243,8,E,35,S,,,5217,47.80,0
377,3419.166,"Mount",0.216,0.331,-0.296,0.214,-0.032,0.000,6,E,0,,,,5146,47.93,0
378,3428.245,"Mount",0.015,0.687,-0.678,0.011,-0.445,0.000,79,E,0,,,,5184,47.71,0
379,3437.233,"Mount",-0.078,0.025,-0.036,-0.078,0.275,0.000,49,W,0,,,,5434,48.85,0
380,3446.221,"Mount",-0.004,0.211,-0.209,-0.006,0.408,0.000,72,W,0,,,,5564,49.75,0
381,3455.481,"Mount",0.350,-0.799,0.841,0.354,0.643,0.248,114,W,36,S,,,5244,48.33,0
382,3467.317,"Mount",0.336,0.182,-0.131,0.335,-0.056,0.235,10,E,34,S,,,5270,48.68,0
383,3476.383,"Mount",0.395,0.271,-0.210,0.394,-0.101,0.276,18,E,40,S,,,5390,48.89,0
384,3485.339,"Mount",0.729,-0.056,0.161,0.729,-0.053,0.510,9,E,74,S,,,5242,48.42,0
385,3494.231,"Mount",-0.144,0.188,-0.207,-0.145,-0.070,0.000,12,E,0,,,,5154,47.54,0
386,3503.201,"Mount",-0.313,-0.354,0.304,-0.311,-0.074,0.000,13,E,0,,,,5312,48.37,0
387,3512.206,"Mount",0.278,-0.626,0.660,0.282,0.333,0.000,59,W,0,,,,5313,48.40,0
388,3521.243,"Mount",0.173,0.306,-0.277,0.172,-0.120,0.000,21,E,0,,,,5378,48.66,0
389,3530.374,"Mount",0.515,0.386,-0.307,0.513,-0.165,0.359,29,E,52,S,,,5077,47.31,0
390,3539.184,"Mount",-0.117,0.068,-0.084,-0.117,-0.128,0.000,23,E,0,,,,5473,49.27,0
391,3548.198,"Mount",0.039,0.448,-0.437,0.037,-0.130,0.000,23,E,0,,,,5521,49.30,0
392,3557.273,"Mount",-0.042,-0.454,0.443,-0.039,0.625,0.000,111,W,0,,,,5285,48.45,0
393,3566.452,"Mount",0.671,-0.830,0.919,0.676,0.821,0.473,145,W,68,S,,,5339,48.91,0
394,3575.761,"Mount",1.267,-2.762,2.917,1.283,1.833,0.898,325,W,130,S,,,5294,48.08,0
395,3584.222,"Mount",0.160,-0.490,0.508,0.162,0.356,0.000,63,W,0,,,,5417,49.02,0
396,3593.205,"Mount",-0.252,0.497,-0.529,-0.255,-0.247,0.000,44,E,0,,,,5354,48.48,0
397,3602.434,"Mount",0.387,-1.120,1.165,0.394,0.818,0.276,145,W,40,S,,,5184,48.06,0
398,3611.213,"Mount",-0.214,-0.416,0.381,-0.212,0.370,0.000,66,W,0,,,,5440,49.24,0
399,3620.137,"Mount",-0.343,-0.371,0.317,-0.341,0.046,0.000,8,W,0,,,,5405,48.83,0
400,3629.447,"Mount",0.489,-0.928,0.989,0.495,0.608,0.346,108,W,50,S,,,5467,49.16,0
401,3638.161,"Mount",-0.457,-0.613,0.539,-0.453,0.347,0.000,61,W,0,,,,5293,48.48,0
402,3647.073,"Mount",0.143,-0.106,0.126,0.144,0.002,0.000,0,,0,,,,5431,49.12,0
403,3656.268,"Mount",0.173,0.690,-0.658,0.169,-0.470,0.000,83,E,0,,,,5425,48.73,0
404,3665.201,"Mount",0.079,0.301,-0.286,0.077,-0.110,0.000,20,E,0,,,,5224,48.32,0
405,3674.445,"Mount",-0.015,0.313,-0.312,-0.017,-0.099,0.000,17,E,0,,,,5423,48.91,0
INFO: SET LOCK POSITION, new lock pos = 90.300, 113.593
INFO: DITHER by 0.340, -0.081, new lock pos = 90.270, 113.245
INFO: SETTLING STATE CHANGE, Settling started
406,3683.310,"Mount",0.030,0.348,-0.340,0.081,-0.340,0.081,60,E,12,S,,,5451,49.21,0
INFO: SETTLING STATE CHANGE, Settling complete
407,3692.101,"Mount",1.289,-0.062,0.249,1.289,0.157,0.000,28,W,0,,,,4844,45.80,0
408,3701.080,"Mount",1.510,0.298,-0.075,1.508,-0.047,0.000,8,E,0,,,,5226,47.66,0
409,3710.445,"Mount",1.846,0.886,-0.607,1.841,-0.493,1.289,87,E,186,S,,,5320,48.88,0
410,3719.449,"Mount",0.470,0.744,-0.667,0.466,-0.499,0.326,88,E,47,S,,,5509,49.28,0
411,3728.148,"Mount",0.217,-0.176,0.206,0.218,-0.103,0.000,18,E,0,,,,5510,49.19,0
412,3737.392,"Mount",0.538,-0.807,0.877,0.543,0.421,0.380,75,W,55,S,,,5620,50.06,0
413,3746.155,"Mount",-0.266,-0.209,0.168,-0.264,-0.100,0.000,18,E,0,,,,5591,49.21,0
414,3755.318,"Mount",0.350,-0.442,0.488,0.352,0.267,0.247,47,W,36,S,,,5552,49.53,0
415,3764.275,"Mount",0.303,0.294,-0.247,0.301,-0.050,0.211,9,E,30,S,,,5670,49.84,0
416,3773.166,"Mount",-0.414,0.362,-0.419,-0.416,-0.326,0.000,58,E,0,,,,5369,48.52,0
417,3782.154,"Mount",0.254,-0.337,0.370,0.255,0.209,0.000,37,W,0,,,,5326,48.34,0
418,3791.158,"Mount",0.172,-0.584,0.603,0.175,0.379,0.000,67,W,0,,,,5494,49.22,0
419,3800.177,"Mount",0.218,-0.893,0.915,0.224,0.579,0.000,103,W,0,,,,5443,48.93,0
420,3809.072,"Mount",0.078,-0.110,0.120,0.079,-0.041,0.000,7,E,0,,,,5545,49.40,0
421,3818.328,"Mount",0.560,-0.387,0.465,0.562,0.274,0.394,49,W,57,S,,,5716,50.06,0
422,3827.067,"Mount",-0.185,0.283,-0.307,-0.187,-0.049,0.000,9,E,0,,,,5582,49.45,0
423,3836.089,"Mount",-0.348,-0.106,0.054,-0.348,-0.101,0.000,18,E,0,,,,5558,49.36,0
424,3845.163,"Mount",-0.227,0.330,-0.360,-0.229,-0.354,0.000,63,E,0,,,,5422,48.73,0
425,3854.182,"Mount",-0.018,0.598,-0.595,-0.022,-0.563,0.000,100,E,0,,,,5637,50.04,0
426,3863.135,"Mount",-0.136,0.118,-0.136,-0.137,-0.227,0.000,40,E,0,,,,5661,49.86,0
427,3872.173,"Mount",-0.216,0.651,-0.676,-0.220,-0.546,0.000,97,E,0,,,,5474,49.05,0
428,3881.321,"Mount",0.428,0.617,-0.548,0.425,-0.403,0.297,71,E,43,S,,,5285,48.36,0
429,3890.229,"Mount",0.363,0.358,-0.301,0.361,-0.049,0.253,9,E,36,S,,,5538,49.22,0
430,3899.153,"Mount",0.000,0.795,-0.787,-0.004,-0.502,0.000,89,E,0,,,,5498,49.30,0
431,3908.092,"Mount",0.181,0.416,-0.385,0.179,-0.190,0.000,34,E,0,,,,5305,48.02,0
432,3917.193,"Mount",0.282,-0.566,0.601,0.285,0.720,0.000,127,W,0,,,,5347,48.32,0
433,3926.485,"Mount",0.737,-0.575,0.676,0.740,0.777,0.518,138,W,75,S,,,5208,48.00,0
434,3935.377,"Mount",0.485,-1.256,1.313,0.493,0.866,0.345,153,W,50,S,,,5357,48.96,0
435,3944.188,"Mount",0.121,-1.423,1.426,0.129,0.833,0.000,148,W,0,,,,5525,49.44,0
436,3953.336,"Mount",0.504,-0.967,1.030,0.510,0.620,0.357,110,W,51,S,,,5396,48.97,0
437,3962.083,"Mount",0.104,-0.666,0.674,0.108,0.385,0.000,68,W,0,,,,5517,49.41,0
438,3971.055,"Mount",-0.310,0.207,-0.250,-0.311,-0.075,0.000,13,E,0,,,,5396,48.88,0
439,3980.074,"Mount",0.261,-0.346,0.381,0.263,0.204,0.000,36,W,0,,,,5699,50.25,0
440,3989.223,"Mount",0.357,-0.124,0.175,0.358,-0.063,0.250,11,E,36,S,,,5513,49.25,0
441,3998.306,"Mount",0.518,-0.803,0.870,0.522,0.426,0.366,75,W,53,S,,,5554,49.64,0
442,4007.082,"Mount",0.035,0.088,-0.082,0.035,-0.109,0.000,19,E,0,,,,5377,48.68,0
443,4016.297,"Mount",0.729,0.421,-0.310,0.727,-0.101,0.509,18,E,73,S,,,5269,48.28,0
444,4025.060,"Mount",0.189,-0.102,0.129,0.190,0.095,0.000,17,W,0,,,,5531,49.41,0
445,4034.087,"Mount",0.054,0.777,-0.761,0.049,-0.235,0.000,42,E,0,,,,5347,48.58,0
446,4043.102,"Mount",0.277,-0.136,0.175,0.278,0.289,0.000,51,W,0,,,,5441,48.95,0
447,4052.472,"Mount",1.289,-1.520,1.692,1.298,1.152,0.908,204,W,131,S,,,5359,48.45,0
448,4061.122,"Mount",-0.028,-0.647,0.636,-0.025,0.349,0.000,62,W,0,,,,5848,50.60,0
449,4070.062,"Mount",0.069,-0.185,0.193,0.070,0.087,0.000,15,W,0,,,,5410,48.45,0
450,4079.129,"Mount",0.295,-0.518,0.556,0.298,0.512,0.000,91,W,0,,,,5308,48.35,0
451,4088.021,"Mount",0.198,-0.106,0.134,0.199,0.079,0.000,14,W,0,,,,5550,49.54,0
452,4096.979,"Mount",0.290,-0.269,0.309,0.291,0.052,0.000,9,W,0,,,,5429,48.84,0
453,4106.285,"Mount",0.714,-0.514,0.612,0.717,0.410,0.502,73,W,72,S,,,5339,48.38,0
454,4115.339,"Mount",0.905,-0.655,0.780,0.909,0.504,0.636,89,W,92,S,,,5499,49.01,0
455,4124.067,"Mount",0.266,-0.474,0.508,0.269,0.312,0.000,55,W,0,,,,5641,50.02,0
456,4133.055,"Mount",-0.464,-0.088,0.020,-0.464,-0.056,0.000,10,E,0,,,,5482,48.90,0
457,4142.074,"Mount",-0.299,-0.031,-0.013,-0.298,-0.088,0.000,16,E,0,,,,5571,49.60,0
458,4151.016,"Mount",-0.409,-0.179,0.117,-0.408,-0.097,0.000,17,E,0,,,,5515,49.05,0
459,4160.017,"Mount",0.229,-0.103,0.135,0.229,-0.146,0.000,26,E,0,,,,5499,49.19,0
460,4169.036,"Mount",0.222,-0.273,0.302,0.224,-0.206,0.000,37,E,0,,,,5291,48.31,0
461,4178.199,"Mount",0.384,-0.205,0.259,0.386,-0.185,0.270,33,E,39,S,,,5159,47.54,0
462,4187.040,"Mount",-0.083,0.042,-0.054,-0.083,-0.101,0.000,18,E,0,,,,5448,48.92,0
463,4196.221,"Mount",0.642,0.278,-0.181,0.641,-0.081,0.448,14,E,65,S,,,5356,48.72,0
464,4205.025,"Mount",0.016,-0.021,0.023,0.016,-0.063,0.000,11,E,0,,,,5271,48.11,0
465,4214.178,"Mount",0.365,-0.408,0.457,0.367,0.180,0.257,32,W,37,S,,,5420,49.24,0
466,4223.036,"Mount",-0.234,0.195,-0.227,-0.235,-0.056,0.000,10,E,0,,,,5215,47.94,0
467,4231.982,"Mount",-0.250,0.245,-0.279,-0.252,-0.033,0.000,6,E,0,,,,5479,48.84,0
468,4241.106,"Mount",0.154,0.944,-0.912,0.149,-0.614,0.000,109,E,0,,,,5210,47.87,0
469,4250.253,"Mount",0.706,0.827,-0.715,0.701,-0.506,0.491,90,E,71,S,,,5475,49.23,0
470,4259.031,"Mount",0.267,-0.473,0.506,0.270,0.310,0.000,55,W,0,,,,5617,49.83,0
471,4268.099,"Mount",0.304,0.811,-0.758,0.299,-0.431,0.000,76,E,0,,,,5335,48.46,0
472,4277.065,"Mount",0.196,-0.535,0.557,0.199,0.366,0.000,65,W,0,,,,5196,47.74,0
473,4286.154,"Mount",0.472,-0.224,0.290,0.473,-0.023,0.331,4,E,48,S,,,5275,48.29,0
474,4295.538,"Mount",0.582,-0.464,0.544,0.585,0.321,0.409,57,W,59,S,,,5585,49.70,0
475,4303.920,"Mount",0.297,0.004,0.040,0.297,-0.032,0.000,6,E,0,,,,4714,45.91,0
476,4313.161,"Mount",0.350,0.047,0.004,0.349,-0.055,0.245,10,E,35,S,,,4961,46.85,0
477,4322.259,"Mount",0.586,-1.106,1.180,0.592,0.604,0.415,107,W,60,S,,,4980,47.22,0
478,4331.037,"Mount",-0.099,-0.044,0.029,-0.099,-0.135,0.000,24,E,0,,,,5191,48.31,0
479,4340.136,"Mount",0.338,-0.228,0.275,0.339,-0.216,0.238,38,E,34,S,,,4960,46.84,0
480,4349.155,"Mount",0.655,0.090,0.006,0.655,-0.124,0.458,22,E,66,S,,,4852,46.63,0
481,4357.950,"Mount",0.091,0.092,-0.078,0.091,-0.028,0.000,5,E,0,,,,4725,45.73,0
482,4367.065,"Mount",0.065,0.911,-0.891,0.060,-0.609,0.000,108,E,0,,,,4925,46.61,0
483,4376.035,"Mount",0.502,0.025,0.049,0.501,-0.032,0.351,6,E,51,S,,,4987,47.13,0
484,4384.975,"Mount",0.069,-0.223,0.230,0.070,0.080,0.000,14,W,0,,,,4958,47.03,0
485,4394.014,"Mount",0.025,0.236,-0.230,0.024,0.308,0.000,55,W,0,,,,4776,46.11,0
486,4403.202,"Mount",0.562,0.177,-0.093,0.561,0.309,0.393,55,W,57,S,,,4973,47.04,0
487,4412.237,"Mount",0.422,-0.707,0.761,0.426,0.577,0.298,102,W,43,S,,,5190,47.95,0
488,4421.079,"Mount",0.511,-0.163,0.235,0.512,-0.030,0.359,5,E,52,S,,,5049,47.29,0
489,4430.131,"Mount",0.513,-0.110,0.183,0.513,-0.038,0.359,7,E,52,S,,,5222,48.45,0
490,4439.020,"Mount",-0.268,0.439,-0.474,-0.271,-0.350,0.000,62,E,0,,,,5343,48.72,0
491,4447.974,"Mount",-0.519,-0.492,0.411,-0.516,0.172,0.000,30,W,0,,,,4877,46.49,0
492,4456.932,"Mount",-0.119,-0.302,0.282,-0.117,-0.006,0.000,1,E,0,,,,4966,46.74,0
493,4466.011,"Mount",-0.193,-0.924,0.886,-0.187,0.539,0.000,95,W,0,,,,5501,49.38,0
494,4474.950,"Mount",-0.362,-0.123,0.069,-0.361,-0.112,0.000,20,E,0,,,,5348,48.71,0
495,4484.033,"Mount",-0.001,-0.732,0.724,0.003,0.297,0.000,53,W,0,,,,5131,47.57,0
496,4492.971,"Mount",0.128,-0.163,0.180,0.129,-0.082,0.000,15,E,0,,,,4984,47.06,0
497,4501.926,"Mount",-0.045,-0.265,0.256,-0.044,0.119,0.000,21,W,0,,,,4932,46.75,0
498,4511.139,"Mount",0.517,0.275,-0.196,0.516,0.191,0.361,34,W,52,S,,,5145,47.66,0
499,4519.947,"Mount",0.249,-0.031,0.067,0.250,0.281,0.000,50,W,0,,,,5187,48.10,0
500,4529.286,"Mount",0.690,-1.652,1.735,0.699,1.217,0.489,216,W,71,S,,,4958,46.76,0
501,4538.098,"Mount",-0.098,-1.645,1.613,-0.089,0.986,0.000,175,W,0,,,,5183,47.88,0
502,4546.939,"Mount",0.177,0.048,-0.022,0.176,0.069,0.000,12,W,0,,,,5332,48.83,0
503,4555.957,"Mount",0.122,-0.338,0.352,0.123,0.366,0.000,65,W,0,,,,4903,46.64,0
504,4564.961,"Mount",-0.415,-0.389,0.325,-0.413,0.109,0.000,19,W,0,,,,4893,46.66,0
505,4573.890,"Mount",-0.007,0.150,-0.149,-0.008,0.046,0.000,8,W,0,,,,5222,48.01,0
506,4582.975,"Mount",0.270,-0.472,0.507,0.272,0.338,0.000,60,W,0,,,,4417,44.08,0
507,4592.114,"Mount",0.478,-0.304,0.370,0.479,0.263,0.336,47,W,48,S,,,5202,48.34,0
508,4600.956,"Mount",-0.064,-0.616,0.600,-0.061,0.378,0.000,67,W,0,,,,5063,47.50,0
509,4609.852,"Mount",0.296,-0.123,0.165,0.297,-0.036,0.000,6,E,0,,,,5210,47.95,0
510,4618.966,"Mount",-0.130,0.296,-0.312,-0.132,-0.062,0.000,11,E,0,,,,4760,45.53,0
511,4627.931,"Mount",0.206,-0.095,0.124,0.206,-0.092,0.000,16,E,0,,,,4824,46.23,0
512,4637.065,"Mount",0.490,-0.317,0.385,0.492,0.112,0.344,20,W,50,S,,,4864,46.71,0
513,4645.874,"Mount",-0.089,-0.368,0.351,-0.087,0.004,0.000,1,W,0,,,,4978,47.20,0
514,4655.070,"Mount",0.474,-0.340,0.405,0.475,0.076,0.333,13,W,48,S,,,5264,48.49,0
515,4663.948,"Mount",0.234,0.167,-0.131,0.233,-0.148,0.000,26,E,0,,,,5320,48.38,0
516,4672.934,"Mount",0.058,-0.435,0.439,0.061,0.202,0.000,36,W,0,,,,4777,45.83,0
517,4682.098,"Mount",0.532,0.125,-0.046,0.532,-0.082,0.372,14,E,54,S,,,4921,46.96,0
518,4691.049,"Mount",0.477,-0.108,0.176,0.477,-0.113,0.334,20,E,48,S,,,4963,46.92,0
519,4699.972,"Mount",0.249,-1.063,1.088,0.255,0.608,0.000,108,W,0,,,,5178,48.12,0
520,4708.862,"Mount",0.048,-0.299,0.303,0.050,-0.063,0.000,11,E,0,,,,5067,47.37,0
521,4718.073,"Mount",0.355,-0.323,0.371,0.357,0.177,0.250,31,W,36,S,,,5102,47.67,0
522,4726.824,"Mount",0.271,0.068,-0.028,0.270,-0.033,0.000,6,E,0,,,,4451,44.19,0
523,4736.035,"Mount",0.556,0.143,-0.060,0.555,0.006,0.388,1,W,56,S,,,4628,45.48,0
524,4744.832,"Mount",0.085,-0.030,0.042,0.085,-0.016,0.000,3,E,0,,,,4709,45.66,0
525,4754.051,"Mount",0.612,-0.461,0.545,0.614,0.344,0.430,61,W,62,S,,,4754,45.89,0
526,4763.056,"Mount",0.445,-0.312,0.373,0.447,0.211,0.313,37,W,45,S,,,4944,46.69,0
527,4771.820,"Mount",-0.083,-0.304,0.288,-0.081,-0.011,0.000,2,E,0,,,,5522,49.37,0
528,4780.819,"Mount",-0.194,0.004,-0.033,-0.194,-0.025,0.000,4,E,0,,,,5304,48.47,0
529,4789.870,"Mount",-0.177,0.041,-0.067,-0.177,-0.072,0.000,13,E,0,,,,5040,47.21,0
530,4798.856,"Mount",-0.114,0.215,-0.229,-0.116,-0.095,0.000,17,E,0,,,,4860,46.36,0
531,4807.939,"Mount",-0.265,0.496,-0.530,-0.268,-0.499,0.000,88,E,0,,,,4783,45.79,0
532,4816.990,"Mount",0.131,1.102,-1.071,0.125,-0.890,0.000,158,E,0,,,,5014,47.02,0
533,4826.296,"Mount",0.736,1.386,-1.264,0.728,-0.956,0.510,169,E,74,S,,,4935,46.78,0
534,4834.979,"Mount",-0.430,0.470,-0.528,-0.432,-0.432,0.000,77,E,0,,,,4748,46.01,0
535,4843.916,"Mount",-0.373,0.512,-0.561,-0.376,-0.403,0.000,71,E,0,,,,5019,46.72,0
536,4853.064,"Mount",0.471,0.635,-0.560,0.467,-0.376,0.327,67,E,47,S,,,4991,46.85,0
537,4862.003,"Mount",0.344,0.393,-0.338,0.342,-0.196,0.239,35,E,35,S,,,5407,49.14,0
538,4870.945,"Mount",0.322,0.479,-0.427,0.319,-0.003,0.223,1,E,32,S,,,5308,48.28,0
539,4880.046,"Mount",0.374,0.160,-0.104,0.373,0.386,0.261,68,W,38,S,,,5063,47.10,0
540,4888.915,"Mount",0.290,-0.431,0.469,0.293,0.451,0.000,80,W,0,,,,4823,46.33,0
541,4898.126,"Mount",0.420,-0.700,0.754,0.424,0.423,0.297,75,W,43,S,,,4581,45.08,0
542,4906.935,"Mount",-0.778,0.080,-0.193,-0.779,-0.078,0.000,14,E,0,,,,5723,50.08,0
543,4915.785,"Mount",-0.122,0.111,-0.128,-0.123,-0.049,0.000,9,E,0,,,,5369,48.18,0
544,4924.863,"Mount",-0.604,0.433,-0.516,-0.606,-0.392,0.000,69,E,0,,,,5608,49.59,0
545,4933.878,"Mount",-0.339,0.400,-0.445,-0.341,-0.316,0.000,56,E,0,,,,5104,47.04,0
546,4942.771,"Mount",0.004,0.081,-0.079,0.004,-0.048,0.000,9,E,0,,,,5446,48.87,0
547,4951.851,"Mount",-0.380,-0.043,-0.013,-0.380,-0.086,0.000,15,E,0,,,,5379,48.67,0
548,4960.837,"Mount",0.036,0.274,-0.266,0.034,-0.143,0.000,25,E,0,,,,5468,49.21,0
549,4969.888,"Mount",-0.043,0.449,-0.450,-0.046,-0.425,0.000,75,E,0,,,,5562,49.64,0
550,4978.780,"Mount",0.475,0.350,-0.277,0.473,0.035,0.000,6,W,0,,,,5417,48.97,0
551,4987.877,"Mount",0.298,1.412,-1.354,0.290,-0.581,0.000,103,E,0,,,,5387,48.89,0
552,4996.864,"Mount",0.574,0.851,-0.758,0.569,-0.178,0.000,31,E,0,,,,5473,49.26,0
553,5006.202,"Mount",1.397,-0.923,1.117,1.402,0.757,0.982,134,W,142,S,,,5349,48.89,0
554,5015.254,"Mount",0.865,-2.067,2.171,0.877,1.314,0.614,233,W,89,S,,,5305,48.68,0
555,5023.953,"Mount",-0.211,-1.595,1.547,-0.202,1.020,0.000,181,W,0,,,,5307,48.66,0
556,5032.892,"Mount",-0.184,-1.115,1.076,-0.177,0.820,0.000,145,W,0,,,,5625,49.74,0
557,5041.943,"Mount",-0.056,-0.846,0.829,-0.051,0.652,0.000,115,W,0,,,,5515,49.32,0
558,5050.817,"Mount",0.293,-0.138,0.179,0.293,0.075,0.000,13,W,0,,,,5499,49.47,0
559,5060.044,"Mount",0.380,-0.855,0.901,0.385,0.587,0.269,104,W,39,S,,,5255,48.39,0
560,5069.127,"Mount",0.956,-1.067,1.195,0.962,0.745,0.674,132,W,97,S,,,5225,47.99,0
561,5077.906,"Mount",0.198,-1.331,1.345,0.205,0.847,0.000,150,W,0,,,,5130,47.35,0
562,5086.840,"Mount",0.038,-0.514,0.514,0.041,0.286,0.000,51,W,0,,,,5440,48.89,0
563,5095.804,"Mount",0.086,-0.194,0.205,0.088,-0.061,0.000,11,E,0,,,,5465,49.01,0
564,5104.810,"Mount",-0.307,-0.276,0.228,-0.305,-0.076,0.000,13,E,0,,,,5450,48.88,0
565,5113.804,"Mount",-0.148,-0.604,0.576,-0.145,0.228,0.000,40,W,0,,,,5489,49.29,0
566,5122.823,"Mount",0.044,-0.736,0.735,0.048,0.251,0.000,44,W,0,,,,5346,48.60,0
567,5131.851,"Mount",-0.180,-0.069,0.042,-0.179,-0.172,0.000,30,E,0,,,,5438,48.80,0
568,5140.861,"Mount",-0.260,0.411,-0.444,-0.262,-0.419,0.000,74,E,0,,,,5345,48.83,0
569,5152.950,"Mount",0.410,0.348,-0.285,0.408,-0.099,0.285,17,E,41,S,,,5314,48.28,0
570,5161.985,"Mount",0.526,-0.006,0.083,0.526,-0.091,0.368,16,E,53,S,,,5507,49.52,0
571,5170.810,"Mount",-0.106,0.042,-0.057,-0.107,-0.120,0.000,21,E,0,,,,5290,47.84,0
572,5179.797,"Mount",0.123,-0.085,0.102,0.123,-0.093,0.000,17,E,0,,,,5220,47.96,0
573,5188.816,"Mount",0.101,-0.194,0.206,0.102,-0.073,0.000,13,E,0,,,,5354,48.81,0
574,5197.819,"Mount",0.214,-0.515,0.540,0.217,0.298,0.000,53,W,0,,,,5444,49.09,0
575,5206.746,"Mount",0.150,0.080,-0.058,0.149,-0.029,0.000,5,E,0,,,,5580,49.53,0
576,5215.687,"Mount",-0.060,-0.016,0.007,-0.060,-0.002,0.000,0,,0,,,,5252,47.50,0
577,5224.720,"Mount",0.073,0.301,-0.287,0.071,-0.008,0.000,1,E,0,,,,5578,49.54,0
578,5233.941,"Mount",0.732,-0.284,0.388,0.733,0.228,0.513,40,W,74,S,,,5240,48.08,0
579,5242.720,"Mount",0.112,0.167,-0.149,0.111,-0.028,0.000,5,E,0,,,,5504,49.15,0
580,5251.867,"Mount",0.623,-0.043,0.134,0.623,-0.010,0.436,2,E,63,S,,,5562,49.44,0
581,5260.727,"Mount",0.070,-0.319,0.326,0.072,-0.031,0.000,5,E,0,,,,5313,48.21,0
582,5269.937,"Mount",0.310,-0.687,0.725,0.314,0.373,0.220,66,W,32,S,,,5174,48.24,0
583,5278.755,"Mount",0.115,-0.074,0.090,0.115,-0.128,0.000,23,E,0,,,,5112,47.39,0
584,5287.781,"Mount",0.116,-0.651,0.661,0.120,0.226,0.000,40,W,0,,,,5501,49.35,0
585,5296.752,"Mount",0.176,0.104,-0.078,0.175,-0.223,0.000,40,E,0,,,,5685,50.20,0
586,5305.898,"Mount",0.357,-0.133,0.184,0.358,-0.160,0.250,28,E,36,S,,,5410,49.11,0
587,5314.772,"Mount",-0.539,0.260,-0.335,-0.540,-0.302,0.000,54,E,0,,,,5498,49.26,0
588,5323.806,"Mount",-0.234,0.537,-0.566,-0.237,-0.414,0.000,73,E,0,,,,5391,48.58,0
589,5332.687,"Mount",0.116,0.266,-0.246,0.114,-0.030,0.000,5,E,0,,,,5395,48.67,0
590,5341.781,"Mount",0.113,0.734,-0.710,0.109,-0.398,0.000,71,E,0,,,,5388,48.76,0
591,5350.892,"Mount",0.376,0.334,-0.275,0.374,0.304,0.262,54,W,38,S,,,5446,48.91,0
592,5359.765,"Mount",0.270,0.053,-0.013,0.269,0.359,0.000,64,W,0,,,,4987,46.61,0
593,5368.993,"Mount",0.542,-0.716,0.788,0.546,0.575,0.383,102,W,55,S,,,5498,49.50,0
594,5378.058,"Mount",0.770,-1.104,1.205,0.776,0.697,0.543,123,W,78,S,,,5276,48.60,0
595,5386.755,"Mount",0.154,-0.734,0.749,0.158,0.389,0.000,69,W,0,,,,5586,49.72,0
596,5395.693,"Mount",0.082,-0.224,0.233,0.083,-0.049,0.000,9,E,0,,,,5453,48.96,0
597,5404.872,"Mount",0.362,-0.325,0.375,0.364,0.176,0.255,31,W,37,S,,,5291,48.10,0
598,5413.665,"Mount",0.034,-0.245,0.248,0.036,-0.047,0.000,8,E,0,,,,5518,49.18,0
599,5422.762,"Mount",0.253,-0.606,0.636,0.256,0.337,0.000,60,W,0,,,,5497,49.13,0
600,5431.707,"Mount",0.187,-0.333,0.356,0.189,0.118,0.000,21,W,0,,,,5684,49.87,0
601,5440.897,"Mount",0.600,-0.213,0.298,0.601,-0.145,0.421,26,E,61,S,,,5264,48.35,0
602,5449.706,"Mount",0.061,-0.388,0.393,0.063,0.133,0.000,24,W,0,,,,5513,49.04,0
603,5458.725,"Mount",0.095,0.013,0.001,0.095,0.087,0.000,15,W,0,,,,5364,48.64,0
604,5467.726,"Mount",-0.264,0.558,-0.590,-0.267,-0.071,0.000,13,E,0,,,,5478,48.97,0
605,5476.778,"Mount",-0.059,0.133,-0.140,-0.059,0.282,0.000,50,W,0,,,,5520,49.28,0
606,5485.957,"Mount",0.585,-0.726,0.803,0.590,0.522,0.413,92,W,60,S,,,5326,48.84,0
607,5494.766,"Mount",0.111,-0.756,0.764,0.115,0.456,0.000,81,W,0,,,,5272,48.36,0
608,5503.754,"Mount",-0.076,-0.431,0.415,-0.073,0.358,0.000,64,W,0,,,,5292,48.34,0
609,5512.708,"Mount",0.058,-0.040,0.048,0.058,0.152,0.000,27,W,0,,,,5459,48.95,0
610,5521.678,"Mount",0.292,0.261,-0.216,0.290,0.129,0.000,23,W,0,,,,5469,48.86,0
611,5530.905,"Mount",0.522,0.647,-0.564,0.518,-0.279,0.363,49,E,52,S,,,5392,48.77,0
612,5539.795,"Mount",0.396,-0.126,0.183,0.397,0.025,0.278,4,W,40,S,,,5336,48.55,0
613,5548.942,"Mount",0.701,-0.539,0.635,0.704,0.403,0.493,71,W,71,S,,,5452,49.13,0
614,5558.057,"Mount",0.778,-0.539,0.646,0.781,0.414,0.547,73,W,79,S,,,5416,48.65,0
615,5566.659,"Mount",-0.629,-0.271,0.177,-0.628,-0.031,0.000,5,E,0,,,,5325,48.08,0
616,5575.693,"Mount",-0.888,0.053,-0.182,-0.888,-0.055,0.000,10,E,0,,,,5519,49.39,0
617,5584.698,"Mount",-0.484,0.035,-0.105,-0.484,-0.071,0.000,13,E,0,,,,5343,48.35,0
618,5593.666,"Mount",-0.384,-0.006,-0.050,-0.384,-0.148,0.000,26,E,0,,,,5634,50.06,0
619,5602.668,"Mount",-0.078,-0.439,0.423,-0.075,0.069,0.000,12,W,0,,,,5521,49.35,0
620,5614.712,"Mount",0.125,-0.013,0.031,0.125,-0.182,0.000,32,E,0,,,,5767,50.24,0
621,5623.808,"Mount",0.309,-0.186,0.229,0.310,-0.100,0.217,18,E,31,S,,,5282,48.34,0
622,5632.939,"Mount",0.736,-0.373,0.476,0.738,0.234,0.517,42,W,75,S,,,5570,49.64,0
623,5641.680,"Mount",-0.000,-0.042,0.042,0.000,-0.082,0.000,15,E,0,,,,5488,49.37,0
624,5650.671,"Mount",0.305,-0.014,0.058,0.305,-0.103,0.000,18,E,0,,,,5050,46.89,0
625,5659.723,"Mount",0.009,-0.502,0.498,0.011,0.235,0.000,42,W,0,,,,5596,49.73,0
626,5668.724,"Mount",0.131,-0.216,0.233,0.133,-0.058,0.000,10,E,0,,,,5408,48.76,0
627,5677.823,"Mount",0.500,-0.276,0.346,0.501,0.189,0.351,33,W,51,S,,,5534,49.32,0
628,5686.620,"Mount",-0.037,0.035,-0.040,-0.037,-0.013,0.000,2,E,0,,,,5588,49.28,0
629,5695.732,"Mount",-0.001,0.812,-0.803,-0.006,-0.493,0.000,87,E,0,,,,5552,49.25,0
630,5704.638,"Mount",0.124,0.025,-0.007,0.124,0.012,0.000,2,W,0,,,,5460,48.96,0
631,5713.785,"Mount",0.344,0.308,-0.254,0.342,-0.012,0.240,2,E,35,S,,,5425,48.91,0
632,5722.595,"Mount",0.269,0.111,-0.070,0.268,-0.012,0.000,2,E,0,,,,5475,49.21,0
633,5731.790,"Mount",0.515,0.115,-0.039,0.514,0.004,0.360,1,W,52,S,,,5354,48.28,0
634,5740.841,"Mount",0.641,-0.493,0.581,0.644,0.334,0.451,59,W,65,S,,,5441,49.06,0
635,5749.634,"Mount",-0.115,0.130,-0.146,-0.116,-0.078,0.000,14,E,0,,,,5476,48.93,0
636,5758.668,"Mount",-0.165,-0.538,0.508,-0.161,0.184,0.000,33,W,0,,,,5466,49.01,0
637,5767.655,"Mount",0.028,-0.328,0.329,0.030,-0.188,0.000,33,E,0,,,,5387,48.80,0
638,5776.610,"Mount",-0.078,-0.075,0.063,-0.078,-0.203,0.000,36,E,0,,,,5607,49.65,0
639,5785.676,"Mount",0.141,0.444,-0.419,0.138,-0.387,0.000,69,E,0,,,,5252,47.77,0
640,5794.887,"Mount",0.407,0.293,-0.231,0.405,-0.065,0.284,12,E,41,S,,,5490,48.94,0
641,5803.600,"Mount",0.082,-0.016,0.028,0.082,-0.042,0.000,7,E,0,,,,5507,49.39,0
642,5812.568,"Mount",0.012,0.106,-0.103,0.011,-0.002,0.000,0,,0,,,,5113,47.45,0
643,5821.636,"Mount",0.142,-0.090,0.110,0.142,0.109,0.000,19,W,0,,,,5383,48.59,0
644,5830.878,"Mount",0.436,-0.569,0.626,0.439,0.754,0.307,134,W,44,S,,,5507,49.40,0
645,5839.832,"Mount",0.299,-0.343,0.383,0.301,0.575,0.211,102,W,30,S,,,5128,47.35,0
646,5848.931,"Mount",0.560,-1.398,1.465,0.569,0.964,0.398,171,W,57,S,,,5293,48.51,0
647,5857.645,"Mount",0.153,-0.621,0.637,0.157,0.347,0.000,62,W,0,,,,5434,48.85,0
648,5866.631,"Mount",-0.119,-0.321,0.300,-0.117,-0.063,0.000,11,E,0,,,,5680,50.13,0
649,5875.561,"Mount",-0.027,-0.162,0.156,-0.026,-0.028,0.000,5,E,0,,,,5314,48.50,0
650,5884.731,"Mount",0.370,-0.102,0.155,0.370,-0.043,0.259,8,E,37,S,,,5534,49.56,0
651,5893.669,"Mount",-0.245,0.601,-0.631,-0.248,-0.426,0.000,75,E,0,,,,5625,49.86,0
652,5902.544,"Mount",-0.173,-0.033,0.007,-0.172,-0.051,0.000,9,E,0,,,,5542,49.06,0
653,5911.624,"Mount",0.247,0.198,-0.160,0.246,-0.101,0.000,18,E,0,,,,5415,48.63,0
654,5920.594,"Mount",0.122,0.090,-0.071,0.122,-0.127,0.000,22,E,0,,,,5616,49.58,0
655,5929.647,"Mount",-0.020,0.420,-0.418,-0.023,-0.341,0.000,60,E,0,,,,5388,48.55,0
656,5938.823,"Mount",0.613,-0.163,0.251,0.614,0.152,0.429,27,W,62,S,,,5271,48.05,0
657,5947.616,"Mount",0.118,0.941,-0.914,0.113,-0.246,0.000,44,E,0,,,,5023,46.75,0
658,5956.842,"Mount",0.602,-0.214,0.300,0.603,0.262,0.422,46,W,61,S,,,5229,47.86,0
659,5965.988,"Mount",0.709,-1.800,1.884,0.719,1.192,0.503,211,W,73,S,,,5358,48.94,0
660,5974.702,"Mount",-0.066,-1.342,1.318,-0.058,0.831,0.000,147,W,0,,,,5484,49.65,0
661,5983.688,"Mount",-0.269,-0.777,0.729,-0.264,0.584,0.000,104,W,0,,,,5286,47.75,0
662,5992.690,"Mount",0.178,-0.793,0.811,0.183,0.673,0.000,119,W,0,,,,5240,48.22,0
663,6001.578,"Mount",0.295,-0.233,0.274,0.297,0.126,0.000,22,W,0,,,,5382,48.42,0
664,6010.596,"Mount",-0.007,-0.311,0.306,-0.006,0.071,0.000,13,W,0,,,,5293,48.05,0
665,6019.823,"Mount",0.326,-0.756,0.795,0.330,0.524,0.231,93,W,33,S,,,4990,46.93,0
666,6028.871,"Mount",0.647,-0.983,1.067,0.653,0.688,0.457,122,W,66,S,,,5206,48.18,0
667,6037.617,"Mount",0.080,-0.393,0.401,0.082,0.255,0.000,45,W,0,,,,5563,49.38,0
668,6046.526,"Mount",0.049,-0.124,0.129,0.050,-0.023,0.000,4,E,0,,,,5307,48.10,0
669,6055.572,"Mount",-0.057,0.344,-0.349,-0.059,-0.270,0.000,48,E,0,,,,5656,50.15,0
670,6064.766,"Mount",0.405,-0.128,0.185,0.405,-0.075,0.284,13,E,41,S,,,5289,48.37,0
671,6073.574,"Mount",0.045,-0.055,0.060,0.045,-0.157,0.000,28,E,0,,,,5530,49.08,0
672,6082.735,"Mount",0.322,-0.015,0.062,0.323,-0.187,0.226,33,E,33,S,,,5547,49.62,0
673,6091.555,"Mount",-0.069,-0.271,0.258,-0.067,-0.140,0.000,25,E,0,,,,5533,49.30,0
674,6100.547,"Mount",-0.182,-0.165,0.137,-0.181,-0.100,0.000,18,E,0,,,,5340,48.04,0
675,6109.596,"Mount",-0.068,-0.020,0.009,-0.068,-0.061,0.000,11,E,0,,,,5170,47.53,0
676,6118.550,"Mount",0.106,-0.421,0.432,0.109,0.203,0.000,36,W,0,,,,5443,48.90,0
Guiding Ends at 2026-07-21 02:20:24

Guiding Begins at 2026-07-21 02:26:27
Equipment Profile = QHY5 EQASCOM OAG
Dither = both axes, Dither scale = 1.000, Image noise reduction = 2x2 mean, Guide-frame time lapse = 0, Server enabled
Pixel scale = 1.05 arc-sec/px, Binning = 1, Focal length = 1018 mm
Search region = 24 px, Star mass tolerance = 90.0%, Multi-star mode, list size = 12
 Camera = QHY5II-M-10d7d910f33c7354, gain = 90, full size = 1280 x 1024, have dark, dark dur = 3000, no defect map, pixel size = 5.2 um
Exposure = 3000 ms
Mount = EQMOD HEQ5/6 (ASCOM), connected, guiding enabled, xAngle = 98.4, xRate = 5.646, yAngle = 17.1, yRate = 6.929, parity = +/+
Norm rates RA = 7.0"/s @ dec 0, Dec = 7.3"/s; ortho.err. = 8.7 deg
X guide algorithm = Predictive PEC, Control gain = 0.630
Prediction gain = 0.430
Minimum move = 0.330
Hyperparameters
	Length scale long range SE kernel = 700.000
	Signal variance long range SE kernel = 20.000
	Length scale periodic kernel = 10.000
	Signal variance periodic kernel = 20.000
	Length scale short range SE kernel = 25.000
	Signal variance short range SE kernel = 10.000
	Period length periodic kernel = 478.661
	FFT called after = 2.000 worm cycles
	Auto-adjust period length = On
Y guide algorithm = Resist Switch, Minimum move = 0.300 Aggression = 70% FastSwitch = disabled
Backlash comp = disabled, pulse = 495 ms
Max RA duration = 2500, Max DEC duration = 2500, DEC guide mode = Auto
RA Guide Speed = 7.5 a-s/s, Dec Guide Speed = 7.5 a-s/s, Cal Dec = 0.0, Last Cal Issue = None, Timestamp = 7/7/2026 10:36:27 PM
RA = 20.94 hr, Dec = 31.4 deg, Hour angle = 0.28 hr, Pier side = East, Rotator pos = N/A, Alt = 68.2 deg, Az = 189.8 deg
Lock position = 144.880, 381.533, Star position = 144.880, 381.533, HFD = 6.07 px
Frame,Time,mount,dx,dy,RARawDistance,DECRawDistance,RAGuideDistance,DECGuideDistance,RADuration,RADirection,DECDuration,DECDirection,XStep,YStep,StarMass,SNR,ErrorCode
INFO: SETTLING STATE CHANGE, Settling started
1,9.136,"Mount",-0.568,1.797,1.861,-0.579,1.172,0.000,208,W,0,,,,12759,74.10,0
INFO: SETTLING STATE CHANGE, Settling complete
2,18.056,"Mount",-0.825,1.284,1.390,-0.833,0.876,0.000,155,W,0,,,,11893,70.96,0
3,27.471,"Mount",-1.639,1.951,2.169,-1.650,1.366,-1.155,242,W,167,N,,,10220,65.48,0
4,35.853,"Mount",0.208,0.340,0.306,0.206,0.000,0.000,0,,0,,,,12063,72.44,0
5,45.232,"Mount",-0.690,1.028,1.118,-0.696,0.704,-0.487,125,W,70,N,,,10698,66.49,0
6,54.072,"Mount",0.410,-0.974,-1.024,0.415,-0.645,0.000,114,E,0,,,,11352,70.18,0
7,62.869,"Mount",0.655,0.182,0.085,0.654,0.000,0.000,0,,0,,,,12205,72.87,0
8,72.022,"Mount",-0.175,-0.418,-0.388,-0.173,-0.245,0.000,43,E,0,,,,10870,68.19,0
9,80.974,"Mount",-0.079,-0.407,-0.391,-0.077,-0.246,0.000,44,E,0,,,,11137,69.57,0
10,90.185,"Mount",0.028,-1.705,-1.690,0.038,-1.065,0.000,189,E,0,,,,11612,71.50,0
11,99.246,"Mount",-0.313,-1.685,-1.621,-0.304,-0.934,-0.213,165,E,31,N,,,12993,75.53,0
12,108.150,"Mount",0.543,-2.311,-2.365,0.557,-1.389,0.000,246,E,0,,,,12360,73.94,0
13,116.898,"Mount",0.037,-0.321,-0.323,0.039,0.003,0.000,1,W,0,,,,12547,74.60,0
14,125.972,"Mount",0.174,-0.938,-0.953,0.179,-0.562,0.000,100,E,0,,,,11592,70.60,0
15,138.074,"Mount",-0.084,-1.518,-1.490,-0.075,-0.866,0.000,153,E,0,,,,13054,75.40,0
16,147.201,"Mount",-0.723,-0.761,-0.647,-0.718,-0.386,-0.503,68,E,73,N,,,11341,69.31,0
17,155.870,"Mount",0.115,-0.123,-0.139,0.116,0.054,0.000,9,W,0,,,,11435,70.32,0
18,164.976,"Mount",0.134,-0.824,-0.834,0.138,-0.510,0.000,90,E,0,,,,11307,69.94,0
19,173.944,"Mount",0.045,-0.660,-0.659,0.049,-0.387,0.000,69,E,0,,,,11972,72.23,0
20,183.135,"Mount",-0.338,-1.203,-1.141,-0.331,-0.650,-0.232,115,E,33,N,,,12383,73.24,0
21,192.007,"Mount",-0.440,-0.245,-0.178,-0.439,-0.007,-0.307,1,E,44,N,,,11046,68.78,0
22,200.848,"Mount",-0.115,-0.054,-0.037,-0.114,0.032,0.000,6,W,0,,,,11208,69.20,0
23,213.027,"Mount",-0.452,0.013,0.079,-0.452,0.008,-0.316,1,W,46,N,,,10606,66.80,0
24,221.820,"Mount",0.082,-0.178,-0.188,0.083,-0.003,0.000,0,,0,,,,12088,71.85,0
25,230.883,"Mount",-0.282,-0.027,0.014,-0.282,-0.005,0.000,1,E,0,,,,11702,71.11,0
26,239.994,"Mount",-0.570,0.025,0.108,-0.570,0.018,-0.399,3,W,58,N,,,10350,66.26,0
27,248.899,"Mount",-0.139,-0.483,-0.457,-0.137,-0.287,0.000,51,E,0,,,,11904,71.50,0
28,258.043,"Mount",-0.384,-0.212,-0.154,-0.383,-0.044,-0.268,8,E,39,N,,,12285,72.85,0
29,266.850,"Mount",-0.293,-0.266,-0.220,-0.291,0.021,0.000,4,W,0,,,,11298,69.81,0
30,276.106,"Mount",-0.354,0.998,1.039,-0.360,0.592,-0.252,105,W,36,N,,,11848,71.01,0
31,285.169,"Mount",-0.705,1.179,1.269,-0.712,0.778,-0.498,138,W,72,N,,,12017,72.03,0
32,294.169,"Mount",-0.495,1.494,1.550,-0.503,0.895,-0.352,159,W,51,N,,,12559,74.56,0
33,302.960,"Mount",-0.179,0.846,0.863,-0.184,0.556,0.000,98,W,0,,,,11499,69.52,0
34,311.940,"Mount",-0.154,0.743,0.757,-0.158,0.423,0.000,75,W,0,,,,11368,69.49,0
35,321.168,"Mount",-0.826,0.857,0.969,-0.831,0.554,-0.581,98,W,84,N,,,11461,70.41,0
36,329.911,"Mount",-0.031,-0.468,-0.459,-0.028,-0.261,0.000,46,E,0,,,,11884,71.82,0
37,338.905,"Mount",-0.043,0.018,0.024,-0.043,-0.167,0.000,30,E,0,,,,11287,68.71,0
38,347.911,"Mount",-0.026,0.323,0.323,-0.028,0.101,0.000,18,W,0,,,,11701,70.65,0
39,357.071,"Mount",-0.562,0.629,0.704,-0.566,0.391,-0.396,69,W,57,N,,,10505,66.78,0
40,365.910,"Mount",0.336,-0.014,-0.063,0.336,-0.083,0.000,15,E,0,,,,11026,68.68,0
41,374.815,"Mount",0.028,0.036,0.031,0.028,-0.052,0.000,9,E,0,,,,10769,68.05,0
42,384.150,"Mount",-0.683,0.896,0.986,-0.688,0.586,-0.482,104,W,70,N,,,10757,66.98,0
43,392.925,"Mount",-0.086,0.915,0.918,-0.091,0.565,0.000,100,W,0,,,,11758,71.56,0
44,401.861,"Mount",-0.111,-0.070,-0.053,-0.111,-0.087,0.000,15,E,0,,,,10564,67.25,0
45,410.892,"Mount",-0.042,0.612,0.612,-0.045,0.280,0.000,50,W,0,,,,10471,67.03,0
46,419.907,"Mount",0.021,-0.561,-0.558,0.024,-0.296,0.000,52,E,0,,,,11016,68.66,0
47,428.923,"Mount",-0.007,-0.067,-0.065,-0.007,-0.294,0.000,52,E,0,,,,11637,71.35,0
48,438.195,"Mount",-1.140,0.660,0.819,-1.144,0.476,-0.801,84,W,116,N,,,10948,68.64,0
49,446.906,"Mount",0.257,0.194,0.155,0.255,-0.140,0.000,25,E,0,,,,11285,69.83,0
50,455.859,"Mount",-0.067,0.074,0.083,-0.067,-0.228,0.000,40,E,0,,,,11330,69.95,0
51,465.130,"Mount",-0.568,0.851,0.925,-0.573,0.728,-0.401,129,W,58,N,,,11269,69.37,0
52,473.922,"Mount",0.217,-0.122,-0.152,0.218,0.427,0.000,76,W,0,,,,10750,68.45,0
53,482.826,"Mount",0.206,-0.475,-0.500,0.209,-0.067,0.000,12,E,0,,,,12093,72.66,0
54,491.893,"Mount",0.209,0.458,0.422,0.207,0.427,0.000,76,W,0,,,,11912,71.26,0
55,500.872,"Mount",0.084,0.138,0.124,0.083,0.123,0.000,22,W,0,,,,11715,71.58,0
56,510.079,"Mount",-0.496,-0.917,-0.835,-0.490,-0.434,-0.343,77,E,50,N,,,12490,75.31,0
57,518.838,"Mount",-0.041,-0.133,-0.126,-0.040,-0.064,0.000,11,E,0,,,,10809,67.95,0
58,527.775,"Mount",0.218,-0.158,-0.188,0.219,-0.024,0.000,4,E,0,,,,11504,70.92,0
59,536.805,"Mount",-0.057,0.197,0.203,-0.058,0.060,0.000,11,W,0,,,,12615,73.97,0
60,549.035,"Mount",-0.668,-0.897,-0.790,-0.662,-0.489,-0.464,87,E,67,N,,,11966,71.45,0
61,557.904,"Mount",-0.139,-0.101,-0.080,-0.139,-0.239,0.000,42,E,0,,,,11593,71.57,0
62,566.826,"Mount",-0.125,-0.244,-0.223,-0.124,-0.200,0.000,35,E,0,,,,11679,71.81,0
63,575.825,"Mount",-0.036,-0.094,-0.088,-0.036,-0.122,0.000,22,E,0,,,,12048,72.55,0
64,584.936,"Mount",-0.405,0.055,0.113,-0.406,0.002,-0.284,0,,41,N,,,13186,75.59,0
65,593.872,"Mount",0.142,0.056,0.035,0.142,-0.072,0.000,13,E,0,,,,11426,70.29,0
66,602.812,"Mount",-0.180,0.000,0.026,-0.180,-0.200,0.000,35,E,0,,,,11849,72.07,0
67,615.068,"Mount",-0.485,-0.850,-0.770,-0.480,-0.525,-0.336,93,E,48,N,,,11605,70.29,0
68,623.907,"Mount",-0.313,-0.247,-0.198,-0.312,0.008,-0.218,1,W,32,N,,,11392,69.40,0
69,632.905,"Mount",0.055,-0.992,-0.990,0.061,-0.680,0.000,120,E,0,,,,11102,69.94,0
70,641.815,"Mount",0.084,-0.153,-0.164,0.084,-0.132,0.000,23,E,0,,,,10964,69.17,0
71,650.753,"Mount",0.141,-0.122,-0.141,0.142,-0.051,0.000,9,E,0,,,,11467,71.14,0
72,659.765,"Mount",-0.048,-0.078,-0.070,-0.047,0.026,0.000,5,W,0,,,,11044,69.35,0
INFO: SET LOCK POSITION, new lock pos = 144.880, 381.533
INFO: DITHER by -0.599, 1.584, new lock pos = 146.534, 381.172
INFO: SETTLING STATE CHANGE, Settling started
73,669.241,"Mount",-1.654,0.362,0.599,-1.584,0.599,-1.584,106,W,229,N,,,12967,75.38,0
INFO: SETTLING STATE CHANGE, Settling complete
74,678.167,"Mount",-0.247,-3.703,-3.628,-0.226,-2.285,0.000,405,E,0,,,,11956,71.85,0
75,687.033,"Mount",-2.176,2.414,2.705,-2.190,1.704,0.000,302,W,0,,,,10871,67.85,0
76,695.986,"Mount",-1.152,1.615,1.766,-1.161,1.105,0.000,196,W,0,,,,11635,70.28,0
77,704.984,"Mount",-1.312,0.085,0.276,-1.313,0.037,-0.919,7,W,133,N,,,10993,68.99,0
78,713.775,"Mount",0.280,0.335,0.291,0.278,-0.035,0.000,6,E,0,,,,10796,67.62,0
79,722.966,"Mount",-0.349,0.123,0.173,-0.350,-0.087,-0.245,15,E,35,N,,,11740,70.89,0
80,731.918,"Mount",0.606,-1.203,-1.278,0.613,-0.798,0.000,141,E,0,,,,11192,69.27,0
81,740.837,"Mount",0.106,0.509,0.488,0.104,0.411,0.000,73,W,0,,,,11809,71.56,0
82,749.820,"Mount",-0.229,0.229,0.260,-0.231,0.294,0.000,52,W,0,,,,11497,70.05,0
83,758.787,"Mount",-0.168,0.170,0.192,-0.169,0.197,0.000,35,W,0,,,,11803,71.70,0
84,767.980,"Mount",-0.629,0.351,0.439,-0.631,0.353,-0.442,63,W,64,N,,,11602,70.50,0
85,776.787,"Mount",-0.233,0.177,0.209,-0.234,0.106,0.000,19,W,0,,,,11860,70.95,0
86,786.171,"Mount",0.049,-4.262,-4.223,0.074,-2.487,0.000,441,E,0,,,,11713,71.30,0
87,795.075,"Mount",-1.695,1.002,1.238,-1.701,0.478,-1.191,85,W,172,N,,,11000,68.82,0
88,804.009,"Mount",1.064,-2.800,-2.925,1.081,-1.510,0.000,267,E,0,,,,12706,73.18,0
89,812.817,"Mount",-0.176,1.222,1.235,-0.183,0.497,0.000,88,W,0,,,,10867,68.26,0
90,821.864,"Mount",1.359,-1.339,-1.523,1.366,-0.887,0.000,157,E,0,,,,12231,71.57,0
91,830.798,"Mount",0.966,-0.277,-0.415,0.968,-0.186,0.000,33,E,0,,,,11709,70.91,0
92,839.794,"Mount",-0.225,0.282,0.312,-0.227,-0.101,0.000,18,E,0,,,,11787,69.98,0
93,848.768,"Mount",0.929,-0.537,-0.667,0.932,-0.173,0.000,31,E,0,,,,11396,69.51,0
94,857.816,"Mount",0.442,0.943,0.868,0.437,0.577,0.000,102,W,0,,,,12248,72.26,0
95,866.899,"Mount",0.178,1.546,1.503,0.169,0.972,0.000,172,W,0,,,,10646,67.88,0
96,876.007,"Mount",0.329,1.121,1.061,0.323,0.803,0.226,142,W,33,S,,,11822,71.15,0
97,884.799,"Mount",-0.101,0.609,0.617,-0.105,0.277,0.000,49,W,0,,,,12240,71.24,0
98,896.963,"Mount",0.360,-1.007,-1.048,0.366,-0.738,0.256,131,E,37,S,,,11277,69.83,0
99,905.835,"Mount",-0.701,1.003,1.094,-0.707,0.679,0.000,120,W,0,,,,10936,68.10,0
100,914.866,"Mount",-0.475,0.938,0.997,-0.481,0.778,0.000,138,W,0,,,,11295,69.79,0
101,923.769,"Mount",-0.531,0.388,0.461,-0.533,0.259,0.000,46,W,0,,,,12372,73.02,0
102,932.708,"Mount",-0.678,0.156,0.253,-0.679,0.017,0.000,3,W,0,,,,11071,69.59,0
103,941.755,"Mount",-0.822,-0.014,0.106,-0.822,-0.065,0.000,12,E,0,,,,10862,68.25,0
104,950.960,"Mount",-0.912,0.171,0.302,-0.913,0.145,-0.639,26,W,92,N,,,10994,68.60,0
105,959.944,"Mount",-0.529,-0.375,-0.294,-0.527,0.392,-0.369,69,W,53,N,,,11309,69.97,0
106,968.927,"Mount",-0.598,-0.733,-0.638,-0.594,-0.168,-0.416,30,E,60,N,,,11491,70.15,0
107,977.990,"Mount",-0.659,-0.652,-0.549,-0.655,-0.324,-0.459,57,E,66,N,,,11504,70.50,0
108,986.879,"Mount",0.069,-1.219,-1.216,0.076,-0.744,0.000,132,E,0,,,,12131,73.08,0
109,995.910,"Mount",-0.757,-0.065,0.046,-0.757,0.070,-0.530,12,W,76,N,,,10768,67.36,0
110,1004.845,"Mount",0.842,-1.586,-1.692,0.851,-0.960,0.000,170,E,0,,,,11959,71.62,0
111,1013.733,"Mount",0.083,0.781,0.761,0.078,0.241,0.000,43,W,0,,,,10343,66.67,0
112,1022.668,"Mount",0.048,-0.022,-0.029,0.048,-0.006,0.000,1,E,0,,,,11308,70.32,0
113,1031.642,"Mount",-0.140,-0.319,-0.295,-0.138,0.021,0.000,4,W,0,,,,10944,69.29,0
114,1040.779,"Mount",-0.214,-0.706,-0.668,-0.209,-0.495,0.000,88,E,0,,,,11265,68.74,0
115,1049.894,"Mount",-0.186,-1.212,-1.172,-0.179,-0.784,0.000,139,E,0,,,,11819,71.65,0
116,1058.727,"Mount",-0.230,0.155,0.186,-0.231,-0.189,0.000,33,E,0,,,,11118,68.70,0
117,1067.891,"Mount",-0.565,0.037,0.119,-0.566,-0.074,-0.396,13,E,57,N,,,11782,71.28,0
118,1076.938,"Mount",-0.460,1.052,1.108,-0.466,0.569,-0.326,101,W,47,N,,,11772,70.91,0
119,1085.697,"Mount",-0.121,0.877,0.885,-0.127,0.375,0.000,66,W,0,,,,11089,69.06,0
120,1094.729,"Mount",0.291,-0.072,-0.113,0.291,-0.183,0.000,32,E,0,,,,10934,69.00,0
121,1103.649,"Mount",-0.281,0.143,0.182,-0.282,-0.162,0.000,29,E,0,,,,11014,69.72,0
122,1112.841,"Mount",-0.510,-0.177,-0.100,-0.509,-0.030,-0.357,5,E,51,N,,,11277,70.04,0
123,1121.952,"Mount",-0.425,-1.073,-0.999,-0.419,-0.736,-0.293,130,E,42,N,,,11836,72.38,0
124,1130.679,"Mount",-0.272,0.437,0.472,-0.274,0.061,0.000,11,W,0,,,,11427,69.52,0
125,1139.695,"Mount",0.014,-0.602,-0.598,0.018,-0.412,0.000,73,E,0,,,,12109,72.27,0
126,1148.678,"Mount",-0.156,0.341,0.360,-0.158,0.159,0.000,28,W,0,,,,11530,70.45,0
127,1157.789,"Mount",-0.230,-1.550,-1.500,-0.221,-0.898,0.000,159,E,0,,,,11397,70.97,0
128,1166.918,"Mount",-0.834,0.770,0.883,-0.838,0.508,-0.587,90,W,85,N,,,13152,75.28,0
129,1175.917,"Mount",-0.652,0.298,0.390,-0.653,0.243,-0.457,43,W,66,N,,,11818,71.40,0
130,1184.789,"Mount",0.529,-0.920,-0.987,0.534,-0.659,0.000,117,E,0,,,,11648,69.77,0
131,1193.787,"Mount",0.561,-0.936,-1.008,0.567,-0.731,0.000,129,E,0,,,,11126,68.46,0
132,1202.645,"Mount",0.123,0.181,0.162,0.122,0.033,0.000,6,W,0,,,,11190,68.94,0
133,1214.744,"Mount",0.176,-1.189,-1.202,0.183,-0.626,0.000,111,E,0,,,,12148,72.20,0
134,1223.607,"Mount",-0.082,0.071,0.082,-0.083,-0.050,0.000,9,E,0,,,,11078,68.12,0
135,1232.940,"Mount",-0.437,0.807,0.862,-0.442,0.535,-0.309,95,W,45,N,,,11248,69.52,0
136,1241.727,"Mount",0.256,0.772,0.726,0.252,0.451,0.000,80,W,0,,,,11123,69.04,0
137,1250.742,"Mount",0.001,0.863,0.853,-0.004,0.619,0.000,110,W,0,,,,10465,66.50,0
138,1259.742,"Mount",0.204,-1.173,-1.190,0.210,-0.717,0.000,127,E,0,,,,11828,71.59,0
139,1268.811,"Mount",-0.336,0.389,0.434,-0.338,0.191,-0.237,34,W,34,N,,,11606,69.94,0
140,1277.693,"Mount",0.232,-0.895,-0.919,0.237,-0.434,0.000,77,E,0,,,,11611,71.02,0
141,1286.838,"Mount",-0.640,-0.127,-0.032,-0.639,-0.215,-0.447,38,E,65,N,,,11409,70.34,0
142,1295.757,"Mount",1.417,-0.797,-0.995,1.421,-0.885,0.000,157,E,0,,,,12180,71.45,0
143,1304.688,"Mount",0.351,0.668,0.610,0.348,0.138,0.000,24,W,0,,,,11784,71.59,0
144,1313.756,"Mount",0.910,-0.833,-0.957,0.915,-0.702,0.000,124,E,0,,,,11967,71.01,0
145,1322.740,"Mount",0.785,-0.660,-0.767,0.789,-0.712,0.000,126,E,0,,,,12467,72.16,0
146,1331.899,"Mount",0.685,-0.465,-0.560,0.687,-0.496,0.481,88,E,69,S,,,11822,70.75,0
147,1340.722,"Mount",-0.285,0.796,0.829,-0.290,0.640,0.000,113,W,0,,,,11134,69.12,0
148,1349.706,"Mount",-0.255,0.515,0.547,-0.258,0.505,0.000,89,W,0,,,,11473,69.92,0
149,1358.657,"Mount",0.087,0.284,0.269,0.086,0.120,0.000,21,W,0,,,,12078,72.62,0
150,1367.579,"Mount",-0.653,0.021,0.116,-0.653,0.050,0.000,9,W,0,,,,11421,69.09,0
151,1376.609,"Mount",-0.604,-0.385,-0.293,-0.601,0.025,0.000,4,W,0,,,,11555,70.47,0
152,1385.657,"Mount",-0.562,-0.746,-0.657,-0.557,-0.502,0.000,89,E,0,,,,11306,70.15,0
153,1394.624,"Mount",-0.832,0.288,0.407,-0.834,0.161,0.000,28,W,0,,,,11485,69.70,0
154,1403.949,"Mount",-1.132,0.691,0.849,-1.136,0.435,-0.795,77,W,115,N,,,12178,71.84,0
155,1412.785,"Mount",-0.528,0.530,0.601,-0.531,0.091,-0.372,16,W,54,N,,,11448,69.88,0
156,1421.817,"Mount",-0.436,0.806,0.861,-0.441,0.180,-0.309,32,W,45,N,,,10924,68.02,0
157,1430.667,"Mount",-0.168,0.270,0.292,-0.170,-0.380,0.000,67,E,0,,,,12554,74.02,0
158,1439.688,"Mount",-0.218,1.261,1.280,-0.226,0.424,0.000,75,W,0,,,,10861,67.73,0
159,1448.880,"Mount",-0.559,1.224,1.293,-0.567,0.574,-0.397,102,W,57,N,,,10974,68.55,0
160,1457.703,"Mount",-0.083,0.945,0.947,-0.088,0.598,0.000,106,W,0,,,,11034,67.90,0
161,1466.720,"Mount",0.476,-0.777,-0.838,0.481,-0.541,0.000,96,E,0,,,,11724,70.22,0
162,1475.688,"Mount",-0.265,0.815,0.845,-0.270,0.637,0.000,113,W,0,,,,11931,71.26,0
163,1484.591,"Mount",0.319,-0.043,-0.089,0.319,0.275,0.000,49,W,0,,,,10879,68.29,0
164,1493.667,"Mount",-0.099,-0.767,-0.744,-0.094,-0.429,0.000,76,E,0,,,,10889,68.54,0
165,1502.809,"Mount",-0.086,-1.775,-1.744,-0.075,-1.278,0.000,226,E,0,,,,12030,71.61,0
166,1511.610,"Mount",-0.151,0.171,0.192,-0.152,-0.144,0.000,26,E,0,,,,11600,70.16,0
167,1520.734,"Mount",-0.701,-0.000,0.102,-0.701,-0.051,-0.491,9,E,71,N,,,12141,72.08,0
168,1529.814,"Mount",0.490,-2.237,-2.285,0.503,-1.566,0.000,277,E,0,,,,12093,72.27,0
169,1538.750,"Mount",0.046,-1.016,-1.012,0.052,-1.042,0.000,185,E,0,,,,12913,75.33,0
170,1547.686,"Mount",0.056,1.153,1.133,0.049,0.523,0.000,93,W,0,,,,12984,75.42,0
171,1556.800,"Mount",-0.348,0.721,0.764,-0.352,0.422,-0.247,75,W,36,N,,,11489,70.21,0
172,1565.556,"Mount",0.318,-0.049,-0.095,0.318,-0.161,0.000,28,E,0,,,,11159,68.43,0
173,1574.585,"Mount",0.273,-0.144,-0.183,0.274,-0.102,0.000,18,E,0,,,,11239,69.20,0
174,1583.716,"Mount",-0.326,0.014,0.061,-0.326,0.061,-0.228,11,W,33,N,,,11723,70.75,0
175,1592.715,"Mount",0.216,-1.493,-1.509,0.225,-0.894,0.000,158,E,0,,,,12629,71.68,0
176,1601.565,"Mount",-0.104,0.195,0.208,-0.105,-0.106,0.000,19,E,0,,,,11168,68.41,0
177,1610.557,"Mount",-0.245,0.325,0.357,-0.247,0.169,0.000,30,W,0,,,,10676,68.34,0
178,1619.763,"Mount",-0.656,-0.353,-0.254,-0.654,-0.141,-0.458,25,E,66,N,,,11654,70.30,0
179,1628.586,"Mount",-0.052,-0.064,-0.056,-0.052,-0.241,0.000,43,E,0,,,,11002,68.28,0
180,1637.666,"Mount",0.151,-0.794,-0.807,0.156,-0.608,0.000,108,E,0,,,,12155,72.20,0
181,1646.778,"Mount",-0.347,1.014,1.054,-0.353,0.566,-0.247,100,W,36,N,,,11697,70.56,0
182,1655.826,"Mount",-0.304,0.847,0.882,-0.309,0.655,-0.217,116,W,31,N,,,12108,71.25,0
183,1664.602,"Mount",0.363,-0.209,-0.260,0.364,0.234,0.000,41,W,0,,,,11911,72.11,0
184,1673.667,"Mount",0.866,-1.128,-1.242,0.873,-0.490,0.000,87,E,0,,,,13713,75.33,0
185,1682.698,"Mount",0.304,-1.264,-1.294,0.311,-0.533,0.000,94,E,0,,,,12929,74.46,0
186,1691.585,"Mount",-0.206,0.055,0.084,-0.206,0.251,0.000,45,W,0,,,,11448,70.68,0
187,1700.762,"Mount",0.499,-2.107,-2.157,0.511,-1.120,0.000,198,E,0,,,,12688,73.33,0
188,1709.553,"Mount",-0.425,-0.310,-0.245,-0.423,0.086,0.000,15,W,0,,,,11236,69.92,0
189,1718.779,"Mount",-0.559,-0.200,-0.116,-0.558,0.359,-0.391,64,W,56,N,,,10407,66.33,0
190,1727.520,"Mount",-0.056,-0.021,-0.013,-0.056,0.173,0.000,31,W,0,,,,10953,68.01,0
191,1736.697,"Mount",0.574,-1.677,-1.743,0.584,-0.979,0.000,173,E,0,,,,12892,74.17,0
192,1745.685,"Mount",-0.040,-1.523,-1.501,-0.031,-0.866,0.000,153,E,0,,,,12893,75.34,0
193,1754.551,"Mount",-0.544,0.004,0.084,-0.544,0.126,0.000,22,W,0,,,,11821,70.87,0
194,1763.678,"Mount",0.268,-1.911,-1.930,0.279,-1.010,0.000,179,E,0,,,,13191,75.05,0
195,1772.747,"Mount",-0.487,-0.167,-0.094,-0.486,0.066,-0.341,12,W,49,N,,,10610,67.59,0
196,1781.549,"Mount",0.290,-0.738,-0.772,0.295,-0.101,0.000,18,E,0,,,,11325,69.94,0
197,1790.741,"Mount",-0.363,0.158,0.209,-0.364,0.562,-0.255,100,W,37,N,,,11715,72.00,0
198,1799.581,"Mount",-0.003,-1.255,-1.241,0.005,-0.495,0.000,88,E,0,,,,12039,72.31,0
199,1808.487,"Mount",0.418,-0.423,-0.479,0.421,-0.053,0.000,9,E,0,,,,11771,71.07,0
200,1817.682,"Mount",-0.288,0.929,0.961,-0.293,0.958,0.000,170,W,0,,,,11099,69.79,0
201,1826.916,"Mount",-0.657,1.448,1.528,-0.665,1.315,-0.466,233,W,67,N,,,11821,70.99,0
202,1835.836,"Mount",-0.569,1.183,1.253,-0.576,1.090,-0.403,193,W,58,N,,,12342,73.58,0
203,1844.596,"Mount",0.607,-1.254,-1.329,0.614,-0.551,0.000,98,E,0,,,,12861,74.33,0
204,1853.519,"Mount",-0.282,0.123,0.163,-0.283,0.156,0.000,28,W,0,,,,11248,68.79,0
205,1862.532,"Mount",0.156,-1.283,-1.292,0.163,-0.357,0.000,63,E,0,,,,12675,74.38,0
206,1871.805,"Mount",-0.306,0.875,0.910,-0.311,0.772,-0.218,137,W,31,N,,,11258,69.20,0
207,1880.515,"Mount",-0.225,0.294,0.324,-0.227,0.223,0.000,40,W,0,,,,12027,72.05,0
208,1889.930,"Mount",-0.483,-0.109,-0.037,-0.482,0.201,-0.338,36,W,49,N,,,11602,70.83,0
209,1898.658,"Mount",1.341,-2.161,-2.333,1.353,-1.284,0.000,227,E,0,,,,11473,70.37,0
210,1907.545,"Mount",1.393,-0.761,-0.956,1.398,-0.393,0.000,70,E,0,,,,11918,71.45,0
211,1916.510,"Mount",-0.246,-0.613,-0.570,-0.243,-0.076,0.000,13,E,0,,,,12514,73.61,0
212,1925.546,"Mount",0.005,0.337,0.333,0.003,0.437,0.000,77,W,0,,,,12158,72.07,0
213,1934.457,"Mount",0.579,-0.313,-0.394,0.581,-0.049,0.000,9,E,0,,,,12258,73.35,0
214,1943.578,"Mount",0.878,-0.990,-1.108,0.883,-0.510,0.000,90,E,0,,,,11028,69.27,0
215,1952.440,"Mount",-0.365,-0.482,-0.424,-0.363,-0.033,0.000,6,E,0,,,,11532,70.05,0
216,1961.674,"Mount",0.730,-0.382,-0.484,0.732,-0.046,0.512,8,E,74,S,,,12014,71.97,0
217,1970.657,"Mount",0.346,-0.169,-0.217,0.347,0.147,0.243,26,W,35,S,,,11054,69.07,0
218,1979.753,"Mount",0.650,-1.081,-1.164,0.656,-0.595,0.459,105,E,66,S,,,11022,69.70,0
219,1988.464,"Mount",-0.049,0.078,0.085,-0.050,0.190,0.000,34,W,0,,,,10993,68.39,0
220,1997.432,"Mount",-0.064,-0.544,-0.529,-0.061,0.043,0.000,8,W,0,,,,11708,70.66,0
221,2006.447,"Mount",-0.253,-0.864,-0.818,-0.248,-0.113,0.000,20,E,0,,,,11345,70.65,0
222,2015.479,"Mount",-0.454,-1.066,-0.988,-0.448,-0.354,0.000,63,E,0,,,,11052,69.45,0
223,2024.559,"Mount",-0.250,-1.314,-1.264,-0.242,-0.604,0.000,107,E,0,,,,13048,75.09,0
224,2033.524,"Mount",-0.763,-0.491,-0.375,-0.761,-0.082,0.000,14,E,0,,,,12925,75.54,0
225,2042.415,"Mount",-0.699,-0.438,-0.331,-0.696,-0.011,0.000,2,E,0,,,,11969,72.70,0
226,2051.446,"Mount",-0.799,0.116,0.231,-0.799,0.160,0.000,28,W,0,,,,11678,70.91,0
227,2060.637,"Mount",-0.806,-0.477,-0.354,-0.803,-0.105,-0.562,19,E,81,N,,,11907,71.52,0
228,2069.766,"Mount",-1.096,-1.047,-0.876,-1.090,-0.437,-0.763,77,E,110,N,,,12144,72.88,0
229,2078.637,"Mount",-0.593,-0.653,-0.559,-0.589,-0.172,-0.412,30,E,59,N,,,11765,71.78,0
230,2087.460,"Mount",-0.220,-1.022,-0.979,-0.214,-0.374,0.000,66,E,0,,,,11068,69.71,0
231,2096.764,"Mount",-0.544,-1.426,-1.331,-0.535,-0.646,-0.375,114,E,54,N,,,13439,77.26,0
232,2105.476,"Mount",0.187,-0.081,-0.108,0.187,0.185,0.000,33,W,0,,,,10566,67.61,0
233,2114.559,"Mount",0.068,-1.626,-1.619,0.077,-0.729,0.000,129,E,0,,,,13136,75.60,0
234,2123.652,"Mount",-0.331,-0.671,-0.616,-0.327,-0.298,-0.229,53,E,33,N,,,11100,69.45,0
235,2132.715,"Mount",-0.308,0.518,0.557,-0.311,0.463,-0.218,82,W,31,N,,,12217,72.76,0
236,2141.443,"Mount",-0.100,-0.095,-0.080,-0.100,0.115,0.000,20,W,0,,,,12054,72.93,0
237,2150.539,"Mount",0.201,-0.723,-0.744,0.206,-0.480,0.000,85,E,0,,,,13201,75.27,0
238,2159.465,"Mount",-0.274,-0.342,-0.298,-0.272,0.085,0.000,15,W,0,,,,10921,68.21,0
239,2168.635,"Mount",-0.313,-1.003,-0.947,-0.307,-0.522,-0.215,92,E,31,N,,,11963,71.89,0
240,2177.410,"Mount",-0.093,-0.251,-0.235,-0.091,-0.049,0.000,9,E,0,,,,10600,67.76,0
241,2186.346,"Mount",-0.223,0.182,0.213,-0.224,0.004,0.000,1,W,0,,,,11735,71.82,0
242,2195.730,"Mount",-0.506,1.044,1.107,-0.512,0.778,-0.358,138,W,52,N,,,12347,73.18,0
243,2204.713,"Mount",-0.534,1.075,1.141,-0.540,0.734,-0.378,130,W,55,N,,,11384,70.61,0
244,2213.557,"Mount",-0.346,-0.191,-0.139,-0.344,-0.082,-0.241,14,E,35,N,,,11928,71.53,0
245,2222.618,"Mount",-0.470,0.094,0.161,-0.470,-0.144,-0.329,26,E,47,N,,,11529,70.90,0
246,2231.439,"Mount",0.333,-0.115,-0.163,0.334,-0.128,0.000,23,E,0,,,,11971,72.27,0
247,2240.423,"Mount",0.001,0.097,0.096,0.000,-0.163,0.000,29,E,0,,,,10723,67.89,0
248,2249.423,"Mount",0.053,-0.125,-0.132,0.054,-0.126,0.000,22,E,0,,,,11562,70.89,0
249,2258.438,"Mount",-0.108,-0.524,-0.503,-0.105,-0.325,0.000,58,E,0,,,,11917,72.76,0
250,2267.438,"Mount",-0.145,-0.179,-0.156,-0.144,0.066,0.000,12,W,0,,,,10895,68.62,0
251,2276.550,"Mount",-0.175,-1.391,-1.351,-0.167,-0.860,0.000,152,E,0,,,,13323,76.63,0
252,2285.440,"Mount",-0.176,-0.510,-0.479,-0.173,-0.493,0.000,87,E,0,,,,11698,71.11,0
253,2294.645,"Mount",-0.495,0.332,0.401,-0.497,0.097,-0.348,17,W,50,N,,,11419,69.78,0
254,2303.644,"Mount",-0.572,1.010,1.083,-0.578,0.599,-0.404,106,W,58,N,,,10904,68.41,0
255,2312.485,"Mount",-0.003,1.320,1.306,-0.011,0.750,0.000,133,W,0,,,,11495,70.36,0
256,2321.660,"Mount",-0.528,0.843,0.911,-0.533,0.478,-0.373,85,W,54,N,,,12695,74.57,0
257,2330.347,"Mount",-0.145,0.340,0.357,-0.147,0.047,0.000,8,W,0,,,,11363,70.11,0
258,2339.381,"Mount",0.008,0.285,0.280,0.007,-0.181,0.000,32,E,0,,,,11664,71.09,0
259,2348.514,"Mount",-0.259,1.016,1.042,-0.265,0.534,0.000,95,W,0,,,,12038,71.93,0
260,2357.626,"Mount",-0.412,0.862,0.913,-0.417,0.465,-0.292,82,W,42,N,,,11907,71.74,0
261,2366.531,"Mount",0.217,1.221,1.177,0.210,0.647,0.000,115,W,0,,,,11134,69.19,0
262,2375.430,"Mount",0.268,0.145,0.104,0.268,-0.063,0.000,11,E,0,,,,11577,70.39,0
263,2384.416,"Mount",0.098,0.308,0.291,0.096,-0.171,0.000,30,E,0,,,,11882,71.17,0
264,2393.450,"Mount",0.129,-0.186,-0.203,0.130,-0.255,0.000,45,E,0,,,,11796,71.38,0
265,2402.415,"Mount",0.032,0.798,0.785,0.028,0.237,0.000,42,W,0,,,,10945,68.22,0
266,2411.324,"Mount",0.068,0.188,0.176,0.067,-0.051,0.000,9,E,0,,,,11399,70.06,0
267,2420.382,"Mount",-0.186,-0.366,-0.335,-0.184,-0.243,0.000,43,E,0,,,,12585,73.26,0
268,2429.398,"Mount",-0.193,0.019,0.047,-0.193,-0.116,0.000,20,E,0,,,,10834,68.08,0
269,2438.366,"Mount",-0.072,0.085,0.094,-0.073,-0.124,0.000,22,E,0,,,,10744,67.53,0
270,2447.653,"Mount",-0.463,-0.462,-0.390,-0.460,-0.435,-0.322,77,E,46,N,,,11897,71.41,0
271,2456.413,"Mount",-0.146,-0.668,-0.639,-0.142,-0.563,0.000,100,E,0,,,,11737,70.82,0
272,2465.525,"Mount",-0.463,-0.333,-0.261,-0.461,-0.081,-0.323,14,E,47,N,,,11623,69.90,0
273,2474.508,"Mount",-0.335,0.077,0.125,-0.335,-0.197,-0.235,35,E,34,N,,,11192,68.90,0
274,2483.423,"Mount",-0.221,-0.393,-0.356,-0.219,-0.460,0.000,81,E,0,,,,12202,72.40,0
275,2492.458,"Mount",-0.058,-0.499,-0.485,-0.056,-0.483,0.000,86,E,0,,,,11879,71.76,0
276,2501.476,"Mount",-0.151,0.922,0.934,-0.156,0.535,0.000,95,W,0,,,,11292,70.17,0
277,2510.363,"Mount",-0.244,0.283,0.315,-0.246,0.118,0.000,21,W,0,,,,11971,71.44,0
278,2519.377,"Mount",-0.295,0.331,0.371,-0.297,0.261,0.000,46,W,0,,,,11441,70.07,0
279,2528.289,"Mount",-0.277,-0.253,-0.210,-0.275,0.036,0.000,6,W,0,,,,11331,69.24,0
280,2537.457,"Mount",-0.707,0.189,0.290,-0.708,0.000,-0.496,0,,72,N,,,11991,72.00,0
281,2546.284,"Mount",-0.195,0.293,0.318,-0.197,-0.040,0.000,7,E,0,,,,11130,68.84,0
282,2555.392,"Mount",-0.012,-0.498,-0.491,-0.009,-0.413,0.000,73,E,0,,,,12149,73.22,0
283,2564.343,"Mount",-0.228,0.098,0.130,-0.229,-0.181,0.000,32,E,0,,,,11690,71.24,0
284,2573.327,"Mount",-0.154,0.416,0.434,-0.156,0.196,0.000,35,W,0,,,,11523,70.10,0
285,2582.551,"Mount",-0.413,-0.418,-0.353,-0.411,-0.248,-0.288,44,E,42,N,,,11761,71.58,0
286,2591.278,"Mount",-0.263,0.277,0.313,-0.265,0.037,0.000,7,W,0,,,,11275,69.35,0
287,2600.326,"Mount",-0.089,0.170,0.182,-0.090,0.138,0.000,25,W,0,,,,11181,69.15,0
288,2609.533,"Mount",-0.505,0.015,0.089,-0.505,0.056,-0.354,10,W,51,N,,,11320,70.21,0
289,2618.296,"Mount",0.244,-0.222,-0.255,0.245,0.043,0.000,8,W,0,,,,10512,67.18,0
290,2627.390,"Mount",0.336,-0.473,-0.517,0.339,-0.320,0.000,57,E,0,,,,10418,66.56,0
291,2636.421,"Mount",0.389,-0.978,-1.024,0.395,-0.680,0.000,121,E,0,,,,13104,74.60,0
292,2645.484,"Mount",0.611,-1.112,-1.189,0.617,-0.743,0.000,132,E,0,,,,11746,71.68,0
293,2654.356,"Mount",0.110,-0.646,-0.655,0.114,-0.323,0.000,57,E,0,,,,12276,71.59,0
294,2663.372,"Mount",-0.104,-1.065,-1.038,-0.097,-0.557,0.000,99,E,0,,,,11876,71.72,0
295,2672.291,"Mount",-0.373,0.196,0.249,-0.374,-0.038,0.000,7,E,0,,,,12596,74.51,0
296,2681.563,"Mount",-0.626,0.757,0.840,-0.631,0.488,-0.442,86,W,64,N,,,12003,72.28,0
297,2690.595,"Mount",-0.437,0.945,0.998,-0.443,0.689,-0.310,122,W,45,N,,,11650,70.56,0
298,2699.275,"Mount",0.120,-0.165,-0.181,0.121,0.049,0.000,9,W,0,,,,11274,69.47,0
299,2708.451,"Mount",0.664,-1.272,-1.355,0.671,-0.956,0.000,169,E,0,,,,11212,70.18,0
300,2717.322,"Mount",0.266,-0.172,-0.209,0.267,-0.128,0.000,23,E,0,,,,11706,70.95,0
301,2726.418,"Mount",0.365,-1.086,-1.127,0.371,-0.812,0.000,144,E,0,,,,12724,73.82,0
302,2735.289,"Mount",-0.087,0.510,0.518,-0.090,0.300,0.000,53,W,0,,,,12805,74.29,0
303,2744.378,"Mount",-0.109,0.006,0.022,-0.109,0.271,0.000,48,W,0,,,,11342,69.77,0
304,2753.465,"Mount",0.514,-1.296,-1.357,0.521,-0.872,0.000,154,E,0,,,,11290,69.81,0
305,2762.480,"Mount",-0.335,-0.111,-0.061,-0.334,-0.208,-0.234,37,E,34,N,,,11161,68.85,0
306,2771.223,"Mount",0.449,0.346,0.277,0.447,0.006,0.000,1,W,0,,,,12115,72.47,0
307,2780.415,"Mount",-0.152,0.997,1.009,-0.158,0.850,0.000,151,W,0,,,,11763,71.02,0
308,2789.479,"Mount",-0.293,1.309,1.338,-0.300,1.113,0.000,197,W,0,,,,11638,70.54,0
309,2798.261,"Mount",0.052,-0.049,-0.056,0.052,0.163,0.000,29,W,0,,,,11476,69.72,0
310,2807.349,"Mount",0.165,-0.678,-0.694,0.169,-0.445,0.000,79,E,0,,,,11693,71.43,0
311,2816.382,"Mount",-0.127,-0.966,-0.937,-0.122,-0.590,0.000,105,E,0,,,,10575,67.42,0
312,2825.265,"Mount",-0.182,-0.080,-0.053,-0.181,0.069,0.000,12,W,0,,,,11545,70.84,0
313,2834.300,"Mount",0.021,0.025,0.021,0.021,-0.080,0.000,14,E,0,,,,11720,70.33,0
314,2843.251,"Mount",-0.249,0.381,0.413,-0.251,0.097,0.000,17,W,0,,,,11359,70.03,0
315,2852.346,"Mount",-0.458,0.117,0.183,-0.459,0.005,-0.321,1,W,46,N,,,11109,69.10,0
316,2861.427,"Mount",-0.460,-0.482,-0.410,-0.457,-0.210,-0.320,37,E,46,N,,,11971,72.72,0
317,2870.298,"Mount",0.431,0.512,0.443,0.428,0.246,0.000,43,W,0,,,,11934,71.98,0
318,2879.297,"Mount",0.233,0.420,0.382,0.231,0.297,0.000,53,W,0,,,,11007,68.89,0
319,2888.267,"Mount",0.298,0.522,0.473,0.295,0.225,0.000,40,W,0,,,,11984,72.50,0
320,2897.298,"Mount",0.379,0.710,0.648,0.375,0.315,0.000,56,W,0,,,,12458,72.69,0
321,2906.264,"Mount",0.176,-0.375,-0.397,0.178,-0.180,0.000,32,E,0,,,,12542,73.70,0
322,2915.311,"Mount",0.032,0.655,0.643,0.028,0.497,0.000,88,W,0,,,,12032,71.97,0
323,2924.247,"Mount",-0.095,-0.367,-0.349,-0.093,-0.055,0.000,10,E,0,,,,11908,71.28,0
324,2933.380,"Mount",-0.121,-0.936,-0.908,-0.116,-0.645,0.000,114,E,0,,,,11486,70.65,0
325,2942.278,"Mount",-0.027,-0.136,-0.130,-0.026,-0.159,0.000,28,E,0,,,,11516,70.50,0
326,2951.197,"Mount",-0.060,-0.042,-0.033,-0.060,0.037,0.000,7,W,0,,,,10762,67.51,0
327,2960.260,"Mount",0.097,-0.462,-0.471,0.100,-0.231,0.000,41,E,0,,,,11882,71.07,0
328,2969.404,"Mount",-0.359,-0.189,-0.134,-0.358,-0.202,-0.250,36,E,36,N,,,10809,67.97,0
329,2978.374,"Mount",-0.378,-0.385,-0.326,-0.376,-0.147,-0.263,26,E,38,N,,,11703,71.57,0
330,2987.163,"Mount",-0.210,-0.160,-0.127,-0.209,0.044,0.000,8,W,0,,,,10923,68.24,0
331,2996.259,"Mount",-0.285,-0.147,-0.104,-0.284,0.113,0.000,20,W,0,,,,11049,69.66,0
332,3005.450,"Mount",-0.724,-0.693,-0.580,-0.720,-0.294,-0.504,52,E,73,N,,,10221,66.05,0
333,3014.354,"Mount",0.576,-1.184,-1.255,0.583,-0.947,0.000,168,E,0,,,,12241,73.21,0
334,3023.245,"Mount",0.315,-0.046,-0.092,0.316,-0.188,0.000,33,E,0,,,,10889,68.04,0
335,3032.240,"Mount",0.338,-0.364,-0.409,0.340,-0.182,0.000,32,E,0,,,,11807,71.00,0
336,3041.167,"Mount",0.091,-0.268,-0.279,0.093,-0.003,0.000,1,E,0,,,,11116,69.14,0
337,3050.289,"Mount",0.109,-0.532,-0.542,0.112,-0.534,0.000,95,E,0,,,,11456,70.89,0
338,3059.246,"Mount",-0.136,0.334,0.350,-0.138,0.179,0.000,32,W,0,,,,12183,72.34,0
339,3068.205,"Mount",-0.112,-0.522,-0.500,-0.109,-0.250,0.000,44,E,0,,,,11786,71.47,0
340,3077.251,"Mount",0.049,-0.715,-0.715,0.053,-0.337,0.000,60,E,0,,,,11502,70.52,0
341,3086.205,"Mount",-0.390,-0.139,-0.081,-0.389,0.028,0.000,5,W,0,,,,11372,69.80,0
342,3095.269,"Mount",-0.551,0.464,0.540,-0.553,0.282,0.000,50,W,0,,,,12143,73.30,0
343,3104.689,"Mount",-1.815,0.423,0.683,-1.818,0.429,-1.272,76,W,184,N,,,12597,73.10,0
344,3113.244,"Mount",-0.025,-0.010,-0.007,-0.025,0.155,0.000,27,W,0,,,,10936,68.58,0
345,3122.332,"Mount",0.550,-1.730,-1.791,0.560,-0.872,0.000,154,E,0,,,,11985,71.70,0
346,3131.395,"Mount",-0.477,-0.115,-0.044,-0.476,0.107,-0.334,19,W,48,N,,,11101,68.16,0
347,3140.154,"Mount",-0.135,-0.088,-0.067,-0.135,-0.015,0.000,3,E,0,,,,11461,70.77,0
348,3149.250,"Mount",-0.008,0.525,0.521,-0.011,0.264,0.000,47,W,0,,,,11088,68.23,0
349,3158.249,"Mount",-0.239,0.876,0.901,-0.244,0.555,0.000,98,W,0,,,,11039,68.59,0
350,3167.440,"Mount",-0.465,0.557,0.619,-0.468,0.380,-0.327,67,W,47,N,,,11894,69.78,0
351,3176.167,"Mount",-0.030,0.047,0.051,-0.030,0.095,0.000,17,W,0,,,,12099,72.10,0
352,3185.358,"Mount",0.407,-1.956,-1.995,0.419,-1.242,0.000,220,E,0,,,,11603,69.94,0
353,3194.311,"Mount",0.119,-1.258,-1.262,0.126,-0.928,0.000,164,E,0,,,,12294,73.11,0
354,3203.374,"Mount",-0.526,-0.044,0.033,-0.526,-0.155,-0.368,27,E,53,N,,,11946,71.24,0
355,3212.294,"Mount",0.496,-0.767,-0.831,0.501,-0.647,0.000,115,E,0,,,,10800,67.84,0
356,3221.276,"Mount",0.578,1.012,0.917,0.572,0.491,0.000,87,W,0,,,,11997,70.57,0
357,3230.226,"Mount",0.519,-0.511,-0.581,0.522,-0.238,0.000,42,E,0,,,,11071,68.72,0
358,3239.388,"Mount",0.525,-0.444,-0.515,0.527,-0.379,0.369,67,E,53,S,,,12261,72.59,0
359,3248.196,"Mount",0.004,0.555,0.548,0.000,0.228,0.000,40,W,0,,,,11272,69.14,0
360,3257.274,"Mount",-0.456,1.095,1.150,-0.463,0.667,0.000,118,W,0,,,,11746,70.67,0
361,3266.354,"Mount",-0.796,1.929,2.025,-0.807,1.212,0.000,215,W,0,,,,12495,72.58,0
362,3275.290,"Mount",-0.773,1.410,1.507,-0.781,0.892,0.000,158,W,0,,,,12863,74.01,0
363,3284.225,"Mount",-0.718,0.662,0.760,-0.721,0.462,0.000,82,W,0,,,,12284,73.02,0
364,3293.208,"Mount",-0.188,-0.411,-0.380,-0.186,-0.257,0.000,45,E,0,,,,11635,70.91,0
365,3302.144,"Mount",-0.798,0.428,0.539,-0.801,0.225,0.000,40,W,0,,,,10126,65.00,0
366,3311.384,"Mount",-0.847,0.486,0.604,-0.849,0.262,-0.595,46,W,86,N,,,10866,68.13,0
367,3320.255,"Mount",-0.420,0.203,0.262,-0.421,0.043,-0.295,8,W,43,N,,,11872,71.36,0
368,3329.414,"Mount",-0.299,0.836,0.870,-0.304,0.600,-0.213,106,W,31,N,,,11503,70.56,0
369,3338.208,"Mount",0.265,0.281,0.240,0.263,0.135,0.000,24,W,0,,,,11515,69.03,0
370,3347.318,"Mount",0.407,-1.498,-1.541,0.416,-1.098,0.000,194,E,0,,,,12648,74.35,0
371,3356.156,"Mount",-0.245,0.338,0.370,-0.247,0.171,0.000,30,W,0,,,,11325,69.58,0
372,3365.189,"Mount",0.426,-0.782,-0.835,0.430,-0.281,0.000,50,E,0,,,,11258,70.14,0
373,3374.157,"Mount",-0.115,-0.062,-0.044,-0.115,-0.158,0.000,28,E,0,,,,11005,67.82,0
374,3383.221,"Mount",-0.011,-1.335,-1.319,-0.003,-0.733,0.000,130,E,0,,,,12197,72.55,0
375,3392.300,"Mount",-0.382,-0.078,-0.022,-0.382,-0.056,-0.267,10,E,39,N,,,11548,70.98,0
376,3401.239,"Mount",-0.328,-0.189,-0.139,-0.327,0.020,-0.229,4,W,33,N,,,12006,72.07,0
377,3410.315,"Mount",-0.407,-0.315,-0.252,-0.405,0.058,-0.283,10,W,41,N,,,11551,70.17,0
378,3419.251,"Mount",0.516,-1.190,-1.252,0.523,-0.798,0.000,141,E,0,,,,11296,68.41,0
379,3428.138,"Mount",-0.010,0.378,0.375,-0.013,0.134,0.000,24,W,0,,,,10873,68.99,0
380,3437.281,"Mount",-0.262,-1.779,-1.722,-0.252,-1.094,0.000,194,E,0,,,,13028,74.22,0
381,3446.268,"Mount",-0.530,0.248,0.323,-0.532,-0.065,-0.372,12,E,54,N,,,12183,71.97,0
382,3455.072,"Mount",-0.174,-0.029,-0.003,-0.174,0.015,0.000,3,W,0,,,,11488,68.27,0
383,3464.119,"Mount",-0.243,-0.025,0.011,-0.243,0.091,0.000,16,W,0,,,,11201,69.10,0
384,3473.454,"Mount",-0.791,0.959,1.065,-0.797,0.733,-0.558,130,W,81,N,,,11058,69.45,0
385,3482.150,"Mount",0.425,-0.013,-0.075,0.425,0.286,0.000,51,W,0,,,,11242,69.03,0
386,3491.263,"Mount",0.529,-1.475,-1.536,0.538,-0.938,0.000,166,E,0,,,,11599,69.71,0
387,3500.310,"Mount",-0.377,0.279,0.331,-0.379,0.205,-0.265,36,W,38,N,,,11520,69.47,0
388,3509.309,"Mount",1.141,-1.742,-1.890,1.151,-1.206,0.000,214,E,0,,,,12286,72.08,0
389,3518.245,"Mount",0.996,-0.624,-0.762,0.999,-0.702,0.000,124,E,0,,,,11317,69.07,0
390,3527.147,"Mount",0.384,0.700,0.636,0.380,0.303,0.000,54,W,0,,,,11940,70.10,0
391,3536.435,"Mount",0.757,-0.712,-0.815,0.761,-0.474,0.533,84,E,77,S,,,11830,70.94,0
392,3545.098,"Mount",-0.307,0.056,0.100,-0.307,-0.169,0.000,30,E,0,,,,11779,71.03,0
393,3554.066,"Mount",-0.116,-0.122,-0.104,-0.115,0.026,0.000,5,W,0,,,,11001,68.15,0
394,3563.113,"Mount",-0.363,0.115,0.167,-0.364,0.069,0.000,12,W,0,,,,12565,72.71,0
395,3572.113,"Mount",0.130,-0.546,-0.559,0.133,-0.346,0.000,61,E,0,,,,10343,65.88,0
396,3581.097,"Mount",-0.034,-0.020,-0.015,-0.034,0.076,0.000,13,W,0,,,,11063,68.35,0
397,3590.079,"Mount",-0.595,-0.347,-0.257,-0.593,0.076,0.000,14,W,0,,,,11307,69.28,0
398,3599.175,"Mount",-0.390,-0.837,-0.771,-0.385,-0.428,0.000,76,E,0,,,,12252,72.52,0
399,3608.351,"Mount",-0.803,-0.937,-0.810,-0.798,-0.492,-0.558,87,E,81,N,,,11775,71.27,0
400,3617.175,"Mount",-0.373,0.005,0.059,-0.373,-0.042,-0.261,7,E,38,N,,,11146,68.79,0
401,3626.125,"Mount",-0.131,-0.396,-0.372,-0.129,-0.264,0.000,47,E,0,,,,11549,70.65,0
402,3635.412,"Mount",-0.926,1.044,1.168,-0.932,0.735,-0.652,130,W,94,N,,,11967,71.39,0
403,3644.444,"Mount",-0.451,1.639,1.687,-0.460,1.101,-0.322,195,W,46,N,,,12130,71.97,0
404,3653.028,"Mount",0.240,-0.144,-0.178,0.241,-0.026,0.000,5,E,0,,,,11552,70.58,0
405,3662.235,"Mount",0.596,-1.438,-1.509,0.604,-1.097,0.000,194,E,0,,,,11556,69.67,0
406,3671.081,"Mount",0.229,0.544,0.505,0.226,0.204,0.000,36,W,0,,,,11473,69.39,0
407,3680.098,"Mount",0.462,-0.458,-0.521,0.464,-0.304,0.000,54,E,0,,,,11042,69.80,0
408,3689.089,"Mount",0.288,0.680,0.631,0.284,0.359,0.000,64,W,0,,,,10515,66.42,0
409,3698.077,"Mount",-0.047,0.487,0.489,-0.050,0.341,0.000,60,W,0,,,,10191,64.54,0
410,3707.041,"Mount",0.127,0.095,0.076,0.127,-0.191,0.000,34,E,0,,,,11053,67.29,0
INFO: SET LOCK POSITION, new lock pos = 146.534, 381.172
INFO: DITHER by 1.291, 0.986, new lock pos = 147.322, 382.593
INFO: SETTLING STATE CHANGE, Settling started
411,3716.843,"Mount",-0.788,-1.421,-1.291,-0.986,-1.291,-0.986,229,E,142,N,,,11492,69.64,0
INFO: SETTLING STATE CHANGE, Settling complete
412,3725.040,"Mount",-0.652,-0.217,-0.119,-0.650,-0.075,0.000,13,E,0,,,,11147,67.61,0
413,3734.063,"Mount",-0.542,-0.088,-0.008,-0.541,-0.005,0.000,1,E,0,,,,10846,66.38,0
414,3743.375,"Mount",-0.907,0.960,1.082,-0.912,0.532,-0.639,94,W,92,N,,,10831,67.52,0
415,3752.136,"Mount",0.320,0.780,0.725,0.315,0.452,0.000,80,W,0,,,,13879,76.28,0
416,3761.022,"Mount",-0.110,-0.099,-0.082,-0.109,0.052,0.000,9,W,0,,,,10725,66.86,0
417,3769.974,"Mount",0.007,-0.078,-0.078,0.008,0.052,0.000,9,W,0,,,,10308,65.34,0
418,3779.166,"Mount",0.713,-1.462,-1.550,0.721,-0.990,0.000,175,E,0,,,,11775,68.93,0
419,3788.213,"Mount",-0.545,0.772,0.843,-0.549,0.482,-0.384,85,W,55,N,,,9844,63.40,0
420,3797.068,"Mount",0.458,0.484,0.412,0.455,0.361,0.000,64,W,0,,,,14631,78.95,0
421,3806.052,"Mount",0.250,0.783,0.738,0.245,0.307,0.000,54,W,0,,,,13586,75.63,0
422,3815.083,"Mount",0.034,0.599,0.588,0.030,0.557,0.000,99,W,0,,,,12584,71.99,0
423,3824.003,"Mount",0.001,0.172,0.170,-0.000,0.028,0.000,5,W,0,,,,10652,65.91,0
424,3832.993,"Mount",0.012,0.283,0.278,0.011,-0.006,0.000,1,E,0,,,,13879,76.28,0
425,3842.290,"Mount",-0.323,1.146,1.180,-0.330,0.623,-0.231,110,W,33,N,,,12500,72.32,0
426,3851.344,"Mount",-0.681,1.129,1.217,-0.687,0.705,-0.481,125,W,69,N,,,12358,71.70,0
427,3860.018,"Mount",0.477,-0.003,-0.073,0.477,0.005,0.000,1,W,0,,,,14149,76.48,0
428,3869.001,"Mount",0.263,0.206,0.165,0.261,-0.120,0.000,21,E,0,,,,15286,79.71,0
429,3877.953,"Mount",-0.099,0.201,0.213,-0.100,0.044,0.000,8,W,0,,,,12326,71.17,0
430,3886.984,"Mount",0.063,0.118,0.108,0.062,-0.039,0.000,7,E,0,,,,15489,80.48,0
431,3895.952,"Mount",-0.138,-0.082,-0.061,-0.137,-0.017,0.000,3,E,0,,,,12079,70.53,0
432,3905.111,"Mount",-0.161,-0.952,-0.918,-0.155,-0.624,0.000,110,E,0,,,,13274,73.06,0
433,3914.063,"Mount",0.098,-0.793,-0.799,0.103,-0.591,0.000,105,E,0,,,,14869,79.05,0
434,3923.094,"Mount",-0.091,-0.963,-0.939,-0.086,-0.541,0.000,96,E,0,,,,12201,71.81,0
435,3932.161,"Mount",-0.270,-0.910,-0.861,-0.265,-0.636,0.000,113,E,0,,,,11500,69.40,0
436,3941.173,"Mount",-0.998,-0.410,-0.260,-0.996,0.019,-0.697,3,W,101,N,,,11933,70.35,0
437,3950.092,"Mount",-0.393,0.266,0.321,-0.395,-0.040,-0.276,7,E,40,N,,,12159,71.89,0
438,3959.220,"Mount",-0.455,0.592,0.652,-0.458,0.468,-0.321,83,W,46,N,,,11657,70.05,0
439,3968.026,"Mount",0.571,-0.745,-0.820,0.575,-0.388,0.000,69,E,0,,,,10616,67.22,0
440,3976.965,"Mount",0.123,-0.077,-0.094,0.123,-0.028,0.000,5,E,0,,,,11032,67.82,0
441,3985.974,"Mount",0.148,-0.061,-0.082,0.149,-0.089,0.000,16,E,0,,,,11791,69.06,0
442,3994.896,"Mount",0.269,-0.140,-0.177,0.270,-0.000,0.000,0,,0,,,,11121,67.56,0
443,4003.944,"Mount",-0.037,-0.184,-0.176,-0.035,0.015,0.000,3,W,0,,,,12206,71.82,0
444,4012.959,"Mount",0.192,-0.158,-0.185,0.193,0.166,0.000,29,W,0,,,,13637,75.26,0
445,4021.976,"Mount",-0.216,0.129,0.159,-0.217,-0.074,0.000,13,E,0,,,,10888,66.56,0
446,4031.086,"Mount",0.189,-0.856,-0.874,0.194,-0.694,0.000,123,E,0,,,,11126,67.84,0
447,4040.166,"Mount",-0.309,0.715,0.752,-0.313,0.447,-0.219,79,W,32,N,,,10005,63.57,0
448,4048.893,"Mount",-0.175,0.070,0.095,-0.176,-0.050,0.000,9,E,0,,,,12578,72.81,0
449,4057.988,"Mount",-0.174,0.687,0.705,-0.178,0.397,0.000,70,W,0,,,,10573,65.87,0
450,4067.020,"Mount",0.068,-0.543,-0.547,0.071,-0.439,0.000,78,E,0,,,,13349,72.96,0
451,4075.907,"Mount",0.121,-0.094,-0.110,0.122,0.025,0.000,5,W,0,,,,11611,69.45,0
452,4085.058,"Mount",0.312,-1.020,-1.054,0.318,-0.619,0.000,110,E,0,,,,10871,67.80,0
453,4094.018,"Mount",-0.190,-0.759,-0.723,-0.185,-0.576,0.000,102,E,0,,,,10561,66.70,0
454,4103.193,"Mount",-0.351,0.671,0.715,-0.355,0.421,-0.248,74,W,36,N,,,11504,69.61,0
455,4112.113,"Mount",-0.483,0.189,0.257,-0.484,0.029,-0.339,5,W,49,N,,,11216,67.76,0
456,4121.098,"Mount",0.176,1.015,0.979,0.170,0.634,0.000,112,W,0,,,,13562,75.65,0
457,4129.906,"Mount",0.360,0.237,0.182,0.358,-0.026,0.000,5,E,0,,,,14115,76.87,0
458,4139.064,"Mount",-0.239,-0.852,-0.808,-0.234,-0.597,0.000,106,E,0,,,,11265,68.79,0
459,4150.973,"Mount",0.133,-0.013,-0.032,0.133,-0.172,0.000,31,E,0,,,,10354,65.09,0
460,4160.056,"Mount",0.188,-1.167,-1.182,0.194,-0.848,0.000,150,E,0,,,,13859,74.57,0
461,4169.099,"Mount",0.238,-1.164,-1.186,0.245,-0.893,0.000,158,E,0,,,,10332,65.71,0
462,4177.939,"Mount",0.126,-0.027,-0.045,0.126,-0.087,0.000,15,E,0,,,,14347,77.34,0
463,4187.227,"Mount",-0.564,1.112,1.183,-0.570,0.838,-0.399,148,W,58,N,,,12926,71.92,0
464,4195.970,"Mount",0.160,0.476,0.447,0.158,0.226,0.000,40,W,0,,,,13759,75.53,0
465,4204.986,"Mount",-0.105,0.409,0.420,-0.108,0.246,0.000,44,W,0,,,,10954,67.22,0
466,4213.879,"Mount",-0.099,-0.126,-0.111,-0.099,0.032,0.000,6,W,0,,,,11482,68.21,0
467,4223.209,"Mount",-0.528,1.157,1.222,-0.535,0.690,-0.374,122,W,54,N,,,12180,69.62,0
468,4232.353,"Mount",-0.398,1.522,1.564,-0.407,1.029,-0.285,182,W,41,N,,,13924,74.84,0
469,4241.021,"Mount",1.359,-0.576,-0.768,1.362,-0.440,0.000,78,E,0,,,,13146,74.26,0
470,4250.001,"Mount",1.252,-0.248,-0.428,1.253,-0.434,0.000,77,E,0,,,,12197,70.49,0
471,4259.097,"Mount",0.355,1.940,1.868,0.344,1.183,0.000,210,W,0,,,,11512,68.74,0
472,4268.062,"Mount",0.414,1.911,1.830,0.403,1.026,0.000,182,W,0,,,,10975,67.58,0
473,4277.110,"Mount",0.472,-0.107,-0.174,0.472,0.075,0.331,13,W,48,S,,,10538,65.92,0
474,4286.110,"Mount",0.612,-0.209,-0.296,0.613,-0.097,0.429,17,E,62,S,,,11880,68.67,0
475,4295.109,"Mount",0.300,-0.018,-0.062,0.301,0.080,0.210,14,W,30,S,,,11976,71.06,0
476,4303.997,"Mount",0.214,-0.657,-0.681,0.218,-0.521,0.000,92,E,0,,,,13584,74.35,0
477,4312.916,"Mount",0.115,-0.249,-0.263,0.116,-0.170,0.000,30,E,0,,,,11979,69.90,0
478,4321.876,"Mount",0.188,0.087,0.059,0.188,0.017,0.000,3,W,0,,,,11372,68.27,0
479,4331.202,"Mount",0.792,0.042,-0.074,0.792,-0.031,0.554,6,E,80,S,,,14526,78.31,0
480,4339.899,"Mount",0.108,-0.394,-0.405,0.110,-0.359,0.000,64,E,0,,,,10554,66.45,0
481,4349.027,"Mount",0.322,-0.147,-0.192,0.323,0.042,0.226,7,W,33,S,,,11502,69.41,0
482,4357.841,"Mount",0.241,0.152,0.115,0.240,0.044,0.000,8,W,0,,,,11304,68.96,0
483,4366.933,"Mount",0.275,-0.639,-0.672,0.279,-0.285,0.000,51,E,0,,,,11981,70.79,0
484,4375.915,"Mount",0.046,0.656,0.642,0.042,0.332,0.000,59,W,0,,,,12297,70.62,0
485,4384.960,"Mount",-0.265,0.563,0.595,-0.268,0.542,0.000,96,W,0,,,,10960,67.29,0
486,4393.832,"Mount",0.127,0.208,0.187,0.126,-0.007,0.000,1,E,0,,,,12251,70.82,0
487,4402.928,"Mount",-0.609,0.111,0.198,-0.609,-0.125,0.000,22,E,0,,,,12069,71.01,0
488,4411.930,"Mount",0.110,0.053,0.037,0.109,-0.227,0.000,40,E,0,,,,11985,71.87,0
489,4420.910,"Mount",-0.284,-0.051,-0.009,-0.284,-0.067,0.000,12,E,0,,,,12004,71.69,0
490,4429.925,"Mount",-0.768,0.705,0.810,-0.772,0.404,0.000,72,W,0,,,,11175,67.83,0
491,4439.069,"Mount",-0.433,0.448,0.506,-0.436,0.402,-0.305,71,W,44,N,,,10303,65.16,0
492,4447.893,"Mount",0.120,0.269,0.249,0.119,-0.074,0.000,13,E,0,,,,11112,67.84,0
493,4456.833,"Mount",0.031,0.325,0.317,0.030,0.008,0.000,1,W,0,,,,11053,67.64,0
494,4465.876,"Mount",0.269,0.293,0.250,0.267,0.051,0.000,9,W,0,,,,11003,67.40,0
495,4474.828,"Mount",-0.116,-0.066,-0.048,-0.115,-0.047,0.000,8,E,0,,,,11322,68.85,0
496,4483.858,"Mount",-0.187,-0.408,-0.377,-0.185,-0.211,0.000,37,E,0,,,,11496,69.44,0
497,4492.880,"Mount",-0.271,0.186,0.224,-0.272,0.067,0.000,12,W,0,,,,11808,69.83,0
498,4501.937,"Mount",-0.261,-0.658,-0.613,-0.257,-0.324,0.000,57,E,0,,,,10359,64.93,0
499,4510.873,"Mount",-0.274,-0.369,-0.325,-0.271,-0.079,0.000,14,E,0,,,,11039,68.07,0
500,4519.936,"Mount",-0.400,-0.118,-0.059,-0.399,-0.006,-0.279,1,E,40,N,,,10109,64.62,0
501,4529.080,"Mount",-0.425,0.147,0.207,-0.426,0.075,-0.298,13,W,43,N,,,10454,66.04,0
502,4537.855,"Mount",-0.083,-0.385,-0.369,-0.081,-0.220,0.000,39,E,0,,,,10807,67.89,0
503,4546.902,"Mount",-0.216,0.798,0.821,-0.221,0.369,0.000,65,W,0,,,,11347,69.30,0
504,4556.046,"Mount",-0.539,-0.462,-0.379,-0.536,-0.177,-0.375,31,E,54,N,,,11059,67.72,0
505,4564.789,"Mount",-0.272,0.123,0.161,-0.273,-0.004,0.000,1,E,0,,,,12335,71.45,0
506,4573.998,"Mount",-0.311,0.086,0.130,-0.312,0.073,-0.218,13,W,31,N,,,11211,67.92,0
507,4582.884,"Mount",-0.303,-0.614,-0.564,-0.299,-0.464,0.000,82,E,0,,,,10805,66.56,0
508,4592.076,"Mount",-0.757,0.954,1.055,-0.762,0.613,-0.534,109,W,77,N,,,10726,67.23,0
509,4601.187,"Mount",-0.896,0.949,1.069,-0.901,0.681,-0.631,121,W,91,N,,,11331,68.36,0
510,4609.834,"Mount",0.112,-0.080,-0.095,0.113,0.126,0.000,22,W,0,,,,11413,69.35,0
511,4618.802,"Mount",-0.022,-0.291,-0.284,-0.020,0.008,0.000,2,W,0,,,,11322,68.32,0
512,4627.915,"Mount",0.357,-0.439,-0.486,0.359,-0.388,0.000,69,E,0,,,,11665,70.09,0
513,4636.792,"Mount",0.185,-0.112,-0.138,0.185,-0.051,0.000,9,E,0,,,,10941,67.23,0
514,4645.880,"Mount",0.509,-0.378,-0.448,0.511,-0.342,0.000,60,E,0,,,,11552,69.47,0
515,4654.783,"Mount",0.322,0.180,0.131,0.321,0.022,0.000,4,W,0,,,,10465,65.06,0
516,4663.814,"Mount",0.577,-0.211,-0.293,0.578,0.075,0.000,13,W,0,,,,12715,72.38,0
517,4672.959,"Mount",0.596,-1.168,-1.242,0.602,-0.872,0.000,155,E,0,,,,12045,69.97,0
518,4681.831,"Mount",0.195,-0.339,-0.364,0.197,-0.268,0.000,47,E,0,,,,11449,69.60,0
519,4690.829,"Mount",0.249,-0.044,-0.080,0.249,-0.053,0.000,9,E,0,,,,10858,66.15,0
520,4699.860,"Mount",-0.918,0.561,0.689,-0.921,0.379,0.000,67,W,0,,,,10432,64.39,0
521,4708.956,"Mount",-1.017,1.134,1.270,-1.023,0.809,0.000,143,W,0,,,,11164,67.11,0
522,4717.892,"Mount",-0.891,1.010,1.129,-0.897,0.665,0.000,118,W,0,,,,11102,67.07,0
523,4726.819,"Mount",-0.465,0.322,0.387,-0.467,0.215,0.000,38,W,0,,,,10826,65.45,0
524,4735.826,"Mount",-0.468,-0.074,-0.005,-0.467,-0.074,0.000,13,E,0,,,,10552,66.48,0
525,4745.067,"Mount",-0.569,0.354,0.433,-0.571,0.276,-0.400,49,W,58,N,,,10832,66.73,0
526,4754.097,"Mount",-0.684,0.694,0.786,-0.688,0.490,-0.482,87,W,70,N,,,10897,65.97,0
527,4762.808,"Mount",-0.047,0.278,0.282,-0.049,0.102,0.000,18,W,0,,,,11701,68.67,0
528,4771.921,"Mount",0.360,1.008,0.945,0.355,0.596,0.000,106,W,0,,,,11797,69.75,0
529,4780.791,"Mount",0.671,-0.052,-0.149,0.671,-0.042,0.000,7,E,0,,,,11290,67.10,0
530,4789.807,"Mount",-0.199,-0.177,-0.146,-0.198,-0.060,0.000,11,E,0,,,,10466,65.93,0
531,4798.998,"Mount",-0.454,0.130,0.194,-0.454,-0.098,-0.318,17,E,46,N,,,11599,66.99,0
532,4807.726,"Mount",-0.139,0.196,0.214,-0.140,0.016,0.000,3,W,0,,,,12073,70.09,0
533,4817.001,"Mount",-0.298,0.652,0.689,-0.301,0.501,-0.211,89,W,30,N,,,11144,66.23,0
534,4825.810,"Mount",0.224,-0.426,-0.454,0.226,-0.300,0.000,53,E,0,,,,11069,67.94,0
535,4834.836,"Mount",0.594,-0.498,-0.580,0.597,-0.369,0.000,65,E,0,,,,10460,65.12,0
536,4843.820,"Mount",0.684,-0.753,-0.844,0.689,-0.448,0.000,79,E,0,,,,12525,71.18,0
537,4855.825,"Mount",-0.271,-0.479,-0.434,-0.268,-0.281,0.000,50,E,0,,,,10342,64.94,0
538,4864.904,"Mount",0.941,-0.976,-1.103,0.947,-0.769,0.000,136,E,0,,,,12111,70.56,0
539,4873.807,"Mount",0.728,-0.349,-0.452,0.730,-0.240,0.000,42,E,0,,,,12367,71.00,0
540,4882.998,"Mount",0.633,-0.648,-0.733,0.636,-0.386,0.445,68,E,64,S,,,12032,68.92,0
541,4891.837,"Mount",0.232,-0.494,-0.522,0.235,-0.433,0.000,77,E,0,,,,10824,66.66,0
542,4900.884,"Mount",0.777,0.005,-0.108,0.777,-0.022,0.544,4,E,79,S,,,12110,70.36,0
543,4909.708,"Mount",-0.209,0.018,0.049,-0.209,0.007,0.000,1,W,0,,,,11192,67.82,0
544,4918.833,"Mount",-0.688,0.668,0.762,-0.692,0.416,0.000,74,W,0,,,,10861,66.05,0
545,4927.786,"Mount",-0.566,0.351,0.430,-0.568,0.352,0.000,62,W,0,,,,10841,66.52,0
546,4936.842,"Mount",0.078,0.397,0.382,0.075,0.278,0.000,49,W,0,,,,10807,65.65,0
547,4945.749,"Mount",-1.255,0.063,0.245,-1.256,-0.057,0.000,10,E,0,,,,10844,66.08,0
548,4954.800,"Mount",-1.317,0.344,0.532,-1.319,0.280,0.000,50,W,0,,,,12149,69.96,0
549,4964.071,"Mount",-0.840,-1.131,-0.997,-0.834,-0.677,-0.584,120,E,84,N,,,11137,67.22,0
550,4973.024,"Mount",-1.306,0.418,0.604,-1.308,0.271,-0.916,48,W,132,N,,,9960,62.42,0
551,4982.103,"Mount",-0.598,-1.869,-1.762,-0.587,-1.087,-0.411,192,E,59,N,,,11693,68.21,0
552,4990.739,"Mount",-0.120,-0.009,0.008,-0.120,-0.023,0.000,4,E,0,,,,14015,76.03,0
553,4999.705,"Mount",-0.195,-0.160,-0.129,-0.194,-0.027,0.000,5,E,0,,,,10926,66.45,0
554,5008.910,"Mount",-0.402,0.434,0.488,-0.404,0.208,-0.283,37,W,41,N,,,10831,65.84,0
555,5017.685,"Mount",0.022,0.042,0.039,0.022,-0.039,0.000,7,E,0,,,,11661,68.12,0
556,5026.731,"Mount",-0.002,0.445,0.440,-0.005,0.224,0.000,40,W,0,,,,9688,62.45,0
557,5035.812,"Mount",0.516,-1.090,-1.154,0.522,-0.695,0.000,123,E,0,,,,10412,65.46,0
558,5044.683,"Mount",0.116,0.123,0.105,0.116,0.031,0.000,5,W,0,,,,10438,65.01,0
559,5053.762,"Mount",0.147,-0.653,-0.667,0.151,-0.260,0.000,46,E,0,,,,11236,66.86,0
560,5062.841,"Mount",-0.399,-0.173,-0.113,-0.398,-0.019,-0.278,3,E,40,N,,,9834,62.35,0
561,5071.953,"Mount",-0.512,0.520,0.589,-0.515,0.377,-0.361,67,W,52,N,,,9926,63.04,0
562,5080.770,"Mount",0.632,0.827,0.726,0.627,0.380,0.000,67,W,0,,,,12841,73.02,0
563,5089.757,"Mount",0.245,0.078,0.042,0.245,-0.072,0.000,13,E,0,,,,11435,68.42,0
564,5098.682,"Mount",0.458,0.273,0.204,0.456,-0.006,0.000,1,E,0,,,,12895,71.45,0
565,5107.726,"Mount",0.412,-0.102,-0.160,0.412,-0.058,0.000,10,E,0,,,,10877,65.13,0
566,5116.678,"Mount",0.038,-0.204,-0.207,0.039,0.007,0.000,1,W,0,,,,10821,64.52,0
567,5125.756,"Mount",0.398,-0.499,-0.552,0.401,-0.290,0.000,51,E,0,,,,11761,68.68,0
568,5134.677,"Mount",0.010,0.111,0.108,0.009,-0.011,0.000,2,E,0,,,,11436,67.62,0
569,5143.821,"Mount",-0.163,0.987,1.001,-0.169,0.590,0.000,104,W,0,,,,11264,67.18,0
570,5152.676,"Mount",0.474,0.115,0.044,0.473,0.003,0.000,1,W,0,,,,12904,72.39,0
571,5161.644,"Mount",-0.185,-0.115,-0.087,-0.184,-0.009,0.000,2,E,0,,,,10989,66.34,0
572,5170.729,"Mount",-0.110,0.363,0.375,-0.113,0.203,0.000,36,W,0,,,,10678,64.64,0
573,5179.818,"Mount",-0.534,1.334,1.397,-0.541,0.808,0.000,143,W,0,,,,11420,66.03,0
574,5188.962,"Mount",-0.904,1.479,1.595,-0.913,1.004,0.000,178,W,0,,,,12666,71.48,0
575,5201.045,"Mount",-1.000,1.214,1.347,-1.007,0.933,-0.705,165,W,102,N,,,12275,70.03,0
576,5209.655,"Mount",0.218,-0.069,-0.100,0.218,-0.049,0.000,9,E,0,,,,10179,64.12,0
577,5218.756,"Mount",0.725,-0.839,-0.936,0.730,-0.557,0.000,99,E,0,,,,10517,64.54,0
578,5227.707,"Mount",0.615,0.448,0.353,0.612,0.162,0.000,29,W,0,,,,12726,70.24,0
579,5236.658,"Mount",0.183,0.200,0.171,0.182,-0.090,0.000,16,E,0,,,,11384,67.94,0
580,5245.626,"Mount",0.341,0.219,0.167,0.340,-0.027,0.000,5,E,0,,,,13232,73.24,0
581,5254.642,"Mount",-0.288,0.172,0.212,-0.289,0.005,0.000,1,W,0,,,,12353,70.30,0
582,5263.609,"Mount",0.164,-0.005,-0.029,0.164,0.027,0.000,5,W,0,,,,11038,65.42,0
583,5272.786,"Mount",0.217,0.922,0.880,0.212,0.470,0.000,83,W,0,,,,12600,71.14,0
584,5281.863,"Mount",0.423,0.572,0.504,0.420,0.282,0.294,50,W,42,S,,,13466,73.37,0
585,5290.765,"Mount",-0.495,1.038,1.099,-0.501,0.618,0.000,109,W,0,,,,11373,67.20,0
586,5299.688,"Mount",0.020,-0.007,-0.010,0.020,-0.124,0.000,22,E,0,,,,10619,63.73,0
587,5308.622,"Mount",-0.009,0.155,0.155,-0.010,0.026,0.000,5,W,0,,,,10102,62.81,0
588,5317.669,"Mount",-0.285,0.351,0.389,-0.287,0.194,0.000,34,W,0,,,,11792,68.11,0
589,5326.593,"Mount",0.099,-0.232,-0.244,0.101,-0.001,0.000,0,,0,,,,11170,67.83,0
590,5338.616,"Mount",-0.078,-0.112,-0.099,-0.077,-0.051,0.000,9,E,0,,,,10565,63.33,0
591,5347.672,"Mount",-0.096,0.055,0.068,-0.096,0.097,0.000,17,W,0,,,,11590,66.92,0
592,5356.807,"Mount",-0.010,-1.363,-1.347,-0.002,-0.846,0.000,150,E,0,,,,11487,67.30,0
593,5365.613,"Mount",-0.340,-0.174,-0.123,-0.339,-0.028,0.000,5,E,0,,,,9523,60.19,0
594,5374.767,"Mount",0.323,-1.205,-1.239,0.330,-0.646,0.000,114,E,0,,,,10273,62.71,0
595,5383.767,"Mount",-0.059,-0.793,-0.776,-0.054,-0.538,0.000,95,E,0,,,,10240,63.81,0
596,5392.733,"Mount",-0.681,0.523,0.617,-0.684,0.447,0.000,79,W,0,,,,9203,59.26,0
597,5401.717,"Mount",-0.321,-1.008,-0.951,-0.315,-0.572,0.000,101,E,0,,,,10039,63.04,0
598,5410.861,"Mount",-0.653,-0.101,-0.004,-0.653,-0.120,-0.457,21,E,66,N,,,10837,65.36,0
599,5419.844,"Mount",-0.746,-0.392,-0.279,-0.743,-0.126,-0.520,22,E,75,N,,,9433,59.26,0
600,5428.828,"Mount",-0.307,-0.140,-0.094,-0.306,-0.133,-0.214,23,E,31,N,,,10293,62.28,0
601,5437.570,"Mount",-0.044,-0.076,-0.069,-0.043,0.001,0.000,0,,0,,,,13062,72.80,0
602,5446.795,"Mount",-0.433,0.543,0.600,-0.436,0.321,-0.305,57,W,44,N,,,9370,59.44,0
603,5455.602,"Mount",0.700,-0.048,-0.149,0.701,0.076,0.000,13,W,0,,,,13391,71.91,0
604,5464.585,"Mount",0.045,-0.126,-0.131,0.046,-0.010,0.000,2,E,0,,,,10377,63.51,0
605,5473.664,"Mount",-0.126,-0.121,-0.102,-0.125,0.059,0.000,10,W,0,,,,9480,59.39,0
606,5482.568,"Mount",0.278,-0.023,-0.063,0.278,0.010,0.000,2,W,0,,,,9773,60.26,0
607,5491.744,"Mount",0.661,-0.974,-1.060,0.666,-0.596,0.000,106,E,0,,,,10041,62.64,0
608,5500.694,"Mount",0.090,0.914,0.891,0.085,0.542,0.000,96,W,0,,,,12760,71.10,0
609,5509.582,"Mount",0.090,0.195,0.180,0.089,-0.030,0.000,5,E,0,,,,11064,65.67,0
610,5518.693,"Mount",0.597,-0.575,-0.656,0.600,-0.388,0.000,69,E,0,,,,12798,69.39,0
611,5527.581,"Mount",-0.026,-0.068,-0.064,-0.026,-0.028,0.000,5,E,0,,,,10004,62.46,0
612,5536.638,"Mount",0.077,-0.021,-0.032,0.077,-0.063,0.000,11,E,0,,,,9611,60.38,0
613,5545.692,"Mount",-0.168,0.803,0.819,-0.173,0.455,0.000,81,W,0,,,,9847,61.07,0
Guiding Ends at 2026-07-21 03:59:01
