PHD2 version 2.6.14 [Windows], Log version 2.5. Log enabled at 2026-08-07 21:47:40
INFO: Guiding parameter change, MultiStar = true

Guiding Begins at 2026-08-07 22:10:03
Equipment Profile = QHY5 EQASCOM OAG
Dither = both axes, Dither scale = 1.000, Image noise reduction = 2x2 mean, Guide-frame time lapse = 0, Server enabled
Pixel scale = 1.05 arc-sec/px, Binning = 1, Focal length = 1018 mm
Search region = 24 px, Star mass tolerance = 90.0%, Multi-star mode, list size = 12
 Camera = QHY5II-M-10d7d910f33c7354, gain = 90, full size = 1280 x 1024, have dark, dark dur = 3000, no defect map, pixel size = 5.2 um
Exposure = 3000 ms
Mount = EQMOD HEQ5/6 (ASCOM), connected, guiding enabled, xAngle = -81.6, xRate = 5.632, yAngle = 17.1, yRate = 6.929, parity = +/-
Norm rates RA = 7.0"/s @ dec 0, Dec = 7.3"/s; ortho.err. = 8.7 deg
X guide algorithm = Predictive PEC, Control gain = 0.630
Prediction gain = 0.430
Minimum move = 0.330
Hyperparameters
	Length scale long range SE kernel = 700.000
	Signal variance long range SE kernel = 20.000
	Length scale periodic kernel = 10.000
	Signal variance periodic kernel = 20.000
	Length scale short range SE kernel = 25.000
	Signal variance short range SE kernel = 10.000
	Period length periodic kernel = 476.321
	FFT called after = 2.000 worm cycles
	Auto-adjust period length = On
Y guide algorithm = Resist Switch, Minimum move = 0.300 Aggression = 70% FastSwitch = disabled
Backlash comp = disabled, pulse = 495 ms
Max RA duration = 2500, Max DEC duration = 2500, DEC guide mode = Auto
RA Guide Speed = 7.5 a-s/s, Dec Guide Speed = 7.5 a-s/s, Cal Dec = 0.0, Last Cal Issue = None, Timestamp = 7/7/2026 10:36:27 PM
RA = 20.95 hr, Dec = 31.6 deg, Hour angle = -2.83 hr, Pier side = West, Rotator pos = N/A, Alt = 52.8 deg, Az = 107.8 deg
Lock position = 858.287, 79.990, Star position = 858.287, 79.990, HFD = 7.60 px
Frame,Time,mount,dx,dy,RARawDistance,DECRawDistance,RAGuideDistance,DECGuideDistance,RADuration,RADirection,DECDuration,DECDirection,XStep,YStep,StarMass,SNR,ErrorCode
INFO: SETTLING STATE CHANGE, Settling started
1,9.094,"Mount",1.363,-1.559,1.741,1.372,1.097,0.000,195,W,0,,,,19167,91.41,0
2,18.300,"Mount",2.850,-3.448,3.826,2.870,2.411,0.000,428,W,0,,,,17187,86.13,0
3,27.497,"Mount",1.787,-2.669,2.901,1.802,1.828,1.262,325,W,182,S,,,19032,88.41,0
4,36.211,"Mount",1.465,-0.337,0.547,1.467,0.345,1.027,61,W,148,S,,,17917,88.17,0
5,44.808,"DROP",,,,,,,,,,,,,0,0.00,5,"No star found"
6,54.486,"Mount",1.913,-2.240,2.495,1.926,1.572,1.348,279,W,195,S,,,18032,87.38,0
INFO: SETTLING STATE CHANGE, Settling complete
7,63.359,"Mount",1.503,-1.988,2.186,1.515,1.377,1.060,244,W,153,S,,,19645,93.35,0
8,72.249,"Mount",0.627,-1.794,1.867,0.637,1.176,0.446,209,W,64,S,,,19778,91.37,0
9,81.250,"Mount",0.606,-1.577,1.649,0.615,1.039,0.430,184,W,62,S,,,21679,97.50,0
10,90.059,"Mount",0.426,-0.682,0.737,0.430,0.464,0.301,82,W,43,S,,,22356,100.20,0
Guiding Ends at 2026-08-07 22:11:42

Guiding Begins at 2026-08-07 22:11:54
Equipment Profile = QHY5 EQASCOM OAG
Dither = both axes, Dither scale = 1.000, Image noise reduction = 2x2 mean, Guide-frame time lapse = 0, Server enabled
Pixel scale = 1.05 arc-sec/px, Binning = 1, Focal length = 1018 mm
Search region = 24 px, Star mass tolerance = 90.0%, Multi-star mode, list size = 1
 Camera = QHY5II-M-10d7d910f33c7354, gain = 90, full size = 1280 x 1024, have dark, dark dur = 3000, no defect map, pixel size = 5.2 um
Exposure = 3000 ms
Mount = EQMOD HEQ5/6 (ASCOM), connected, guiding enabled, xAngle = -81.6, xRate = 5.632, yAngle = 17.1, yRate = 6.929, parity = +/-
Norm rates RA = 7.0"/s @ dec 0, Dec = 7.3"/s; ortho.err. = 8.7 deg
X guide algorithm = Predictive PEC, Control gain = 0.630
Prediction gain = 0.430
Minimum move = 0.330
Hyperparameters
	Length scale long range SE kernel = 700.000
	Signal variance long range SE kernel = 20.000
	Length scale periodic kernel = 10.000
	Signal variance periodic kernel = 20.000
	Length scale short range SE kernel = 25.000
	Signal variance short range SE kernel = 10.000
	Period length periodic kernel = 476.321
	FFT called after = 2.000 worm cycles
	Auto-adjust period length = On
Y guide algorithm = Resist Switch, Minimum move = 0.300 Aggression = 70% FastSwitch = disabled
Backlash comp = disabled, pulse = 495 ms
Max RA duration = 2500, Max DEC duration = 2500, DEC guide mode = Auto
RA Guide Speed = 7.5 a-s/s, Dec Guide Speed = 7.5 a-s/s, Cal Dec = 0.0, Last Cal Issue = None, Timestamp = 7/7/2026 10:36:27 PM
RA = 20.95 hr, Dec = 31.6 deg, Hour angle = -2.80 hr, Pier side = West, Rotator pos = N/A, Alt = 53.1 deg, Az = 108.3 deg
Lock position = 539.108, 542.469, Star position = 539.108, 542.469, HFD = 4.34 px
Frame,Time,mount,dx,dy,RARawDistance,DECRawDistance,RAGuideDistance,DECGuideDistance,RADuration,RADirection,DECDuration,DECDirection,XStep,YStep,StarMass,SNR,ErrorCode
1,9.196,"Mount",1.331,-1.862,2.036,1.342,1.283,0.000,228,W,0,,,,1221,18.70,0
2,18.359,"Mount",1.690,-3.317,3.528,1.709,2.223,0.000,395,W,0,,,,1456,21.70,0
3,27.597,"Mount",2.171,-1.955,2.251,2.182,1.418,1.527,252,W,220,S,,,1419,21.57,0
INFO: Guiding parameter change, MultiStar = true
4,36.055,"Mount",0.356,-0.017,0.069,0.356,0.043,0.249,8,W,36,S,,,1189,19.23,0
5,48.020,"Mount",0.037,-0.409,0.410,0.040,0.259,0.000,46,W,0,,,,1108,18.05,0
6,57.304,"Mount",1.930,-0.219,0.498,1.931,0.314,1.352,56,W,195,S,,,1219,19.82,0
Guiding Ends at 2026-08-07 22:13:00

Guiding Begins at 2026-08-07 22:13:12
Equipment Profile = QHY5 EQASCOM OAG
Dither = both axes, Dither scale = 1.000, Image noise reduction = 2x2 mean, Guide-frame time lapse = 0, Server enabled
Pixel scale = 1.05 arc-sec/px, Binning = 1, Focal length = 1018 mm
Search region = 24 px, Star mass tolerance = 90.0%, Multi-star mode, list size = 12
 Camera = QHY5II-M-10d7d910f33c7354, gain = 90, full size = 1280 x 1024, have dark, dark dur = 3000, no defect map, pixel size = 5.2 um
Exposure = 3000 ms
Mount = EQMOD HEQ5/6 (ASCOM), connected, guiding enabled, xAngle = -81.6, xRate = 5.632, yAngle = 17.1, yRate = 6.929, parity = +/-
Norm rates RA = 7.0"/s @ dec 0, Dec = 7.3"/s; ortho.err. = 8.7 deg
X guide algorithm = Predictive PEC, Control gain = 0.630
Prediction gain = 0.430
Minimum move = 0.330
Hyperparameters
	Length scale long range SE kernel = 700.000
	Signal variance long range SE kernel = 20.000
	Length scale periodic kernel = 10.000
	Signal variance periodic kernel = 20.000
	Length scale short range SE kernel = 25.000
	Signal variance short range SE kernel = 10.000
	Period length periodic kernel = 476.320
	FFT called after = 2.000 worm cycles
	Auto-adjust period length = On
Y guide algorithm = Resist Switch, Minimum move = 0.300 Aggression = 70% FastSwitch = disabled
Backlash comp = disabled, pulse = 495 ms
Max RA duration = 2500, Max DEC duration = 2500, DEC guide mode = Auto
RA Guide Speed = 7.5 a-s/s, Dec Guide Speed = 7.5 a-s/s, Cal Dec = 0.0, Last Cal Issue = None, Timestamp = 7/7/2026 10:36:27 PM
RA = 20.95 hr, Dec = 31.6 deg, Hour angle = -2.78 hr, Pier side = West, Rotator pos = N/A, Alt = 53.3 deg, Az = 108.7 deg
Lock position = 72.072, 667.345, Star position = 72.072, 667.345, HFD = 5.03 px
Frame,Time,mount,dx,dy,RARawDistance,DECRawDistance,RAGuideDistance,DECGuideDistance,RADuration,RADirection,DECDuration,DECDirection,XStep,YStep,StarMass,SNR,ErrorCode
1,9.048,"Mount",0.312,-1.026,1.061,0.318,0.668,0.000,119,W,0,,,,7310,56.50,0
2,17.973,"Mount",1.108,-0.282,0.440,1.109,0.277,0.000,49,W,0,,,,7006,54.75,0
3,27.275,"Mount",1.766,0.591,-0.327,1.762,-0.206,1.234,37,E,178,S,,,7619,57.44,0
4,35.973,"Mount",0.033,0.511,-0.501,0.030,-0.315,0.000,56,E,0,,,,7502,57.24,0
5,45.135,"Mount",0.445,0.281,-0.213,0.443,-0.134,0.310,24,E,45,S,,,7613,57.31,0
6,54.217,"Mount",0.737,-0.738,0.838,0.741,0.528,0.519,94,W,75,S,,,7373,56.66,0
7,62.930,"Mount",-0.269,-0.003,-0.036,-0.269,-0.023,0.000,4,E,0,,,,7243,56.58,0
8,72.075,"Mount",-0.400,1.399,-1.443,-0.409,-0.909,0.000,161,E,0,,,,7351,56.80,0
9,81.188,"Mount",0.351,0.737,-0.678,0.346,-0.427,0.242,76,E,35,S,,,7249,55.84,0
10,90.271,"Mount",1.076,1.460,-1.287,1.068,-0.811,0.748,144,E,108,S,,,7316,56.11,0
11,99.127,"Mount",0.448,0.784,-0.710,0.444,-0.326,0.310,58,E,45,S,,,6850,54.74,0
12,108.161,"Mount",0.314,0.829,-0.775,0.309,-0.360,0.216,64,E,31,S,,,6617,53.83,0
13,116.986,"Mount",0.236,0.811,-0.768,0.232,-0.354,0.000,63,E,0,,,,7463,56.79,0
14,126.227,"Mount",0.777,1.456,-1.327,0.768,-0.672,0.538,119,E,78,S,,,6784,54.50,0
15,135.005,"Mount",0.159,1.072,-1.037,0.153,-0.504,0.000,89,E,0,,,,7360,56.74,0
16,144.007,"Mount",-0.011,0.960,-0.952,-0.017,-0.471,0.000,84,E,0,,,,6899,54.90,0
17,153.280,"Mount",0.828,1.469,-1.333,0.819,-0.714,0.573,127,E,83,S,,,7251,56.06,0
18,161.930,"Mount",0.014,0.444,-0.437,0.011,-0.231,0.000,41,E,0,,,,6997,55.04,0
19,171.123,"Mount",0.516,-0.303,0.375,0.517,0.357,0.362,63,W,52,S,,,7782,58.20,0
20,180.253,"Mount",0.830,-1.074,1.184,0.836,0.811,0.585,144,W,84,S,,,7042,55.20,0
21,188.966,"Mount",0.211,0.068,-0.036,0.211,0.092,0.000,16,W,0,,,,7463,56.48,0
22,197.888,"Mount",0.139,0.154,-0.132,0.138,-0.014,0.000,3,E,0,,,,7088,55.77,0
23,206.937,"Mount",-0.237,0.180,-0.212,-0.238,0.142,0.000,25,W,0,,,,7407,56.80,0
24,215.971,"Mount",0.248,-0.045,0.081,0.248,0.080,0.000,14,W,0,,,,6982,55.04,0
25,225.148,"Mount",1.277,0.245,-0.056,1.276,0.019,0.893,3,W,129,S,,,6734,54.32,0
26,233.989,"Mount",-0.120,0.291,-0.306,-0.122,-0.079,0.000,14,E,0,,,,7163,56.04,0
27,242.959,"Mount",0.067,0.228,-0.215,0.065,-0.202,0.000,36,E,0,,,,7373,56.45,0
28,252.264,"Mount",0.812,0.856,-0.728,0.807,-0.707,0.565,125,E,82,S,,,8048,59.14,0
29,260.886,"Mount",-0.032,-0.577,0.567,-0.029,0.023,0.000,4,W,0,,,,6958,55.31,0
30,269.974,"Mount",-0.239,-0.398,0.359,-0.237,0.341,0.000,61,W,0,,,,7052,56.01,0
31,279.060,"Mount",0.333,1.101,-1.041,0.327,-0.213,0.229,38,E,33,S,,,6826,54.73,0
32,288.046,"Mount",0.370,1.086,-1.020,0.364,-0.196,0.255,35,E,37,S,,,7260,56.16,0
33,296.982,"Mount",-0.067,-0.594,0.578,-0.063,0.665,0.000,118,W,0,,,,7408,56.42,0
34,306.048,"Mount",0.134,-1.104,1.112,0.140,0.846,0.000,150,W,0,,,,7240,56.04,0
35,314.921,"Mount",0.202,0.242,-0.210,0.200,0.178,0.000,32,W,0,,,,7048,55.45,0
36,324.114,"Mount",0.724,0.917,-0.802,0.718,-0.245,0.503,44,E,73,S,,,7284,56.67,0
37,333.099,"Mount",0.403,-0.134,0.191,0.404,0.209,0.283,37,W,41,S,,,7611,58.07,0
38,341.989,"Mount",0.153,-0.214,0.234,0.154,0.295,0.000,52,W,0,,,,7713,57.40,0
39,350.896,"Mount",0.078,0.539,-0.522,0.074,-0.166,0.000,29,E,0,,,,7321,56.30,0
40,359.896,"Mount",-0.274,0.288,-0.325,-0.276,0.093,0.000,16,W,0,,,,7078,55.50,0
41,369.186,"Mount",0.888,0.700,-0.563,0.884,-0.280,0.619,50,E,89,S,,,6889,55.13,0
42,378.107,"Mount",0.395,1.122,-1.053,0.388,-0.732,0.272,130,E,39,S,,,7769,57.82,0
43,387.124,"Mount",0.373,0.962,-0.898,0.367,-0.630,0.257,112,E,37,S,,,7545,56.78,0
44,396.029,"Mount",0.307,0.600,-0.548,0.303,-0.309,0.212,55,E,31,S,,,7414,56.92,0
45,405.063,"Mount",0.566,-0.338,0.417,0.567,0.242,0.397,43,W,57,S,,,7190,56.33,0
46,414.257,"Mount",0.641,-1.797,1.871,0.651,1.162,0.456,206,W,66,S,,,7405,56.49,0
47,423.291,"Mount",0.418,-1.442,1.488,0.427,1.026,0.299,182,W,43,S,,,7707,57.54,0
48,431.892,"Mount",-0.016,-0.716,0.706,-0.012,0.269,0.000,48,W,0,,,,7988,57.49,0
49,440.861,"Mount",0.146,-0.052,0.073,0.146,-0.115,0.000,20,E,0,,,,7117,55.64,0
50,450.102,"Mount",0.584,-0.835,0.911,0.589,0.532,0.412,94,W,59,S,,,7780,57.88,0
51,458.936,"Mount",0.007,-0.688,0.682,0.011,0.464,0.000,82,W,0,,,,7100,55.82,0
52,468.078,"Mount",0.689,0.045,0.055,0.688,-0.156,0.482,28,E,70,S,,,7706,57.90,0
53,476.963,"Mount",-0.376,-1.342,1.273,-0.368,0.731,0.000,130,W,0,,,,7248,55.81,0
54,485.996,"Mount",0.242,-1.178,1.201,0.249,0.830,0.000,147,W,0,,,,7530,57.23,0
55,494.854,"Mount",0.239,0.243,-0.205,0.237,-0.132,0.000,24,E,0,,,,7347,56.61,0
56,503.885,"Mount",-0.031,0.204,-0.206,-0.032,-0.241,0.000,43,E,0,,,,7367,56.75,0
57,512.985,"Mount",0.339,0.190,-0.139,0.338,0.158,0.237,28,W,34,S,,,7311,56.68,0
58,521.906,"Mount",0.172,0.522,-0.491,0.169,-0.439,0.000,78,E,0,,,,7321,56.49,0
59,530.892,"Mount",0.015,0.442,-0.435,0.012,-0.362,0.000,64,E,0,,,,7369,56.53,0
60,540.151,"Mount",1.068,-0.468,0.619,1.070,0.452,0.749,80,W,108,S,,,7638,57.60,0
61,548.848,"Mount",-0.038,0.644,-0.643,-0.042,-0.225,0.000,40,E,0,,,,7513,57.02,0
62,558.026,"Mount",-0.427,1.525,-1.571,-0.436,-1.118,0.000,199,E,0,,,,6942,55.20,0
63,566.867,"Mount",0.077,0.625,-0.607,0.073,-0.303,0.000,54,E,0,,,,7125,55.69,0
64,576.029,"Mount",0.378,1.021,-0.955,0.372,-0.509,0.260,90,E,38,S,,,7219,56.29,0
65,585.045,"Mount",0.699,0.516,-0.408,0.696,-0.445,0.487,79,E,70,S,,,6479,53.35,0
66,594.064,"Mount",0.853,-0.537,0.656,0.856,0.321,0.599,57,W,86,S,,,7393,57.18,0
67,603.130,"Mount",0.883,-0.888,1.008,0.888,0.632,0.622,112,W,90,S,,,7508,57.59,0
68,611.939,"Mount",-0.037,0.902,-0.898,-0.042,-0.684,0.000,121,E,0,,,,7241,56.07,0
69,620.848,"Mount",-0.373,-0.385,0.326,-0.371,-0.259,0.000,46,E,0,,,,7258,56.95,0
70,629.893,"Mount",0.293,-0.406,0.445,0.295,0.313,0.000,56,W,0,,,,7239,56.73,0
71,638.991,"Mount",0.341,0.247,-0.195,0.339,0.273,0.238,48,W,34,S,,,6798,54.78,0
72,647.801,"Mount",0.074,0.433,-0.418,0.071,-0.185,0.000,33,E,0,,,,7462,56.99,0
73,657.076,"Mount",0.812,0.632,-0.507,0.809,-0.382,0.566,68,E,82,S,,,7221,56.22,0
74,665.767,"Mount",-0.077,-0.247,0.234,-0.075,-0.045,0.000,8,E,0,,,,7106,56.19,0
75,674.838,"Mount",-0.039,-0.165,0.157,-0.038,0.133,0.000,24,W,0,,,,7097,55.98,0
76,683.904,"Mount",0.111,1.300,-1.270,0.103,-0.707,0.000,126,E,0,,,,7102,55.62,0
77,692.970,"Mount",0.841,0.252,-0.127,0.839,-0.123,0.588,22,E,85,S,,,7522,57.80,0
78,701.827,"Mount",0.266,0.619,-0.574,0.262,-0.265,0.000,47,E,0,,,,7790,58.19,0
79,711.069,"Mount",0.456,0.806,-0.731,0.452,-0.433,0.316,77,E,46,S,,,7406,57.72,0
80,719.895,"Mount",-0.059,0.567,-0.570,-0.062,-0.426,0.000,76,E,0,,,,6982,55.38,0
81,729.009,"Mount",0.686,0.146,-0.044,0.685,0.105,0.479,19,W,69,S,,,7333,56.34,0
82,737.740,"Mount",0.019,-0.111,0.112,0.020,-0.032,0.000,6,E,0,,,,7326,56.72,0
83,746.853,"Mount",-0.009,0.173,-0.172,-0.010,-0.329,0.000,58,E,0,,,,7216,56.09,0
84,755.791,"Mount",0.292,-0.151,0.192,0.293,0.396,0.000,70,W,0,,,,7189,56.58,0
85,765.081,"Mount",0.633,0.070,0.023,0.633,0.667,0.443,118,W,64,S,,,7062,56.03,0
86,774.195,"Mount",0.820,-0.970,1.079,0.825,1.207,0.578,214,W,83,S,,,6995,55.37,0
87,782.988,"Mount",-0.460,-1.590,1.506,-0.451,1.095,0.000,194,W,0,,,,7121,55.93,0
88,791.862,"Mount",0.075,-0.946,0.947,0.081,0.767,0.000,136,W,0,,,,7078,56.05,0
89,800.847,"Mount",0.289,0.908,-0.857,0.284,-0.261,0.000,46,E,0,,,,7431,57.08,0
90,809.913,"Mount",0.342,0.612,-0.555,0.339,-0.202,0.237,36,E,34,S,,,6643,54.24,0
91,819.011,"Mount",0.428,0.495,-0.427,0.425,-0.263,0.297,47,E,43,S,,,6989,55.47,0
92,827.997,"Mount",0.546,0.772,-0.684,0.542,-0.339,0.379,60,E,55,S,,,7329,56.73,0
93,836.791,"Mount",0.243,0.286,-0.248,0.241,0.078,0.000,14,W,0,,,,6962,55.50,0
94,845.808,"Mount",0.032,0.692,-0.680,0.028,-0.482,0.000,85,E,0,,,,7122,56.43,0
95,855.018,"Mount",0.391,0.978,-0.910,0.386,-0.733,0.270,130,E,39,S,,,7027,55.59,0
96,863.875,"Mount",0.122,0.870,-0.843,0.117,-0.671,0.000,119,E,0,,,,7231,56.21,0
97,873.053,"Mount",1.058,0.185,-0.029,1.057,0.114,0.740,20,W,107,S,,,7284,56.13,0
98,881.991,"Mount",0.309,0.344,-0.295,0.307,0.419,0.215,74,W,31,S,,,7139,56.14,0
99,890.768,"Mount",-0.183,-0.148,0.120,-0.182,0.324,0.000,58,W,0,,,,7249,56.58,0
100,900.122,"Mount",0.478,-1.692,1.743,0.488,1.110,0.341,197,W,49,S,,,7411,56.76,0
101,908.852,"Mount",-0.116,-1.109,1.080,-0.110,0.729,0.000,129,W,0,,,,7378,56.91,0
102,917.757,"Mount",-0.138,0.153,-0.171,-0.139,0.096,0.000,17,W,0,,,,6691,54.30,0
103,926.999,"Mount",0.386,0.730,-0.666,0.382,-0.368,0.267,65,E,39,S,,,7156,56.47,0
104,935.953,"Mount",0.616,-0.157,0.245,0.617,-0.059,0.432,11,E,62,S,,,7671,58.35,0
105,944.826,"Mount",0.236,-0.670,0.697,0.240,0.604,0.000,107,W,0,,,,7183,56.25,0
106,954.020,"Mount",0.669,-0.509,0.601,0.672,0.656,0.470,116,W,68,S,,,7324,57.22,0
107,963.021,"Mount",0.427,-1.014,1.066,0.433,0.678,0.303,120,W,44,S,,,7297,56.81,0
108,971.751,"Mount",-0.029,-0.699,0.687,-0.025,0.297,0.000,53,W,0,,,,7347,56.96,0
109,980.801,"Mount",-0.239,-0.501,0.461,-0.237,0.262,0.000,46,W,0,,,,7324,57.13,0
110,989.754,"Mount",0.281,0.273,-0.230,0.279,-0.080,0.000,14,E,0,,,,7698,58.38,0
111,998.756,"Mount",0.108,-0.223,0.236,0.110,-0.126,0.000,22,E,0,,,,7023,56.09,0
112,1007.901,"Mount",0.435,0.343,-0.276,0.433,0.125,0.303,22,W,44,S,,,7012,55.24,0
113,1016.825,"Mount",-0.167,0.864,-0.879,-0.172,-0.588,0.000,104,E,0,,,,7481,57.72,0
114,1026.001,"Mount",0.353,0.639,-0.580,0.350,-0.731,0.245,130,E,35,S,,,6965,56.00,0
115,1034.891,"Mount",0.310,0.457,-0.407,0.308,-0.476,0.215,84,E,31,S,,,6710,54.56,0
116,1043.780,"Mount",-0.014,0.630,-0.625,-0.018,-0.434,0.000,77,E,0,,,,6932,55.09,0
117,1052.975,"Mount",0.627,0.755,-0.656,0.622,-0.516,0.436,92,E,63,S,,,7828,58.53,0
118,1061.752,"Mount",0.502,0.338,-0.262,0.500,0.000,0.350,0,,50,S,,,7660,58.44,0
119,1070.754,"Mount",0.202,0.816,-0.778,0.197,-0.359,0.000,64,E,0,,,,7225,55.84,0
120,1079.900,"Mount",0.396,0.438,-0.375,0.394,-0.342,0.276,61,E,40,S,,,6901,55.06,0
121,1088.982,"Mount",0.420,0.582,-0.515,0.417,-0.471,0.292,84,E,42,S,,,7161,56.27,0
122,1098.416,"Mount",0.456,0.428,-0.357,0.454,-0.318,0.317,57,E,46,S,,,7453,57.27,0
123,1106.812,"Mount",0.350,0.157,-0.104,0.349,-0.073,0.245,13,E,35,S,,,6349,53.26,0
124,1115.925,"Mount",0.470,-0.820,0.880,0.475,0.527,0.332,94,W,48,S,,,5726,50.72,0
125,1124.718,"Mount",0.059,-0.464,0.468,0.062,0.448,0.000,80,W,0,,,,6264,52.73,0
126,1133.719,"Mount",0.242,-0.360,0.392,0.244,0.371,0.000,66,W,0,,,,6251,53.06,0
127,1142.690,"Mount",0.296,-0.387,0.426,0.298,0.288,0.000,51,W,0,,,,6250,52.77,0
128,1151.884,"Mount",0.578,0.231,-0.144,0.577,-0.122,0.404,22,E,58,S,,,6135,52.25,0
129,1160.691,"Mount",0.197,-0.422,0.447,0.199,0.170,0.000,30,W,0,,,,6191,52.43,0
130,1169.711,"Mount",0.102,-0.279,0.291,0.104,0.084,0.000,15,W,0,,,,5622,49.95,0
131,1178.713,"Mount",0.173,0.392,-0.363,0.171,-0.272,0.000,48,E,0,,,,5700,50.37,0
132,1187.842,"Mount",0.350,0.350,-0.296,0.348,-0.188,0.243,33,E,35,S,,,5124,48.07,0
133,1196.845,"Mount",0.503,0.528,-0.449,0.500,-0.332,0.350,59,E,51,S,,,6073,51.86,0
134,1205.718,"Mount",0.219,0.970,-0.928,0.213,-0.559,0.000,99,E,0,,,,6397,53.25,0
135,1214.912,"Mount",0.568,0.962,-0.868,0.563,-0.544,0.394,97,E,57,S,,,6171,52.48,0
136,1223.738,"Mount",0.287,1.085,-1.032,0.281,-0.711,0.000,126,E,0,,,,6960,55.45,0
137,1232.820,"Mount",0.124,1.459,-1.426,0.116,-1.049,0.000,186,E,0,,,,6723,54.41,0
138,1241.645,"Mount",0.043,0.231,-0.222,0.041,0.066,0.000,12,W,0,,,,6417,53.08,0
139,1250.712,"Mount",0.050,-0.303,0.307,0.052,0.458,0.000,81,W,0,,,,6679,54.57,0
140,1260.033,"Mount",0.809,-0.742,0.852,0.813,1.314,0.569,233,W,82,S,,,6075,51.82,0
141,1268.875,"Mount",0.328,-0.745,0.785,0.332,0.702,0.233,125,W,34,S,,,6170,52.61,0
142,1277.685,"Mount",-0.008,0.151,-0.150,-0.009,0.084,0.000,15,W,0,,,,6135,52.34,0
143,1286.623,"Mount",-0.014,0.467,-0.464,-0.017,-0.109,0.000,19,E,0,,,,6742,54.58,0
144,1295.880,"Mount",0.498,0.784,-0.703,0.493,-0.390,0.345,69,E,50,S,,,6628,54.19,0
145,1304.850,"Mount",0.412,0.090,-0.029,0.411,-0.087,0.288,15,E,42,S,,,5759,50.62,0
146,1313.899,"Mount",0.386,-0.766,0.814,0.390,0.546,0.273,97,W,39,S,,,6239,52.71,0
147,1322.583,"Mount",-0.180,-0.062,0.035,-0.180,0.041,0.000,7,W,0,,,,6081,52.27,0
148,1331.614,"Mount",0.071,0.103,-0.091,0.071,-0.130,0.000,23,E,0,,,,5906,51.38,0
149,1340.826,"Mount",0.411,0.442,-0.377,0.408,-0.379,0.286,67,E,41,S,,,5994,51.49,0
150,1349.650,"Mount",-0.125,0.214,-0.230,-0.126,-0.067,0.000,12,E,0,,,,5880,51.45,0
151,1358.687,"Mount",-0.027,0.438,-0.437,-0.030,-0.185,0.000,33,E,0,,,,6488,53.70,0
152,1367.925,"Mount",0.749,-0.619,0.721,0.753,0.805,0.527,143,W,76,S,,,6178,52.55,0
153,1377.039,"Mount",1.279,-0.928,1.104,1.284,1.115,0.899,198,W,130,S,,,6097,51.87,0
154,1385.658,"Mount",-0.489,-0.207,0.133,-0.488,0.076,0.000,13,W,0,,,,6205,52.79,0
155,1394.596,"Mount",-0.508,-0.003,-0.071,-0.508,-0.186,0.000,33,E,0,,,,6100,52.42,0
156,1403.642,"Mount",-0.240,-0.280,0.242,-0.238,0.063,0.000,11,W,0,,,,6418,54.06,0
157,1412.631,"Mount",0.110,0.092,-0.075,0.110,0.168,0.000,30,W,0,,,,6033,51.83,0
158,1421.616,"Mount",0.088,-0.195,0.206,0.089,0.057,0.000,10,W,0,,,,6138,52.51,0
159,1430.896,"Mount",0.639,-0.457,0.546,0.642,0.507,0.449,90,W,65,S,,,6460,54.20,0
160,1439.700,"Mount",0.266,-0.758,0.788,0.270,0.738,0.000,131,W,0,,,,6507,53.89,0
161,1448.669,"Mount",0.275,-0.308,0.344,0.277,0.265,0.000,47,W,0,,,,5911,51.00,0
162,1457.784,"Mount",0.492,0.502,-0.425,0.489,-0.356,0.342,63,E,49,S,,,6216,53.01,0
163,1466.678,"Mount",0.176,0.765,-0.731,0.172,-0.507,0.000,90,E,0,,,,6455,53.69,0
164,1475.851,"Mount",0.528,0.783,-0.697,0.524,-0.497,0.367,88,E,53,S,,,5934,51.82,0
165,1484.660,"Mount",0.104,0.478,-0.458,0.101,-0.370,0.000,66,E,0,,,,6459,53.72,0
166,1494.047,"Mount",2.474,-0.391,0.748,2.477,0.430,1.734,76,W,250,S,,,6098,51.69,0
167,1502.600,"Mount",-0.297,0.326,-0.365,-0.299,-0.231,0.000,41,E,0,,,,6896,55.48,0
168,1511.730,"Mount",-0.489,0.773,-0.836,-0.493,-0.765,0.000,136,E,0,,,,6498,53.78,0
169,1520.802,"Mount",-0.604,0.588,-0.669,-0.608,-0.696,0.000,124,E,0,,,,6271,52.81,0
170,1529.607,"Mount",-0.417,0.229,-0.288,-0.418,-0.102,0.000,18,E,0,,,,6437,53.41,0
171,1538.604,"Mount",-0.345,0.269,-0.316,-0.347,-0.069,0.000,12,E,0,,,,6123,52.39,0
172,1547.562,"Mount",-0.270,-0.146,0.105,-0.270,0.004,0.000,1,W,0,,,,6067,52.33,0
173,1556.564,"Mount",0.315,0.263,-0.214,0.314,0.040,0.000,7,W,0,,,,5959,51.78,0
174,1565.661,"Mount",-0.049,0.676,-0.676,-0.053,-0.554,0.000,98,E,0,,,,6519,53.91,0
175,1574.622,"Mount",0.678,0.273,-0.171,0.676,-0.163,0.000,29,E,0,,,,6197,53.00,0
176,1583.560,"Mount",0.719,0.267,-0.159,0.717,0.006,0.000,1,W,0,,,,6610,54.79,0
177,1592.891,"Mount",0.562,1.286,-1.190,0.554,-0.785,0.388,139,E,56,S,,,6217,52.30,0
178,1601.620,"Mount",0.254,0.618,-0.575,0.250,-0.393,0.000,70,E,0,,,,6481,53.65,0
179,1610.783,"Mount",0.866,0.352,-0.222,0.864,0.072,0.605,13,W,87,S,,,6125,52.63,0
180,1619.608,"Mount",0.105,0.656,-0.634,0.101,-0.259,0.000,46,E,0,,,,6812,55.50,0
181,1628.754,"Mount",0.319,0.497,-0.445,0.316,-0.257,0.222,46,E,32,S,,,6023,51.80,0
182,1637.772,"Mount",0.428,0.525,-0.457,0.425,-0.316,0.298,56,E,43,S,,,6222,52.67,0
183,1646.518,"Mount",0.162,0.122,-0.097,0.161,-0.026,0.000,5,E,0,,,,6764,55.24,0
184,1655.615,"Mount",0.038,0.349,-0.340,0.036,-0.245,0.000,43,E,0,,,,6270,52.79,0
185,1664.777,"Mount",0.730,0.155,-0.047,0.729,-0.075,0.510,13,E,74,S,,,6704,55.24,0
186,1673.587,"Mount",-0.093,0.128,-0.140,-0.094,-0.085,0.000,15,E,0,,,,6194,52.32,0
187,1682.813,"Mount",0.490,-0.331,0.399,0.492,0.155,0.344,27,W,50,S,,,6171,52.31,0
188,1691.566,"Mount",-0.354,0.274,-0.323,-0.356,-0.059,0.000,11,E,0,,,,6298,52.96,0
189,1700.592,"Mount",0.210,0.761,-0.722,0.205,-0.551,0.000,98,E,0,,,,6200,52.34,0
190,1709.754,"Mount",0.679,-0.234,0.330,0.680,0.067,0.476,12,W,69,S,,,5964,51.96,0
191,1718.586,"Mount",-0.327,0.428,-0.471,-0.329,-0.322,0.000,57,E,0,,,,6474,53.93,0
192,1727.630,"Mount",0.099,-0.262,0.274,0.101,0.103,0.000,18,W,0,,,,7161,57.23,0
193,1736.920,"Mount",0.629,-1.001,1.082,0.634,1.053,0.444,187,W,64,S,,,6829,55.16,0
194,1745.747,"Mount",-0.075,-0.881,0.861,-0.070,1.123,0.000,199,W,0,,,,6629,54.29,0
195,1754.605,"Mount",-0.309,0.649,-0.687,-0.312,-0.295,0.000,52,E,0,,,,6166,52.19,0
196,1763.589,"Mount",-0.132,0.392,-0.407,-0.134,-0.244,0.000,43,E,0,,,,6500,53.54,0
197,1772.784,"Mount",0.759,0.453,-0.337,0.757,-0.083,0.530,15,E,76,S,,,5821,50.83,0
198,1781.649,"Mount",0.168,0.810,-0.777,0.164,-0.426,0.000,76,E,0,,,,6024,51.61,0
199,1790.771,"Mount",0.627,0.496,-0.400,0.624,-0.253,0.437,45,E,63,S,,,7045,56.09,0
200,1799.573,"Mount",0.101,0.358,-0.340,0.099,-0.253,0.000,45,E,0,,,,6388,53.31,0
201,1808.758,"Mount",0.600,-0.073,0.160,0.601,-0.073,0.420,13,E,61,S,,,5881,51.18,0
202,1817.554,"Mount",-0.309,-0.010,-0.035,-0.309,-0.080,0.000,14,E,0,,,,6495,53.78,0
203,1826.569,"Mount",0.060,0.175,-0.164,0.059,-0.116,0.000,21,E,0,,,,6630,54.38,0
204,1835.496,"Mount",0.235,-0.016,0.050,0.235,-0.029,0.000,5,E,0,,,,6377,53.32,0
205,1844.694,"Mount",0.277,-0.064,0.104,0.277,0.262,0.000,46,W,0,,,,6105,52.24,0
206,1853.912,"Mount",0.960,-1.219,1.346,0.967,1.202,0.677,213,W,98,S,,,7639,57.66,0
207,1862.977,"Mount",1.303,-1.514,1.687,1.312,1.276,0.918,227,W,133,S,,,7007,55.39,0
208,1871.452,"Mount",0.074,0.279,-0.265,0.073,0.015,0.000,3,W,0,,,,7203,56.40,0
209,1880.533,"Mount",-0.164,-0.096,0.071,-0.164,-0.080,0.000,14,E,0,,,,6947,56.04,0
210,1889.551,"Mount",-0.285,-0.446,0.400,-0.282,0.322,0.000,57,W,0,,,,7050,56.26,0
211,1898.568,"Mount",-0.127,-0.036,0.017,-0.127,0.087,0.000,15,W,0,,,,7305,56.41,0
212,1907.554,"Mount",0.121,-0.471,0.484,0.124,0.401,0.000,71,W,0,,,,7187,56.25,0
213,1916.621,"Mount",-0.017,-0.926,0.914,-0.011,0.786,0.000,139,W,0,,,,7492,57.38,0
214,1925.637,"Mount",0.058,-0.960,0.958,0.064,0.735,0.000,130,W,0,,,,6844,55.31,0
215,1934.527,"Mount",-0.336,-0.049,-0.000,-0.336,-0.085,0.000,15,E,0,,,,7411,57.59,0
216,1943.481,"Mount",0.025,-0.381,0.381,0.027,0.101,0.000,18,W,0,,,,7409,57.19,0
217,1952.563,"Mount",-0.506,0.391,-0.460,-0.508,-0.328,0.000,58,E,0,,,,7812,58.69,0
218,1961.462,"Mount",0.260,0.361,-0.319,0.258,-0.030,0.000,5,E,0,,,,7623,58.00,0
219,1970.552,"Mount",0.472,0.798,-0.721,0.468,-0.501,0.000,89,E,0,,,,7178,56.19,0
220,1979.761,"Mount",0.461,0.751,-0.676,0.457,-0.553,0.320,98,E,46,S,,,7465,57.43,0
221,1988.637,"Mount",0.261,0.811,-0.764,0.257,-0.719,0.000,128,E,0,,,,7086,56.13,0
222,1997.813,"Mount",0.562,1.013,-0.920,0.556,-0.773,0.389,137,E,56,S,,,7168,56.25,0
223,2006.719,"Mount",0.925,0.331,-0.193,0.923,-0.128,0.646,23,E,93,S,,,7230,56.22,0
224,2015.816,"Mount",0.528,1.309,-1.218,0.521,-0.819,0.364,145,E,53,S,,,6658,54.48,0
225,2024.770,"Mount",0.346,0.914,-0.853,0.341,-0.587,0.238,104,E,34,S,,,6971,55.42,0
226,2033.582,"Mount",0.133,0.438,-0.414,0.130,-0.281,0.000,50,E,0,,,,6756,54.79,0
227,2042.646,"Mount",0.551,0.318,-0.234,0.549,-0.047,0.384,8,E,55,S,,,6888,55.05,0
228,2054.754,"Mount",0.309,1.128,-1.071,0.302,-0.783,0.211,139,E,31,S,,,7362,57.35,0
229,2063.782,"Mount",0.449,1.184,-1.106,0.443,-0.792,0.310,141,E,45,S,,,7197,57.29,0
230,2072.513,"Mount",0.037,0.469,-0.458,0.034,-0.378,0.000,67,E,0,,,,7231,56.69,0
231,2081.579,"Mount",0.421,-0.140,0.200,0.422,0.007,0.295,1,W,43,S,,,7674,58.95,0
232,2090.644,"Mount",0.366,-0.248,0.299,0.368,0.078,0.257,14,W,37,S,,,6828,54.84,0
233,2099.742,"Mount",0.425,-0.356,0.414,0.427,0.303,0.299,54,W,43,S,,,7272,56.48,0
234,2108.535,"Mount",-0.127,0.782,-0.792,-0.131,-0.500,0.000,89,E,0,,,,7669,57.87,0
235,2117.554,"Mount",0.235,1.094,-1.048,0.228,-0.744,0.000,132,E,0,,,,7032,56.16,0
236,2126.460,"Mount",0.127,0.494,-0.470,0.124,-0.365,0.000,65,E,0,,,,7266,56.42,0
237,2135.605,"Mount",0.573,0.352,-0.264,0.571,-0.023,0.400,4,E,58,S,,,7750,58.78,0
238,2144.527,"Mount",-0.037,1.074,-1.068,-0.043,-0.724,0.000,129,E,0,,,,7059,55.92,0
239,2153.737,"Mount",0.604,1.099,-1.000,0.597,-0.713,0.418,127,E,60,S,,,7145,56.39,0
240,2162.531,"Mount",0.035,0.595,-0.584,0.032,-0.469,0.000,83,E,0,,,,6724,54.76,0
241,2171.743,"Mount",0.701,0.878,-0.767,0.695,-0.549,0.487,97,E,70,S,,,7353,56.95,0
242,2180.583,"Mount",0.425,0.159,-0.095,0.424,-0.048,0.297,9,E,43,S,,,6669,54.63,0
243,2189.473,"Mount",0.267,0.506,-0.461,0.265,-0.383,0.000,68,E,0,,,,6682,54.83,0
244,2198.683,"Mount",0.343,-0.090,0.139,0.343,-0.061,0.240,11,E,35,S,,,6781,54.85,0
245,2207.456,"Mount",0.177,-0.267,0.290,0.179,0.250,0.000,44,W,0,,,,7742,59.04,0
246,2217.230,"Mount",3.251,-1.849,2.303,3.261,1.833,2.283,325,W,329,S,,,7534,57.52,0
247,2225.704,"Mount",0.071,-1.950,1.939,0.082,1.639,0.000,291,W,0,,,,7286,56.59,0
248,2234.625,"Mount",0.414,-0.198,0.256,0.415,0.033,0.291,6,W,42,S,,,7109,56.08,0
249,2243.467,"Mount",0.252,0.728,-0.683,0.247,-0.407,0.000,72,E,0,,,,7464,57.72,0
250,2252.453,"Mount",-0.614,0.370,-0.456,-0.616,-0.328,0.000,58,E,0,,,,7268,56.74,0
251,2261.360,"Mount",-0.568,-0.130,0.046,-0.568,-0.030,0.000,5,E,0,,,,7294,56.21,0
252,2270.378,"Mount",-0.301,0.285,-0.326,-0.303,0.023,0.000,4,W,0,,,,6913,55.24,0
253,2279.443,"Mount",0.043,0.549,-0.537,0.040,-0.390,0.000,69,E,0,,,,7317,56.44,0
254,2288.493,"Mount",-0.327,0.569,-0.611,-0.330,-0.482,0.000,86,E,0,,,,7681,58.28,0
255,2297.488,"Mount",-0.526,0.629,-0.699,-0.530,-0.576,0.000,102,E,0,,,,7271,56.66,0
256,2306.385,"Mount",0.398,0.340,-0.279,0.396,-0.117,0.000,21,E,0,,,,7217,56.54,0
257,2315.481,"Mount",-0.250,0.779,-0.807,-0.254,-0.464,0.000,82,E,0,,,,6956,55.70,0
258,2324.357,"Mount",-0.064,0.488,-0.492,-0.067,0.008,0.000,1,W,0,,,,7414,57.04,0
259,2333.456,"Mount",-0.114,-0.473,0.451,-0.111,0.641,0.000,114,W,0,,,,7136,56.31,0
260,2342.512,"Mount",0.624,-0.445,0.531,0.627,0.445,0.000,79,W,0,,,,6718,54.75,0
261,2351.554,"Mount",0.776,0.061,0.052,0.775,-0.016,0.543,3,E,78,S,,,6975,55.30,0
262,2360.380,"Mount",0.021,-0.118,0.120,0.022,0.029,0.000,5,W,0,,,,7120,55.73,0
263,2369.574,"Mount",0.480,-0.134,0.202,0.481,0.045,0.336,8,W,49,S,,,6895,55.39,0
264,2378.592,"Mount",0.546,-0.278,0.355,0.547,0.305,0.383,54,W,55,S,,,7330,57.54,0
265,2387.401,"Mount",0.056,-0.088,0.096,0.057,0.196,0.000,35,W,0,,,,7168,56.56,0
266,2396.691,"Mount",0.482,-0.763,0.825,0.487,0.740,0.341,131,W,49,S,,,7328,57.09,0
267,2405.678,"Mount",0.420,-1.252,1.300,0.427,0.870,0.299,154,W,43,S,,,7309,57.13,0
268,2414.314,"Mount",-0.479,-0.065,-0.006,-0.479,-0.043,0.000,8,E,0,,,,6915,55.34,0
269,2423.474,"Mount",-0.193,0.941,-0.959,-0.199,-0.739,0.000,131,E,0,,,,7168,56.59,0
270,2432.536,"Mount",-0.377,1.000,-1.044,-0.382,-0.799,0.000,142,E,0,,,,6675,54.83,0
271,2441.542,"Mount",0.477,0.193,-0.121,0.476,-0.073,0.333,13,E,48,S,,,7292,57.06,0
272,2450.399,"Mount",0.117,-0.532,0.543,0.120,0.320,0.000,57,W,0,,,,7001,55.93,0
273,2459.433,"Mount",0.057,0.606,-0.592,0.053,-0.527,0.000,94,E,0,,,,7125,56.38,0
274,2468.371,"Mount",0.093,0.226,-0.210,0.092,-0.262,0.000,47,E,0,,,,7209,56.60,0
275,2477.517,"Mount",0.169,0.939,-0.904,0.164,-0.759,0.000,135,E,0,,,,7381,56.80,0
276,2486.520,"Mount",0.714,0.139,-0.034,0.713,-0.167,0.499,30,E,72,S,,,7488,57.94,0
277,2495.552,"Mount",0.306,0.517,-0.467,0.303,-0.411,0.212,73,E,31,S,,,7184,56.64,0
278,2504.571,"Mount",0.462,0.615,-0.541,0.459,-0.367,0.321,65,E,46,S,,,7545,58.10,0
279,2513.365,"Mount",0.271,0.485,-0.440,0.269,-0.324,0.000,58,E,0,,,,7526,57.40,0
280,2522.399,"Mount",-0.032,0.167,-0.170,-0.033,-0.129,0.000,23,E,0,,,,7646,58.28,0
281,2531.528,"Mount",0.519,0.219,-0.141,0.518,-0.137,0.362,24,E,52,S,,,7324,57.12,0
282,2540.611,"Mount",0.332,0.851,-0.794,0.327,-0.587,0.229,104,E,33,S,,,7423,57.80,0
283,2549.341,"Mount",0.088,0.274,-0.258,0.086,-0.075,0.000,13,E,0,,,,7169,56.46,0
284,2558.503,"Mount",0.735,-0.097,0.203,0.736,0.030,0.515,5,W,74,S,,,7396,57.58,0
285,2567.345,"Mount",0.205,0.174,-0.143,0.204,0.070,0.000,12,W,0,,,,7174,56.45,0
286,2576.443,"Mount",0.360,0.250,-0.195,0.358,0.015,0.251,3,W,36,S,,,7662,58.42,0
287,2585.391,"Mount",0.228,0.467,-0.429,0.225,-0.360,0.000,64,E,0,,,,7504,58.28,0
288,2594.543,"Mount",0.500,-0.093,0.165,0.500,-0.066,0.350,12,E,51,S,,,7348,57.03,0
289,2603.274,"Mount",0.265,-0.085,0.122,0.265,-0.005,0.000,1,E,0,,,,7155,56.43,0
290,2612.546,"Mount",0.727,-0.433,0.535,0.730,0.249,0.511,44,W,74,S,,,7203,56.55,0
291,2621.517,"Mount",0.422,-0.143,0.203,0.423,-0.122,0.296,22,E,43,S,,,6922,55.55,0
292,2630.374,"Mount",-0.088,-0.611,0.592,-0.085,0.275,0.000,49,W,0,,,,7492,57.87,0
293,2639.360,"Mount",-0.080,0.452,-0.459,-0.083,-0.377,0.000,67,E,0,,,,7306,56.61,0
294,2648.522,"Mount",0.578,-0.281,0.363,0.580,0.125,0.406,22,W,59,S,,,7167,56.44,0
295,2657.589,"Mount",0.348,1.225,-1.161,0.341,-0.767,0.239,136,E,34,S,,,7451,57.57,0
296,2666.351,"Mount",-0.192,0.347,-0.371,-0.194,-0.358,0.000,64,E,0,,,,7197,56.62,0
297,2675.481,"Mount",0.724,0.198,-0.090,0.723,-0.034,0.506,6,E,73,S,,,7154,56.56,0
298,2684.307,"Mount",0.279,0.429,-0.384,0.277,0.060,0.000,11,W,0,,,,6788,54.75,0
299,2693.549,"Mount",0.425,-0.264,0.323,0.427,0.412,0.299,73,W,43,S,,,7238,56.82,0
300,2702.390,"Mount",0.251,-0.387,0.419,0.253,0.555,0.000,99,W,0,,,,7723,58.16,0
301,2711.312,"Mount",0.132,0.531,-0.506,0.128,-0.315,0.000,56,E,0,,,,7457,57.56,0
302,2720.587,"Mount",0.911,0.995,-0.851,0.905,-0.543,0.634,96,E,91,S,,,7649,58.28,0
303,2729.349,"Mount",0.070,0.497,-0.481,0.067,-0.288,0.000,51,E,0,,,,7301,56.95,0
304,2738.367,"Mount",-0.124,0.521,-0.533,-0.127,-0.352,0.000,63,E,0,,,,7279,57.17,0
305,2750.568,"Mount",0.901,0.625,-0.487,0.897,-0.351,0.628,62,E,91,S,,,7418,57.47,0
306,2759.250,"Mount",0.233,0.347,-0.309,0.231,-0.049,0.000,9,E,0,,,,7918,59.04,0
307,2768.459,"Mount",0.542,0.093,-0.013,0.542,-0.116,0.379,21,E,55,S,,,7131,56.82,0
308,2777.388,"Mount",-0.074,0.363,-0.370,-0.076,-0.339,0.000,60,E,0,,,,6864,55.27,0
309,2789.533,"Mount",0.513,-0.987,1.052,0.519,0.574,0.363,102,W,52,S,,,8087,60.06,0
310,2798.309,"Mount",0.160,0.315,-0.288,0.158,0.204,0.000,36,W,0,,,,7461,57.22,0
311,2807.634,"Mount",1.092,-0.567,0.720,1.095,0.791,0.767,140,W,111,S,,,7747,59.01,0
312,2816.421,"Mount",-0.171,-1.153,1.116,-0.164,0.897,0.000,159,W,0,,,,7676,58.45,0
313,2825.319,"Mount",-0.030,0.346,-0.346,-0.032,-0.191,0.000,34,E,0,,,,7747,58.22,0
314,2834.434,"Mount",0.635,-0.121,0.213,0.636,-0.032,0.445,6,E,64,S,,,7226,56.64,0
315,2843.405,"Mount",0.354,-0.041,0.093,0.354,0.070,0.248,12,W,36,S,,,7834,58.96,0
316,2852.341,"Mount",-0.142,0.750,-0.763,-0.147,-0.427,0.000,76,E,0,,,,7655,58.21,0
317,2861.473,"Mount",0.633,-0.364,0.453,0.635,0.391,0.445,69,W,64,S,,,7125,56.10,0
318,2870.492,"Mount",0.348,-0.683,0.727,0.352,0.739,0.246,131,W,36,S,,,7475,57.46,0
319,2879.606,"Mount",0.502,-1.049,1.111,0.508,0.866,0.356,154,W,51,S,,,6955,55.68,0
320,2888.290,"Mount",-0.046,0.268,-0.272,-0.047,-0.060,0.000,11,E,0,,,,7885,58.99,0
321,2897.276,"Mount",0.129,-0.303,0.319,0.131,-0.184,0.000,33,E,0,,,,7063,55.92,0
322,2906.264,"Mount",-0.283,-0.272,0.228,-0.282,-0.090,0.000,16,E,0,,,,7331,56.93,0
323,2915.363,"Mount",0.327,0.270,-0.219,0.326,-0.016,0.228,3,E,33,S,,,6935,55.51,0
324,2924.497,"Mount",0.894,0.303,-0.169,0.892,-0.057,0.624,10,E,90,S,,,7387,57.09,0
325,2933.322,"Mount",-0.271,0.667,-0.700,-0.275,-0.571,0.000,101,E,0,,,,7341,57.46,0
326,2942.342,"Mount",-0.524,0.387,-0.459,-0.526,-0.505,0.000,90,E,0,,,,7150,56.23,0
327,2951.297,"Mount",-0.241,0.364,-0.395,-0.244,-0.441,0.000,78,E,0,,,,7276,56.93,0
328,2960.398,"Mount",-0.057,0.733,-0.733,-0.061,-0.617,0.000,110,E,0,,,,6985,55.73,0
329,2969.530,"Mount",0.321,0.818,-0.763,0.316,-0.628,0.221,112,E,32,S,,,7517,57.65,0
330,2978.261,"Mount",-0.330,-0.408,0.355,-0.328,0.136,0.000,24,W,0,,,,7918,58.60,0
331,2987.189,"Mount",-0.200,-0.266,0.234,-0.198,0.027,0.000,5,W,0,,,,7440,57.06,0
332,2996.430,"Mount",0.510,0.229,-0.152,0.509,-0.048,0.356,8,E,51,S,,,7172,56.51,0
333,3005.338,"Mount",-0.090,0.826,-0.830,-0.095,-0.682,0.000,121,E,0,,,,7472,57.10,0
334,3014.437,"Mount",0.498,0.366,-0.290,0.496,-0.141,0.347,25,E,50,S,,,7308,56.75,0
335,3023.314,"Mount",0.344,0.184,-0.132,0.342,-0.042,0.240,7,E,35,S,,,7440,57.35,0
336,3032.286,"Mount",-0.037,0.630,-0.629,-0.041,-0.368,0.000,65,E,0,,,,6750,54.63,0
337,3041.210,"Mount",0.179,-0.136,0.161,0.180,0.024,0.000,4,W,0,,,,7061,55.60,0
338,3050.170,"Mount",0.141,0.230,-0.207,0.140,0.033,0.000,6,W,0,,,,7400,57.19,0
339,3059.443,"Mount",0.479,0.488,-0.413,0.476,-0.294,0.333,52,E,48,S,,,7349,56.81,0
INFO: SET LOCK POSITION, new lock pos = 72.072, 667.345
INFO: DITHER by -1.995, 0.254, new lock pos = 72.033, 669.356
INFO: SETTLING STATE CHANGE, Settling started
340,3069.006,"Mount",1.297,0.304,-0.112,1.295,-0.053,0.907,9,E,131,S,,,6983,55.92,0
341,3077.722,"Mount",0.039,-2.011,1.995,-0.254,1.995,-0.254,354,W,37,N,,,6708,54.79,0
INFO: SETTLING STATE CHANGE, Settling complete
342,3086.390,"Mount",1.274,1.879,-1.673,1.263,-1.054,0.000,187,E,0,,,,6368,53.01,0
343,3095.267,"Mount",1.639,1.171,-0.919,1.633,-0.579,0.000,103,E,0,,,,6409,53.74,0
344,3104.722,"Mount",2.466,1.329,-0.955,2.458,-0.702,1.720,125,E,248,S,,,6489,53.45,0
345,3113.291,"Mount",0.166,0.522,-0.493,0.163,-0.392,0.000,70,E,0,,,,6483,53.64,0
346,3122.247,"Mount",-0.653,0.590,-0.679,-0.656,-0.519,0.000,92,E,0,,,,5780,50.70,0
347,3131.236,"Mount",-0.145,0.520,-0.535,-0.148,-0.406,0.000,72,E,0,,,,6345,52.86,0
348,3140.286,"Mount",0.168,0.568,-0.538,0.164,-0.439,0.000,78,E,0,,,,6197,52.63,0
349,3149.417,"Mount",0.718,0.057,0.048,0.718,-0.087,0.502,15,E,73,S,,,6111,52.07,0
350,3158.518,"Mount",0.505,-0.764,0.830,0.509,0.642,0.357,114,W,51,S,,,6591,53.89,0
351,3167.367,"Mount",0.201,-0.873,0.893,0.206,0.940,0.000,167,W,0,,,,6793,55.22,0
352,3176.686,"Mount",0.703,-1.234,1.323,0.710,1.296,0.497,230,W,72,S,,,6763,54.71,0
353,3185.466,"Mount",0.360,-1.271,1.310,0.368,0.864,0.257,153,W,37,S,,,6144,52.03,0
354,3194.230,"Mount",-0.347,0.287,-0.335,-0.348,-0.246,0.000,44,E,0,,,,6002,51.52,0
355,3203.202,"Mount",-0.103,0.319,-0.331,-0.104,-0.262,0.000,47,E,0,,,,7159,56.27,0
356,3212.130,"Mount",-0.262,0.104,-0.141,-0.262,-0.039,0.000,7,E,0,,,,5959,51.55,0
357,3221.241,"Mount",0.130,0.385,-0.362,0.128,-0.259,0.000,46,E,0,,,,6284,53.00,0
358,3230.271,"Mount",0.198,0.679,-0.643,0.194,-0.426,0.000,76,E,0,,,,6132,52.02,0
359,3239.392,"Mount",0.827,0.418,-0.293,0.824,-0.074,0.577,13,E,83,S,,,6096,52.10,0
360,3248.156,"Mount",0.216,0.002,0.030,0.216,-0.086,0.000,15,E,0,,,,6298,52.86,0
361,3257.386,"Mount",0.318,0.705,-0.651,0.314,-0.454,0.220,81,E,32,S,,,6331,52.92,0
362,3266.355,"Mount",0.381,0.115,-0.058,0.380,-0.080,0.266,14,E,38,S,,,6108,51.86,0
363,3275.231,"Mount",-0.065,0.733,-0.735,-0.069,-0.343,0.000,61,E,0,,,,5917,51.35,0
364,3284.411,"Mount",0.726,0.279,-0.170,0.724,0.394,0.507,70,W,73,S,,,6209,52.18,0
365,3293.366,"Mount",0.406,-0.057,0.116,0.406,0.220,0.284,39,W,41,S,,,6723,54.60,0
366,3302.275,"Mount",0.187,-0.833,0.852,0.192,0.570,0.000,101,W,0,,,,6637,54.16,0
367,3311.375,"Mount",0.946,-0.422,0.555,0.948,0.392,0.664,70,W,96,S,,,5660,50.18,0
368,3320.475,"Mount",0.773,-1.120,1.221,0.779,0.790,0.545,140,W,79,S,,,6153,52.22,0
369,3329.223,"Mount",-0.220,-0.399,0.362,-0.218,0.284,0.000,50,W,0,,,,6031,51.79,0
370,3338.226,"Mount",-0.658,-0.280,0.181,-0.656,0.140,0.000,25,W,0,,,,6885,55.26,0
371,3347.212,"Mount",0.037,-0.151,0.155,0.037,0.257,0.000,46,W,0,,,,6122,52.17,0
372,3356.374,"Mount",0.393,-0.390,0.443,0.395,0.437,0.276,78,W,40,S,,,6355,52.90,0
373,3365.249,"Mount",0.255,-0.829,0.858,0.260,0.520,0.000,92,W,0,,,,6452,53.81,0
374,3374.202,"Mount",0.228,-0.552,0.579,0.231,0.293,0.000,52,W,0,,,,6437,53.30,0
375,3383.234,"Mount",0.259,0.541,-0.497,0.256,-0.407,0.000,72,E,0,,,,6369,53.33,0
376,3392.395,"Mount",0.332,0.781,-0.724,0.327,-0.542,0.229,96,E,33,S,,,5908,51.29,0
377,3401.336,"Mount",0.512,0.439,-0.360,0.509,-0.278,0.357,49,E,51,S,,,6335,52.89,0
378,3410.175,"Mount",0.287,0.469,-0.422,0.284,-0.361,0.000,64,E,0,,,,6690,54.13,0
379,3419.338,"Mount",0.567,-0.133,0.214,0.568,-0.174,0.397,31,E,57,S,,,6757,54.29,0
380,3428.334,"Mount",0.326,0.270,-0.220,0.324,-0.191,0.227,34,E,33,S,,,6186,52.23,0
381,3437.448,"Mount",0.638,0.508,-0.409,0.636,-0.452,0.445,80,E,64,S,,,6391,53.06,0
382,3446.275,"Mount",0.304,0.273,-0.226,0.302,-0.117,0.212,21,E,31,S,,,6037,51.77,0
383,3455.373,"Mount",0.522,0.515,-0.434,0.519,-0.302,0.363,54,E,52,S,,,6627,53.76,0
384,3464.246,"Mount",-0.237,1.150,-1.172,-0.244,-0.777,0.000,138,E,0,,,,6259,52.75,0
385,3473.197,"Mount",-0.127,0.610,-0.622,-0.130,-0.508,0.000,90,E,0,,,,6657,54.27,0
386,3482.356,"Mount",0.898,-0.186,0.315,0.899,-0.098,0.630,17,E,91,S,,,6335,52.69,0
387,3491.136,"Mount",0.135,-0.081,0.100,0.135,-0.078,0.000,14,E,0,,,,6655,54.32,0
388,3500.293,"Mount",0.367,-0.378,0.427,0.369,0.203,0.258,36,W,37,S,,,5990,51.51,0
389,3509.093,"Mount",-0.058,0.257,-0.263,-0.059,-0.003,0.000,0,,0,,,,6173,52.38,0
390,3518.199,"Mount",0.391,0.223,-0.164,0.390,0.021,0.273,4,W,39,S,,,6461,53.72,0
391,3527.233,"Mount",0.364,-0.202,0.253,0.366,0.030,0.256,5,W,37,S,,,6566,53.76,0
392,3536.090,"Mount",-0.022,-0.268,0.262,-0.021,-0.012,0.000,2,E,0,,,,6245,52.44,0
393,3545.168,"Mount",0.277,-0.458,0.493,0.280,0.281,0.000,50,W,0,,,,6180,52.70,0
394,3554.316,"Mount",0.556,-0.058,0.138,0.556,-0.054,0.389,10,E,56,S,,,5815,50.64,0
395,3563.285,"Mount",0.450,0.013,0.053,0.450,-0.011,0.315,2,E,45,S,,,6066,51.66,0
396,3572.109,"Mount",0.099,-0.028,0.042,0.099,-0.069,0.000,12,E,0,,,,6200,52.62,0
397,3581.133,"Mount",0.111,-0.726,0.734,0.115,0.348,0.000,62,W,0,,,,5958,51.29,0
398,3590.079,"Mount",-0.063,-0.449,0.435,-0.060,0.177,0.000,31,W,0,,,,6581,53.97,0
399,3599.240,"Mount",-0.483,1.015,-1.074,-0.489,-0.767,0.000,136,E,0,,,,6231,52.46,0
400,3608.188,"Mount",0.257,0.586,-0.542,0.254,-0.460,0.000,82,E,0,,,,6099,52.36,0
401,3617.272,"Mount",0.587,-0.091,0.175,0.588,-0.063,0.411,11,E,59,S,,,6424,53.26,0
402,3626.041,"Mount",0.256,-0.126,0.162,0.256,-0.043,0.000,8,E,0,,,,5809,50.77,0
403,3635.280,"Mount",0.370,0.829,-0.767,0.365,-0.405,0.255,72,E,37,S,,,6219,52.47,0
404,3644.370,"Mount",0.835,0.315,-0.189,0.833,0.331,0.583,59,W,84,S,,,6627,54.09,0
405,3653.193,"Mount",-0.479,0.013,-0.083,-0.479,0.499,0.000,89,W,0,,,,6770,54.67,0
406,3662.097,"Mount",-0.337,0.081,-0.130,-0.337,0.087,0.000,16,W,0,,,,6274,52.74,0
407,3671.132,"Mount",0.102,0.633,-0.611,0.099,-0.446,0.000,79,E,0,,,,5956,51.35,0
408,3680.200,"Mount",0.550,0.354,-0.270,0.548,-0.012,0.384,2,E,55,S,,,6453,53.44,0
409,3689.139,"Mount",-0.453,0.346,-0.408,-0.455,-0.265,0.000,47,E,0,,,,6551,53.81,0
410,3698.222,"Mount",0.602,0.313,-0.222,0.600,-0.065,0.420,12,E,61,S,,,6880,55.31,0
411,3707.035,"Mount",0.056,-0.314,0.319,0.058,-0.023,0.000,4,E,0,,,,7615,58.02,0
412,3716.267,"Mount",0.522,-0.280,0.353,0.524,0.207,0.367,37,W,53,S,,,7080,56.01,0
413,3725.094,"Mount",-0.449,-0.103,0.036,-0.449,-0.084,0.000,15,E,0,,,,6792,55.09,0
414,3734.122,"Mount",0.076,-0.096,0.106,0.077,-0.101,0.000,18,E,0,,,,7332,57.26,0
415,3743.124,"Mount",-0.348,-0.327,0.273,-0.346,-0.082,0.000,14,E,0,,,,6853,54.87,0
416,3752.157,"Mount",-0.138,-0.688,0.661,-0.134,0.462,0.000,82,W,0,,,,7508,57.71,0
417,3761.079,"Mount",-0.088,-0.297,0.281,-0.086,0.340,0.000,60,W,0,,,,7163,56.39,0
418,3770.275,"Mount",0.378,-0.374,0.425,0.380,0.542,0.266,96,W,38,S,,,7605,58.17,0
419,3779.115,"Mount",0.127,-0.333,0.348,0.129,0.306,0.000,54,W,0,,,,6948,55.31,0
420,3788.186,"Mount",0.364,-0.151,0.202,0.365,0.049,0.255,9,W,37,S,,,7240,56.33,0
421,3797.108,"Mount",-0.565,-0.797,0.706,-0.560,0.489,0.000,87,W,0,,,,7721,58.43,0
422,3806.105,"Mount",0.186,-0.719,0.738,0.190,0.504,0.000,90,W,0,,,,7590,57.61,0
423,3815.278,"Mount",0.501,0.229,-0.154,0.500,0.120,0.350,21,W,51,S,,,7682,57.65,0
424,3824.083,"Mount",0.262,0.725,-0.680,0.258,-0.208,0.000,37,E,0,,,,7118,56.38,0
425,3833.275,"Mount",0.686,0.661,-0.554,0.682,-0.143,0.478,25,E,69,S,,,7633,57.83,0
426,3842.245,"Mount",0.321,-0.545,0.586,0.324,0.411,0.227,73,W,33,S,,,7054,55.59,0
427,3851.069,"Mount",-0.136,-0.417,0.393,-0.133,0.174,0.000,31,W,0,,,,7397,57.36,0
428,3860.054,"Mount",0.164,-0.227,0.249,0.165,-0.133,0.000,24,E,0,,,,7246,56.82,0
429,3869.182,"Mount",0.350,-0.555,0.600,0.354,0.303,0.247,54,W,36,S,,,6695,54.35,0
430,3878.088,"Mount",0.018,0.391,-0.384,0.016,-0.276,0.000,49,E,0,,,,6796,54.67,0
431,3887.280,"Mount",0.500,-0.724,0.789,0.504,0.410,0.353,73,W,51,S,,,7181,56.47,0
432,3896.217,"Mount",0.385,-0.005,0.061,0.385,-0.148,0.269,26,E,39,S,,,7130,56.07,0
433,3905.250,"Mount",0.349,0.500,-0.443,0.346,-0.496,0.242,88,E,35,S,,,7287,56.93,0
434,3914.089,"Mount",0.077,0.600,-0.582,0.074,-0.546,0.000,97,E,0,,,,7237,56.06,0
435,3923.187,"Mount",0.648,0.185,-0.089,0.647,-0.115,0.453,20,E,65,S,,,7350,57.02,0
436,3932.298,"Mount",1.017,0.589,-0.434,1.013,-0.361,0.709,64,E,102,S,,,7350,57.00,0
437,3941.074,"Mount",-0.369,0.659,-0.706,-0.372,-0.504,0.000,89,E,0,,,,6970,55.14,0
438,3949.952,"Mount",0.285,-0.021,0.063,0.285,-0.049,0.000,9,E,0,,,,7617,57.83,0
439,3959.155,"Mount",0.602,-0.214,0.300,0.603,-0.082,0.422,15,E,61,S,,,6954,55.42,0
440,3968.076,"Mount",-0.250,-0.992,0.945,-0.245,0.512,0.000,91,W,0,,,,7583,57.91,0
441,3976.994,"Mount",-0.042,0.178,-0.182,-0.043,-0.070,0.000,12,E,0,,,,6809,54.88,0
442,3985.950,"Mount",0.207,0.213,-0.180,0.206,-0.024,0.000,4,E,0,,,,7134,56.26,0
443,3995.046,"Mount",0.028,0.664,-0.653,0.024,-0.372,0.000,66,E,0,,,,7437,57.30,0
444,4004.239,"Mount",0.633,0.638,-0.539,0.629,-0.290,0.440,51,E,64,S,,,6904,55.28,0
445,4013.271,"Mount",0.982,-0.352,0.492,0.984,0.305,0.689,54,W,99,S,,,7315,56.98,0
446,4022.096,"Mount",0.603,0.105,-0.015,0.603,-0.003,0.422,0,,61,S,,,6776,54.99,0
447,4031.000,"Mount",-0.221,0.506,-0.532,-0.224,-0.388,0.000,69,E,0,,,,7426,57.14,0
448,4040.033,"Mount",-0.150,0.472,-0.489,-0.153,-0.327,0.000,58,E,0,,,,7205,56.10,0
449,4049.098,"Mount",0.455,0.393,-0.323,0.452,-0.015,0.317,3,E,46,S,,,7180,56.51,0
450,4057.923,"Mount",0.024,0.101,-0.096,0.023,-0.048,0.000,9,E,0,,,,7242,56.32,0
451,4067.051,"Mount",0.107,0.525,-0.504,0.104,-0.471,0.000,84,E,0,,,,6994,55.15,0
452,4076.196,"Mount",0.318,0.828,-0.773,0.313,-0.620,0.219,110,E,32,S,,,7108,56.33,0
453,4084.988,"Mount",-0.010,-0.026,0.025,-0.009,-0.056,0.000,10,E,0,,,,7479,57.36,0
454,4094.262,"Mount",0.485,-0.513,0.578,0.488,0.335,0.342,59,W,49,S,,,6636,54.31,0
455,4102.990,"Mount",-0.000,0.454,-0.449,-0.003,-0.381,0.000,68,E,0,,,,7135,56.14,0
456,4112.119,"Mount",0.473,0.229,-0.157,0.472,-0.029,0.330,5,E,48,S,,,7148,56.08,0
457,4121.060,"Mount",0.200,-0.333,0.358,0.202,0.495,0.000,88,W,0,,,,7039,55.80,0
458,4130.297,"Mount",0.427,-1.000,1.051,0.433,1.032,0.303,183,W,44,S,,,7035,55.55,0
459,4139.058,"Mount",0.148,-0.763,0.777,0.153,0.694,0.000,123,W,0,,,,7096,56.05,0
460,4148.091,"Mount",0.571,-0.070,0.153,0.572,-0.002,0.400,0,,58,S,,,6916,55.30,0
461,4157.188,"Mount",0.569,-0.255,0.335,0.571,0.160,0.399,28,W,58,S,,,7171,56.31,0
462,4166.061,"Mount",-0.661,0.901,-0.988,-0.666,-0.652,0.000,116,E,0,,,,7185,56.61,0
463,4175.079,"Mount",-0.526,0.914,-0.981,-0.531,-0.677,0.000,120,E,0,,,,7332,56.70,0
464,4183.967,"Mount",0.039,0.483,-0.472,0.037,-0.309,0.000,55,E,0,,,,7201,56.20,0
465,4193.000,"Mount",0.224,0.837,-0.796,0.219,-0.512,0.000,91,E,0,,,,7277,56.69,0
466,4202.226,"Mount",0.886,0.418,-0.284,0.884,-0.077,0.618,14,E,89,S,,,7178,56.43,0
467,4210.972,"Mount",0.011,-0.035,0.037,0.011,-0.076,0.000,14,E,0,,,,6757,54.63,0
468,4220.118,"Mount",0.526,0.246,-0.167,0.525,-0.043,0.368,8,E,53,S,,,7278,56.66,0
469,4228.881,"Mount",0.226,-0.119,0.151,0.227,-0.030,0.000,5,E,0,,,,7250,56.53,0
470,4238.217,"Mount",0.473,-0.674,0.735,0.477,0.704,0.334,125,W,48,S,,,6818,54.77,0
471,4247.330,"Mount",0.427,-1.074,1.125,0.433,1.029,0.303,183,W,44,S,,,7189,56.52,0
472,4256.123,"Mount",-0.064,-1.516,1.491,-0.055,1.094,0.000,194,W,0,,,,7136,56.85,0
473,4265.029,"Mount",-0.202,-1.001,0.961,-0.197,0.679,0.000,121,W,0,,,,7108,56.19,0
474,4274.083,"Mount",0.032,-1.686,1.672,0.041,1.114,0.000,198,W,0,,,,6547,54.38,0
475,4283.065,"Mount",-0.004,-0.712,0.704,-0.000,0.502,0.000,89,W,0,,,,6688,54.22,0
476,4292.165,"Mount",0.303,-0.612,0.649,0.306,0.422,0.214,75,W,31,S,,,6670,54.32,0
477,4301.476,"Mount",-0.004,-0.042,0.040,-0.004,0.130,0.000,23,W,0,,,,7759,58.72,0
478,4309.989,"Mount",-0.189,0.249,-0.274,-0.191,0.255,0.000,45,W,0,,,,7499,57.40,0
479,4319.151,"Mount",0.346,0.163,-0.110,0.345,0.108,0.242,19,W,35,S,,,7392,56.80,0
480,4328.184,"Mount",0.545,-0.339,0.414,0.547,0.246,0.383,44,W,55,S,,,7217,56.35,0
481,4337.122,"Mount",0.348,0.582,-0.525,0.345,-0.426,0.241,76,E,35,S,,,7514,57.07,0
482,4346.108,"Mount",0.465,-0.082,0.149,0.466,-0.099,0.326,18,E,47,S,,,7317,56.85,0
483,4355.046,"Mount",0.273,1.044,-0.993,0.267,-0.683,0.000,121,E,0,,,,7282,56.56,0
484,4364.095,"Mount",0.585,0.152,-0.065,0.585,-0.024,0.409,4,E,59,S,,,7715,58.39,0
485,4372.985,"Mount",-0.172,0.545,-0.565,-0.175,-0.466,0.000,83,E,0,,,,7590,57.74,0
486,4385.121,"Mount",-0.123,1.402,-1.405,-0.132,-1.146,0.000,204,E,0,,,,7941,59.18,0
487,4394.201,"Mount",0.506,0.536,-0.456,0.503,-0.431,0.352,76,E,51,S,,,7558,57.96,0
488,4402.908,"Mount",-0.018,-0.036,0.033,-0.018,-0.111,0.000,20,E,0,,,,7166,56.31,0
489,4411.980,"Mount",-0.403,0.398,-0.453,-0.405,-0.388,0.000,69,E,0,,,,7648,57.87,0
490,4423.939,"Mount",0.228,0.482,-0.444,0.225,-0.330,0.000,59,E,0,,,,6881,54.99,0
491,4432.988,"Mount",0.302,0.073,-0.028,0.302,-0.035,0.211,6,E,30,S,,,7016,55.73,0
492,4441.877,"Mount",0.256,0.021,0.016,0.256,-0.076,0.000,14,E,0,,,,7135,55.99,0
493,4451.150,"Mount",0.534,0.662,-0.577,0.530,-0.460,0.371,82,E,54,S,,,7040,55.91,0
494,4460.118,"Mount",0.411,0.490,-0.425,0.408,-0.359,0.286,64,E,41,S,,,7072,55.96,0
495,4468.912,"Mount",-0.068,-0.406,0.392,-0.066,0.237,0.000,42,W,0,,,,7732,58.58,0
496,4477.959,"Mount",-0.129,0.664,-0.676,-0.133,-0.370,0.000,66,E,0,,,,7176,56.16,0
497,4487.073,"Mount",0.516,-0.167,0.241,0.517,0.066,0.362,12,W,52,S,,,7222,56.85,0
498,4495.897,"Mount",0.098,-0.398,0.409,0.100,0.224,0.000,40,W,0,,,,7469,57.32,0
499,4504.858,"Mount",0.126,0.095,-0.075,0.126,-0.061,0.000,11,E,0,,,,7725,58.16,0
500,4514.092,"Mount",0.547,-0.154,0.232,0.548,-0.062,0.384,11,E,55,S,,,7813,58.48,0
501,4522.930,"Mount",-0.015,-0.735,0.725,-0.011,0.479,0.000,85,W,0,,,,7661,58.21,0
502,4532.009,"Mount",0.427,-0.149,0.210,0.428,-0.019,0.300,3,E,43,S,,,7705,58.31,0
503,4540.946,"Mount",-0.085,0.414,-0.422,-0.087,-0.393,0.000,70,E,0,,,,7151,56.22,0
504,4550.010,"Mount",0.198,0.834,-0.796,0.193,-0.660,0.000,117,E,0,,,,7328,56.84,0
505,4559.107,"Mount",0.322,0.967,-0.909,0.316,-0.641,0.221,114,E,32,S,,,7603,58.15,0
506,4567.821,"Mount",0.117,0.172,-0.153,0.116,-0.046,0.000,8,E,0,,,,7488,57.47,0
507,4577.076,"Mount",0.313,0.348,-0.299,0.311,-0.099,0.218,18,E,31,S,,,7729,58.53,0
508,4586.029,"Mount",0.311,0.027,0.019,0.311,-0.066,0.218,12,E,31,S,,,7773,58.92,0
509,4595.108,"Mount",0.514,-0.417,0.488,0.517,0.413,0.362,73,W,52,S,,,7214,56.56,0
510,4603.950,"Mount",-0.053,-0.822,0.805,-0.049,0.834,0.000,148,W,0,,,,7063,56.01,0
511,4613.173,"Mount",0.340,-1.212,1.248,0.347,1.203,0.243,214,W,35,S,,,7103,55.85,0
512,4621.934,"Mount",0.100,-0.508,0.517,0.103,0.446,0.000,79,W,0,,,,7054,55.70,0
513,4631.063,"Mount",0.856,-0.259,0.381,0.857,0.213,0.600,38,W,87,S,,,7420,57.49,0
514,4640.017,"Mount",0.580,0.213,-0.126,0.579,-0.070,0.405,13,E,58,S,,,7050,55.83,0
515,4648.953,"Mount",0.383,0.115,-0.058,0.382,-0.043,0.268,8,E,39,S,,,7146,56.15,0
516,4657.843,"Mount",-0.065,-0.220,0.208,-0.064,-0.033,0.000,6,E,0,,,,7124,55.70,0
517,4667.132,"Mount",0.571,-0.492,0.570,0.574,0.330,0.402,59,W,58,S,,,7394,56.90,0
518,4675.877,"Mount",0.095,-0.787,0.793,0.099,0.484,0.000,86,W,0,,,,7217,56.44,0
519,4684.911,"Mount",0.097,-0.239,0.251,0.098,-0.060,0.000,11,E,0,,,,7774,58.69,0
520,4694.042,"Mount",0.532,-0.127,0.203,0.533,-0.084,0.373,15,E,54,S,,,7298,56.86,0
521,4703.043,"Mount",0.600,-0.280,0.365,0.602,0.182,0.421,32,W,61,S,,,6957,55.45,0
522,4711.964,"Mount",0.489,0.132,-0.060,0.489,0.048,0.342,9,W,49,S,,,7590,58.30,0
523,4720.921,"Mount",0.108,0.323,-0.304,0.106,0.299,0.000,53,W,0,,,,6884,55.17,0
524,4729.872,"Mount",0.186,0.169,-0.141,0.185,0.273,0.000,49,W,0,,,,7214,56.47,0
525,4739.017,"Mount",0.389,0.365,-0.304,0.386,0.128,0.271,23,W,39,S,,,7389,56.79,0
526,4747.794,"Mount",0.221,0.294,-0.259,0.219,0.103,0.000,18,W,0,,,,7392,56.68,0
527,4757.036,"Mount",0.699,-0.266,0.365,0.700,0.280,0.490,50,W,71,S,,,7262,56.52,0
528,4765.784,"Mount",0.241,0.184,-0.147,0.240,0.043,0.000,8,W,0,,,,7499,57.49,0
529,4774.992,"Mount",0.681,0.149,-0.049,0.680,0.051,0.476,9,W,69,S,,,7301,56.78,0
530,4783.978,"Mount",0.336,0.098,-0.048,0.336,0.163,0.235,29,W,34,S,,,7346,57.31,0
531,4792.698,"DROP",,,,,,,,,,,,,0,0.00,5,"No star found"
531,4792.884,"Mount",0.000,0.000,0.640,0.000,0.640,0.000,114,W,0,,,,7346,57.31,5
532,4801.933,"Mount",0.249,-1.171,1.195,0.256,0.827,0.000,147,W,0,,,,7524,57.71,0
533,4810.968,"Mount",0.318,-0.215,0.259,0.319,-0.061,0.223,11,E,32,S,,,7186,56.11,0
534,4820.050,"Mount",0.715,-0.344,0.444,0.717,0.138,0.502,24,W,72,S,,,7550,57.50,0
535,4832.009,"Mount",0.569,0.357,-0.270,0.567,-0.091,0.397,16,E,57,S,,,7326,56.89,0
536,4840.738,"Mount",-0.137,0.107,-0.126,-0.137,-0.035,0.000,6,E,0,,,,7508,57.37,0
537,4849.835,"Mount",-0.144,0.344,-0.361,-0.146,-0.349,0.000,62,E,0,,,,6893,55.02,0
538,4858.837,"Mount",-0.002,0.709,-0.701,-0.006,-0.646,0.000,115,E,0,,,,6786,54.65,0
539,4867.903,"Mount",-0.069,0.850,-0.851,-0.074,-0.700,0.000,124,E,0,,,,7525,57.58,0
540,4876.905,"Mount",0.158,1.096,-1.061,0.152,-0.790,0.000,140,E,0,,,,7275,56.36,0
541,4886.083,"Mount",0.645,0.837,-0.734,0.640,-0.619,0.448,110,E,65,S,,,7323,56.55,0
542,4894.959,"Mount",0.438,0.433,-0.365,0.436,-0.310,0.305,55,E,44,S,,,7450,57.12,0
543,4903.959,"Mount",0.490,0.324,-0.249,0.488,-0.011,0.342,2,E,49,S,,,7593,58.12,0
544,4912.965,"Mount",1.330,0.234,-0.038,1.328,-0.039,0.930,7,E,134,S,,,6408,53.59,0
545,4921.833,"Mount",0.200,0.414,-0.380,0.197,-0.335,0.000,59,E,0,,,,6270,53.02,0
546,4930.980,"Mount",0.506,-0.080,0.152,0.507,-0.092,0.355,16,E,51,S,,,6095,51.98,0
547,4939.837,"Mount",-0.152,0.314,-0.333,-0.154,-0.266,0.000,47,E,0,,,,6505,53.94,0
548,4948.678,"DROP",,,,,,,,,,,,,6226,52.61,8,"No star found"
548,4948.772,"Mount",0.000,0.000,-0.092,0.000,-0.092,0.000,16,E,0,,,,6505,53.94,8
549,4958.016,"Mount",0.499,0.792,-0.710,0.495,-0.422,0.346,75,E,50,S,,,6364,53.15,0
550,4966.794,"Mount",-0.144,-0.049,0.028,-0.144,0.063,0.000,11,W,0,,,,6401,53.31,0
551,4975.732,"Mount",-0.043,-0.084,0.076,-0.042,-0.036,0.000,6,E,0,,,,5604,49.42,0
552,4984.942,"Mount",0.461,-0.308,0.372,0.463,0.195,0.324,35,W,47,S,,,6508,53.66,0
553,4996.693,"Mount",0.270,-0.124,0.162,0.271,-0.016,0.000,3,E,0,,,,6120,51.84,0
554,5005.870,"Mount",0.565,0.044,0.039,0.565,-0.010,0.396,2,E,57,S,,,5944,51.36,0
555,5014.952,"Mount",0.468,-0.113,0.180,0.468,-0.080,0.328,14,E,47,S,,,6057,52.02,0
556,5023.793,"Mount",0.290,-0.168,0.209,0.291,-0.145,0.000,26,E,0,,,,6391,53.37,0
557,5032.955,"Mount",0.757,-0.561,0.666,0.761,0.314,0.533,56,W,77,S,,,6441,53.83,0
558,5041.703,"Mount",-0.066,0.033,-0.042,-0.066,-0.047,0.000,8,E,0,,,,6458,53.82,0
559,5050.745,"Mount",-0.080,-0.204,0.190,-0.079,-0.072,0.000,13,E,0,,,,6116,52.37,0
560,5059.959,"Mount",0.478,-0.467,0.532,0.481,0.257,0.336,46,W,49,S,,,6250,52.29,0
561,5068.784,"Mount",-0.663,0.236,-0.331,-0.664,-0.211,0.000,38,E,0,,,,6721,54.83,0
562,5077.754,"Mount",-0.138,0.058,-0.077,-0.138,0.200,0.000,36,W,0,,,,6205,52.58,0
563,5086.771,"Mount",0.252,-0.013,0.050,0.252,0.345,0.000,61,W,0,,,,6258,52.62,0
564,5095.996,"Mount",0.387,-0.563,0.613,0.390,0.729,0.273,129,W,39,S,,,5920,51.18,0
565,5104.618,"DROP",,,,,,,,,,,,,6106,52.19,8,"No star found"
565,5104.695,"Mount",0.000,0.000,0.075,0.000,0.075,0.000,13,W,0,,,,5920,51.18,8
566,5113.984,"Mount",0.375,0.852,-0.789,0.371,-0.555,0.259,98,E,37,S,,,5986,51.31,0
567,5122.809,"Mount",0.451,0.255,-0.186,0.450,-0.053,0.315,9,E,45,S,,,6313,52.81,0
568,5131.839,"Mount",0.139,1.251,-1.217,0.131,-0.808,0.000,144,E,0,,,,6297,52.76,0
569,5140.944,"Mount",0.725,0.616,-0.504,0.721,-0.345,0.505,61,E,73,S,,,5932,51.00,0
570,5149.926,"Mount",0.690,0.443,-0.338,0.687,-0.228,0.481,41,E,69,S,,,6220,52.57,0
571,5158.680,"Mount",0.055,0.212,-0.202,0.054,-0.030,0.000,5,E,0,,,,7003,56.02,0
572,5167.736,"Mount",0.132,0.062,-0.042,0.131,-0.087,0.000,15,E,0,,,,6699,54.42,0
573,5176.627,"DROP",,,,,,,,,,,,,6192,52.48,8,"No star found"
573,5176.705,"Mount",0.000,0.000,-0.104,0.000,-0.104,0.000,18,E,0,,,,6699,54.42,8
574,5185.947,"Mount",0.593,-0.596,0.676,0.596,0.381,0.417,68,W,60,S,,,6552,53.76,0
575,5194.869,"Mount",0.298,-0.310,0.350,0.300,0.361,0.210,64,W,30,S,,,6082,51.99,0
576,5204.046,"Mount",0.606,-0.709,0.790,0.610,0.810,0.427,144,W,62,S,,,6433,53.36,0
577,5212.744,"Mount",0.287,0.103,-0.060,0.287,0.175,0.000,31,W,0,,,,6270,52.48,0
578,5221.984,"Mount",0.648,-0.662,0.749,0.652,0.565,0.456,100,W,66,S,,,6093,51.94,0
579,5230.906,"Mount",0.397,-0.591,0.643,0.400,0.481,0.280,85,W,40,S,,,6109,52.28,0
580,5239.922,"Mount",0.525,-0.572,0.643,0.529,0.423,0.370,75,W,53,S,,,6790,54.79,0
581,5248.635,"Mount",0.038,-0.052,0.057,0.038,0.040,0.000,7,W,0,,,,6105,52.09,0
582,5257.863,"Mount",0.579,0.398,-0.309,0.577,0.079,0.404,14,W,58,S,,,6235,52.29,0
583,5266.748,"Mount",0.157,0.808,-0.776,0.152,-0.283,0.000,50,E,0,,,,6433,53.53,0
584,5275.925,"Mount",0.325,-0.542,0.583,0.328,0.535,0.230,95,W,33,S,,,6528,53.68,0
585,5284.959,"Mount",0.690,-0.741,0.834,0.694,0.540,0.486,96,W,70,S,,,6306,52.93,0
586,5293.719,"Mount",0.092,-0.778,0.783,0.096,0.397,0.000,71,W,0,,,,6298,52.92,0
587,5302.848,"Mount",0.324,-0.004,0.051,0.324,-0.124,0.227,22,E,33,S,,,6435,53.47,0
588,5311.864,"Mount",0.445,-0.132,0.196,0.446,-0.071,0.312,13,E,45,S,,,6114,52.11,0
589,5320.702,"Mount",0.047,-0.340,0.343,0.049,0.189,0.000,34,W,0,,,,6136,52.52,0
590,5332.712,"Mount",0.075,-0.160,0.170,0.076,-0.201,0.000,36,E,0,,,,6402,53.45,0
591,5341.680,"Mount",0.289,-0.138,0.179,0.290,-0.221,0.000,39,E,0,,,,6330,52.84,0
592,5350.713,"Mount",-0.034,0.262,-0.264,-0.035,-0.147,0.000,26,E,0,,,,6302,52.95,0
593,5359.936,"Mount",0.590,0.426,-0.336,0.587,-0.365,0.411,65,E,59,S,,,6933,55.40,0
594,5368.824,"Mount",0.404,0.145,-0.085,0.403,-0.107,0.282,19,E,41,S,,,6148,52.04,0
595,5377.809,"Mount",0.565,-0.226,0.306,0.566,-0.052,0.396,9,E,57,S,,,6760,54.93,0
596,5386.601,"Mount",-0.178,-0.146,0.119,-0.177,-0.027,0.000,5,E,0,,,,6599,53.76,0
597,5395.887,"Mount",0.541,-0.583,0.656,0.544,0.333,0.381,59,W,55,S,,,6513,53.88,0
598,5404.650,"Mount",-0.045,0.035,-0.041,-0.045,-0.081,0.000,14,E,0,,,,6602,54.16,0
599,5413.735,"Mount",-0.385,0.506,-0.557,-0.388,-0.441,0.000,78,E,0,,,,6397,53.63,0
600,5422.676,"Mount",-0.068,0.443,-0.448,-0.070,-0.339,0.000,60,E,0,,,,5832,51.30,0
601,5431.551,"Mount",-0.028,-0.269,0.263,-0.027,0.003,0.000,0,,0,,,,6369,53.34,0
602,5440.661,"Mount",0.044,-0.052,0.058,0.044,0.067,0.000,12,W,0,,,,6361,53.25,0
603,5449.913,"Mount",0.509,0.565,-0.485,0.506,-0.307,0.354,55,E,51,S,,,6326,52.97,0
604,5458.831,"Mount",0.616,-0.507,0.592,0.619,0.326,0.434,58,W,63,S,,,6556,54.04,0
605,5467.578,"Mount",-0.068,0.228,-0.235,-0.069,-0.027,0.000,5,E,0,,,,5978,51.48,0
606,5476.733,"Mount",-0.063,1.287,-1.282,-0.071,-0.816,0.000,145,E,0,,,,6191,52.18,0
607,5485.731,"Mount",0.314,0.270,-0.221,0.312,-0.045,0.219,8,E,32,S,,,6197,52.52,0
608,5494.891,"Mount",0.803,0.488,-0.365,0.800,-0.282,0.560,50,E,81,S,,,6336,53.05,0
609,5503.771,"Mount",-0.235,0.756,-0.782,-0.239,-0.635,0.000,113,E,0,,,,6665,54.56,0
610,5512.744,"Mount",0.111,0.617,-0.594,0.108,-0.481,0.000,85,E,0,,,,6155,52.26,0
611,5521.775,"Mount",-0.546,0.537,-0.611,-0.549,-0.441,0.000,78,E,0,,,,7178,56.24,0
Guiding Ends at 2026-08-07 23:45:22

Guiding Begins at 2026-08-07 23:48:59
Equipment Profile = QHY5 EQASCOM OAG
Dither = both axes, Dither scale = 1.000, Image noise reduction = 2x2 mean, Guide-frame time lapse = 0, Server enabled
Pixel scale = 1.05 arc-sec/px, Binning = 1, Focal length = 1018 mm
Search region = 24 px, Star mass tolerance = 90.0%, Multi-star mode, list size = 12
 Camera = QHY5II-M-10d7d910f33c7354, gain = 90, full size = 1280 x 1024, have dark, dark dur = 3000, no defect map, pixel size = 5.2 um
Exposure = 3000 ms
Mount = EQMOD HEQ5/6 (ASCOM), connected, guiding enabled, xAngle = -81.6, xRate = 5.629, yAngle = 17.1, yRate = 6.929, parity = +/-
Norm rates RA = 7.0"/s @ dec 0, Dec = 7.3"/s; ortho.err. = 8.7 deg
X guide algorithm = Predictive PEC, Control gain = 0.630
Prediction gain = 0.430
Minimum move = 0.330
Hyperparameters
	Length scale long range SE kernel = 700.000
	Signal variance long range SE kernel = 20.000
	Length scale periodic kernel = 10.000
	Signal variance periodic kernel = 20.000
	Length scale short range SE kernel = 25.000
	Signal variance short range SE kernel = 10.000
	Period length periodic kernel = 479.563
	FFT called after = 2.000 worm cycles
	Auto-adjust period length = On
Y guide algorithm = Resist Switch, Minimum move = 0.300 Aggression = 70% FastSwitch = disabled
Backlash comp = disabled, pulse = 495 ms
Max RA duration = 2500, Max DEC duration = 2500, DEC guide mode = Auto
RA Guide Speed = 7.5 a-s/s, Dec Guide Speed = 7.5 a-s/s, Cal Dec = 0.0, Last Cal Issue = None, Timestamp = 7/7/2026 10:36:27 PM
RA = 20.95 hr, Dec = 31.7 deg, Hour angle = -1.18 hr, Pier side = West, Rotator pos = N/A, Alt = 65.2 deg, Az = 141.9 deg
Lock position = 78.897, 661.702, Star position = 78.897, 661.702, HFD = 4.94 px
Frame,Time,mount,dx,dy,RARawDistance,DECRawDistance,RAGuideDistance,DECGuideDistance,RADuration,RADirection,DECDuration,DECDirection,XStep,YStep,StarMass,SNR,ErrorCode
INFO: SETTLING STATE CHANGE, Settling started
1,9.128,"Mount",0.478,-1.078,1.136,0.485,0.716,0.000,127,W,0,,,,7472,57.33,0
INFO: SETTLING STATE CHANGE, Settling complete
2,21.166,"Mount",0.424,-1.913,1.954,0.435,1.231,0.000,219,W,0,,,,7387,56.90,0
3,30.246,"Mount",0.871,-0.086,0.212,0.871,0.133,0.610,24,W,88,S,,,8172,60.29,0
4,39.102,"Mount",-0.536,0.718,-0.788,-0.540,-0.611,0.000,109,E,0,,,,7420,57.43,0
5,47.990,"Mount",-0.418,0.493,-0.549,-0.421,-0.401,0.000,71,E,0,,,,7630,58.37,0
6,57.023,"Mount",-0.061,0.740,-0.741,-0.065,-0.500,0.000,89,E,0,,,,7746,59.31,0
7,66.039,"Mount",0.264,0.139,-0.099,0.264,-0.152,0.000,27,E,0,,,,7896,59.61,0
8,75.233,"Mount",0.426,0.605,-0.536,0.422,-0.572,0.296,102,E,43,S,,,7788,58.76,0
9,84.056,"Mount",0.041,0.457,-0.447,0.038,-0.460,0.000,82,E,0,,,,7823,59.19,0
10,93.233,"Mount",0.968,0.443,-0.297,0.965,-0.158,0.676,28,E,97,S,,,7671,58.28,0
11,102.025,"Mount",0.269,0.281,-0.238,0.267,-0.121,0.000,22,E,0,,,,7993,59.51,0
12,111.006,"Mount",0.132,0.463,-0.439,0.130,-0.352,0.000,62,E,0,,,,7788,58.88,0
13,119.947,"Mount",0.164,-0.009,0.033,0.164,-0.034,0.000,6,E,0,,,,7736,58.40,0
14,129.107,"Mount",0.603,0.165,-0.075,0.602,-0.042,0.421,8,E,61,S,,,7643,58.00,0
15,138.220,"Mount",0.340,0.101,-0.050,0.339,-0.111,0.237,20,E,34,S,,,8343,61.15,0
16,147.253,"Mount",0.422,0.553,-0.486,0.418,-0.421,0.293,75,E,42,S,,,8200,60.11,0
17,155.891,"Mount",-0.111,-0.133,0.115,-0.110,-0.044,0.000,8,E,0,,,,7989,59.55,0
18,164.950,"Mount",0.077,0.107,-0.094,0.076,-0.012,0.000,2,E,0,,,,7739,58.62,0
19,174.159,"Mount",0.318,-0.391,0.433,0.320,0.260,0.224,46,W,32,S,,,7857,59.11,0
20,182.935,"Mount",0.059,-0.268,0.274,0.061,0.025,0.000,4,W,0,,,,8265,61.19,0
21,192.016,"Mount",0.273,-0.568,0.601,0.276,0.369,0.000,66,W,0,,,,7262,56.77,0
22,201.161,"Mount",0.579,0.434,-0.345,0.577,-0.330,0.404,59,E,58,S,,,7839,59.11,0
23,210.193,"Mount",0.863,0.730,-0.597,0.859,-0.446,0.601,79,E,87,S,,,7859,59.42,0
24,218.955,"Mount",-0.253,-0.386,0.345,-0.251,0.204,0.000,36,W,0,,,,7530,58.23,0
25,227.983,"Mount",0.249,-0.259,0.293,0.251,-0.058,0.000,10,E,0,,,,7394,57.29,0
26,237.068,"Mount",0.372,-0.219,0.270,0.373,-0.144,0.261,26,E,38,S,,,7564,57.80,0
27,246.167,"Mount",0.505,-0.390,0.459,0.507,0.147,0.355,26,W,51,S,,,7992,59.52,0
28,254.927,"Mount",0.138,-0.275,0.292,0.140,-0.061,0.000,11,E,0,,,,7643,58.27,0
29,263.976,"Mount",0.171,-0.606,0.625,0.175,0.348,0.000,62,W,0,,,,7571,58.31,0
30,272.996,"Mount",0.153,-0.482,0.499,0.155,0.234,0.000,42,W,0,,,,7669,58.05,0
31,281.900,"Mount",-0.201,0.285,-0.311,-0.203,-0.029,0.000,5,E,0,,,,7885,59.25,0
32,290.948,"Mount",-0.083,0.279,-0.289,-0.085,0.156,0.000,28,W,0,,,,7783,58.96,0
33,300.142,"Mount",0.325,-0.239,0.284,0.326,0.332,0.228,59,W,33,S,,,7821,59.14,0
34,308.967,"Mount",-0.159,-0.246,0.220,-0.158,0.377,0.000,67,W,0,,,,8095,60.20,0
35,317.954,"Mount",0.283,0.563,-0.515,0.280,-0.268,0.000,48,E,0,,,,8163,60.16,0
36,327.131,"Mount",0.452,-0.433,0.494,0.455,0.199,0.318,35,W,46,S,,,7683,58.17,0
37,339.075,"Mount",0.763,-0.174,0.284,0.764,-0.043,0.535,8,E,77,S,,,8143,60.26,0
38,347.980,"Mount",0.285,-0.379,0.416,0.287,0.171,0.000,30,W,0,,,,8171,59.76,0
39,356.919,"Mount",0.144,-0.098,0.117,0.145,-0.025,0.000,5,E,0,,,,7489,57.40,0
40,366.096,"Mount",0.453,-0.403,0.465,0.456,0.270,0.319,48,W,46,S,,,7552,57.68,0
41,378.120,"Mount",0.523,0.227,-0.148,0.521,-0.099,0.365,18,E,53,S,,,8089,59.87,0
42,387.203,"Mount",0.740,-1.060,1.156,0.746,0.681,0.522,121,W,75,S,,,7693,58.16,0
43,395.850,"Mount",-0.028,-0.331,0.323,-0.026,-0.002,0.000,0,,0,,,,7986,60.04,0
44,405.142,"Mount",0.379,-0.604,0.653,0.383,0.411,0.268,73,W,39,S,,,7469,57.46,0
45,414.016,"Mount",0.192,-0.425,0.448,0.194,0.563,0.000,100,W,0,,,,7829,59.13,0
46,422.898,"Mount",0.156,-0.108,0.129,0.157,0.222,0.000,39,W,0,,,,7989,59.43,0
47,432.260,"Mount",0.991,-1.121,1.254,0.998,0.871,0.699,155,W,101,S,,,7681,58.19,0
48,440.941,"Mount",0.108,-0.551,0.561,0.111,0.511,0.000,91,W,0,,,,8190,60.15,0
49,450.009,"Mount",0.451,-0.217,0.281,0.453,0.037,0.317,7,W,46,S,,,7934,59.57,0
50,458.978,"Mount",0.339,0.036,0.014,0.339,0.032,0.237,6,W,34,S,,,7755,58.62,0
51,467.858,"Mount",0.251,0.056,-0.019,0.251,0.013,0.000,2,W,0,,,,7938,59.39,0
52,477.094,"Mount",0.579,0.772,-0.680,0.574,-0.286,0.402,51,E,58,S,,,8475,61.30,0
53,486.080,"Mount",0.420,-0.212,0.271,0.422,0.186,0.295,33,W,43,S,,,7975,59.06,0
54,495.274,"Mount",0.600,-1.581,1.652,0.609,1.154,0.426,205,W,62,S,,,7029,55.55,0
55,503.939,"Mount",-0.166,-0.724,0.692,-0.162,0.410,0.000,73,W,0,,,,8077,59.64,0
56,512.893,"Mount",-0.155,0.321,-0.340,-0.157,-0.348,0.000,62,E,0,,,,7931,59.78,0
57,521.880,"Mount",-0.131,0.016,-0.035,-0.131,-0.118,0.000,21,E,0,,,,7579,58.45,0
58,530.898,"Mount",0.246,-0.574,0.604,0.249,0.361,0.000,64,W,0,,,,7658,58.39,0
59,539.836,"Mount",0.141,0.056,-0.034,0.141,-0.092,0.000,16,E,0,,,,7713,58.53,0
60,549.111,"Mount",0.588,0.561,-0.469,0.585,-0.500,0.409,89,E,59,S,,,7642,58.48,0
61,557.857,"Mount",0.282,0.013,0.029,0.282,-0.205,0.000,36,E,0,,,,7923,59.54,0
62,566.860,"Mount",0.291,0.351,-0.305,0.289,-0.130,0.000,23,E,0,,,,8142,60.33,0
63,576.167,"Mount",0.490,0.852,-0.771,0.485,-0.615,0.339,109,E,49,S,,,7399,57.46,0
64,585.090,"Mount",0.700,0.195,-0.091,0.699,-0.095,0.489,17,E,71,S,,,8328,60.80,0
65,593.963,"Mount",0.466,-0.222,0.287,0.467,-0.022,0.327,4,E,47,S,,,7665,58.02,0
66,603.031,"Mount",0.319,-0.440,0.482,0.321,0.282,0.225,50,W,32,S,,,7768,58.86,0
67,611.888,"Mount",-0.214,0.103,-0.133,-0.215,-0.073,0.000,13,E,0,,,,7380,57.45,0
68,620.843,"Mount",-0.233,0.081,-0.114,-0.233,-0.112,0.000,20,E,0,,,,7139,56.37,0
69,630.440,"Mount",0.001,-0.268,0.266,0.002,-0.052,0.000,9,E,0,,,,7665,58.86,0
INFO: SET LOCK POSITION, new lock pos = 78.897, 661.702
INFO: DITHER by -1.227, 1.235, new lock pos = 79.940, 663.096
INFO: SETTLING STATE CHANGE, Settling started
70,639.360,"Mount",-1.043,-1.394,1.227,-1.235,1.227,-1.235,218,W,178,N,,,7480,57.92,0
INFO: SETTLING STATE CHANGE, Settling complete
71,647.995,"Mount",0.707,1.247,-1.130,0.700,-0.712,0.000,127,E,0,,,,7083,55.68,0
72,656.886,"Mount",0.265,0.238,-0.197,0.263,-0.124,0.000,22,E,0,,,,6883,55.35,0
73,666.034,"Mount",0.622,-1.059,1.138,0.628,0.708,0.000,126,W,0,,,,7480,57.58,0
74,675.053,"Mount",0.341,-0.541,0.585,0.344,0.313,0.241,56,W,35,S,,,7215,56.62,0
75,684.075,"Mount",0.550,0.108,-0.026,0.549,-0.086,0.385,15,E,55,S,,,7631,58.01,0
76,693.073,"Mount",0.468,-0.569,0.631,0.471,0.395,0.330,70,W,48,S,,,7527,57.93,0
77,701.772,"Mount",0.061,0.041,-0.032,0.061,-0.033,0.000,6,E,0,,,,7565,58.09,0
78,711.047,"Mount",0.483,-0.435,0.500,0.486,0.218,0.340,39,W,49,S,,,7053,55.66,0
79,719.914,"Mount",-0.207,0.751,-0.773,-0.211,-0.619,0.000,110,E,0,,,,7440,57.63,0
80,728.925,"Mount",0.024,0.613,-0.603,0.020,-0.459,0.000,82,E,0,,,,7239,56.50,0
81,738.072,"Mount",0.451,0.695,-0.622,0.447,-0.446,0.313,79,E,45,S,,,7457,56.73,0
82,746.819,"Mount",0.207,0.273,-0.240,0.206,-0.037,0.000,7,E,0,,,,7381,57.34,0
83,756.030,"Mount",0.447,0.708,-0.635,0.443,-0.507,0.310,90,E,45,S,,,7038,55.96,0
84,765.067,"Mount",0.665,-0.583,0.674,0.669,0.472,0.468,84,W,68,S,,,7673,58.30,0
85,773.876,"Mount",0.171,-0.367,0.388,0.173,0.576,0.000,102,W,0,,,,6923,55.42,0
86,783.185,"Mount",0.505,-1.006,1.069,0.510,1.042,0.357,185,W,52,S,,,7658,57.97,0
87,791.884,"Mount",0.038,-0.719,0.717,0.043,0.560,0.000,99,W,0,,,,7539,58.09,0
88,800.822,"Mount",0.242,-0.461,0.491,0.245,0.308,0.000,55,W,0,,,,7688,58.42,0
89,809.746,"Mount",0.224,0.071,-0.037,0.223,-0.039,0.000,7,E,0,,,,7280,57.00,0
90,819.021,"Mount",0.652,0.599,-0.498,0.649,-0.385,0.454,68,E,66,S,,,7647,57.99,0
91,827.864,"Mount",0.166,0.603,-0.573,0.162,-0.408,0.000,72,E,0,,,,7359,57.04,0
92,836.724,"DROP",,,,,,,,,,,,,0,0.00,5,"No star found"
92,836.755,"Mount",0.000,0.000,-0.018,0.000,-0.018,0.000,3,E,0,,,,7359,57.04,5
93,846.206,"Mount",1.670,1.443,-1.184,1.661,-0.778,1.163,138,E,168,S,,,7467,57.22,0
94,854.794,"Mount",-0.040,-0.028,0.022,-0.039,-0.083,0.000,15,E,0,,,,7388,57.02,0
95,863.782,"Mount",0.079,-0.197,0.207,0.080,0.004,0.000,1,W,0,,,,7348,57.02,0
96,872.742,"Mount",0.034,0.077,-0.071,0.033,-0.024,0.000,4,E,0,,,,7260,56.84,0
97,881.883,"Mount",0.470,0.124,-0.054,0.469,0.012,0.328,2,W,47,S,,,6987,55.50,0
98,890.676,"DROP",,,,,,,,,,,,,0,0.00,5,"No star found"
98,890.874,"Mount",0.000,0.000,0.640,0.000,0.640,0.000,114,W,0,,,,6987,55.50,5
99,900.049,"Mount",0.520,-0.945,1.011,0.525,0.879,0.368,156,W,53,S,,,6928,55.20,0
100,908.803,"Mount",-0.058,-0.203,0.192,-0.057,0.118,0.000,21,W,0,,,,7062,56.05,0
101,917.700,"DROP",,,,,,,,,,,,,6670,53.45,8,"No star found"
101,917.828,"Mount",0.000,0.000,0.398,0.000,0.398,0.000,71,W,0,,,,7062,56.05,8
102,927.428,"Mount",1.801,-2.502,2.738,1.815,1.758,1.271,312,W,183,S,,,6764,53.82,0
103,935.902,"Mount",-0.125,-0.859,0.832,-0.120,0.579,0.000,103,W,0,,,,6684,54.08,0
104,944.810,"Mount",-0.315,-0.429,0.378,-0.312,0.237,0.000,42,W,0,,,,6813,54.88,0
105,953.879,"Mount",-0.192,-0.597,0.563,-0.189,0.422,0.000,75,W,0,,,,6680,54.07,0
106,962.881,"Mount",-0.130,-0.759,0.732,-0.125,0.695,0.000,123,W,0,,,,6830,54.91,0
107,972.028,"Mount",0.626,-0.623,0.707,0.629,0.603,0.440,107,W,64,S,,,6300,52.30,0
108,980.791,"Mount",0.147,-0.674,0.688,0.151,0.391,0.000,69,W,0,,,,6551,53.46,0
109,989.731,"Mount",0.298,0.156,-0.111,0.298,-0.129,0.000,23,E,0,,,,6202,52.18,0
110,998.663,"DROP",,,,,,,,,,,,,6423,52.48,8,"No star found"
110,998.783,"Mount",0.000,0.000,-0.246,0.000,-0.246,0.000,44,E,0,,,,6202,52.18,8
111,1007.929,"Mount",0.093,1.638,-1.607,0.083,-1.020,0.000,181,E,0,,,,6006,50.96,0
112,1016.919,"Mount",0.152,1.206,-1.171,0.145,-0.845,0.000,150,E,0,,,,6355,52.19,0
113,1026.080,"Mount",0.569,0.900,-0.807,0.563,-0.695,0.394,124,E,57,S,,,6224,52.14,0
114,1034.779,"Mount",-0.202,0.517,-0.541,-0.205,-0.529,0.000,94,E,0,,,,6439,53.07,0
115,1043.879,"Mount",0.050,0.935,-0.918,0.044,-0.731,0.000,130,E,0,,,,6455,53.27,0
116,1052.930,"Mount",0.649,0.340,-0.242,0.647,-0.136,0.453,24,E,65,S,,,6712,54.19,0
117,1061.934,"Mount",0.423,0.287,-0.222,0.421,-0.061,0.295,11,E,43,S,,,6565,52.96,0
118,1070.746,"Mount",-0.096,-0.397,0.378,-0.094,0.226,0.000,40,W,0,,,,6592,53.88,0
119,1079.686,"Mount",0.204,-0.127,0.156,0.204,0.006,0.000,1,W,0,,,,6581,53.50,0
120,1088.944,"Mount",0.338,0.832,-0.774,0.334,-0.559,0.234,99,E,34,S,,,6284,52.38,0
121,1097.740,"Mount",0.176,0.138,-0.110,0.175,-0.113,0.000,20,E,0,,,,6591,53.75,0
122,1106.983,"Mount",0.676,0.005,0.094,0.676,-0.065,0.473,12,E,68,S,,,6607,53.37,0
123,1115.923,"Mount",0.349,-0.501,0.546,0.352,0.350,0.246,62,W,36,S,,,6442,52.83,0
124,1124.718,"Mount",-0.179,0.319,-0.342,-0.181,-0.194,0.000,34,E,0,,,,6867,55.19,0
125,1133.899,"Mount",0.597,0.269,-0.179,0.596,0.026,0.417,5,W,60,S,,,6980,55.21,0
126,1142.773,"Mount",-0.057,-0.598,0.584,-0.053,0.391,0.000,70,W,0,,,,6994,55.14,0
127,1151.840,"Mount",0.357,0.093,-0.040,0.356,-0.032,0.250,6,E,36,S,,,6589,53.37,0
128,1160.732,"Mount",-0.041,-0.198,0.189,-0.040,-0.091,0.000,16,E,0,,,,6495,52.96,0
129,1169.672,"Mount",0.145,-0.166,0.186,0.146,0.027,0.000,5,W,0,,,,6244,52.02,0
130,1178.599,"DROP",,,,,,,,,,,,,0,0.00,5,"No star found"
130,1178.627,"Mount",0.000,0.000,0.020,0.000,0.020,0.000,3,W,0,,,,6244,52.02,5
131,1187.967,"Mount",0.574,0.646,-0.556,0.571,-0.422,0.399,75,E,58,S,,,6272,52.35,0
132,1196.698,"Mount",0.265,0.207,-0.166,0.264,-0.148,0.000,26,E,0,,,,6524,53.38,0
133,1205.930,"Mount",0.468,0.220,-0.150,0.466,-0.092,0.326,16,E,47,S,,,6343,52.57,0
134,1214.735,"Mount",0.219,-0.329,0.357,0.221,0.192,0.000,34,W,0,,,,6488,52.93,0
135,1223.789,"Mount",0.189,0.942,-0.904,0.184,-0.611,0.000,108,E,0,,,,5897,51.30,0
136,1232.935,"Mount",0.583,0.364,-0.275,0.581,-0.104,0.407,18,E,59,S,,,6468,52.93,0
137,1241.652,"Mount",0.283,-0.269,0.307,0.285,0.050,0.000,9,W,0,,,,5937,50.51,0
138,1251.022,"Mount",0.471,-0.627,0.689,0.475,0.741,0.332,132,W,48,S,,,6086,51.32,0
139,1260.089,"Mount",1.681,-0.338,0.579,1.683,0.748,1.178,133,W,170,S,,,5905,50.65,0
140,1268.710,"Mount",-0.265,-0.278,0.237,-0.263,0.124,0.000,22,W,0,,,,5682,49.93,0
141,1277.682,"Mount",-0.257,0.070,-0.106,-0.258,0.003,0.000,0,,0,,,,5562,49.48,0
142,1289.866,"Mount",0.320,-0.084,0.129,0.320,-0.079,0.224,14,E,32,S,,,5895,50.79,0
143,1298.854,"Mount",0.300,-0.311,0.352,0.302,0.172,0.211,31,W,31,S,,,5974,51.01,0
144,1307.618,"Mount",0.067,-0.036,0.045,0.067,-0.039,0.000,7,E,0,,,,5944,50.97,0
145,1316.828,"Mount",0.464,-0.161,0.226,0.465,-0.030,0.325,5,E,47,S,,,6152,51.87,0
146,1325.704,"Mount",-0.053,-0.058,0.050,-0.053,-0.054,0.000,10,E,0,,,,5912,51.08,0
147,1334.802,"Mount",0.449,0.017,0.049,0.449,-0.052,0.314,9,E,45,S,,,6091,51.82,0
148,1343.647,"Mount",-0.040,-0.277,0.269,-0.038,-0.028,0.000,5,E,0,,,,6215,52.29,0
149,1352.635,"Mount",0.000,-0.178,0.176,0.001,-0.029,0.000,5,E,0,,,,6357,52.99,0
150,1361.910,"Mount",0.369,-0.592,0.640,0.372,0.439,0.260,78,W,38,S,,,5859,50.56,0
151,1370.914,"Mount",0.471,-0.188,0.255,0.472,0.274,0.330,49,W,48,S,,,6189,51.99,0
152,1379.693,"Mount",-0.302,-0.281,0.234,-0.300,0.252,0.000,45,W,0,,,,6114,52.18,0
153,1388.696,"Mount",-0.333,-0.222,0.171,-0.332,0.137,0.000,24,W,0,,,,6103,52.13,0
154,1397.678,"Mount",0.009,-0.044,0.044,0.009,0.114,0.000,20,W,0,,,,6110,51.70,0
155,1406.737,"Mount",0.183,-0.954,0.971,0.188,0.657,0.000,117,W,0,,,,6438,53.26,0
156,1415.836,"Mount",0.670,0.031,0.068,0.670,0.082,0.469,15,W,68,S,,,6072,51.52,0
157,1424.631,"Mount",0.192,-0.120,0.147,0.193,-0.008,0.000,1,E,0,,,,6326,52.79,0
158,1433.810,"Mount",0.593,0.083,0.004,0.592,0.124,0.414,22,W,60,S,,,5854,50.47,0
159,1442.651,"Mount",0.271,-0.011,0.051,0.271,0.221,0.000,39,W,0,,,,5954,51.29,0
160,1452.026,"Mount",0.742,-1.267,1.362,0.749,0.961,0.524,171,W,76,S,,,6167,51.67,0
161,1460.709,"Mount",-0.273,-0.763,0.715,-0.269,0.430,0.000,76,W,0,,,,6136,51.75,0
162,1469.632,"Mount",-0.106,-0.458,0.438,-0.103,0.114,0.000,20,W,0,,,,6659,54.57,0
163,1478.668,"Mount",-0.193,-0.130,0.100,-0.193,-0.112,0.000,20,E,0,,,,6182,52.35,0
164,1487.687,"Mount",0.295,0.427,-0.380,0.292,-0.282,0.000,50,E,0,,,,6593,54.21,0
165,1496.851,"Mount",0.307,0.517,-0.467,0.304,-0.448,0.212,80,E,31,S,,,6615,54.37,0
166,1505.598,"Mount",0.288,0.207,-0.163,0.286,-0.173,0.000,31,E,0,,,,6336,52.94,0
167,1514.938,"Mount",0.745,0.869,-0.751,0.740,-0.648,0.518,115,E,75,S,,,5994,51.49,0
168,1523.702,"Mount",0.033,0.563,-0.552,0.029,-0.511,0.000,91,E,0,,,,6306,52.91,0
169,1532.897,"Mount",0.487,0.599,-0.521,0.484,-0.443,0.339,79,E,49,S,,,5836,50.77,0
170,1541.661,"Mount",0.093,0.591,-0.571,0.089,-0.391,0.000,69,E,0,,,,6310,53.11,0
171,1550.584,"Mount",0.137,0.344,-0.320,0.135,-0.012,0.000,2,E,0,,,,6421,53.57,0
172,1559.683,"Mount",-0.034,0.701,-0.699,-0.038,-0.516,0.000,92,E,0,,,,6335,53.13,0
173,1568.623,"Mount",0.216,0.006,0.025,0.216,-0.064,0.000,11,E,0,,,,7054,56.27,0
174,1577.854,"Mount",0.600,0.277,-0.186,0.598,-0.085,0.419,15,E,60,S,,,6723,54.74,0
175,1586.537,"Mount",0.000,0.293,-0.290,-0.002,-0.019,0.000,3,E,0,,,,6461,53.58,0
176,1595.730,"Mount",0.152,1.188,-1.154,0.145,-0.741,0.000,132,E,0,,,,6684,54.44,0
177,1604.733,"Mount",0.765,0.126,-0.013,0.764,-0.026,0.535,5,E,77,S,,,6674,54.53,0
178,1613.628,"Mount",-0.415,-0.365,0.300,-0.413,0.095,0.000,17,W,0,,,,6289,53.12,0
179,1622.538,"Mount",-0.068,-0.090,0.079,-0.068,0.021,0.000,4,W,0,,,,6814,55.30,0
180,1631.791,"Mount",0.385,-0.486,0.537,0.388,0.248,0.271,44,W,39,S,,,7107,56.12,0
181,1640.732,"Mount",0.325,0.255,-0.205,0.323,-0.032,0.226,6,E,33,S,,,6850,55.18,0
182,1649.575,"Mount",-0.013,0.299,-0.298,-0.015,-0.019,0.000,3,E,0,,,,6992,55.71,0
183,1658.803,"Mount",0.408,0.493,-0.429,0.405,-0.289,0.284,51,E,41,S,,,7051,56.24,0
184,1667.646,"Mount",0.210,-0.154,0.183,0.211,-0.091,0.000,16,E,0,,,,6781,54.75,0
185,1676.618,"Mount",0.270,0.033,0.006,0.270,-0.156,0.000,28,E,0,,,,6769,54.74,0
186,1685.814,"Mount",0.445,-0.256,0.318,0.447,-0.090,0.313,16,E,45,S,,,6893,55.44,0
187,1694.834,"Mount",0.401,0.656,-0.591,0.397,-0.427,0.278,76,E,40,S,,,7207,56.76,0
188,1706.571,"Mount",0.239,-0.031,0.066,0.239,-0.135,0.000,24,E,0,,,,7094,56.07,0
189,1715.560,"Mount",0.167,-0.012,0.036,0.167,-0.022,0.000,4,E,0,,,,6612,54.16,0
190,1724.771,"Mount",0.517,0.084,-0.008,0.516,0.174,0.361,31,W,52,S,,,6464,53.31,0
191,1733.582,"Mount",-0.009,-0.060,0.058,-0.008,0.366,0.000,65,W,0,,,,6551,53.92,0
192,1742.618,"Mount",0.288,-0.485,0.522,0.291,0.465,0.000,83,W,0,,,,6861,55.27,0
193,1751.544,"Mount",-0.021,-0.202,0.197,-0.020,-0.003,0.000,1,E,0,,,,6648,54.27,0
194,1760.754,"Mount",0.641,-0.046,0.139,0.641,-0.063,0.449,11,E,65,S,,,6615,53.86,0
195,1769.742,"Mount",0.440,-0.270,0.331,0.441,0.152,0.309,27,W,45,S,,,7057,55.99,0
196,1778.594,"Mount",-0.167,0.267,-0.288,-0.168,-0.070,0.000,12,E,0,,,,6941,55.56,0
197,1787.767,"Mount",0.619,0.586,-0.489,0.616,-0.342,0.431,61,E,62,S,,,6981,55.76,0
198,1796.624,"Mount",-0.180,0.950,-0.967,-0.186,-0.653,0.000,116,E,0,,,,6658,54.47,0
199,1805.571,"Mount",-0.080,0.170,-0.179,-0.080,-0.063,0.000,11,E,0,,,,7756,58.76,0
200,1814.551,"Mount",0.255,0.248,-0.208,0.253,-0.040,0.000,7,E,0,,,,6912,55.64,0
201,1823.779,"Mount",0.519,0.851,-0.766,0.514,-0.511,0.360,91,E,52,S,,,7250,56.70,0
202,1832.654,"Mount",0.379,-0.159,0.213,0.380,-0.042,0.266,7,E,38,S,,,6461,53.76,0
203,1841.675,"Mount",0.242,-0.709,0.737,0.246,0.616,0.000,109,W,0,,,,6951,55.51,0
204,1850.790,"Mount",0.802,-0.009,0.126,0.802,0.264,0.561,47,W,81,S,,,6945,55.45,0
205,1859.601,"Mount",0.236,-0.378,0.408,0.239,0.384,0.000,68,W,0,,,,6893,55.40,0
206,1868.636,"Mount",-0.243,-0.696,0.653,-0.239,0.484,0.000,86,W,0,,,,7408,57.44,0
207,1877.736,"Mount",0.077,-1.357,1.353,0.085,1.006,0.000,179,W,0,,,,7719,58.30,0
208,1886.579,"Mount",0.091,-0.483,0.491,0.094,0.366,0.000,65,W,0,,,,7561,57.77,0
209,1895.582,"Mount",0.240,-0.668,0.696,0.244,0.456,0.000,81,W,0,,,,7473,57.50,0
210,1904.618,"Mount",0.387,-0.231,0.285,0.388,0.022,0.272,4,W,39,S,,,8040,59.40,0
211,1913.750,"Mount",0.351,0.439,-0.383,0.348,-0.102,0.244,18,E,35,S,,,7721,58.53,0
212,1922.722,"Mount",0.373,-0.002,0.056,0.373,0.174,0.261,31,W,38,S,,,7598,57.74,0
213,1931.598,"Mount",0.164,-0.564,0.582,0.167,0.458,0.000,81,W,0,,,,7625,58.22,0
214,1940.729,"Mount",0.310,-0.440,0.481,0.312,0.227,0.219,40,W,32,S,,,7826,58.76,0
215,1949.588,"Mount",0.141,0.047,-0.026,0.140,-0.108,0.000,19,E,0,,,,7905,58.99,0
216,1958.688,"Mount",0.370,-0.029,0.083,0.370,-0.060,0.259,11,E,37,S,,,7795,59.06,0
217,1967.596,"Mount",0.265,1.011,-0.962,0.259,-0.670,0.000,119,E,0,,,,7428,57.27,0
218,1976.699,"Mount",0.335,0.281,-0.229,0.333,-0.173,0.233,31,E,34,S,,,7744,58.45,0
219,1985.554,"Mount",0.232,-0.204,0.235,0.233,-0.198,0.000,35,E,0,,,,7685,58.25,0
220,1994.558,"Mount",-0.030,-0.722,0.710,-0.026,0.265,0.000,47,W,0,,,,7740,58.78,0
221,2003.802,"Mount",0.492,0.432,-0.356,0.489,-0.406,0.343,72,E,49,S,,,8262,60.77,0
222,2012.549,"Mount",0.130,-0.558,0.571,0.134,0.230,0.000,41,W,0,,,,7368,56.97,0
223,2021.729,"Mount",0.366,0.599,-0.539,0.362,-0.360,0.254,64,E,37,S,,,7814,58.90,0
224,2030.636,"Mount",0.262,1.061,-1.011,0.256,-0.699,0.000,124,E,0,,,,7184,56.41,0
225,2039.512,"Mount",0.232,-0.508,0.536,0.235,0.227,0.000,40,W,0,,,,8285,60.50,0
226,2048.728,"Mount",0.410,-0.636,0.689,0.414,0.374,0.290,66,W,42,S,,,7640,58.13,0
227,2057.712,"Mount",0.474,-0.419,0.484,0.476,0.224,0.333,40,W,48,S,,,7971,59.59,0
228,2066.539,"Mount",-0.144,0.590,-0.605,-0.147,-0.466,0.000,83,E,0,,,,7731,58.70,0
229,2075.607,"Mount",-0.134,0.617,-0.630,-0.137,-0.444,0.000,79,E,0,,,,7423,57.74,0
230,2084.469,"Mount",0.023,-0.309,0.309,0.025,0.032,0.000,6,W,0,,,,7399,57.13,0
231,2093.774,"Mount",0.470,0.539,-0.465,0.467,-0.267,0.327,47,E,47,S,,,6875,55.37,0
232,2102.634,"Mount",0.304,-0.373,0.413,0.306,0.225,0.214,40,W,31,S,,,8448,61.25,0
233,2111.514,"Mount",0.130,-0.464,0.478,0.133,0.226,0.000,40,W,0,,,,8160,60.22,0
234,2120.609,"Mount",0.522,-0.100,0.175,0.523,-0.038,0.366,7,E,53,S,,,7402,57.47,0
235,2129.459,"Mount",0.248,0.203,-0.165,0.247,-0.041,0.000,7,E,0,,,,7255,56.56,0
236,2138.713,"Mount",0.541,0.422,-0.339,0.539,-0.253,0.377,45,E,54,S,,,7905,59.31,0
237,2147.687,"Mount",0.360,0.497,-0.440,0.357,-0.380,0.250,68,E,36,S,,,7559,58.13,0
238,2156.511,"Mount",-0.089,0.182,-0.193,-0.090,-0.122,0.000,22,E,0,,,,7975,59.47,0
239,2165.532,"Mount",0.165,0.675,-0.644,0.161,-0.502,0.000,89,E,0,,,,7626,58.75,0
240,2174.486,"Mount",0.111,0.299,-0.279,0.110,-0.093,0.000,16,E,0,,,,7629,58.31,0
241,2183.517,"Mount",0.273,0.166,-0.124,0.272,-0.102,0.000,18,E,0,,,,7871,59.32,0
242,2192.461,"Mount",0.146,0.030,-0.009,0.146,-0.020,0.000,4,E,0,,,,7680,58.49,0
243,2201.705,"Mount",0.612,0.609,-0.513,0.609,-0.190,0.426,34,E,61,S,,,7941,59.51,0
244,2210.662,"Mount",0.442,-0.258,0.320,0.443,0.282,0.310,50,W,45,S,,,7944,59.58,0
245,2219.791,"Mount",0.586,-0.905,0.981,0.591,0.821,0.414,146,W,60,S,,,7723,58.65,0
246,2228.763,"Mount",0.313,-0.963,0.999,0.318,0.641,0.223,114,W,32,S,,,7609,58.20,0
247,2237.510,"Mount",-0.070,-0.367,0.353,-0.068,0.160,0.000,28,W,0,,,,7020,55.74,0
248,2246.481,"Mount",0.232,-0.307,0.338,0.234,0.158,0.000,28,W,0,,,,7978,59.57,0
249,2255.677,"Mount",0.363,0.681,-0.621,0.359,-0.464,0.251,82,E,36,S,,,7332,56.79,0
250,2264.649,"Mount",0.586,-0.494,0.575,0.589,0.292,0.412,52,W,60,S,,,7693,58.36,0
251,2273.572,"Mount",0.649,0.166,-0.070,0.648,-0.053,0.454,9,E,66,S,,,7959,59.86,0
252,2282.560,"Mount",-0.134,0.862,-0.873,-0.139,-0.577,0.000,102,E,0,,,,7538,58.00,0
253,2291.451,"Mount",-0.199,-0.113,0.083,-0.198,-0.107,0.000,19,E,0,,,,8019,60.01,0
254,2300.430,"Mount",0.184,0.022,0.005,0.184,-0.037,0.000,7,E,0,,,,7732,58.86,0
255,2309.682,"Mount",0.322,-0.600,0.640,0.325,0.406,0.228,72,W,33,S,,,7519,57.57,0
256,2318.526,"Mount",0.037,-0.537,0.537,0.040,0.438,0.000,78,W,0,,,,7952,59.54,0
257,2327.401,"Mount",0.087,0.199,-0.185,0.085,0.223,0.000,40,W,0,,,,7604,58.23,0
258,2336.453,"Mount",0.210,0.598,-0.561,0.206,-0.193,0.000,34,E,0,,,,7828,58.90,0
259,2345.506,"Mount",0.164,0.348,-0.320,0.162,0.085,0.000,15,W,0,,,,7363,57.37,0
260,2354.413,"Mount",0.138,-0.048,0.067,0.138,0.125,0.000,22,W,0,,,,7605,58.29,0
261,2363.864,"Mount",1.059,-1.911,2.045,1.070,1.345,0.749,239,W,108,S,,,7457,57.74,0
262,2372.724,"Mount",0.468,-1.008,1.065,0.473,0.768,0.331,136,W,48,S,,,7324,56.58,0
263,2381.567,"Mount",-0.033,-0.775,0.762,-0.028,0.468,0.000,83,W,0,,,,7482,57.79,0
264,2390.447,"Mount",-0.020,-0.074,0.070,-0.019,0.117,0.000,21,W,0,,,,7734,58.82,0
265,2399.446,"Mount",-0.021,-0.164,0.159,-0.020,0.194,0.000,34,W,0,,,,7782,58.94,0
266,2408.834,"Mount",1.459,-1.412,1.610,1.467,1.097,1.027,195,W,148,S,,,7233,56.63,0
267,2417.501,"Mount",-0.217,-1.234,1.190,-0.209,0.728,0.000,129,W,0,,,,7788,58.33,0
268,2426.426,"Mount",-0.141,-0.052,0.031,-0.141,-0.070,0.000,12,E,0,,,,7803,59.32,0
269,2435.460,"Mount",-0.285,0.147,-0.187,-0.286,-0.135,0.000,24,E,0,,,,7488,57.60,0
270,2444.448,"Mount",-0.150,0.148,-0.168,-0.151,-0.099,0.000,18,E,0,,,,7572,58.25,0
271,2453.518,"Mount",-0.123,0.656,-0.667,-0.127,-0.507,0.000,90,E,0,,,,7552,57.59,0
272,2462.304,"DROP",,,,,,,,,,,,,0,0.00,5,"No star found"
272,2462.457,"Mount",0.000,0.000,-0.455,0.000,-0.455,0.000,81,E,0,,,,7552,57.59,5
273,2471.794,"Mount",-0.197,0.066,-0.094,-0.197,-0.222,0.000,40,E,0,,,,7891,59.35,0
274,2480.461,"Mount",-0.132,0.431,-0.446,-0.134,-0.425,0.000,75,E,0,,,,8033,59.91,0
275,2489.433,"Mount",0.065,-0.103,0.111,0.065,-0.084,0.000,15,E,0,,,,7221,56.50,0
276,2498.389,"Mount",0.287,0.340,-0.294,0.285,-0.095,0.000,17,E,0,,,,7808,59.08,0
277,2507.600,"Mount",0.394,0.495,-0.432,0.391,-0.336,0.274,60,E,40,S,,,8298,60.70,0
278,2516.603,"Mount",0.442,0.587,-0.517,0.438,-0.372,0.307,66,E,44,S,,,7814,58.98,0
279,2525.351,"Mount",0.288,-0.249,0.289,0.289,-0.049,0.000,9,E,0,,,,8105,60.28,0
280,2534.562,"Mount",0.316,0.008,0.038,0.316,-0.099,0.221,18,E,32,S,,,7869,59.30,0
281,2543.661,"Mount",0.534,-0.436,0.509,0.537,0.236,0.376,42,W,54,S,,,7875,59.40,0
282,2552.301,"DROP",,,,,,,,,,,,,0,0.00,5,"No star found"
282,2552.329,"Mount",0.000,0.000,-0.029,0.000,-0.029,0.000,5,E,0,,,,7875,59.40,5
283,2561.317,"Mount",0.268,0.176,-0.135,0.267,-0.002,0.000,0,,0,,,,7762,58.69,0
284,2570.343,"Mount",0.124,-0.124,0.141,0.125,0.033,0.000,6,W,0,,,,8276,60.69,0
285,2579.611,"Mount",0.511,-0.705,0.772,0.515,0.489,0.361,87,W,52,S,,,8081,60.20,0
286,2588.422,"Mount",0.064,-0.473,0.477,0.066,0.248,0.000,44,W,0,,,,7783,58.71,0
287,2597.394,"Mount",0.276,0.585,-0.538,0.273,-0.398,0.000,71,E,0,,,,7070,55.99,0
288,2606.493,"Mount",0.494,0.358,-0.282,0.492,-0.035,0.344,6,E,50,S,,,7869,59.12,0
289,2615.439,"Mount",0.199,0.553,-0.519,0.196,-0.382,0.000,68,E,0,,,,7415,57.49,0
290,2624.597,"Mount",0.427,0.005,0.057,0.427,-0.110,0.299,19,E,43,S,,,7851,59.01,0
291,2633.368,"Mount",0.077,-0.269,0.278,0.079,-0.111,0.000,20,E,0,,,,7684,58.38,0
292,2642.572,"Mount",0.443,0.285,-0.217,0.442,-0.103,0.309,18,E,45,S,,,7644,58.15,0
293,2651.386,"Mount",-0.027,0.031,-0.035,-0.027,-0.086,0.000,15,E,0,,,,8033,59.46,0
294,2660.338,"Mount",-0.007,-0.070,0.069,-0.007,-0.073,0.000,13,E,0,,,,7685,57.83,0
295,2669.375,"Mount",0.089,-0.122,0.133,0.090,-0.044,0.000,8,E,0,,,,7385,56.95,0
296,2678.555,"Mount",0.402,-0.403,0.458,0.405,0.381,0.283,68,W,41,S,,,7566,58.18,0
297,2687.622,"Mount",0.498,0.020,0.053,0.498,0.302,0.349,54,W,50,S,,,7566,58.03,0
298,2696.688,"Mount",0.843,-0.912,1.025,0.849,0.867,0.594,154,W,86,S,,,7692,58.27,0
299,2705.420,"Mount",-0.227,-0.654,0.614,-0.223,0.514,0.000,91,W,0,,,,8282,60.91,0
300,2714.344,"Mount",-0.023,-0.278,0.271,-0.022,-0.018,0.000,3,E,0,,,,7687,58.65,0
301,2723.331,"Mount",0.136,-0.005,0.025,0.136,-0.075,0.000,13,E,0,,,,8239,60.77,0
302,2732.365,"Mount",0.267,-0.511,0.544,0.270,0.296,0.000,53,W,0,,,,7441,57.70,0
303,2741.306,"Mount",0.189,0.136,-0.107,0.188,-0.017,0.000,3,E,0,,,,7689,58.69,0
304,2750.581,"Mount",0.590,0.242,-0.153,0.589,-0.103,0.412,18,E,59,S,,,7733,58.87,0
305,2759.412,"Mount",0.003,-0.638,0.632,0.006,0.346,0.000,61,W,0,,,,7584,57.89,0
306,2768.396,"Mount",0.284,0.541,-0.494,0.281,-0.338,0.000,60,E,0,,,,7802,59.27,0
307,2777.527,"Mount",0.799,0.142,-0.024,0.798,-0.074,0.559,13,E,81,S,,,7942,59.56,0
308,2786.741,"Mount",1.017,-1.594,1.725,1.026,1.113,0.718,198,W,104,S,,,7643,58.10,0
309,2795.421,"Mount",-0.151,-1.042,1.009,-0.145,0.752,0.000,134,W,0,,,,7814,59.12,0
310,2804.457,"Mount",0.049,-1.173,1.168,0.056,0.955,0.000,170,W,0,,,,7303,56.93,0
311,2813.300,"Mount",-0.050,-0.080,0.072,-0.049,0.159,0.000,28,W,0,,,,7580,57.85,0
312,2822.319,"Mount",0.082,-0.047,0.058,0.082,0.081,0.000,14,W,0,,,,7889,59.55,0
313,2831.563,"Mount",0.376,-0.600,0.648,0.379,0.574,0.266,102,W,38,S,,,7996,59.46,0
314,2840.453,"Mount",0.286,-1.012,1.043,0.292,0.764,0.000,136,W,0,,,,7441,57.25,0
315,2849.328,"Mount",0.198,-0.240,0.267,0.199,0.084,0.000,15,W,0,,,,7614,58.45,0
316,2861.564,"Mount",0.543,0.840,-0.752,0.538,-0.479,0.376,85,E,54,S,,,7812,59.32,0
317,2870.300,"Mount",-0.022,0.298,-0.298,-0.024,0.111,0.000,20,W,0,,,,7892,59.35,0
318,2882.318,"Mount",0.090,0.647,-0.627,0.087,-0.137,0.000,24,E,0,,,,7654,58.55,0
319,2891.531,"Mount",0.420,-0.436,0.492,0.423,0.332,0.296,59,W,43,S,,,8198,60.09,0
320,2900.309,"Mount",0.190,-0.372,0.396,0.192,0.189,0.000,34,W,0,,,,7571,57.46,0
321,2909.425,"Mount",0.397,0.296,-0.235,0.395,-0.097,0.277,17,E,40,S,,,7108,56.28,0
322,2918.348,"Mount",0.096,0.286,-0.269,0.094,-0.089,0.000,16,E,0,,,,8148,60.10,0
323,2927.511,"Mount",0.450,0.249,-0.180,0.449,-0.096,0.314,17,E,45,S,,,7266,56.87,0
324,2936.483,"Mount",0.472,-0.249,0.315,0.474,-0.105,0.332,19,E,48,S,,,7696,58.49,0
325,2945.567,"Mount",0.611,-0.914,0.993,0.616,0.427,0.431,76,W,62,S,,,7866,58.95,0
326,2954.330,"Mount",-0.008,-0.283,0.279,-0.006,-0.137,0.000,24,E,0,,,,7751,58.87,0
327,2963.301,"Mount",0.157,-0.544,0.561,0.160,0.262,0.000,47,W,0,,,,7572,57.53,0
328,2972.304,"Mount",0.086,0.003,0.010,0.086,-0.094,0.000,17,E,0,,,,7625,58.24,0
329,2981.468,"Mount",0.488,-0.257,0.326,0.490,-0.096,0.343,17,E,49,S,,,7283,56.87,0
330,2990.232,"Mount",0.175,-0.008,0.034,0.175,-0.018,0.000,3,E,0,,,,7814,59.14,0
331,2999.314,"Mount",0.143,0.433,-0.408,0.140,-0.296,0.000,53,E,0,,,,7489,57.61,0
332,3008.398,"Mount",0.448,-0.215,0.278,0.450,-0.044,0.315,8,E,45,S,,,7791,58.96,0
333,3017.273,"Mount",-0.101,-0.198,0.181,-0.100,-0.071,0.000,13,E,0,,,,7831,59.04,0
334,3026.244,"Mount",-0.062,0.049,-0.057,-0.062,-0.030,0.000,5,E,0,,,,7883,59.37,0
335,3035.200,"Mount",0.103,0.062,-0.046,0.103,0.009,0.000,2,W,0,,,,8194,60.33,0
336,3044.476,"Mount",0.509,0.641,-0.560,0.505,-0.342,0.354,61,E,51,S,,,7786,58.83,0
337,3053.415,"Mount",0.432,0.281,-0.215,0.430,0.019,0.301,3,W,43,S,,,7869,59.13,0
338,3062.227,"Mount",0.136,-0.243,0.261,0.138,-0.014,0.000,2,E,0,,,,7948,59.27,0
339,3071.261,"Mount",0.254,-0.127,0.163,0.255,-0.055,0.000,10,E,0,,,,7799,58.72,0
340,3081.181,"Mount",0.753,-0.327,0.434,0.755,0.207,0.528,37,W,76,S,,,8212,60.40,0
Guiding Ends at 2026-08-08 00:40:28

Guiding Begins at 2026-08-08 00:42:10
Equipment Profile = QHY5 EQASCOM OAG
Dither = both axes, Dither scale = 1.000, Image noise reduction = 2x2 mean, Guide-frame time lapse = 0, Server enabled
Pixel scale = 1.05 arc-sec/px, Binning = 1, Focal length = 1018 mm
Search region = 24 px, Star mass tolerance = 90.0%, Multi-star mode, list size = 12
 Camera = QHY5II-M-10d7d910f33c7354, gain = 90, full size = 1280 x 1024, have dark, dark dur = 3000, no defect map, pixel size = 5.2 um
Exposure = 3000 ms
Mount = EQMOD HEQ5/6 (ASCOM), connected, guiding enabled, xAngle = -81.6, xRate = 5.665, yAngle = 17.1, yRate = 6.929, parity = +/-
Norm rates RA = 7.0"/s @ dec 0, Dec = 7.3"/s; ortho.err. = 8.7 deg
X guide algorithm = Predictive PEC, Control gain = 0.630
Prediction gain = 0.430
Minimum move = 0.330
Hyperparameters
	Length scale long range SE kernel = 700.000
	Signal variance long range SE kernel = 20.000
	Length scale periodic kernel = 10.000
	Signal variance periodic kernel = 20.000
	Length scale short range SE kernel = 25.000
	Signal variance short range SE kernel = 10.000
	Period length periodic kernel = 478.832
	FFT called after = 2.000 worm cycles
	Auto-adjust period length = On
Y guide algorithm = Resist Switch, Minimum move = 0.300 Aggression = 70% FastSwitch = disabled
Backlash comp = disabled, pulse = 495 ms
Max RA duration = 2500, Max DEC duration = 2500, DEC guide mode = Auto
RA Guide Speed = 7.5 a-s/s, Dec Guide Speed = 7.5 a-s/s, Cal Dec = 0.0, Last Cal Issue = None, Timestamp = 7/7/2026 10:36:27 PM
RA = 20.91 hr, Dec = 31.1 deg, Hour angle = -0.25 hr, Pier side = West, Rotator pos = N/A, Alt = 68.0 deg, Az = 171.2 deg
Lock position = 701.976, 376.771, Star position = 701.976, 376.771, HFD = 4.03 px
Frame,Time,mount,dx,dy,RARawDistance,DECRawDistance,RAGuideDistance,DECGuideDistance,RADuration,RADirection,DECDuration,DECDirection,XStep,YStep,StarMass,SNR,ErrorCode
INFO: SETTLING STATE CHANGE, Settling started
1,9.137,"Mount",0.748,-1.278,1.373,0.756,0.865,0.000,153,W,0,,,,4474,42.36,0
INFO: SETTLING STATE CHANGE, Settling complete
2,18.100,"Mount",0.508,-1.116,1.179,0.514,0.743,0.000,131,W,0,,,,4692,43.45,0
3,27.076,"Mount",0.104,-0.465,0.475,0.107,0.300,0.000,53,W,0,,,,5199,44.72,0
4,36.049,"Mount",-0.409,-0.684,0.617,-0.405,0.364,0.000,64,W,0,,,,5087,44.53,0
5,45.118,"Mount",0.354,-1.447,1.483,0.362,0.904,0.000,160,W,0,,,,4994,43.70,0
6,54.265,"Mount",0.386,-1.294,1.336,0.393,0.762,0.275,134,W,40,S,,,5221,45.06,0
7,63.044,"Mount",-0.068,-0.554,0.538,-0.065,0.205,0.000,36,W,0,,,,5159,44.31,0
8,72.144,"Mount",-0.181,0.992,-1.008,-0.187,-0.806,0.000,142,E,0,,,,5180,44.12,0
9,81.099,"Mount",0.205,0.908,-0.869,0.200,-0.702,0.000,124,E,0,,,,4913,43.03,0
10,89.982,"Mount",0.117,-0.071,0.087,0.118,0.014,0.000,2,W,0,,,,4865,42.36,0
11,99.115,"Mount",0.215,1.205,-1.161,0.208,-0.680,0.000,120,E,0,,,,5017,43.41,0
12,108.332,"Mount",0.480,0.713,-0.635,0.476,-0.824,0.333,145,E,48,S,,,4721,42.85,0
13,117.161,"Mount",0.469,0.064,0.005,0.469,0.180,0.328,32,W,47,S,,,4969,43.55,0
14,126.003,"Mount",0.046,0.715,-0.701,0.042,-0.331,0.000,58,E,0,,,,5291,44.70,0
15,138.174,"Mount",0.338,0.426,-0.372,0.336,-0.396,0.235,70,E,34,S,,,5136,44.51,0
16,147.256,"Mount",0.453,-0.295,0.358,0.455,0.475,0.318,84,W,46,S,,,4949,43.64,0
17,156.163,"Mount",0.650,-0.241,0.333,0.651,0.208,0.456,37,W,66,S,,,5190,44.70,0
18,165.087,"Mount",0.636,-0.145,0.236,0.636,0.029,0.446,5,W,64,S,,,5108,44.37,0
19,174.139,"Mount",0.485,-0.002,0.072,0.485,0.006,0.340,1,W,49,S,,,4841,42.54,0
20,186.020,"Mount",0.126,-0.505,0.518,0.129,0.302,0.000,53,W,0,,,,5079,44.02,0
21,194.975,"Mount",0.294,-0.423,0.461,0.296,0.407,0.000,72,W,0,,,,5275,45.26,0
22,204.140,"Mount",0.398,-0.032,0.090,0.398,-0.121,0.279,21,E,40,S,,,5306,45.59,0
23,213.099,"Mount",0.367,-0.237,0.288,0.369,-0.023,0.258,4,E,37,S,,,4880,43.49,0
24,222.231,"Mount",0.620,-0.669,0.752,0.624,0.481,0.437,85,W,63,S,,,5323,46.23,0
25,231.005,"Mount",-0.174,0.343,-0.365,-0.176,-0.264,0.000,47,E,0,,,,4900,42.82,0
26,240.041,"Mount",0.078,0.566,-0.549,0.075,-0.589,0.000,104,E,0,,,,4910,42.98,0
27,249.140,"Mount",0.414,0.318,-0.255,0.413,0.076,0.289,13,W,42,S,,,4853,42.98,0
28,258.048,"Mount",-0.208,0.799,-0.821,-0.213,-0.565,0.000,100,E,0,,,,5025,43.71,0
29,267.036,"Mount",-0.012,0.545,-0.541,-0.015,-0.438,0.000,77,E,0,,,,4846,42.96,0
30,275.959,"Mount",0.109,0.368,-0.348,0.107,-0.159,0.000,28,E,0,,,,4661,42.51,0
31,285.202,"Mount",0.311,1.368,-1.308,0.303,-0.793,0.212,140,E,31,S,,,5005,43.13,0
32,294.126,"Mount",0.372,0.100,-0.045,0.372,-0.182,0.260,32,E,38,S,,,4849,42.36,0
33,303.006,"Mount",0.137,-0.012,0.032,0.138,0.478,0.000,84,W,0,,,,5084,44.19,0
34,312.180,"Mount",0.436,0.759,-0.688,0.431,-0.418,0.302,74,E,44,S,,,4898,43.68,0
35,321.086,"Mount",0.510,-0.032,0.106,0.510,-0.079,0.357,14,E,52,S,,,5150,44.66,0
36,330.410,"Mount",1.013,-1.436,1.568,1.021,1.289,0.715,228,W,103,S,,,5084,44.87,0
37,339.078,"Mount",-0.195,-1.006,0.967,-0.189,0.694,0.000,123,W,0,,,,5394,45.47,0
38,348.001,"Mount",-0.305,0.131,-0.174,-0.306,-0.233,0.000,41,E,0,,,,5181,44.57,0
39,356.924,"Mount",-0.082,-0.294,0.279,-0.080,-0.162,0.000,29,E,0,,,,5009,43.72,0
40,366.182,"Mount",0.630,-0.537,0.623,0.633,0.490,0.443,86,W,64,S,,,4467,40.93,0
41,374.992,"Mount",-0.150,0.556,-0.572,-0.153,-0.481,0.000,85,E,0,,,,4652,41.73,0
42,384.138,"Mount",0.459,-0.216,0.280,0.461,-0.267,0.322,47,E,47,S,,,5311,45.13,0
43,393.225,"Mount",0.449,-0.889,0.945,0.454,0.912,0.318,161,W,46,S,,,5085,44.39,0
44,401.887,"Mount",-0.261,-0.181,0.141,-0.259,-0.050,0.000,9,E,0,,,,5444,45.76,0
45,410.970,"Mount",0.091,0.392,-0.374,0.088,-0.479,0.000,84,E,0,,,,4719,42.44,0
46,419.896,"Mount",0.109,-0.095,0.110,0.110,-0.039,0.000,7,E,0,,,,4749,42.51,0
47,428.978,"Mount",0.193,-0.945,0.963,0.198,0.655,0.000,116,W,0,,,,4752,43.42,0
48,438.175,"Mount",0.298,-0.876,0.910,0.303,0.524,0.212,92,W,31,S,,,4867,43.53,0
49,446.913,"Mount",-0.040,-0.256,0.248,-0.038,-0.157,0.000,28,E,0,,,,5085,44.49,0
50,455.830,"Mount",0.208,-0.346,0.373,0.210,0.048,0.000,9,W,0,,,,5062,43.58,0
51,465.220,"Mount",0.585,-1.527,1.596,0.593,0.988,0.415,174,W,60,S,,,5048,44.38,0
52,474.108,"Mount",-0.034,-2.013,1.986,-0.023,1.330,0.000,235,W,0,,,,5215,45.04,0
53,483.059,"Mount",0.281,-2.007,2.026,0.293,1.029,0.000,182,W,0,,,,5024,44.10,0
54,492.140,"Mount",0.554,-1.269,1.336,0.562,0.552,0.393,97,W,57,S,,,5006,43.91,0
55,500.899,"Mount",-0.123,0.172,-0.188,-0.124,-0.341,0.000,60,E,0,,,,5137,44.56,0
56,509.911,"Mount",0.239,-0.457,0.487,0.241,-0.151,0.000,27,E,0,,,,5066,44.35,0
57,519.189,"Mount",0.446,-0.826,0.882,0.450,0.614,0.315,108,W,45,S,,,5071,44.74,0
58,528.175,"Mount",0.420,-1.201,1.250,0.427,0.489,0.299,86,W,43,S,,,5049,44.06,0
59,537.016,"Mount",-0.643,-1.923,1.809,-0.632,0.816,0.000,144,W,0,,,,5058,43.50,0
60,545.905,"Mount",-0.275,-0.808,0.759,-0.270,0.237,0.000,42,W,0,,,,5183,44.86,0
61,554.970,"Mount",-0.219,0.259,-0.288,-0.221,-0.496,0.000,88,E,0,,,,4863,43.44,0
62,563.891,"Mount",-0.197,-0.607,0.572,-0.193,0.056,0.000,10,W,0,,,,5222,45.04,0
63,572.875,"Mount",-0.113,-0.193,0.174,-0.112,-0.119,0.000,21,E,0,,,,5154,44.53,0
64,581.860,"Mount",-0.259,-0.851,0.804,-0.255,0.112,0.000,20,W,0,,,,5623,47.12,0
65,590.860,"Mount",-0.176,-0.150,0.122,-0.175,-0.166,0.000,29,E,0,,,,4954,43.79,0
66,599.908,"Mount",-0.045,-0.444,0.433,-0.043,-0.056,0.000,10,E,0,,,,5215,44.58,0
67,609.083,"Mount",0.348,-0.824,0.866,0.353,0.519,0.247,92,W,36,S,,,4812,42.88,0
68,618.146,"Mount",0.446,0.480,-0.410,0.443,-0.413,0.310,73,E,45,S,,,4835,42.96,0
69,626.973,"Mount",0.002,0.327,-0.323,0.001,-0.335,0.000,59,E,0,,,,4724,42.35,0
70,636.319,"Mount",0.047,0.119,-0.110,0.047,-0.016,0.000,3,E,0,,,,4700,42.20,0
71,645.035,"Mount",0.415,0.381,-0.317,0.412,-0.104,0.289,18,E,42,S,,,4578,41.25,0
72,653.844,"Mount",-0.549,-0.080,-0.001,-0.549,-0.141,0.000,25,E,0,,,,5420,45.98,0
73,662.789,"Mount",-0.296,0.230,-0.270,-0.298,0.005,0.000,1,W,0,,,,5035,43.58,0
74,671.993,"Mount",-0.043,1.090,-1.084,-0.049,-0.806,0.000,142,E,0,,,,5112,43.35,0
75,680.964,"Mount",0.365,-0.353,0.403,0.367,0.162,0.257,29,W,37,S,,,5172,44.70,0
76,689.902,"Mount",-0.009,0.007,-0.009,-0.009,0.276,0.000,49,W,0,,,,4800,42.70,0
77,699.097,"Mount",0.691,0.167,-0.065,0.690,-0.297,0.483,52,E,70,S,,,5356,45.43,0
78,707.908,"Mount",-0.498,-0.810,0.729,-0.493,0.452,0.000,80,W,0,,,,4980,42.89,0
79,716.920,"Mount",-0.004,-0.576,0.569,-0.001,0.481,0.000,85,W,0,,,,5284,45.41,0
80,725.834,"Mount",-0.199,0.011,-0.040,-0.199,-0.162,0.000,29,E,0,,,,5202,45.11,0
81,734.797,"Mount",0.006,0.154,-0.151,0.005,-0.015,0.000,3,E,0,,,,4858,42.75,0
82,743.937,"Mount",0.339,-0.026,0.075,0.339,-0.008,0.237,1,E,34,S,,,4911,42.92,0
83,752.796,"Mount",0.282,-0.128,0.167,0.283,0.009,0.000,2,W,0,,,,4964,43.65,0
84,761.942,"Mount",0.550,0.347,-0.263,0.548,-0.041,0.384,7,E,55,S,,,4895,43.22,0
85,770.913,"Mount",0.073,1.066,-1.044,0.067,-0.741,0.000,131,E,0,,,,4948,42.63,0
86,780.027,"Mount",0.527,0.716,-0.631,0.523,-0.405,0.366,71,E,53,S,,,4846,42.31,0
87,789.013,"Mount",0.516,0.461,-0.381,0.513,-0.126,0.359,22,E,52,S,,,5080,43.77,0
88,797.807,"Mount",-0.162,-0.264,0.238,-0.160,0.072,0.000,13,W,0,,,,5055,43.44,0
89,807.193,"Mount",0.421,-1.385,1.431,0.429,0.997,0.300,176,W,43,S,,,5160,44.01,0
90,815.939,"Mount",-0.357,-1.152,1.087,-0.351,0.781,0.000,138,W,0,,,,5135,44.32,0
91,824.796,"Mount",-0.182,-0.521,0.489,-0.179,0.180,0.000,32,W,0,,,,5011,43.04,0
92,833.845,"Mount",0.021,0.066,-0.062,0.020,-0.065,0.000,11,E,0,,,,5007,43.19,0
93,842.892,"Mount",-0.194,-0.859,0.822,-0.189,0.449,0.000,79,W,0,,,,5087,44.31,0
94,851.773,"Mount",0.268,-0.094,0.132,0.268,0.026,0.000,5,W,0,,,,5126,44.05,0
95,860.970,"Mount",0.411,-0.504,0.558,0.413,0.113,0.289,20,W,42,S,,,5017,43.14,0
96,869.953,"Mount",0.370,0.432,-0.374,0.367,-0.152,0.257,27,E,37,S,,,4927,43.27,0
97,878.914,"Mount",0.080,0.369,-0.353,0.078,-0.550,0.000,97,E,0,,,,4586,40.79,0
98,887.785,"Mount",0.059,-0.161,0.168,0.060,-0.022,0.000,4,E,0,,,,5075,43.81,0
99,896.758,"Mount",0.250,0.000,0.036,0.250,0.029,0.000,5,W,0,,,,5260,44.79,0
100,906.032,"Mount",0.589,-0.363,0.445,0.591,0.131,0.414,23,W,60,S,,,4863,42.80,0
101,914.922,"Mount",0.260,-0.953,0.980,0.265,0.725,0.000,128,W,0,,,,5029,43.80,0
102,924.019,"Mount",0.585,-0.380,0.461,0.587,0.270,0.411,48,W,59,S,,,5195,43.99,0
103,932.825,"Mount",-0.121,-0.459,0.436,-0.118,0.094,0.000,17,W,0,,,,4946,43.69,0
104,941.822,"Mount",0.206,-0.638,0.661,0.210,0.364,0.000,64,W,0,,,,5042,43.95,0
105,951.123,"Mount",0.547,-1.463,1.527,0.556,0.913,0.389,161,W,56,S,,,5027,44.32,0
106,960.296,"Mount",0.335,-2.948,2.966,0.352,1.850,0.247,327,W,36,S,,,5163,44.48,0
107,969.085,"Mount",0.338,-1.169,1.205,0.345,0.827,0.241,146,W,35,S,,,4786,43.00,0
108,977.810,"Mount",0.033,-0.660,0.658,0.037,-0.110,0.000,19,E,0,,,,4686,41.46,0
109,987.063,"Mount",0.780,-0.974,1.078,0.786,0.438,0.550,77,W,79,S,,,5194,44.98,0
110,995.897,"Mount",0.138,-0.880,0.890,0.143,0.465,0.000,82,W,0,,,,5013,43.91,0
111,1004.735,"Mount",-0.085,-0.655,0.636,-0.081,-0.045,0.000,8,E,0,,,,5177,43.96,0
112,1013.801,"Mount",0.115,-0.722,0.731,0.120,0.074,0.000,13,W,0,,,,4852,43.12,0
113,1022.762,"Mount",0.032,-0.571,0.570,0.035,0.159,0.000,28,W,0,,,,5133,44.71,0
114,1031.901,"Mount",0.031,0.990,-0.975,0.026,-0.673,0.000,119,E,0,,,,5202,44.21,0
115,1040.820,"Mount",0.139,0.571,-0.544,0.136,-0.346,0.000,61,E,0,,,,5049,44.39,0
116,1049.864,"Mount",0.254,1.121,-1.072,0.247,-0.668,0.000,118,E,0,,,,4594,41.34,0
117,1058.971,"Mount",0.597,0.815,-0.719,0.593,-0.437,0.415,77,E,60,S,,,5059,43.53,0
118,1067.839,"Mount",0.369,0.088,-0.033,0.369,0.013,0.258,2,W,37,S,,,4890,43.14,0
119,1076.835,"Mount",0.304,-0.019,0.063,0.304,0.011,0.213,2,W,31,S,,,4937,43.43,0
120,1085.899,"Mount",0.326,0.312,-0.261,0.324,0.009,0.227,2,W,33,S,,,4565,41.44,0
121,1094.926,"Mount",-0.238,0.618,-0.646,-0.242,-0.400,0.000,71,E,0,,,,4948,42.75,0
122,1103.715,"Mount",-0.141,-0.046,0.025,-0.140,0.005,0.000,1,W,0,,,,5083,43.99,0
123,1112.968,"Mount",0.301,-0.422,0.461,0.303,0.295,0.212,52,W,31,S,,,5087,43.73,0
124,1122.030,"Mount",0.710,-0.620,0.717,0.713,0.453,0.499,80,W,72,S,,,5071,44.18,0
125,1130.802,"Mount",-0.391,-0.627,0.564,-0.388,0.358,0.000,63,W,0,,,,5290,45.23,0
126,1139.655,"Mount",-0.410,0.006,-0.066,-0.410,0.001,0.000,0,,0,,,,5059,43.50,0
127,1148.845,"Mount",-0.901,0.547,-0.673,-0.904,-0.421,0.000,74,E,0,,,,5107,43.33,0
128,1157.794,"Mount",-0.626,0.348,-0.435,-0.628,-0.277,0.000,49,E,0,,,,5045,43.24,0
129,1166.728,"Mount",-0.579,-0.432,0.343,-0.576,0.214,0.000,38,W,0,,,,5150,44.30,0
130,1175.852,"Mount",-0.345,-0.015,-0.035,-0.345,-0.006,-0.241,1,E,35,N,,,5280,45.12,0
131,1184.817,"Mount",-0.018,-0.927,0.915,-0.012,0.566,0.000,100,W,0,,,,5200,45.02,0
132,1193.686,"Mount",-0.202,0.246,-0.273,-0.204,-0.010,0.000,2,E,0,,,,5204,44.93,0
133,1202.763,"Mount",0.189,0.419,-0.387,0.187,-0.253,0.000,45,E,0,,,,5235,44.96,0
134,1211.777,"Mount",0.106,0.649,-0.627,0.103,-0.406,0.000,72,E,0,,,,5114,43.71,0
135,1220.671,"Mount",0.304,0.192,-0.146,0.303,-0.012,0.000,2,E,0,,,,4932,42.69,0
136,1229.744,"Mount",0.462,0.364,-0.292,0.460,-0.010,0.000,2,E,0,,,,4906,43.29,0
Guiding Ends at 2026-08-08 01:02:49

Guiding Begins at 2026-08-08 01:08:51
Equipment Profile = QHY5 EQASCOM OAG
Dither = both axes, Dither scale = 1.000, Image noise reduction = 2x2 mean, Guide-frame time lapse = 0, Server enabled
Pixel scale = 1.05 arc-sec/px, Binning = 1, Focal length = 1018 mm
Search region = 24 px, Star mass tolerance = 90.0%, Multi-star mode, list size = 12
 Camera = QHY5II-M-10d7d910f33c7354, gain = 90, full size = 1280 x 1024, have dark, dark dur = 3000, no defect map, pixel size = 5.2 um
Exposure = 3000 ms
Mount = EQMOD HEQ5/6 (ASCOM), connected, guiding enabled, xAngle = 98.4, xRate = 5.665, yAngle = 17.1, yRate = 6.929, parity = +/+
Norm rates RA = 7.0"/s @ dec 0, Dec = 7.3"/s; ortho.err. = 8.7 deg
X guide algorithm = Predictive PEC, Control gain = 0.630
Prediction gain = 0.430
Minimum move = 0.330
Hyperparameters
	Length scale long range SE kernel = 700.000
	Signal variance long range SE kernel = 20.000
	Length scale periodic kernel = 10.000
	Signal variance periodic kernel = 20.000
	Length scale short range SE kernel = 25.000
	Signal variance short range SE kernel = 10.000
	Period length periodic kernel = 478.802
	FFT called after = 2.000 worm cycles
	Auto-adjust period length = On
Y guide algorithm = Resist Switch, Minimum move = 0.300 Aggression = 70% FastSwitch = disabled
Backlash comp = disabled, pulse = 495 ms
Max RA duration = 2500, Max DEC duration = 2500, DEC guide mode = Auto
RA Guide Speed = 7.5 a-s/s, Dec Guide Speed = 7.5 a-s/s, Cal Dec = 0.0, Last Cal Issue = None, Timestamp = 7/7/2026 10:36:27 PM
RA = 20.91 hr, Dec = 31.1 deg, Hour angle = 0.19 hr, Pier side = East, Rotator pos = N/A, Alt = 68.1 deg, Az = 186.6 deg
Lock position = 990.026, 288.506, Star position = 990.026, 288.506, HFD = 4.99 px
Frame,Time,mount,dx,dy,RARawDistance,DECRawDistance,RAGuideDistance,DECGuideDistance,RADuration,RADirection,DECDuration,DECDirection,XStep,YStep,StarMass,SNR,ErrorCode
INFO: SETTLING STATE CHANGE, Settling started
1,9.088,"Mount",-0.950,1.106,1.233,-0.957,0.777,0.000,137,W,0,,,,9112,60.55,0
INFO: SETTLING STATE CHANGE, Settling complete
2,18.114,"Mount",-0.874,1.171,1.286,-0.881,0.810,0.000,143,W,0,,,,8964,59.08,0
3,27.239,"Mount",-1.306,0.352,0.539,-1.308,0.339,-0.916,60,W,132,N,,,8444,58.38,0
4,36.065,"Mount",-0.929,0.111,0.245,-0.930,0.000,-0.651,0,,94,N,,,8463,58.15,0
5,45.068,"Mount",-0.407,0.214,0.271,-0.408,0.000,-0.286,0,,41,N,,,8420,58.25,0
6,54.058,"Mount",1.552,-0.543,-0.764,1.555,-0.481,0.000,85,E,0,,,,7084,54.10,0
7,62.907,"Mount",0.898,0.077,-0.055,0.898,0.000,0.000,0,,0,,,,7530,56.30,0
8,72.063,"Mount",1.471,-1.126,-1.329,1.477,-0.837,0.000,148,E,0,,,,7333,54.80,0
9,81.081,"Mount",1.113,-1.242,-1.391,1.120,-0.876,0.000,155,E,0,,,,7132,54.65,0
10,89.870,"Mount",0.984,0.023,-0.121,0.983,0.000,0.000,0,,0,,,,7517,55.52,0
11,99.015,"Mount",0.494,-0.318,-0.386,0.496,-0.214,0.000,38,E,0,,,,7671,56.57,0
12,108.027,"Mount",0.263,-0.597,-0.629,0.267,-0.386,0.000,68,E,0,,,,6791,52.85,0
13,116.999,"Mount",-0.149,-0.926,-0.895,-0.144,-0.523,0.000,92,E,0,,,,7340,55.06,0
14,126.050,"Mount",0.013,-1.044,-1.035,0.019,-0.584,0.000,103,E,0,,,,7500,55.51,0
15,135.021,"Mount",-0.323,-0.763,-0.708,-0.319,-0.436,0.000,77,E,0,,,,7301,54.47,0
16,144.041,"Mount",-0.708,1.375,1.463,-0.716,0.830,0.000,147,W,0,,,,7370,54.90,0
17,153.049,"Mount",-0.461,0.971,1.028,-0.467,0.667,0.000,118,W,0,,,,7872,56.23,0
18,162.175,"Mount",-0.308,-0.875,-0.821,-0.303,-0.449,-0.212,79,E,31,N,,,8260,57.56,0
19,171.130,"Mount",-0.777,-0.005,0.108,-0.777,-0.048,-0.544,8,E,78,N,,,7640,55.01,0
20,180.005,"Mount",-0.204,-0.709,-0.672,-0.200,-0.292,0.000,51,E,0,,,,7375,55.43,0
21,188.929,"Mount",-0.197,-0.267,-0.236,-0.195,-0.106,0.000,19,E,0,,,,7567,56.53,0
22,198.285,"Mount",-0.617,1.450,1.525,-0.626,0.948,-0.438,167,W,63,N,,,7426,54.77,0
23,206.983,"Mount",-0.096,0.722,0.729,-0.100,0.522,0.000,92,W,0,,,,7324,55.14,0
24,216.162,"Mount",-0.880,0.069,0.196,-0.881,-0.084,-0.616,15,E,89,N,,,7536,55.12,0
25,224.990,"Mount",-0.287,0.337,0.375,-0.289,0.250,0.000,44,W,0,,,,7688,55.57,0
26,234.138,"Mount",-0.531,-0.853,-0.767,-0.526,-0.405,-0.369,71,E,53,N,,,7772,56.42,0
27,243.253,"Mount",-0.385,-1.387,-1.316,-0.377,-0.857,-0.264,151,E,38,N,,,7892,57.31,0
28,252.272,"Mount",-0.490,1.755,1.808,-0.500,1.030,-0.350,182,W,51,N,,,8013,57.89,0
29,261.468,"Mount",-0.993,2.784,2.899,-1.009,1.810,-0.706,320,W,102,N,,,8658,60.38,0
30,269.933,"Mount",-0.032,-0.097,-0.091,-0.031,-0.067,0.000,12,E,0,,,,7728,56.27,0
31,279.010,"Mount",0.395,0.735,0.669,0.391,0.321,0.000,57,W,0,,,,7455,55.86,0
32,288.158,"Mount",-0.375,0.317,0.368,-0.377,0.434,-0.264,77,W,38,N,,,7206,54.47,0
33,297.097,"Mount",-0.362,0.407,0.456,-0.364,0.259,-0.255,46,W,37,N,,,7579,55.77,0
34,306.004,"Mount",-0.236,0.979,1.003,-0.241,0.537,0.000,95,W,0,,,,8089,57.35,0
35,315.055,"Mount",-0.258,1.035,1.062,-0.264,0.730,0.000,129,W,0,,,,7115,53.62,0
36,323.883,"Mount",-0.185,0.086,0.112,-0.185,-0.062,0.000,11,E,0,,,,7099,53.71,0
37,333.207,"Mount",-0.719,0.814,0.910,-0.724,0.500,-0.507,88,W,73,N,,,8403,58.18,0
38,341.890,"Mount",-0.287,-0.224,-0.180,-0.285,0.066,0.000,12,W,0,,,,7507,55.37,0
39,351.005,"Mount",0.003,-0.884,-0.875,0.008,-0.568,0.000,100,E,0,,,,7149,54.25,0
40,362.855,"Mount",-0.084,-0.226,-0.211,-0.082,-0.018,0.000,3,E,0,,,,7881,56.88,0
41,372.137,"Mount",-0.416,-0.150,-0.087,-0.415,0.076,-0.290,13,W,42,N,,,7626,55.85,0
42,380.883,"Mount",-0.286,-0.130,-0.087,-0.285,-0.043,0.000,8,E,0,,,,7663,56.52,0
43,389.960,"Mount",-0.163,-0.858,-0.825,-0.158,-0.458,0.000,81,E,0,,,,7497,55.01,0
44,399.123,"Mount",-0.645,-0.641,-0.540,-0.641,-0.359,-0.449,63,E,65,N,,,7705,55.97,0
45,407.935,"Mount",-0.125,-0.532,-0.508,-0.122,-0.249,0.000,44,E,0,,,,7130,54.20,0
46,417.065,"Mount",-0.478,-0.423,-0.349,-0.476,-0.207,-0.333,37,E,48,N,,,7477,55.29,0
47,425.987,"Mount",-0.124,-0.481,-0.458,-0.122,-0.314,0.000,55,E,0,,,,7537,55.69,0
48,435.103,"Mount",-0.618,-0.531,-0.435,-0.615,-0.340,-0.430,60,E,62,N,,,7422,54.85,0
49,444.153,"Mount",-0.560,-0.863,-0.772,-0.555,-0.569,-0.388,100,E,56,N,,,7350,54.75,0
50,452.922,"Mount",-0.161,0.579,0.596,-0.165,0.297,0.000,52,W,0,,,,7931,57.37,0
51,461.987,"Mount",-0.339,-0.868,-0.809,-0.334,-0.229,-0.234,40,E,34,N,,,7919,56.88,0
52,470.826,"Mount",-0.238,-0.459,-0.420,-0.236,0.015,0.000,3,W,0,,,,7041,53.74,0
53,480.020,"Mount",-0.409,-0.638,-0.572,-0.405,-0.055,-0.284,10,E,41,N,,,7055,53.25,0
54,489.087,"Mount",-0.591,-0.732,-0.638,-0.586,-0.272,-0.411,48,E,59,N,,,7706,55.70,0
55,497.850,"Mount",-0.174,0.016,0.041,-0.174,0.029,0.000,5,W,0,,,,7156,54.41,0
56,506.896,"Mount",-0.019,-0.499,-0.491,-0.016,-0.235,0.000,41,E,0,,,,7235,54.67,0
57,515.841,"Mount",0.050,-0.024,-0.031,0.050,0.012,0.000,2,W,0,,,,6984,53.94,0
58,524.780,"Mount",0.008,-0.212,-0.211,0.009,-0.035,0.000,6,E,0,,,,7400,55.20,0
59,533.878,"Mount",-0.297,-0.416,-0.369,-0.294,-0.275,0.000,49,E,0,,,,7297,54.76,0
60,543.089,"Mount",-0.433,0.136,0.198,-0.434,-0.113,-0.304,20,E,44,N,,,7233,54.72,0
61,552.092,"Mount",-0.628,0.768,0.851,-0.633,0.445,-0.443,79,W,64,N,,,7230,54.02,0
62,560.855,"Mount",0.039,0.327,0.318,0.037,0.059,0.000,10,W,0,,,,7663,56.90,0
63,569.874,"Mount",0.025,0.635,0.624,0.021,0.331,0.000,58,W,0,,,,7347,54.90,0
64,578.974,"Mount",-0.319,0.408,0.450,-0.322,0.178,-0.225,31,W,32,N,,,7353,54.96,0
65,594.101,"Mount",-0.427,-0.531,-0.463,-0.423,-0.452,-0.296,80,E,43,N,,,7299,54.50,0
66,602.884,"Mount",-0.108,-0.392,-0.372,-0.106,-0.255,0.000,45,E,0,,,,7020,53.41,0
67,612.027,"Mount",-0.319,-0.588,-0.535,-0.315,-0.107,-0.221,19,E,32,N,,,6913,53.18,0
68,620.853,"Mount",-0.014,0.108,0.109,-0.015,0.082,0.000,15,W,0,,,,7266,54.76,0
69,629.855,"Mount",0.016,0.206,0.202,0.015,-0.110,0.000,19,E,0,,,,7825,57.27,0
70,639.018,"Mount",-0.579,0.091,0.174,-0.579,-0.032,-0.405,6,E,58,N,,,7425,55.05,0
71,647.878,"Mount",-0.024,-0.658,-0.647,-0.020,-0.436,0.000,77,E,0,,,,7448,55.60,0
72,656.753,"Mount",0.230,0.112,0.077,0.230,-0.023,0.000,4,E,0,,,,7029,53.69,0
73,666.459,"Mount",-1.220,-0.146,0.033,-1.219,0.225,-0.853,40,W,123,N,,,7963,56.04,0
74,674.855,"Mount",0.046,0.163,0.154,0.045,0.138,0.000,24,W,0,,,,8804,59.67,0
75,684.098,"Mount",-0.306,0.874,0.909,-0.312,0.560,-0.218,99,W,31,N,,,8992,60.15,0
76,692.861,"Mount",-0.280,0.457,0.493,-0.283,0.371,0.000,65,W,0,,,,8273,58.26,0
77,701.864,"Mount",-0.275,-0.439,-0.394,-0.273,-0.373,0.000,66,E,0,,,,8685,59.26,0
78,711.028,"Mount",-0.934,-0.136,0.002,-0.933,-0.149,-0.653,26,E,94,N,,,8119,56.42,0
79,719.902,"Mount",-0.015,0.546,0.542,-0.018,0.728,0.000,129,W,0,,,,8587,57.95,0
80,729.161,"Mount",-0.868,0.842,0.959,-0.873,0.942,-0.611,166,W,88,N,,,8278,57.49,0
81,738.389,"Mount",-0.466,3.621,3.650,-0.487,2.162,-0.341,382,W,49,N,,,8651,60.09,0
82,746.927,"Mount",0.376,1.226,1.158,0.369,0.720,0.000,127,W,0,,,,8136,57.56,0
83,755.850,"Mount",0.096,-0.341,-0.352,0.098,-0.112,0.000,20,E,0,,,,8888,60.26,0
84,764.762,"Mount",0.074,0.215,0.201,0.073,-0.033,0.000,6,E,0,,,,8434,58.70,0
85,773.871,"Mount",0.158,0.468,0.440,0.155,0.447,0.000,79,W,0,,,,8784,60.11,0
86,782.986,"Mount",-0.339,0.010,0.059,-0.339,0.087,-0.237,15,W,34,N,,,7886,56.33,0
87,791.735,"Mount",0.118,-0.039,-0.056,0.118,-0.028,0.000,5,E,0,,,,7934,56.28,0
88,800.768,"Mount",0.183,-0.319,-0.343,0.185,-0.198,0.000,35,E,0,,,,8162,57.50,0
89,809.803,"Mount",-0.068,-0.509,-0.494,-0.065,-0.342,0.000,60,E,0,,,,8308,57.81,0
90,818.822,"Mount",-0.030,0.107,0.110,-0.030,-0.135,0.000,24,E,0,,,,8359,58.29,0
91,827.746,"Mount",0.068,-0.076,-0.085,0.069,0.041,0.000,7,W,0,,,,8670,59.11,0
92,836.972,"Mount",-0.428,-0.303,-0.238,-0.427,0.090,-0.299,16,W,43,N,,,8353,57.61,0
93,845.799,"Mount",-0.002,-0.362,-0.358,-0.000,-0.252,0.000,44,E,0,,,,8939,59.71,0
94,854.777,"Mount",-0.135,0.179,0.197,-0.136,-0.106,0.000,19,E,0,,,,8571,59.20,0
95,863.903,"Mount",-0.333,0.017,0.065,-0.333,-0.094,-0.233,17,E,34,N,,,7803,55.97,0
96,872.919,"Mount",-0.309,-0.198,-0.151,-0.308,-0.066,-0.216,12,E,31,N,,,8561,58.70,0
97,881.793,"Mount",-0.143,-0.573,-0.546,-0.140,-0.381,0.000,67,E,0,,,,8502,58.68,0
98,890.972,"Mount",-0.402,-0.358,-0.296,-0.400,-0.074,-0.280,13,E,40,N,,,8691,59.34,0
99,899.784,"Mount",-0.026,-0.281,-0.274,-0.024,-0.082,0.000,15,E,0,,,,8790,59.60,0
100,908.802,"Mount",-0.122,0.201,0.216,-0.123,-0.091,0.000,16,E,0,,,,8811,59.12,0
101,917.918,"Mount",-0.455,0.107,0.173,-0.455,0.024,-0.319,4,W,46,N,,,8071,56.48,0
102,926.760,"Mount",0.080,0.347,0.331,0.078,0.198,0.000,35,W,0,,,,8008,56.40,0
103,935.747,"Mount",-0.003,0.098,0.097,-0.004,-0.077,0.000,14,E,0,,,,8272,57.56,0
104,944.782,"Mount",-0.005,0.409,0.405,-0.008,0.275,0.000,49,W,0,,,,8623,58.97,0
105,953.897,"Mount",-0.326,-0.645,-0.591,-0.322,-0.121,-0.226,21,E,33,N,,,8830,58.97,0
106,962.803,"Mount",-0.235,-0.436,-0.397,-0.232,-0.144,0.000,25,E,0,,,,8108,56.97,0
107,971.918,"Mount",-0.339,-0.242,-0.190,-0.338,0.078,-0.237,14,W,34,N,,,8996,58.98,0
108,980.840,"Mount",-0.188,-1.211,-1.171,-0.181,-0.665,0.000,117,E,0,,,,8143,56.71,0
109,989.844,"Mount",0.022,-0.906,-0.899,0.027,-0.605,0.000,107,E,0,,,,7385,54.49,0
110,998.831,"Mount",-0.145,-0.875,-0.845,-0.140,-0.624,0.000,110,E,0,,,,8522,58.22,0
111,1007.850,"Mount",-0.231,-0.912,-0.869,-0.226,-0.607,0.000,107,E,0,,,,9000,60.82,0
112,1016.796,"Mount",-0.303,-0.574,-0.523,-0.299,-0.347,0.000,61,E,0,,,,7864,55.55,0
113,1025.951,"Mount",-0.505,-0.540,-0.460,-0.501,-0.338,-0.351,60,E,51,N,,,8573,58.81,0
114,1034.777,"Mount",-0.276,-0.471,-0.426,-0.273,-0.248,0.000,44,E,0,,,,8766,59.85,0
115,1043.716,"Mount",-0.240,-0.356,-0.317,-0.238,0.064,0.000,11,W,0,,,,7966,56.45,0
116,1052.911,"Mount",-0.708,-0.272,-0.166,-0.706,-0.054,-0.494,9,E,71,N,,,8707,58.71,0
117,1061.945,"Mount",-0.554,0.171,0.250,-0.555,-0.147,-0.388,26,E,56,N,,,7996,56.53,0
118,1070.868,"Mount",-0.344,0.145,0.194,-0.344,-0.134,-0.241,24,E,35,N,,,7787,56.32,0
119,1079.743,"Mount",0.095,0.412,0.394,0.093,0.217,0.000,38,W,0,,,,8353,57.80,0
120,1088.713,"Mount",0.164,0.234,0.208,0.162,0.213,0.000,38,W,0,,,,8203,56.99,0
121,1098.020,"Mount",-0.429,0.947,0.999,-0.435,0.733,-0.304,129,W,44,N,,,7754,56.51,0
122,1107.310,"Mount",-1.344,3.330,3.490,-1.363,2.115,-0.954,373,W,138,N,,,8850,60.92,0
123,1115.770,"Mount",0.339,0.699,0.642,0.335,0.445,0.000,79,W,0,,,,8040,57.30,0
124,1124.821,"Mount",0.653,-0.632,-0.721,0.657,-0.682,0.000,120,E,0,,,,8613,59.33,0
125,1133.728,"Mount",0.521,0.091,0.014,0.521,-0.065,0.000,12,E,0,,,,8871,60.34,0
126,1142.725,"Mount",0.312,-0.175,-0.218,0.313,0.225,0.000,40,W,0,,,,8145,57.23,0
127,1151.733,"Mount",0.588,-0.451,-0.532,0.591,-0.115,0.000,20,E,0,,,,8290,56.83,0
128,1160.671,"Mount",0.036,-0.031,-0.036,0.036,0.023,0.000,4,W,0,,,,8423,58.68,0
129,1169.737,"Mount",0.192,-0.363,-0.387,0.194,-0.308,0.000,54,E,0,,,,8576,59.48,0
130,1178.756,"Mount",0.152,-0.550,-0.566,0.155,-0.511,0.000,90,E,0,,,,7931,56.87,0
131,1187.743,"Mount",0.012,-0.847,-0.840,0.017,-0.506,0.000,89,E,0,,,,8410,58.49,0
132,1196.683,"Mount",-0.032,-0.403,-0.395,-0.029,0.202,0.000,36,W,0,,,,8173,57.69,0
133,1205.763,"Mount",0.144,-0.318,-0.335,0.146,0.334,0.000,59,W,0,,,,8398,58.08,0
134,1214.848,"Mount",-0.462,1.211,1.266,-0.469,0.879,0.000,155,W,0,,,,8578,59.93,0
135,1223.963,"Mount",-0.615,0.828,0.909,-0.620,0.578,-0.434,102,W,63,N,,,8059,56.49,0
136,1232.870,"Mount",-0.507,-0.211,-0.135,-0.506,0.100,-0.354,18,W,51,N,,,7807,55.24,0
137,1241.873,"Mount",-0.441,-0.444,-0.375,-0.438,-0.109,-0.307,19,E,44,N,,,8216,57.04,0
138,1250.730,"Mount",0.045,0.490,0.478,0.043,0.386,0.000,68,W,0,,,,7826,56.08,0
139,1259.733,"Mount",-0.216,0.882,0.904,-0.221,0.650,0.000,115,W,0,,,,8446,58.49,0
140,1268.864,"Mount",-0.118,0.620,0.630,-0.122,0.390,0.000,69,W,0,,,,8137,57.40,0
141,1278.109,"Mount",-0.162,-0.060,-0.036,-0.161,-0.023,0.000,4,E,0,,,,7993,56.40,0
142,1286.853,"Mount",-0.357,0.571,0.617,-0.360,0.328,-0.252,58,W,36,N,,,8124,56.44,0
143,1295.695,"Mount",-0.219,0.564,0.590,-0.222,0.305,0.000,54,W,0,,,,8975,60.19,0
144,1304.715,"Mount",-0.177,-0.341,-0.311,-0.175,-0.064,0.000,11,E,0,,,,8746,59.17,0
145,1313.845,"Mount",-0.391,-0.508,-0.445,-0.388,-0.313,-0.271,55,E,39,N,,,8791,59.17,0
146,1322.672,"Mount",-0.290,-0.293,-0.248,-0.289,0.029,0.000,5,W,0,,,,8643,58.57,0
147,1334.665,"Mount",-0.265,-0.329,-0.286,-0.264,-0.110,0.000,19,E,0,,,,8155,57.62,0
148,1343.892,"Mount",-0.422,-0.654,-0.585,-0.419,-0.491,-0.293,87,E,42,N,,,8547,57.87,0
149,1352.734,"Mount",-0.241,-0.845,-0.801,-0.236,-0.580,0.000,102,E,0,,,,8431,57.99,0
150,1361.945,"Mount",-0.456,-0.888,-0.812,-0.451,-0.564,-0.316,100,E,46,N,,,8387,58.04,0
151,1370.736,"Mount",0.064,-0.489,-0.493,0.067,-0.339,0.000,60,E,0,,,,8246,57.47,0
152,1379.604,"DROP",,,,,,,,,,,,,0,0.00,5,"No star found"
152,1379.631,"Mount",0.000,0.000,0.003,0.000,0.003,0.000,1,W,0,,,,8246,57.47,5
153,1388.745,"Mount",0.206,-1.000,-1.019,0.212,-0.656,0.000,116,E,0,,,,8739,59.52,0
154,1397.764,"Mount",-0.343,-0.355,-0.301,-0.341,-0.006,-0.239,1,E,34,N,,,8610,58.84,0
155,1406.863,"Mount",-0.516,-0.473,-0.393,-0.513,-0.237,-0.359,42,E,52,N,,,8113,56.60,0
156,1415.786,"Mount",-0.506,0.128,0.201,-0.507,-0.029,-0.355,5,E,51,N,,,8556,58.09,0
157,1424.740,"Mount",0.289,0.606,0.557,0.285,0.315,0.000,56,W,0,,,,8413,57.97,0
158,1433.724,"Mount",0.012,0.382,0.376,0.010,0.433,0.000,76,W,0,,,,8173,58.41,0
159,1442.649,"Mount",0.083,-0.371,-0.380,0.085,-0.159,0.000,28,E,0,,,,8023,56.96,0
160,1451.700,"Mount",-0.059,-0.482,-0.468,-0.056,-0.357,0.000,63,E,0,,,,7907,56.54,0
161,1460.609,"Mount",0.070,-0.308,-0.315,0.072,-0.044,0.000,8,E,0,,,,8244,58.20,0
162,1469.724,"Mount",0.092,-0.512,-0.520,0.095,-0.423,0.000,75,E,0,,,,7738,55.58,0
163,1478.678,"Mount",-0.297,-0.132,-0.087,-0.296,-0.130,0.000,23,E,0,,,,9183,60.41,0
164,1487.697,"Mount",-0.316,-0.194,-0.146,-0.315,-0.045,-0.221,8,E,32,N,,,8368,57.88,0
165,1496.683,"Mount",-0.242,-0.525,-0.484,-0.239,-0.388,0.000,68,E,0,,,,8119,56.59,0
166,1505.541,"DROP",,,,,,,,,,,,,9058,59.91,8,"No star found"
166,1505.622,"Mount",0.000,0.000,-0.208,0.000,-0.208,0.000,37,E,0,,,,8119,56.59,8
167,1514.817,"Mount",-0.639,0.186,0.277,-0.640,0.024,-0.448,4,W,65,N,,,8458,57.93,0
168,1523.851,"Mount",-0.484,0.743,0.806,-0.488,0.515,-0.341,91,W,49,N,,,9118,60.11,0
169,1532.662,"Mount",0.115,-0.027,-0.043,0.116,-0.066,0.000,12,E,0,,,,8403,57.68,0
170,1541.648,"Mount",-0.279,0.406,0.442,-0.281,0.166,0.000,29,W,0,,,,8499,58.37,0
171,1550.714,"Mount",-0.267,-0.761,-0.714,-0.262,-0.566,0.000,100,E,0,,,,8385,57.63,0
172,1559.781,"Mount",-0.499,-0.411,-0.334,-0.497,-0.078,-0.348,14,E,50,N,,,8930,59.07,0
173,1568.639,"Mount",-0.029,-1.149,-1.132,-0.023,-0.333,0.000,59,E,0,,,,8462,58.51,0
174,1577.673,"Mount",-0.010,-0.724,-0.715,-0.006,-0.371,0.000,66,E,0,,,,7966,56.28,0
175,1586.692,"Mount",-0.117,1.189,1.194,-0.124,0.571,0.000,101,W,0,,,,8314,58.16,0
176,1595.630,"Mount",-0.215,-0.125,-0.093,-0.214,-0.064,0.000,11,E,0,,,,8287,57.35,0
177,1604.776,"Mount",-0.303,-0.430,-0.381,-0.301,-0.231,-0.211,41,E,30,N,,,8387,57.87,0
178,1613.768,"Mount",-0.331,-0.120,-0.071,-0.330,0.074,-0.231,13,W,33,N,,,8648,58.86,0
179,1622.814,"Mount",-0.570,-0.798,-0.706,-0.566,-0.288,-0.396,51,E,57,N,,,8551,58.07,0
180,1631.639,"Mount",-0.112,-0.610,-0.587,-0.109,-0.301,0.000,53,E,0,,,,8725,58.80,0
181,1640.658,"Mount",-0.237,1.035,1.059,-0.243,0.569,0.000,100,W,0,,,,8722,58.54,0
182,1649.836,"Mount",-0.422,0.670,0.725,-0.426,0.372,-0.298,66,W,43,N,,,8312,57.79,0
183,1658.600,"Mount",0.006,0.141,0.139,0.006,-0.094,0.000,17,E,0,,,,8120,57.31,0
184,1667.633,"Mount",0.163,-0.018,-0.042,0.163,0.179,0.000,32,W,0,,,,8691,59.38,0
185,1676.606,"Mount",-0.143,-0.895,-0.864,-0.138,-0.064,0.000,11,E,0,,,,7887,57.06,0
186,1685.516,"Mount",-0.120,-0.422,-0.400,-0.117,0.010,0.000,2,W,0,,,,8775,59.45,0
187,1695.008,"Mount",-0.876,1.649,1.759,-0.885,1.103,-0.620,195,W,89,N,,,8681,59.77,0
188,1703.680,"Mount",-0.107,0.854,0.860,-0.112,0.578,0.000,102,W,0,,,,8579,58.71,0
189,1712.597,"Mount",-0.063,-0.345,-0.332,-0.061,-0.128,0.000,23,E,0,,,,8768,59.17,0
190,1721.552,"Mount",0.259,-0.090,-0.127,0.259,0.138,0.000,24,W,0,,,,8816,59.46,0
191,1730.618,"Mount",-0.293,-0.738,-0.687,-0.289,-0.311,0.000,55,E,0,,,,8746,59.07,0
192,1739.670,"Mount",-0.325,-0.163,-0.114,-0.324,-0.043,-0.227,8,E,33,N,,,8600,58.03,0
193,1748.546,"Mount",-0.141,-0.057,-0.036,-0.140,0.018,0.000,3,W,0,,,,8521,58.06,0
194,1757.640,"Mount",-0.243,-0.169,-0.132,-0.242,0.055,0.000,10,W,0,,,,8713,58.42,0
195,1766.820,"Mount",-0.410,-0.551,-0.485,-0.407,-0.357,-0.285,63,E,41,N,,,8484,58.31,0
196,1775.550,"Mount",-0.050,-0.265,-0.255,-0.049,-0.124,0.000,22,E,0,,,,8361,57.71,0
197,1784.712,"Mount",-0.624,0.168,0.257,-0.625,-0.009,-0.438,2,E,63,N,,,8721,58.66,0
198,1793.795,"Mount",-0.736,0.072,0.178,-0.736,0.054,-0.516,10,W,74,N,,,9800,62.15,0
199,1802.580,"Mount",0.337,0.374,0.321,0.335,-0.079,0.000,14,E,0,,,,8644,58.47,0
200,1811.694,"Mount",-0.084,1.535,1.531,-0.092,0.824,0.000,146,W,0,,,,8814,60.49,0
201,1820.555,"Mount",0.237,0.443,0.404,0.235,0.145,0.000,26,W,0,,,,8766,59.45,0
202,1829.645,"Mount",-0.021,-0.471,-0.463,-0.018,-0.445,0.000,79,E,0,,,,8376,57.81,0
203,1838.599,"Mount",0.145,-0.448,-0.464,0.148,-0.395,0.000,70,E,0,,,,8811,59.69,0
204,1847.490,"Mount",-0.211,-0.237,-0.204,-0.210,-0.031,0.000,5,E,0,,,,9158,60.82,0
205,1856.828,"Mount",-0.647,-1.049,-0.944,-0.641,-0.673,-0.449,119,E,65,N,,,7719,55.59,0
206,1865.543,"Mount",0.048,-0.015,-0.022,0.048,-0.050,0.000,9,E,0,,,,8638,58.46,0
207,1874.481,"Mount",0.056,-0.133,-0.140,0.057,0.004,0.000,1,W,0,,,,8450,58.29,0
208,1883.909,"Mount",1.100,-0.178,-0.337,1.101,-0.187,0.000,33,E,0,,,,7561,56.21,0
209,1892.487,"Mount",0.898,0.157,0.025,0.898,-0.020,0.000,3,E,0,,,,7286,55.07,0
210,1901.505,"Mount",1.001,0.379,0.229,0.999,-0.030,0.000,5,E,0,,,,7265,54.78,0
211,1910.763,"Mount",0.757,0.327,0.213,0.755,0.122,0.529,22,W,76,S,,,6880,53.44,0
212,1919.636,"Mount",0.364,-0.253,-0.303,0.365,-0.019,0.256,3,E,37,S,,,7275,54.47,0
213,1928.638,"Mount",0.172,-1.009,-1.023,0.178,-0.685,0.000,121,E,0,,,,7385,55.53,0
214,1937.545,"Mount",0.237,-0.386,-0.416,0.239,-0.334,0.000,59,E,0,,,,7532,55.87,0
215,1946.611,"Mount",0.002,-0.486,-0.481,0.005,-0.413,0.000,73,E,0,,,,7286,54.51,0
216,1955.547,"Mount",-0.071,-0.117,-0.105,-0.070,-0.069,0.000,12,E,0,,,,7649,57.03,0
217,1964.520,"Mount",-0.190,-0.206,-0.176,-0.188,-0.079,0.000,14,E,0,,,,7102,54.07,0
218,1973.570,"Mount",-0.011,-0.270,-0.266,-0.009,-0.072,0.000,13,E,0,,,,7751,56.53,0
219,1982.450,"Mount",-0.274,-0.318,-0.275,-0.272,-0.003,0.000,1,E,0,,,,7327,54.74,0
220,1991.542,"Mount",-0.134,-0.723,-0.696,-0.130,-0.389,0.000,69,E,0,,,,7833,56.50,0
221,2000.510,"Mount",-0.547,-0.452,-0.368,-0.544,-0.238,0.000,42,E,0,,,,7276,54.45,0
222,2009.548,"Mount",-0.483,0.553,0.618,-0.486,0.287,0.000,51,W,0,,,,7557,55.21,0
223,2018.760,"Mount",-0.733,0.343,0.447,-0.735,0.203,-0.515,36,W,74,N,,,7881,56.32,0
224,2027.682,"Mount",-0.539,0.204,0.280,-0.540,-0.142,-0.378,25,E,55,N,,,7448,54.75,0
225,2036.492,"Mount",-0.041,0.115,0.120,-0.041,0.075,0.000,13,W,0,,,,7599,55.44,0
226,2045.767,"Mount",-0.752,-0.450,-0.335,-0.750,0.058,-0.525,10,W,76,N,,,7464,54.69,0
227,2054.514,"Mount",0.308,0.320,0.271,0.306,0.107,0.000,19,W,0,,,,6879,53.36,0
228,2063.634,"Mount",0.504,1.806,1.713,0.494,0.937,0.000,165,W,0,,,,7408,54.86,0
229,2072.503,"Mount",-0.036,0.010,0.016,-0.036,-0.065,0.000,12,E,0,,,,7397,55.31,0
230,2081.542,"Mount",0.064,-0.522,-0.525,0.067,-0.341,0.000,60,E,0,,,,7226,54.36,0
231,2090.573,"Mount",0.076,-0.851,-0.853,0.081,-0.552,0.000,97,E,0,,,,7109,53.68,0
232,2099.546,"Mount",-0.134,-0.754,-0.726,-0.130,-0.335,0.000,59,E,0,,,,7076,53.99,0
233,2108.467,"Mount",-0.110,-0.563,-0.541,-0.107,-0.206,0.000,36,E,0,,,,7885,57.08,0
234,2117.520,"Mount",-0.098,-0.354,-0.335,-0.096,-0.239,0.000,42,E,0,,,,6720,52.04,0
235,2126.473,"Mount",-0.149,-0.085,-0.062,-0.149,-0.133,0.000,24,E,0,,,,7056,53.83,0
236,2135.492,"Mount",-0.278,-0.001,0.040,-0.278,-0.086,0.000,15,E,0,,,,7376,55.09,0
237,2144.671,"Mount",-0.361,-0.184,-0.129,-0.360,0.120,-0.252,21,W,36,N,,,7533,55.58,0
238,2153.578,"Mount",-0.379,-0.747,-0.684,-0.375,0.011,-0.263,2,W,38,N,,,7958,56.73,0
239,2162.372,"Mount",0.173,-0.517,-0.536,0.176,-0.002,0.000,0,,0,,,,7631,55.61,0
240,2171.550,"Mount",-0.101,0.817,0.823,-0.106,0.573,0.000,101,W,0,,,,7765,55.67,0
241,2180.921,"Mount",-0.336,2.500,2.522,-0.350,1.545,-0.245,273,W,35,N,,,7381,55.50,0
242,2192.529,"Mount",0.101,0.633,0.611,0.098,0.539,0.000,95,W,0,,,,7488,55.49,0
243,2201.516,"Mount",0.022,0.243,0.237,0.021,0.069,0.000,12,W,0,,,,6902,53.17,0
244,2210.448,"Mount",-0.110,0.026,0.042,-0.111,0.067,0.000,12,W,0,,,,7585,55.39,0
245,2219.361,"Mount",-0.140,0.088,0.108,-0.140,-0.008,0.000,1,E,0,,,,7457,54.94,0
246,2228.545,"Mount",-0.179,1.061,1.076,-0.185,0.655,0.000,116,W,0,,,,7689,55.70,0
247,2237.591,"Mount",-0.550,-0.126,-0.044,-0.549,-0.018,-0.384,3,E,55,N,,,7436,54.94,0
248,2246.417,"Mount",-0.076,0.055,0.065,-0.076,-0.062,0.000,11,E,0,,,,6956,53.06,0
249,2255.390,"Mount",-0.157,-0.251,-0.225,-0.155,-0.051,0.000,9,E,0,,,,7383,54.98,0
250,2264.407,"Mount",0.212,-0.028,-0.058,0.212,-0.033,0.000,6,E,0,,,,7443,54.77,0
251,2273.504,"Mount",-0.002,-0.726,-0.718,0.002,-0.385,0.000,68,E,0,,,,7289,54.22,0
252,2282.507,"Mount",-0.009,-0.700,-0.691,-0.005,-0.423,0.000,75,E,0,,,,7557,55.01,0
253,2291.477,"Mount",0.140,-0.336,-0.353,0.142,-0.380,0.000,67,E,0,,,,7623,56.17,0
254,2300.408,"Mount",0.055,0.092,0.083,0.055,-0.156,0.000,28,E,0,,,,7625,56.18,0
255,2309.498,"Mount",-0.065,-0.713,-0.696,-0.061,-0.512,0.000,90,E,0,,,,7311,54.32,0
256,2318.485,"Mount",-0.236,-0.562,-0.521,-0.233,-0.442,0.000,78,E,0,,,,6909,52.73,0
257,2327.519,"Mount",-0.227,-0.688,-0.648,-0.223,-0.470,0.000,83,E,0,,,,7368,54.95,0
258,2336.382,"Mount",-0.235,0.113,0.146,-0.235,-0.030,0.000,5,E,0,,,,7861,56.51,0
259,2345.557,"Mount",-0.485,-0.351,-0.277,-0.483,-0.023,-0.338,4,E,49,N,,,7599,55.25,0
260,2354.622,"Mount",-0.472,-0.663,-0.587,-0.468,-0.420,-0.327,74,E,47,N,,,7884,56.60,0
261,2363.417,"Mount",-0.025,0.423,0.422,-0.027,0.295,0.000,52,W,0,,,,7588,55.72,0
262,2372.628,"Mount",-0.383,0.581,0.631,-0.387,0.428,-0.271,76,W,39,N,,,7554,55.13,0
263,2381.566,"Mount",-0.591,-0.084,0.003,-0.590,-0.025,-0.413,4,E,60,N,,,7634,55.98,0
264,2390.332,"Mount",-0.287,0.019,0.061,-0.287,0.019,0.000,3,W,0,,,,8105,57.66,0
265,2399.475,"Mount",-0.239,0.858,0.884,-0.244,0.525,0.000,93,W,0,,,,7808,56.02,0
266,2408.318,"Mount",-0.135,-0.071,-0.051,-0.134,-0.006,0.000,1,E,0,,,,7552,55.77,0
267,2417.640,"Mount",-0.679,-0.689,-0.583,-0.675,-0.405,-0.473,71,E,68,N,,,7112,53.40,0
268,2426.498,"Mount",0.103,-1.003,-1.007,0.109,-0.768,0.000,136,E,0,,,,7644,56.69,0
269,2435.420,"Mount",-0.050,-0.295,-0.285,-0.049,-0.104,0.000,18,E,0,,,,7728,56.19,0
270,2444.599,"Mount",-0.540,-0.107,-0.027,-0.539,-0.062,-0.377,11,E,54,N,,,7574,55.65,0
271,2453.490,"Mount",-0.118,-0.576,-0.553,-0.115,-0.421,0.000,74,E,0,,,,7827,56.38,0
272,2462.442,"Mount",0.000,0.106,0.105,-0.001,-0.054,0.000,10,E,0,,,,7844,56.09,0
273,2471.351,"Mount",0.050,-0.130,-0.136,0.051,0.052,0.000,9,W,0,,,,7869,56.92,0
274,2480.481,"Mount",0.091,-0.888,-0.892,0.096,-0.507,0.000,89,E,0,,,,8189,58.19,0
275,2489.531,"Mount",-0.360,0.132,0.183,-0.360,-0.095,-0.252,17,E,36,N,,,10095,64.96,0
INFO: SET LOCK POSITION, new lock pos = 990.026, 288.506
INFO: DITHER by 0.340, -0.081, new lock pos = 989.897, 288.830
INFO: SETTLING STATE CHANGE, Settling started
276,2498.549,"Mount",0.129,-0.325,-0.340,0.081,-0.340,0.081,60,E,12,S,,,8647,57.78,0
277,2507.280,"DROP",,,,,,,,,,,,,0,0.00,5,"No star found"
277,2507.396,"Mount",0.000,0.000,-0.322,0.000,-0.322,0.000,57,E,0,,,,8647,57.78,5
278,2516.667,"Mount",-1.743,2.099,2.331,-1.755,1.469,0.000,259,W,0,,,,9053,60.88,0
INFO: SETTLING STATE CHANGE, Settling complete
279,2525.395,"Mount",-1.390,0.123,0.324,-1.391,0.204,0.000,36,W,0,,,,9138,59.65,0
280,2534.640,"Mount",-1.686,0.076,0.321,-1.686,0.202,-1.180,36,W,170,N,,,9244,60.25,0
281,2543.770,"Mount",-1.299,2.019,2.186,-1.310,1.265,-0.917,223,W,132,N,,,8557,58.11,0
282,2552.643,"Mount",-0.529,0.365,0.438,-0.531,0.121,-0.372,21,W,54,N,,,9277,60.48,0
283,2561.387,"Mount",0.544,0.019,-0.061,0.544,-0.087,0.000,15,E,0,,,,8997,59.97,0
284,2570.565,"Mount",-0.405,-0.785,-0.718,-0.401,-0.475,-0.281,84,E,41,N,,,8737,58.82,0
285,2579.468,"Mount",-0.083,0.400,0.408,-0.085,0.371,0.000,66,W,0,,,,8449,58.01,0
286,2591.365,"Mount",-0.177,-0.536,-0.505,-0.174,-0.227,0.000,40,E,0,,,,8540,58.64,0
287,2600.512,"Mount",-0.283,1.253,1.281,-0.291,0.769,0.000,136,W,0,,,,8717,59.21,0
288,2609.514,"Mount",-0.368,0.498,0.546,-0.371,0.264,-0.260,47,W,37,N,,,8940,59.09,0
289,2618.578,"Mount",-0.417,-0.115,-0.053,-0.416,-0.116,-0.291,21,E,42,N,,,8322,57.67,0
290,2627.337,"Mount",0.442,-0.413,-0.473,0.444,-0.195,0.000,34,E,0,,,,9531,61.61,0
291,2636.352,"Mount",0.137,-1.107,-1.116,0.143,-0.216,0.000,38,E,0,,,,8967,59.91,0
292,2645.336,"Mount",-0.231,-0.125,-0.090,-0.230,0.349,0.000,62,W,0,,,,8368,57.66,0
293,2654.479,"Mount",0.241,1.215,1.167,0.234,0.804,0.000,142,W,0,,,,8887,59.72,0
294,2663.287,"Mount",0.026,0.294,0.287,0.025,0.004,0.000,1,W,0,,,,9265,60.69,0
295,2672.510,"Mount",-0.409,-0.306,-0.243,-0.407,0.044,-0.285,8,W,41,N,,,9702,62.63,0
296,2681.349,"Mount",0.135,-0.376,-0.392,0.137,-0.157,0.000,28,E,0,,,,8516,59.10,0
297,2690.509,"Mount",-0.424,-0.170,-0.107,-0.423,0.115,-0.296,20,W,43,N,,,8761,59.37,0
298,2699.398,"Mount",0.274,0.420,0.375,0.271,0.278,0.000,49,W,0,,,,8594,59.13,0
299,2708.288,"Mount",0.694,0.390,0.285,0.692,0.010,0.000,2,W,0,,,,9077,60.35,0
300,2717.257,"Mount",0.712,0.262,0.155,0.710,-0.013,0.000,2,E,0,,,,9013,59.82,0
301,2726.272,"Mount",0.654,0.248,0.150,0.653,-0.050,0.000,9,E,0,,,,8399,58.69,0
302,2735.337,"Mount",0.484,0.530,0.454,0.481,0.244,0.000,43,W,0,,,,8925,59.58,0
303,2744.306,"Mount",-0.139,0.401,0.417,-0.142,0.232,0.000,41,W,0,,,,9299,60.34,0
304,2753.323,"Mount",-0.239,-0.506,-0.466,-0.236,-0.266,0.000,47,E,0,,,,8892,59.93,0
305,2762.373,"Mount",-0.188,0.073,0.100,-0.188,-0.012,0.000,2,E,0,,,,8208,57.13,0
306,2771.326,"Mount",0.005,0.098,0.096,0.004,-0.123,0.000,22,E,0,,,,9107,60.46,0
307,2780.311,"Mount",-0.168,0.722,0.738,-0.172,0.291,0.000,51,W,0,,,,8928,59.63,0
308,2789.476,"Mount",-0.131,-1.119,-1.088,-0.125,-0.797,0.000,141,E,0,,,,8429,58.01,0
309,2798.425,"Mount",-0.367,-0.923,-0.860,-0.362,-0.646,0.000,114,E,0,,,,9015,58.83,0
310,2807.344,"Mount",-0.199,-0.495,-0.460,-0.196,-0.332,0.000,59,E,0,,,,9569,61.23,0
311,2816.381,"Mount",-0.211,-0.741,-0.702,-0.206,-0.492,0.000,87,E,0,,,,9243,60.56,0
312,2825.335,"Mount",-0.094,-0.720,-0.699,-0.090,-0.509,0.000,90,E,0,,,,8399,57.52,0
313,2834.496,"Mount",-0.490,-0.676,-0.597,-0.486,-0.305,-0.340,54,E,49,N,,,8886,59.33,0
314,2843.439,"Mount",-0.386,0.348,0.401,-0.388,0.310,-0.271,55,W,39,N,,,8047,56.08,0
315,2852.295,"Mount",0.035,-0.206,-0.209,0.036,-0.018,0.000,3,E,0,,,,8528,57.92,0
316,2861.210,"Mount",0.032,-0.109,-0.113,0.032,0.001,0.000,0,,0,,,,8499,57.24,0
317,2870.522,"Mount",-0.463,0.401,0.464,-0.465,0.387,-0.326,68,W,47,N,,,8510,58.19,0
318,2879.210,"Mount",-0.110,-0.195,-0.177,-0.109,-0.032,0.000,6,E,0,,,,9590,61.02,0
319,2888.334,"Mount",0.144,-0.354,-0.371,0.146,-0.336,0.000,59,E,0,,,,8608,58.22,0
320,2897.282,"Mount",-0.199,0.019,0.048,-0.199,-0.063,0.000,11,E,0,,,,8097,56.57,0
321,2906.306,"Mount",-0.081,-0.133,-0.120,-0.080,-0.059,0.000,10,E,0,,,,8174,57.46,0
322,2915.245,"Mount",-0.263,0.058,0.095,-0.263,-0.067,0.000,12,E,0,,,,8666,58.31,0
323,2924.440,"Mount",-0.412,-0.166,-0.105,-0.411,-0.087,-0.288,15,E,41,N,,,8486,57.52,0
324,2933.235,"Mount",-0.264,-0.216,-0.175,-0.263,-0.087,0.000,15,E,0,,,,8885,59.47,0
325,2942.381,"Mount",-0.344,0.281,0.328,-0.346,-0.039,-0.242,7,E,35,N,,,8763,58.63,0
326,2951.261,"Mount",0.027,-0.334,-0.335,0.029,-0.179,0.000,32,E,0,,,,8589,58.59,0
327,2960.354,"Mount",-0.217,0.324,0.352,-0.219,0.254,0.000,45,W,0,,,,8096,56.20,0
328,2969.485,"Mount",-0.469,0.686,0.747,-0.473,0.434,-0.331,77,W,48,N,,,8833,58.80,0
329,2978.294,"Mount",0.073,0.604,0.587,0.069,0.295,0.000,52,W,0,,,,8893,59.55,0
330,2987.265,"Mount",0.155,-0.145,-0.166,0.156,-0.110,0.000,19,E,0,,,,8904,59.72,0
331,2996.475,"Mount",-0.321,-0.673,-0.619,-0.317,-0.244,-0.222,43,E,32,N,,,9021,60.10,0
332,3005.199,"Mount",0.114,-0.537,-0.548,0.117,0.009,0.000,2,W,0,,,,8270,57.47,0
333,3014.217,"Mount",-0.086,-0.332,-0.316,-0.084,0.011,0.000,2,W,0,,,,8211,57.28,0
334,3023.338,"Mount",0.139,1.130,1.098,0.132,0.545,0.000,96,W,0,,,,8249,57.69,0
335,3032.325,"Mount",-0.005,-0.722,-0.713,-0.001,-0.532,0.000,94,E,0,,,,8954,59.94,0
336,3041.316,"Mount",0.076,-0.766,-0.769,0.081,-0.573,0.000,101,E,0,,,,9033,60.29,0
337,3050.442,"Mount",-0.375,-0.544,-0.483,-0.372,-0.276,-0.260,49,E,38,N,,,9074,60.38,0
338,3059.379,"Mount",-0.382,-0.290,-0.232,-0.381,0.148,-0.266,26,W,38,N,,,9224,60.88,0
339,3068.394,"Mount",0.020,-1.367,-1.355,0.028,-0.770,0.000,136,E,0,,,,8105,57.20,0
340,3077.182,"Mount",0.360,0.331,0.275,0.358,-0.025,0.000,4,E,0,,,,8656,58.39,0
341,3086.274,"Mount",0.072,0.718,0.700,0.068,0.340,0.000,60,W,0,,,,8756,59.25,0
342,3095.241,"Mount",-0.276,0.068,0.107,-0.277,-0.074,0.000,13,E,0,,,,8618,58.26,0
343,3104.486,"Mount",-0.469,-0.319,-0.247,-0.467,0.121,-0.327,21,W,47,N,,,8013,55.65,0
344,3113.184,"Mount",0.062,-1.024,-1.022,0.068,-0.204,0.000,36,E,0,,,,7666,55.48,0
345,3122.234,"Mount",0.126,-0.634,-0.646,0.130,-0.111,0.000,20,E,0,,,,8661,58.71,0
346,3131.815,"Mount",-0.508,2.971,3.013,-0.525,1.939,-0.368,342,W,53,N,,,9053,60.95,0
347,3140.493,"Mount",-0.185,2.832,2.829,-0.202,1.803,0.000,318,W,0,,,,9267,62.10,0
348,3149.208,"Mount",0.741,0.395,0.282,0.739,0.059,0.000,10,W,0,,,,8525,58.93,0
349,3158.258,"Mount",-0.151,-0.467,-0.440,-0.148,-0.245,0.000,43,E,0,,,,7912,56.18,0
350,3167.196,"Mount",0.258,0.066,0.028,0.258,0.071,0.000,13,W,0,,,,8342,57.02,0
351,3176.134,"Mount",0.323,0.012,-0.035,0.323,0.033,0.000,6,W,0,,,,8604,58.98,0
352,3185.136,"Mount",0.445,0.065,-0.001,0.445,-0.021,0.000,4,E,0,,,,8533,57.98,0
353,3194.138,"Mount",0.267,-0.126,-0.164,0.267,-0.017,0.000,3,E,0,,,,8958,59.13,0
354,3203.145,"Mount",-0.002,0.060,0.060,-0.003,-0.028,0.000,5,E,0,,,,8595,58.23,0
355,3212.173,"Mount",0.229,-0.295,-0.325,0.231,-0.016,0.000,3,E,0,,,,8803,59.48,0
356,3221.144,"Mount",0.172,-0.220,-0.243,0.173,-0.043,0.000,8,E,0,,,,8533,58.50,0
357,3230.272,"Mount",-0.462,-0.862,-0.786,-0.457,-0.490,0.000,86,E,0,,,,8390,58.28,0
358,3239.122,"Mount",-0.241,-0.019,0.016,-0.241,-0.021,0.000,4,E,0,,,,8621,57.90,0
359,3248.373,"Mount",-0.306,-0.046,-0.001,-0.305,-0.093,-0.214,16,E,31,N,,,8669,58.69,0
360,3257.346,"Mount",-0.310,0.189,0.232,-0.311,-0.190,-0.218,34,E,31,N,,,8500,57.21,0
361,3266.408,"Mount",-0.459,-0.249,-0.179,-0.457,-0.146,-0.320,26,E,46,N,,,8058,56.12,0
362,3275.137,"Mount",-0.189,-0.105,-0.076,-0.188,-0.045,0.000,8,E,0,,,,8724,58.99,0
363,3284.234,"Mount",-0.132,-0.865,-0.836,-0.127,-0.576,0.000,102,E,0,,,,9324,60.74,0
364,3293.156,"Mount",0.043,-0.115,-0.121,0.044,-0.142,0.000,25,E,0,,,,8928,59.30,0
365,3302.163,"Mount",0.228,-0.262,-0.292,0.230,-0.013,0.000,2,E,0,,,,8638,58.62,0
366,3311.187,"Mount",-0.089,-0.120,-0.105,-0.089,0.060,0.000,11,W,0,,,,8657,57.98,0
367,3320.120,"Mount",-0.243,0.189,0.222,-0.245,0.027,0.000,5,W,0,,,,9075,60.19,0
368,3329.243,"Mount",0.025,0.761,0.750,0.021,0.454,0.000,80,W,0,,,,9201,60.05,0
369,3338.149,"Mount",0.116,-0.300,-0.314,0.118,0.119,0.000,21,W,0,,,,8943,60.06,0
370,3347.279,"Mount",-0.027,-0.776,-0.764,-0.023,-0.483,0.000,85,E,0,,,,8206,57.24,0
371,3356.184,"Mount",-0.005,0.191,0.190,-0.007,-0.084,0.000,15,E,0,,,,8615,58.06,0
372,3365.314,"Mount",-0.456,0.067,0.133,-0.456,-0.046,-0.319,8,E,46,N,,,8782,58.73,0
373,3374.188,"Mount",-0.100,-0.357,-0.338,-0.098,-0.299,0.000,53,E,0,,,,8771,59.49,0
374,3383.158,"Mount",-0.062,0.044,0.052,-0.062,-0.082,0.000,14,E,0,,,,8773,59.04,0
375,3392.176,"Mount",-0.108,-0.401,-0.381,-0.106,-0.296,0.000,52,E,0,,,,8924,58.84,0
376,3401.193,"Mount",-0.095,-0.184,-0.169,-0.094,-0.059,0.000,10,E,0,,,,8893,58.69,0
377,3410.178,"Mount",-0.169,-0.558,-0.527,-0.166,-0.362,0.000,64,E,0,,,,8729,58.01,0
378,3419.244,"Mount",-0.261,-0.700,-0.654,-0.257,-0.458,0.000,81,E,0,,,,9064,59.99,0
379,3428.049,"DROP",,,,,,,,,,,,,0,0.00,5,"No star found"
379,3428.134,"Mount",0.000,0.000,0.057,0.000,0.057,0.000,10,W,0,,,,9064,59.99,5
380,3437.424,"Mount",-0.573,-1.170,-1.074,-0.567,-0.644,-0.397,114,E,57,N,,,8828,58.95,0
381,3446.185,"Mount",-0.193,-0.404,-0.371,-0.190,-0.283,0.000,50,E,0,,,,8964,59.78,0
382,3455.066,"DROP",,,,,,,,,,,,,8809,59.29,8,"No star found"
382,3455.208,"Mount",0.000,0.000,-0.256,0.000,-0.256,0.000,45,E,0,,,,8964,59.78,8
383,3464.540,"Mount",-0.372,2.503,2.530,-0.387,1.593,-0.271,281,W,39,N,,,9649,62.57,0
384,3473.142,"Mount",-0.018,0.035,0.037,-0.018,0.194,0.000,34,W,0,,,,8743,59.69,0
385,3482.208,"Mount",0.113,-1.115,-1.120,0.120,-0.537,0.000,95,E,0,,,,8500,58.05,0
386,3491.129,"Mount",0.033,0.131,0.125,0.033,-0.033,0.000,6,E,0,,,,8905,59.38,0
387,3500.042,"DROP",,,,,,,,,,,,,8804,59.45,8,"No star found"
387,3500.163,"Mount",0.000,0.000,-0.307,0.000,-0.307,0.000,54,E,0,,,,8905,59.38,8
388,3509.644,"Mount",-1.122,2.854,2.987,-1.138,1.789,-0.797,316,W,115,N,,,9452,62.85,0
389,3518.080,"Mount",0.326,-0.165,-0.211,0.327,0.005,0.000,1,W,0,,,,8179,57.50,0
390,3527.216,"Mount",0.177,-0.820,-0.837,0.181,-0.489,0.000,86,E,0,,,,8982,59.50,0
391,3536.153,"Mount",0.650,-0.484,-0.573,0.653,-0.300,0.000,53,E,0,,,,9184,60.23,0
392,3545.139,"Mount",0.049,0.199,0.190,0.048,0.039,0.000,7,W,0,,,,9135,59.88,0
393,3554.079,"Mount",-0.287,0.009,0.050,-0.287,-0.044,0.000,8,E,0,,,,8512,58.11,0
394,3563.127,"Mount",-0.253,0.071,0.107,-0.253,-0.086,0.000,15,E,0,,,,8552,58.54,0
395,3572.096,"Mount",0.088,-0.094,-0.106,0.088,0.013,0.000,2,W,0,,,,8729,58.93,0
396,3581.196,"Mount",-0.405,-0.419,-0.356,-0.403,-0.003,-0.282,0,,41,N,,,8851,59.26,0
397,3590.014,"DROP",,,,,,,,,,,,,8879,59.60,8,"No star found"
397,3590.195,"Mount",0.000,0.000,0.709,0.000,0.709,0.000,125,W,0,,,,8851,59.26,8
398,3599.276,"Mount",0.371,-2.195,-2.226,0.384,-1.112,0.000,196,E,0,,,,8624,58.50,0
399,3608.212,"Mount",0.239,0.546,0.505,0.235,0.420,0.000,74,W,0,,,,9313,60.72,0
400,3617.011,"DROP",,,,,,,,,,,,,9018,61.33,8,"No star found"
400,3617.038,"Mount",0.000,0.000,-0.025,0.000,-0.025,0.000,4,E,0,,,,9313,60.72,8
401,3626.199,"Mount",-0.221,1.069,1.090,-0.227,0.711,0.000,126,W,0,,,,8817,59.01,0
402,3635.121,"Mount",-0.109,0.140,0.154,-0.110,0.079,0.000,14,W,0,,,,8290,56.95,0
403,3644.026,"DROP",,,,,,,,,,,,,8676,58.58,8,"No star found"
403,3644.091,"Mount",0.000,0.000,0.117,0.000,0.117,0.000,21,W,0,,,,8290,56.95,8
404,3653.365,"Mount",-0.734,0.478,0.580,-0.737,0.383,-0.516,68,W,74,N,,,9132,59.76,0
405,3662.161,"Mount",-0.082,0.667,0.672,-0.085,0.403,0.000,71,W,0,,,,8922,59.71,0
406,3671.176,"Mount",0.490,0.945,0.863,0.485,0.493,0.000,87,W,0,,,,8660,59.31,0
407,3680.200,"Mount",0.229,0.736,0.695,0.225,0.428,0.000,76,W,0,,,,8842,59.04,0
408,3689.051,"Mount",0.482,0.199,0.126,0.481,-0.040,0.000,7,E,0,,,,8607,57.98,0
409,3698.037,"Mount",0.212,-0.178,-0.207,0.213,-0.016,0.000,3,E,0,,,,9036,59.78,0
410,3707.038,"Mount",0.068,-0.151,-0.160,0.068,-0.020,0.000,4,E,0,,,,8600,58.69,0
411,3716.135,"Mount",-0.033,-1.027,-1.012,-0.027,-0.674,0.000,119,E,0,,,,9047,60.02,0
412,3725.201,"Mount",-0.089,-0.856,-0.834,-0.084,-0.684,0.000,121,E,0,,,,8256,57.12,0
413,3734.059,"Mount",0.072,0.599,0.582,0.069,0.210,0.000,37,W,0,,,,8797,58.64,0
414,3743.020,"DROP",,,,,,,,,,,,,7073,53.38,8,"No star found"
414,3743.125,"Mount",0.000,0.000,-0.196,0.000,-0.196,0.000,35,E,0,,,,8797,58.64,8
Guiding Ends at 2026-08-08 02:11:23

Guiding Begins at 2026-08-08 02:11:50
Equipment Profile = QHY5 EQASCOM OAG
Dither = both axes, Dither scale = 1.000, Image noise reduction = 2x2 mean, Guide-frame time lapse = 0, Server enabled
Pixel scale = 1.05 arc-sec/px, Binning = 1, Focal length = 1018 mm
Search region = 24 px, Star mass tolerance = 90.0%, Multi-star mode, list size = 12
 Camera = QHY5II-M-10d7d910f33c7354, gain = 90, full size = 1280 x 1024, have dark, dark dur = 3000, no defect map, pixel size = 5.2 um
Exposure = 3000 ms
Mount = EQMOD HEQ5/6 (ASCOM), connected, guiding enabled, xAngle = 98.4, xRate = 5.664, yAngle = 17.1, yRate = 6.929, parity = +/+
Norm rates RA = 7.0"/s @ dec 0, Dec = 7.3"/s; ortho.err. = 8.7 deg
X guide algorithm = Predictive PEC, Control gain = 0.630
Prediction gain = 0.430
Minimum move = 0.330
Hyperparameters
	Length scale long range SE kernel = 700.000
	Signal variance long range SE kernel = 20.000
	Length scale periodic kernel = 10.000
	Signal variance periodic kernel = 20.000
	Length scale short range SE kernel = 25.000
	Signal variance short range SE kernel = 10.000
	Period length periodic kernel = 475.688
	FFT called after = 2.000 worm cycles
	Auto-adjust period length = On
Y guide algorithm = Resist Switch, Minimum move = 0.300 Aggression = 70% FastSwitch = disabled
Backlash comp = disabled, pulse = 495 ms
Max RA duration = 2500, Max DEC duration = 2500, DEC guide mode = Auto
RA Guide Speed = 7.5 a-s/s, Dec Guide Speed = 7.5 a-s/s, Cal Dec = 0.0, Last Cal Issue = None, Timestamp = 7/7/2026 10:36:27 PM
RA = 20.91 hr, Dec = 31.1 deg, Hour angle = 1.24 hr, Pier side = East, Rotator pos = N/A, Alt = 64.3 deg, Az = 219.2 deg
Lock position = 571.812, 591.780, Star position = 571.812, 591.780, HFD = 5.02 px
Frame,Time,mount,dx,dy,RARawDistance,DECRawDistance,RAGuideDistance,DECGuideDistance,RADuration,RADirection,DECDuration,DECDirection,XStep,YStep,StarMass,SNR,ErrorCode
INFO: SETTLING STATE CHANGE, Settling started
1,9.008,"Mount",0.144,-0.267,-0.285,0.146,-0.179,0.000,32,E,0,,,,9839,65.97,0
INFO: SETTLING STATE CHANGE, Settling complete
2,18.010,"Mount",0.068,0.097,0.086,0.067,0.054,0.000,10,W,0,,,,9552,63.58,0
3,26.965,"Mount",0.047,-0.064,-0.070,0.047,-0.044,0.000,8,E,0,,,,9057,62.91,0
4,35.969,"Mount",-0.095,0.129,0.142,-0.096,0.053,0.000,9,W,0,,,,10100,66.69,0
5,44.999,"Mount",-0.137,0.247,0.265,-0.139,-0.028,0.000,5,E,0,,,,9349,64.26,0
6,54.065,"Mount",-0.440,0.535,0.594,-0.443,0.331,0.000,58,W,0,,,,9753,65.43,0
7,63.050,"Mount",0.071,-0.004,-0.014,0.071,-0.082,0.000,15,E,0,,,,9442,63.62,0
8,72.014,"Mount",-0.600,-0.134,-0.045,-0.599,-0.095,0.000,17,E,0,,,,9943,65.64,0
9,81.246,"Mount",-0.600,0.436,0.519,-0.602,0.275,-0.421,48,W,61,N,,,10062,65.96,0
10,90.102,"Mount",-0.134,-0.091,-0.070,-0.134,-0.061,0.000,11,E,0,,,,9879,65.31,0
11,98.984,"Mount",-0.005,0.019,0.019,-0.005,-0.050,0.000,9,E,0,,,,10167,66.95,0
12,107.954,"Mount",0.246,-0.282,-0.315,0.248,-0.046,0.000,8,E,0,,,,9965,66.13,0
13,117.075,"Mount",-0.095,-0.738,-0.717,-0.091,-0.499,0.000,88,E,0,,,,10669,68.51,0
14,126.011,"Mount",-0.161,-0.419,-0.391,-0.158,-0.211,0.000,37,E,0,,,,9872,65.37,0
15,135.221,"Mount",-0.389,-0.770,-0.705,-0.384,-0.431,-0.269,76,E,39,N,,,9704,65.89,0
16,143.922,"DROP",,,,,,,,,,,,,0,0.00,5,"No star found"
16,144.047,"Mount",0.000,0.000,-0.085,0.000,-0.085,0.000,15,E,0,,,,9704,65.89,5
17,153.417,"Mount",-0.881,2.055,2.161,-0.892,1.265,-0.625,223,W,90,N,,,9157,62.52,0
18,162.098,"Mount",-0.053,0.810,0.809,-0.057,0.584,0.000,103,W,0,,,,9990,65.63,0
19,171.036,"Mount",0.371,-0.218,-0.270,0.373,0.175,0.000,31,W,0,,,,9552,65.47,0
20,180.017,"Mount",0.390,-0.610,-0.660,0.394,-0.288,0.000,51,E,0,,,,10116,66.72,0
21,188.905,"DROP",,,,,,,,,,,,,9815,66.11,8,"No star found"
21,188.997,"Mount",0.000,0.000,-0.129,0.000,-0.129,0.000,23,E,0,,,,10116,66.72,8
22,198.056,"Mount",-0.153,0.657,0.672,-0.157,0.323,0.000,57,W,0,,,,9265,63.02,0
23,207.041,"Mount",-0.164,0.799,0.814,-0.169,0.448,0.000,79,W,0,,,,9212,62.60,0
24,216.028,"Mount",0.062,-0.475,-0.479,0.065,-0.296,0.000,52,E,0,,,,9196,63.17,0
25,224.949,"Mount",-0.080,-0.277,-0.263,-0.079,0.053,0.000,9,W,0,,,,9069,62.52,0
26,233.998,"Mount",-0.099,-0.650,-0.629,-0.095,-0.380,0.000,67,E,0,,,,10134,66.47,0
27,243.032,"Mount",-0.137,-0.483,-0.458,-0.134,-0.240,0.000,42,E,0,,,,9834,66.33,0
28,252.045,"Mount",-0.734,0.508,0.610,-0.737,0.325,0.000,57,W,0,,,,9277,63.28,0
29,261.243,"Mount",-0.548,0.872,0.942,-0.553,0.578,-0.387,102,W,56,N,,,10284,67.82,0
30,269.998,"Mount",0.316,0.075,0.028,0.316,0.063,0.000,11,W,0,,,,9856,65.93,0
31,278.897,"Mount",-0.131,-0.365,-0.342,-0.129,-0.049,0.000,9,E,0,,,,9949,66.64,0
32,287.992,"Mount",-0.038,-1.120,-1.103,-0.031,-0.482,0.000,85,E,0,,,,9755,65.49,0
33,297.139,"Mount",-0.327,0.059,0.106,-0.327,0.285,-0.229,50,W,33,N,,,9455,63.92,0
34,305.988,"Mount",-0.211,0.351,0.378,-0.213,0.320,0.000,57,W,0,,,,9325,63.38,0
35,315.463,"Mount",-0.771,2.679,2.763,-0.786,1.748,-0.550,309,W,79,N,,,9019,62.94,0
36,323.967,"Mount",0.190,0.398,0.366,0.188,0.274,0.000,48,W,0,,,,9397,64.55,0
37,332.985,"Mount",0.510,-0.588,-0.656,0.514,-0.361,0.000,64,E,0,,,,9608,65.87,0
38,341.907,"Mount",0.486,-0.098,-0.168,0.487,0.030,0.000,5,W,0,,,,10408,68.09,0
39,351.005,"Mount",0.465,-0.514,-0.576,0.468,-0.333,0.000,59,E,0,,,,9323,64.44,0
40,359.935,"Mount",0.153,-0.029,-0.051,0.153,-0.026,0.000,5,E,0,,,,9454,64.45,0
41,368.915,"Mount",0.170,-0.068,-0.092,0.170,-0.050,0.000,9,E,0,,,,9520,65.04,0
42,377.946,"Mount",0.337,-0.316,-0.361,0.339,-0.219,0.000,39,E,0,,,,9235,64.14,0
43,386.903,"Mount",0.104,-0.153,-0.167,0.105,-0.041,0.000,7,E,0,,,,10069,66.45,0
44,395.917,"Mount",-0.021,0.065,0.068,-0.021,-0.013,0.000,2,E,0,,,,9837,65.83,0
45,404.950,"Mount",0.075,-0.368,-0.375,0.077,-0.291,0.000,51,E,0,,,,9777,66.05,0
46,413.920,"Mount",0.207,-0.242,-0.269,0.209,-0.073,0.000,13,E,0,,,,9139,63.09,0
47,422.985,"Mount",-0.328,0.489,0.532,-0.330,0.243,0.000,43,W,0,,,,9438,64.61,0
48,432.115,"Mount",-0.577,0.621,0.699,-0.581,0.373,-0.406,66,W,59,N,,,8829,61.66,0
49,440.941,"Mount",-0.151,0.110,0.130,-0.152,-0.097,0.000,17,E,0,,,,8777,61.29,0
50,449.943,"Mount",-0.157,-0.079,-0.055,-0.156,-0.075,0.000,13,E,0,,,,9776,65.69,0
51,459.136,"Mount",-0.358,-0.667,-0.608,-0.354,-0.452,-0.248,80,E,36,N,,,10071,65.90,0
52,467.963,"Mount",-0.211,-0.021,0.010,-0.211,-0.070,0.000,12,E,0,,,,9399,64.54,0
53,476.984,"Mount",-0.260,0.817,0.846,-0.265,0.548,0.000,97,W,0,,,,8971,61.85,0
54,485.918,"Mount",-0.238,0.033,0.067,-0.238,0.098,0.000,17,W,0,,,,9160,62.68,0
55,494.856,"Mount",-0.103,-0.129,-0.112,-0.102,-0.017,0.000,3,E,0,,,,11027,69.93,0
56,504.001,"Mount",-0.357,-0.022,0.031,-0.357,0.017,-0.250,3,W,36,N,,,10167,66.77,0
57,512.907,"Mount",0.053,-0.248,-0.253,0.054,-0.012,0.000,2,E,0,,,,9375,64.81,0
58,521.973,"Mount",0.313,-0.791,-0.828,0.317,-0.559,0.000,99,E,0,,,,9803,65.46,0
59,530.896,"Mount",0.241,-0.067,-0.102,0.242,-0.070,0.000,12,E,0,,,,9153,62.81,0
60,539.895,"Mount",-0.191,0.445,0.468,-0.194,0.222,0.000,39,W,0,,,,9791,64.98,0
61,548.914,"Mount",-0.301,-0.545,-0.496,-0.298,-0.355,0.000,63,E,0,,,,10180,67.18,0
62,558.091,"Mount",-0.447,-0.091,-0.025,-0.446,-0.068,-0.312,12,E,45,N,,,9665,64.89,0
63,567.046,"Mount",-0.454,0.198,0.263,-0.455,-0.058,-0.319,10,E,46,N,,,9772,66.03,0
64,575.847,"Mount",-0.177,0.068,0.093,-0.178,-0.037,0.000,7,E,0,,,,9460,64.68,0
65,585.032,"Mount",-0.388,-0.231,-0.172,-0.387,-0.072,-0.271,13,E,39,N,,,10356,67.21,0
66,593.866,"Mount",0.023,-0.022,-0.025,0.023,-0.036,0.000,6,E,0,,,,9633,65.35,0
67,602.849,"Mount",0.087,-0.106,-0.117,0.087,0.010,0.000,2,W,0,,,,9343,63.58,0
68,611.965,"Mount",-0.045,-0.897,-0.881,-0.040,-0.589,0.000,104,E,0,,,,9811,65.24,0
69,620.835,"Mount",-0.189,0.059,0.086,-0.190,-0.038,0.000,7,E,0,,,,10380,67.20,0
70,629.750,"DROP",,,,,,,,,,,,,0,0.00,5,"No star found"
70,629.786,"Mount",0.000,0.000,0.040,0.000,0.040,0.000,7,W,0,,,,10380,67.20,5
71,638.816,"DROP",,,,,,,,,,,,,0,0.00,5,"No star found"
71,638.947,"Mount",0.000,0.000,0.277,0.000,0.277,0.000,49,W,0,,,,10380,67.20,5
72,647.748,"DROP",,,,,,,,,,,,,0,0.00,5,"No star found"
72,647.879,"Mount",0.000,0.000,0.352,0.000,0.352,0.000,62,W,0,,,,10380,67.20,5
73,656.796,"DROP",,,,,,,,,,,,,0,0.00,5,"No star found"
73,656.870,"Mount",0.000,0.000,0.158,0.000,0.158,0.000,28,W,0,,,,10380,67.20,5
74,665.797,"DROP",,,,,,,,,,,,,0,0.00,5,"No star found"
74,665.901,"Mount",0.000,0.000,-0.182,0.000,-0.182,0.000,32,E,0,,,,10380,67.20,5
75,674.756,"DROP",,,,,,,,,,,,,0,0.00,5,"No star found"
75,674.842,"Mount",0.000,0.000,-0.218,0.000,-0.218,0.000,39,E,0,,,,10380,67.20,5
76,683.756,"DROP",,,,,,,,,,,,,0,0.00,5,"No star found"
76,683.861,"Mount",0.000,0.000,-0.169,0.000,-0.169,0.000,30,E,0,,,,10380,67.20,5
77,692.748,"DROP",,,,,,,,,,,,,0,0.00,5,"No star found"
77,692.783,"Mount",0.000,0.000,0.035,0.000,0.035,0.000,6,W,0,,,,10380,67.20,5
78,701.771,"DROP",,,,,,,,,,,,,0,0.00,5,"No star found"
78,701.849,"Mount",0.000,0.000,0.118,0.000,0.118,0.000,21,W,0,,,,10380,67.20,5
79,710.770,"DROP",,,,,,,,,,,,,0,0.00,5,"No star found"
79,710.851,"Mount",0.000,0.000,0.081,0.000,0.081,0.000,14,W,0,,,,10380,67.20,5
80,719.769,"DROP",,,,,,,,,,,,,0,0.00,5,"No star found"
80,719.852,"Mount",0.000,0.000,0.079,0.000,0.079,0.000,14,W,0,,,,10380,67.20,5
81,728.748,"DROP",,,,,,,,,,,,,0,0.00,5,"No star found"
81,728.774,"Mount",0.000,0.000,-0.014,0.000,-0.014,0.000,3,E,0,,,,10380,67.20,5
82,737.728,"DROP",,,,,,,,,,,,,0,0.00,5,"No star found"
82,737.842,"Mount",0.000,0.000,-0.088,0.000,-0.088,0.000,16,E,0,,,,10380,67.20,5
83,746.772,"DROP",,,,,,,,,,,,,0,0.00,5,"No star found"
83,746.857,"Mount",0.000,0.000,0.080,0.000,0.080,0.000,14,W,0,,,,10380,67.20,5
84,755.788,"DROP",,,,,,,,,,,,,0,0.00,5,"No star found"
84,755.938,"Mount",0.000,0.000,0.472,0.000,0.472,0.000,83,W,0,,,,10380,67.20,5
85,764.749,"DROP",,,,,,,,,,,,,0,0.00,5,"No star found"
85,764.908,"Mount",0.000,0.000,0.585,0.000,0.585,0.000,103,W,0,,,,10380,67.20,5
86,773.729,"DROP",,,,,,,,,,,,,0,0.00,5,"No star found"
86,773.909,"Mount",0.000,0.000,0.665,0.000,0.665,0.000,117,W,0,,,,10380,67.20,5
87,782.727,"DROP",,,,,,,,,,,,,0,0.00,5,"No star found"
87,782.913,"Mount",0.000,0.000,0.424,0.000,0.424,0.000,75,W,0,,,,10380,67.20,5
88,791.780,"DROP",,,,,,,,,,,,,0,0.00,5,"No star found"
88,791.880,"Mount",0.000,0.000,0.134,0.000,0.134,0.000,24,W,0,,,,10380,67.20,5
89,800.746,"DROP",,,,,,,,,,,,,0,0.00,5,"No star found"
89,800.786,"Mount",0.000,0.000,0.038,0.000,0.038,0.000,7,W,0,,,,10380,67.20,5
90,809.744,"DROP",,,,,,,,,,,,,0,0.00,5,"No star found"
90,809.820,"Mount",0.000,0.000,0.084,0.000,0.084,0.000,15,W,0,,,,10380,67.20,5
91,818.747,"DROP",,,,,,,,,,,,,0,0.00,5,"No star found"
91,818.806,"Mount",0.000,0.000,0.041,0.000,0.041,0.000,7,W,0,,,,10380,67.20,5
92,827.723,"DROP",,,,,,,,,,,,,0,0.00,5,"No star found"
92,827.759,"Mount",0.000,0.000,-0.014,0.000,-0.014,0.000,2,E,0,,,,10380,67.20,5
93,836.714,"DROP",,,,,,,,,,,,,0,0.00,5,"No star found"
93,836.777,"Mount",0.000,0.000,-0.008,0.000,-0.008,0.000,1,E,0,,,,10380,67.20,5
94,845.720,"DROP",,,,,,,,,,,,,0,0.00,5,"No star found"
94,845.794,"Mount",0.000,0.000,-0.149,0.000,-0.149,0.000,26,E,0,,,,10380,67.20,5
95,854.737,"DROP",,,,,,,,,,,,,0,0.00,5,"No star found"
95,854.764,"Mount",0.000,0.000,-0.021,0.000,-0.021,0.000,4,E,0,,,,10380,67.20,5
96,863.719,"DROP",,,,,,,,,,,,,0,0.00,5,"No star found"
96,863.781,"Mount",0.000,0.000,-0.036,0.000,-0.036,0.000,6,E,0,,,,10380,67.20,5
97,875.718,"DROP",,,,,,,,,,,,,0,0.00,5,"No star found"
97,875.804,"Mount",0.000,0.000,-0.097,0.000,-0.097,0.000,17,E,0,,,,10380,67.20,5
98,884.716,"DROP",,,,,,,,,,,,,0,0.00,5,"No star found"
98,884.789,"Mount",0.000,0.000,-0.204,0.000,-0.204,0.000,36,E,0,,,,10380,67.20,5
99,893.718,"DROP",,,,,,,,,,,,,0,0.00,5,"No star found"
99,893.807,"Mount",0.000,0.000,-0.145,0.000,-0.145,0.000,26,E,0,,,,10380,67.20,5
100,902.715,"DROP",,,,,,,,,,,,,0,0.00,5,"No star found"
100,902.849,"Mount",0.000,0.000,-0.282,0.000,-0.282,0.000,50,E,0,,,,10380,67.20,5
101,911.738,"DROP",,,,,,,,,,,,,0,0.00,5,"No star found"
101,911.841,"Mount",0.000,0.000,-0.255,0.000,-0.255,0.000,45,E,0,,,,10380,67.20,5
102,920.709,"DROP",,,,,,,,,,,,,0,0.00,5,"No star found"
102,920.811,"Mount",0.000,0.000,-0.295,0.000,-0.295,0.000,52,E,0,,,,10380,67.20,5
103,929.709,"DROP",,,,,,,,,,,,,0,0.00,5,"No star found"
103,929.832,"Mount",0.000,0.000,-0.287,0.000,-0.287,0.000,51,E,0,,,,10380,67.20,5
104,938.686,"DROP",,,,,,,,,,,,,0,0.00,5,"No star found"
104,938.766,"Mount",0.000,0.000,-0.180,0.000,-0.180,0.000,32,E,0,,,,10380,67.20,5
105,947.714,"DROP",,,,,,,,,,,,,0,0.00,5,"No star found"
105,947.751,"Mount",0.000,0.000,0.018,0.000,0.018,0.000,3,W,0,,,,10380,67.20,5
106,956.690,"DROP",,,,,,,,,,,,,0,0.00,5,"No star found"
106,956.784,"Mount",0.000,0.000,0.117,0.000,0.117,0.000,21,W,0,,,,10380,67.20,5
107,965.722,"DROP",,,,,,,,,,,,,0,0.00,5,"No star found"
107,965.836,"Mount",0.000,0.000,0.090,0.000,0.090,0.000,16,W,0,,,,10380,67.20,5
108,974.707,"DROP",,,,,,,,,,,,,0,0.00,5,"No star found"
108,974.740,"Mount",0.000,0.000,0.024,0.000,0.024,0.000,4,W,0,,,,10380,67.20,5
109,983.689,"DROP",,,,,,,,,,,,,0,0.00,5,"No star found"
109,983.725,"Mount",0.000,0.000,0.051,0.000,0.051,0.000,9,W,0,,,,10380,67.20,5
110,992.689,"DROP",,,,,,,,,,,,,0,0.00,5,"No star found"
110,992.790,"Mount",0.000,0.000,-0.199,0.000,-0.199,0.000,35,E,0,,,,10380,67.20,5
111,1001.686,"DROP",,,,,,,,,,,,,0,0.00,5,"No star found"
111,1001.763,"Mount",0.000,0.000,-0.130,0.000,-0.130,0.000,23,E,0,,,,10380,67.20,5
112,1010.652,"DROP",,,,,,,,,,,,,0,0.00,5,"No star found"
112,1010.780,"Mount",0.000,0.000,-0.145,0.000,-0.145,0.000,26,E,0,,,,10380,67.20,5
113,1019.689,"DROP",,,,,,,,,,,,,0,0.00,5,"No star found"
113,1019.812,"Mount",0.000,0.000,-0.240,0.000,-0.240,0.000,42,E,0,,,,10380,67.20,5
114,1028.664,"DROP",,,,,,,,,,,,,0,0.00,5,"No star found"
114,1028.749,"Mount",0.000,0.000,-0.132,0.000,-0.132,0.000,23,E,0,,,,10380,67.20,5
115,1037.660,"DROP",,,,,,,,,,,,,0,0.00,5,"No star found"
115,1037.755,"Mount",0.000,0.000,-0.147,0.000,-0.147,0.000,26,E,0,,,,10380,67.20,5
116,1046.683,"DROP",,,,,,,,,,,,,0,0.00,5,"No star found"
116,1046.777,"Mount",0.000,0.000,-0.224,0.000,-0.224,0.000,40,E,0,,,,10380,67.20,5
117,1055.696,"DROP",,,,,,,,,,,,,0,0.00,5,"No star found"
117,1055.786,"Mount",0.000,0.000,-0.138,0.000,-0.138,0.000,24,E,0,,,,10380,67.20,5
118,1064.673,"DROP",,,,,,,,,,,,,0,0.00,5,"No star found"
118,1064.771,"Mount",0.000,0.000,-0.129,0.000,-0.129,0.000,23,E,0,,,,10380,67.20,5
119,1073.684,"DROP",,,,,,,,,,,,,0,0.00,5,"No star found"
119,1073.741,"Mount",0.000,0.000,0.017,0.000,0.017,0.000,3,W,0,,,,10380,67.20,5
120,1082.660,"DROP",,,,,,,,,,,,,0,0.00,5,"No star found"
120,1082.758,"Mount",0.000,0.000,-0.135,0.000,-0.135,0.000,24,E,0,,,,10380,67.20,5
121,1094.690,"DROP",,,,,,,,,,,,,0,0.00,5,"No star found"
121,1094.799,"Mount",0.000,0.000,-0.214,0.000,-0.214,0.000,38,E,0,,,,10380,67.20,5
122,1103.632,"DROP",,,,,,,,,,,,,0,0.00,5,"No star found"
122,1103.703,"Mount",0.000,0.000,-0.170,0.000,-0.170,0.000,30,E,0,,,,10380,67.20,5
123,1112.638,"DROP",,,,,,,,,,,,,0,0.00,5,"No star found"
123,1112.705,"Mount",0.000,0.000,0.043,0.000,0.043,0.000,8,W,0,,,,10380,67.20,5
124,1121.658,"DROP",,,,,,,,,,,,,0,0.00,5,"No star found"
124,1121.811,"Mount",0.000,0.000,0.458,0.000,0.458,0.000,81,W,0,,,,10380,67.20,5
125,1130.671,"DROP",,,,,,,,,,,,,0,0.00,5,"No star found"
125,1130.784,"Mount",0.000,0.000,0.253,0.000,0.253,0.000,45,W,0,,,,10380,67.20,5
126,1139.685,"DROP",,,,,,,,,,,,,0,0.00,5,"No star found"
126,1139.774,"Mount",0.000,0.000,-0.080,0.000,-0.080,0.000,14,E,0,,,,10380,67.20,5
127,1148.635,"DROP",,,,,,,,,,,,,0,0.00,5,"No star found"
127,1148.782,"Mount",0.000,0.000,-0.389,0.000,-0.389,0.000,69,E,0,,,,10380,67.20,5
128,1157.667,"DROP",,,,,,,,,,,,,0,0.00,5,"No star found"
128,1157.777,"Mount",0.000,0.000,-0.256,0.000,-0.256,0.000,45,E,0,,,,10380,67.20,5
129,1166.633,"DROP",,,,,,,,,,,,,0,0.00,5,"No star found"
129,1166.715,"Mount",0.000,0.000,-0.115,0.000,-0.115,0.000,20,E,0,,,,10380,67.20,5
130,1175.682,"DROP",,,,,,,,,,,,,0,0.00,5,"No star found"
130,1175.765,"Mount",0.000,0.000,0.137,0.000,0.137,0.000,24,W,0,,,,10380,67.20,5
131,1184.635,"DROP",,,,,,,,,,,,,0,0.00,5,"No star found"
131,1184.719,"Mount",0.000,0.000,0.080,0.000,0.080,0.000,14,W,0,,,,10380,67.20,5
132,1193.656,"DROP",,,,,,,,,,,,,0,0.00,5,"No star found"
132,1193.754,"Mount",0.000,0.000,0.075,0.000,0.075,0.000,13,W,0,,,,10380,67.20,5
133,1202.624,"DROP",,,,,,,,,,,,,0,0.00,5,"No star found"
133,1202.634,"Mount",0.000,0.000,-0.000,0.000,-0.000,0.000,0,,0,,,,10380,67.20,5
134,1214.629,"DROP",,,,,,,,,,,,,0,0.00,5,"No star found"
134,1214.716,"Mount",0.000,0.000,-0.161,0.000,-0.161,0.000,28,E,0,,,,10380,67.20,5
135,1223.627,"DROP",,,,,,,,,,,,,0,0.00,5,"No star found"
135,1223.655,"Mount",0.000,0.000,-0.029,0.000,-0.029,0.000,5,E,0,,,,10380,67.20,5
136,1232.718,"DROP",,,,,,,,,,,,,0,0.00,5,"No star found"
136,1233.355,"Mount",0.000,0.000,0.492,0.000,0.492,0.000,87,W,0,,,,10380,67.20,5
Guiding Ends at 2026-08-08 02:32:32

Guiding Begins at 2026-08-08 02:32:59
Equipment Profile = QHY5 EQASCOM OAG
Dither = both axes, Dither scale = 1.000, Image noise reduction = 2x2 mean, Guide-frame time lapse = 0, Server enabled
Pixel scale = 1.05 arc-sec/px, Binning = 1, Focal length = 1018 mm
Search region = 24 px, Star mass tolerance = 90.0%, Multi-star mode, list size = 12
 Camera = QHY5II-M-10d7d910f33c7354, gain = 90, full size = 1280 x 1024, have dark, dark dur = 3000, no defect map, pixel size = 5.2 um
Exposure = 3000 ms
Mount = EQMOD HEQ5/6 (ASCOM), connected, guiding enabled, xAngle = 98.4, xRate = 5.664, yAngle = 17.1, yRate = 6.929, parity = +/+
Norm rates RA = 7.0"/s @ dec 0, Dec = 7.3"/s; ortho.err. = 8.7 deg
X guide algorithm = Predictive PEC, Control gain = 0.630
Prediction gain = 0.430
Minimum move = 0.330
Hyperparameters
	Length scale long range SE kernel = 700.000
	Signal variance long range SE kernel = 20.000
	Length scale periodic kernel = 10.000
	Signal variance periodic kernel = 20.000
	Length scale short range SE kernel = 25.000
	Signal variance short range SE kernel = 10.000
	Period length periodic kernel = 475.896
	FFT called after = 2.000 worm cycles
	Auto-adjust period length = On
Y guide algorithm = Resist Switch, Minimum move = 0.300 Aggression = 70% FastSwitch = disabled
Backlash comp = disabled, pulse = 495 ms
Max RA duration = 2500, Max DEC duration = 2500, DEC guide mode = Auto
RA Guide Speed = 7.5 a-s/s, Dec Guide Speed = 7.5 a-s/s, Cal Dec = 0.0, Last Cal Issue = None, Timestamp = 7/7/2026 10:36:27 PM
RA = 20.91 hr, Dec = 31.1 deg, Hour angle = 1.60 hr, Pier side = East, Rotator pos = N/A, Alt = 62.1 deg, Az = 228.0 deg
Lock position = 983.895, 292.423, Star position = 983.895, 292.423, HFD = 5.15 px
Frame,Time,mount,dx,dy,RARawDistance,DECRawDistance,RAGuideDistance,DECGuideDistance,RADuration,RADirection,DECDuration,DECDirection,XStep,YStep,StarMass,SNR,ErrorCode
INFO: SETTLING STATE CHANGE, Settling started
1,9.309,"Mount",-0.239,2.633,2.640,-0.255,1.663,0.000,294,W,0,,,,10321,63.27,0
INFO: SETTLING STATE CHANGE, Settling complete
2,18.207,"Mount",0.109,-1.769,-1.766,0.119,-1.113,0.000,196,E,0,,,,8526,57.93,0
3,26.963,"Mount",0.242,0.067,0.031,0.242,0.019,0.000,3,W,0,,,,9286,59.61,0
4,35.949,"Mount",0.174,-0.017,-0.042,0.174,0.003,0.000,1,W,0,,,,9664,61.31,0
5,45.046,"Mount",-0.247,-0.488,-0.447,-0.244,-0.276,0.000,49,E,0,,,,9760,61.65,0
6,54.080,"Mount",-0.248,1.059,1.084,-0.254,0.616,0.000,109,W,0,,,,9651,60.97,0
7,62.986,"Mount",-0.104,0.188,0.201,-0.105,-0.013,0.000,2,E,0,,,,8682,57.30,0
8,71.895,"DROP",,,,,,,,,,,,,0,0.00,5,"No star found"
8,71.971,"Mount",0.000,0.000,-0.093,0.000,-0.093,0.000,16,E,0,,,,8682,57.30,5
9,81.164,"Mount",-0.155,1.380,1.388,-0.163,0.862,0.000,152,W,0,,,,9134,59.38,0
10,90.041,"Mount",-0.454,0.087,0.152,-0.454,-0.081,0.000,14,E,0,,,,9847,61.44,0
11,98.939,"Mount",0.227,0.093,0.059,0.226,-0.045,0.000,8,E,0,,,,9068,59.22,0
12,108.025,"Mount",-0.001,0.286,0.283,-0.003,-0.093,0.000,16,E,0,,,,9344,60.05,0
13,117.075,"Mount",-0.146,1.084,1.094,-0.152,0.579,0.000,102,W,0,,,,9118,59.78,0
14,126.017,"Mount",-0.099,0.672,0.679,-0.102,0.317,0.000,56,W,0,,,,9252,58.91,0
15,134.983,"Mount",-0.087,-0.148,-0.133,-0.086,-0.100,0.000,18,E,0,,,,9100,59.43,0
16,144.080,"Mount",-0.164,-0.676,-0.644,-0.160,-0.473,0.000,84,E,0,,,,9888,61.73,0
17,153.130,"Mount",-0.182,-1.428,-1.386,-0.174,-0.888,0.000,157,E,0,,,,9200,59.93,0
18,162.066,"Mount",-0.484,-0.898,-0.818,-0.479,-0.553,0.000,98,E,0,,,,9031,59.20,0
19,171.165,"Mount",-0.533,-0.627,-0.542,-0.529,-0.288,-0.371,51,E,53,N,,,10105,62.21,0
20,179.991,"Mount",0.065,-0.390,-0.395,0.067,-0.226,0.000,40,E,0,,,,8934,58.87,0
21,188.992,"Mount",-0.130,-0.123,-0.103,-0.129,-0.059,0.000,10,E,0,,,,9009,59.10,0
22,198.090,"Mount",-0.699,0.149,0.249,-0.699,0.050,-0.490,9,W,71,N,,,9502,60.56,0
23,206.905,"Mount",0.083,0.116,0.103,0.082,-0.044,0.000,8,E,0,,,,10077,61.80,0
24,215.920,"Mount",0.089,0.183,0.168,0.088,-0.035,0.000,6,E,0,,,,8791,57.87,0
25,225.015,"Mount",-0.052,0.868,0.866,-0.057,0.460,0.000,81,W,0,,,,9713,61.49,0
26,234.097,"Mount",-0.484,0.228,0.296,-0.485,-0.049,-0.339,9,E,49,N,,,9093,59.26,0
27,242.939,"Mount",0.099,0.139,0.123,0.098,-0.048,0.000,8,E,0,,,,8631,57.49,0
28,252.021,"Mount",-0.256,0.179,0.214,-0.257,-0.082,0.000,14,E,0,,,,9139,59.73,0
29,260.974,"Mount",0.060,0.186,0.175,0.058,-0.073,0.000,13,E,0,,,,9759,61.73,0
30,270.039,"Mount",-0.306,0.029,0.074,-0.306,-0.051,-0.215,9,E,31,N,,,9960,61.45,0
31,278.905,"Mount",0.333,-0.120,-0.167,0.334,-0.044,0.000,8,E,0,,,,8800,58.15,0
32,288.011,"Mount",0.438,0.499,0.430,0.435,0.264,0.000,47,W,0,,,,9316,60.04,0
33,296.981,"Mount",0.237,-0.334,-0.365,0.239,-0.241,0.000,43,E,0,,,,8610,57.33,0
34,305.971,"Mount",0.108,-0.209,-0.223,0.109,-0.060,0.000,11,E,0,,,,8431,57.48,0
35,318.200,"Mount",-0.432,1.340,1.389,-0.440,0.729,-0.308,129,W,44,N,,,9178,59.99,0
36,327.218,"Mount",0.329,2.390,2.316,0.315,1.603,0.000,283,W,0,,,,9507,61.15,0
37,335.963,"Mount",0.646,-0.877,-0.962,0.651,-0.356,0.000,63,E,0,,,,8786,57.85,0
38,345.189,"Mount",0.624,-0.434,-0.520,0.626,-0.262,0.438,46,E,63,S,,,9031,59.25,0
39,354.239,"Mount",0.494,-0.885,-0.947,0.499,-0.687,0.350,121,E,50,S,,,8768,58.30,0
40,362.968,"Mount",-0.197,0.257,0.283,-0.199,-0.151,0.000,27,E,0,,,,9281,60.24,0
41,372.210,"Mount",-0.949,2.338,2.452,-0.963,1.481,0.000,262,W,0,,,,9166,59.71,0
42,381.006,"Mount",-0.298,-0.555,-0.505,-0.294,-0.274,0.000,48,E,0,,,,8865,57.92,0
43,389.989,"Mount",-0.515,-0.416,-0.337,-0.512,-0.239,0.000,42,E,0,,,,8727,57.51,0
44,398.959,"Mount",-0.219,-0.349,-0.314,-0.217,0.077,0.000,14,W,0,,,,9220,59.45,0
45,408.057,"Mount",-0.249,-1.252,-1.203,-0.241,-0.693,0.000,122,E,0,,,,9449,60.39,0
46,416.995,"Mount",-0.450,-0.598,-0.526,-0.447,-0.404,0.000,71,E,0,,,,9061,59.82,0
47,426.012,"Mount",-0.838,0.700,0.814,-0.842,0.448,0.000,79,W,0,,,,8688,57.46,0
48,435.158,"Mount",-0.617,0.901,0.981,-0.623,0.620,-0.436,110,W,63,N,,,9006,58.75,0
49,443.949,"Mount",-0.197,-0.015,0.014,-0.197,0.276,0.000,49,W,0,,,,8440,56.36,0
50,452.921,"Mount",-0.019,-0.632,-0.623,-0.016,-0.099,0.000,17,E,0,,,,8953,58.67,0
51,461.997,"Mount",-0.212,0.309,0.337,-0.214,0.465,0.000,82,W,0,,,,9621,61.11,0
52,471.094,"Mount",-0.439,-0.041,0.024,-0.439,0.112,-0.307,20,W,44,N,,,9488,59.95,0
53,480.448,"Mount",-0.669,3.000,3.066,-0.686,1.925,-0.480,340,W,69,N,,,9855,62.60,0
54,489.083,"Mount",-0.087,1.402,1.399,-0.095,0.979,0.000,173,W,0,,,,8526,58.18,0
55,497.942,"Mount",-0.196,-0.633,-0.598,-0.192,-0.353,0.000,62,E,0,,,,7918,55.13,0
56,506.927,"Mount",-0.116,0.350,0.363,-0.118,0.214,0.000,38,W,0,,,,9070,59.98,0
57,515.898,"Mount",0.055,0.234,0.224,0.054,0.040,0.000,7,W,0,,,,8550,57.30,0
58,524.931,"Mount",-0.123,-0.360,-0.338,-0.121,-0.220,0.000,39,E,0,,,,8498,56.93,0
59,533.916,"Mount",-0.203,0.534,0.558,-0.206,0.269,0.000,47,W,0,,,,8588,57.48,0
60,542.838,"Mount",-0.066,0.209,0.216,-0.068,0.041,0.000,7,W,0,,,,8710,57.68,0
61,551.904,"Mount",-0.071,0.009,0.019,-0.071,-0.059,0.000,10,E,0,,,,8475,56.86,0
62,560.867,"Mount",0.002,0.102,0.100,0.001,-0.041,0.000,7,E,0,,,,8799,58.06,0
63,569.940,"Mount",-0.163,0.394,0.414,-0.166,0.250,0.000,44,W,0,,,,8365,56.35,0
64,579.182,"Mount",-0.552,-0.896,-0.806,-0.546,-0.503,-0.382,89,E,55,N,,,8602,57.18,0
65,587.960,"Mount",-0.168,-0.493,-0.463,-0.165,-0.418,0.000,74,E,0,,,,8901,58.15,0
66,596.897,"Mount",-0.107,0.180,0.194,-0.108,-0.082,0.000,14,E,0,,,,8626,57.70,0
67,605.949,"Mount",-0.059,0.625,0.627,-0.062,0.303,0.000,53,W,0,,,,8642,58.14,0
68,614.871,"Mount",-0.223,-0.215,-0.180,-0.221,-0.096,0.000,17,E,0,,,,9245,59.90,0
69,623.971,"Mount",0.946,-0.792,-0.922,0.951,-0.693,0.000,122,E,0,,,,8714,59.01,0
INFO: SET LOCK POSITION, new lock pos = 983.895, 292.423
INFO: DITHER by -0.599, 1.584, new lock pos = 985.549, 292.062
INFO: SETTLING STATE CHANGE, Settling started
70,633.343,"Mount",-1.654,0.362,0.599,-1.584,0.599,-1.584,106,W,229,N,,,7446,54.60,0
INFO: SETTLING STATE CHANGE, Settling complete
71,641.926,"Mount",1.525,-0.298,-0.517,1.527,-0.326,0.000,58,E,0,,,,7689,55.19,0
Guiding Ends at 2026-08-08 02:43:50

Guiding Begins at 2026-08-08 02:44:29
Equipment Profile = QHY5 EQASCOM OAG
Dither = both axes, Dither scale = 1.000, Image noise reduction = 2x2 mean, Guide-frame time lapse = 0, Server enabled
Pixel scale = 1.05 arc-sec/px, Binning = 1, Focal length = 1018 mm
Search region = 24 px, Star mass tolerance = 90.0%, Multi-star mode, list size = 12
 Camera = QHY5II-M-10d7d910f33c7354, gain = 90, full size = 1280 x 1024, have dark, dark dur = 3000, no defect map, pixel size = 5.2 um
Exposure = 3000 ms
Mount = EQMOD HEQ5/6 (ASCOM), connected, guiding enabled, xAngle = 98.4, xRate = 5.664, yAngle = 17.1, yRate = 6.929, parity = +/+
Norm rates RA = 7.0"/s @ dec 0, Dec = 7.3"/s; ortho.err. = 8.7 deg
X guide algorithm = Predictive PEC, Control gain = 0.630
Prediction gain = 0.430
Minimum move = 0.330
Hyperparameters
	Length scale long range SE kernel = 700.000
	Signal variance long range SE kernel = 20.000
	Length scale periodic kernel = 10.000
	Signal variance periodic kernel = 20.000
	Length scale short range SE kernel = 25.000
	Signal variance short range SE kernel = 10.000
	Period length periodic kernel = 476.623
	FFT called after = 2.000 worm cycles
	Auto-adjust period length = On
Y guide algorithm = Resist Switch, Minimum move = 0.300 Aggression = 70% FastSwitch = disabled
Backlash comp = disabled, pulse = 495 ms
Max RA duration = 2500, Max DEC duration = 2500, DEC guide mode = Auto
RA Guide Speed = 7.5 a-s/s, Dec Guide Speed = 7.5 a-s/s, Cal Dec = 0.0, Last Cal Issue = None, Timestamp = 7/7/2026 10:36:27 PM
RA = 20.91 hr, Dec = 31.1 deg, Hour angle = 1.79 hr, Pier side = East, Rotator pos = N/A, Alt = 60.8 deg, Az = 232.3 deg
Lock position = 1075.813, 440.655, Star position = 1075.813, 440.655, HFD = 5.49 px
Frame,Time,mount,dx,dy,RARawDistance,DECRawDistance,RAGuideDistance,DECGuideDistance,RADuration,RADirection,DECDuration,DECDirection,XStep,YStep,StarMass,SNR,ErrorCode
INFO: SETTLING STATE CHANGE, Settling started
1,8.845,"DROP",,,,,,,,,,,,,0,0.00,5,"No star found"
1,8.941,"Mount",0.000,0.000,-0.152,0.000,-0.152,0.000,27,E,0,,,,10757,66.35,5
2,18.063,"Mount",0.047,0.727,0.712,0.042,0.449,0.000,79,W,0,,,,10615,65.87,0
INFO: SETTLING STATE CHANGE, Settling complete
3,26.952,"Mount",0.140,-0.322,-0.339,0.142,-0.213,0.000,38,E,0,,,,10564,65.97,0
4,36.036,"Mount",-0.224,-0.418,-0.381,-0.222,-0.240,0.000,42,E,0,,,,10158,64.71,0
5,44.976,"Mount",-0.546,-0.560,-0.475,-0.543,-0.371,0.000,66,E,0,,,,10552,65.39,0
6,53.891,"DROP",,,,,,,,,,,,,0,0.00,5,"No star found"
6,54.028,"Mount",0.000,0.000,-0.282,0.000,-0.282,0.000,50,E,0,,,,10552,65.39,5
7,62.919,"Mount",-0.561,-0.134,-0.051,-0.560,-0.025,0.000,5,E,0,,,,10253,65.47,0
8,72.210,"Mount",-0.379,-1.237,-1.168,-0.372,-0.739,-0.260,131,E,38,N,,,10657,66.28,0
9,80.929,"Mount",-0.214,-0.341,-0.306,-0.212,0.006,0.000,1,W,0,,,,11235,68.27,0
10,89.847,"DROP",,,,,,,,,,,,,0,0.00,5,"No star found"
10,89.942,"Mount",0.000,0.000,-0.088,0.000,-0.088,0.000,16,E,0,,,,11235,68.27,5
11,99.096,"Mount",0.174,-1.354,-1.365,0.182,-0.843,0.000,149,E,0,,,,10897,66.34,0
12,108.017,"Mount",-0.146,0.727,0.740,-0.150,0.409,0.000,72,W,0,,,,10855,67.21,0
13,117.229,"Mount",-0.467,0.537,0.599,-0.470,0.417,-0.329,74,W,47,N,,,10665,65.96,0
14,125.983,"Mount",0.220,0.031,-0.002,0.220,0.241,0.000,43,W,0,,,,10893,67.06,0
15,134.892,"Mount",0.413,-0.138,-0.196,0.414,0.006,0.000,1,W,0,,,,10237,64.24,0
16,143.953,"Mount",0.275,0.062,0.021,0.274,-0.067,0.000,12,E,0,,,,10725,65.93,0
17,153.053,"Mount",0.343,0.979,0.918,0.338,0.535,0.000,94,W,0,,,,10406,65.51,0
18,162.251,"Mount",-0.054,2.905,2.882,-0.071,1.706,0.000,301,W,0,,,,11110,68.74,0
19,170.933,"Mount",0.327,-0.217,-0.263,0.328,0.014,0.000,3,W,0,,,,10627,66.25,0
20,180.193,"Mount",0.330,-1.274,-1.308,0.337,-0.820,0.236,145,E,34,S,,,11183,67.72,0
21,188.877,"Mount",0.159,-0.278,-0.298,0.161,0.020,0.000,3,W,0,,,,10458,65.58,0
22,197.865,"DROP",,,,,,,,,,,,,0,0.00,5,"No star found"
22,197.945,"Mount",0.000,0.000,0.179,0.000,0.179,0.000,32,W,0,,,,10458,65.58,5
23,207.189,"Mount",0.300,-0.986,-1.019,0.305,-0.644,0.214,114,E,31,S,,,10476,65.37,0
24,215.822,"DROP",,,,,,,,,,,,,0,0.00,5,"No star found"
24,215.920,"Mount",0.000,0.000,-0.195,0.000,-0.195,0.000,35,E,0,,,,10476,65.37,5
25,224.820,"DROP",,,,,,,,,,,,,0,0.00,5,"No star found"
25,224.937,"Mount",0.000,0.000,-0.145,0.000,-0.145,0.000,26,E,0,,,,10476,65.37,5
26,233.896,"Mount",-0.106,0.067,0.082,-0.106,0.215,0.000,38,W,0,,,,10558,66.48,0
27,242.866,"DROP",,,,,,,,,,,,,0,0.00,5,"No star found"
27,243.068,"Mount",0.000,0.000,0.812,0.000,0.812,0.000,143,W,0,,,,10558,66.48,5
28,251.813,"DROP",,,,,,,,,,,,,0,0.00,5,"No star found"
28,251.985,"Mount",0.000,0.000,0.679,0.000,0.679,0.000,120,W,0,,,,10558,66.48,5
29,260.810,"DROP",,,,,,,,,,,,,0,0.00,5,"No star found"
29,260.957,"Mount",0.000,0.000,0.435,0.000,0.435,0.000,77,W,0,,,,10558,66.48,5
30,269.813,"DROP",,,,,,,,,,,,,0,0.00,5,"No star found"
30,269.929,"Mount",0.000,0.000,0.157,0.000,0.157,0.000,28,W,0,,,,10558,66.48,5
31,278.851,"DROP",,,,,,,,,,,,,0,0.00,5,"No star found"
31,278.885,"Mount",0.000,0.000,-0.025,0.000,-0.025,0.000,4,E,0,,,,10558,66.48,5
32,287.912,"Mount",-0.144,-0.409,-0.384,-0.141,-0.200,0.000,35,E,0,,,,10841,66.62,0
33,296.815,"DROP",,,,,,,,,,,,,0,0.00,5,"No star found"
33,296.893,"Mount",0.000,0.000,0.118,0.000,0.118,0.000,21,W,0,,,,10841,66.62,5
34,305.778,"DROP",,,,,,,,,,,,,0,0.00,5,"No star found"
34,305.866,"Mount",0.000,0.000,-0.072,0.000,-0.072,0.000,13,E,0,,,,10841,66.62,5
35,315.127,"Mount",-0.595,2.400,2.461,-0.609,1.552,0.000,274,W,0,,,,11361,69.47,0
36,323.818,"DROP",,,,,,,,,,,,,0,0.00,5,"No star found"
36,323.913,"Mount",0.000,0.000,-0.071,0.000,-0.071,0.000,12,E,0,,,,11361,69.47,5
37,332.777,"DROP",,,,,,,,,,,,,0,0.00,5,"No star found"
37,332.814,"Mount",0.000,0.000,-0.050,0.000,-0.050,0.000,9,E,0,,,,11361,69.47,5
38,341.792,"DROP",,,,,,,,,,,,,0,0.00,5,"No star found"
38,341.866,"Mount",0.000,0.000,-0.178,0.000,-0.178,0.000,32,E,0,,,,11361,69.47,5
39,350.812,"DROP",,,,,,,,,,,,,0,0.00,5,"No star found"
39,350.925,"Mount",0.000,0.000,-0.082,0.000,-0.082,0.000,15,E,0,,,,11361,69.47,5
40,359.790,"DROP",,,,,,,,,,,,,0,0.00,5,"No star found"
40,359.890,"Mount",0.000,0.000,-0.093,0.000,-0.093,0.000,16,E,0,,,,11361,69.47,5
41,368.772,"DROP",,,,,,,,,,,,,0,0.00,5,"No star found"
41,368.845,"Mount",0.000,0.000,-0.101,0.000,-0.101,0.000,18,E,0,,,,11361,69.47,5
42,377.790,"DROP",,,,,,,,,,,,,0,0.00,5,"No star found"
42,377.930,"Mount",0.000,0.000,-0.233,0.000,-0.233,0.000,41,E,0,,,,11361,69.47,5
43,386.784,"DROP",,,,,,,,,,,,,0,0.00,5,"No star found"
43,386.917,"Mount",0.000,0.000,-0.252,0.000,-0.252,0.000,44,E,0,,,,11361,69.47,5
44,395.780,"DROP",,,,,,,,,,,,,0,0.00,5,"No star found"
44,395.905,"Mount",0.000,0.000,-0.308,0.000,-0.308,0.000,54,E,0,,,,11361,69.47,5
45,405.357,"Mount",-1.639,4.749,4.937,-1.666,2.987,0.000,527,W,0,,,,11100,68.61,0
46,413.770,"DROP",,,,,,,,,,,,,0,0.00,5,"No star found"
46,413.887,"Mount",0.000,0.000,-0.291,0.000,-0.291,0.000,51,E,0,,,,11100,68.61,5
47,422.913,"Mount",-0.496,-0.147,-0.073,-0.495,-0.072,0.000,13,E,0,,,,10910,67.39,0
48,434.780,"DROP",,,,,,,,,,,,,0,0.00,5,"No star found"
48,434.862,"Mount",0.000,0.000,0.082,0.000,0.082,0.000,15,W,0,,,,10910,67.39,5
49,443.914,"Mount",-0.293,-0.675,-0.625,-0.289,-0.346,0.000,61,E,0,,,,11709,70.20,0
50,452.762,"DROP",,,,,,,,,,,,,0,0.00,5,"No star found"
50,452.790,"Mount",0.000,0.000,-0.009,0.000,-0.009,0.000,2,E,0,,,,11709,70.20,5
51,461.762,"DROP",,,,,,,,,,,,,0,0.00,5,"No star found"
51,461.842,"Mount",0.000,0.000,-0.076,0.000,-0.076,0.000,14,E,0,,,,11709,70.20,5
52,470.727,"DROP",,,,,,,,,,,,,0,0.00,5,"No star found"
52,470.830,"Mount",0.000,0.000,0.151,0.000,0.151,0.000,27,W,0,,,,11709,70.20,5
53,479.759,"DROP",,,,,,,,,,,,,0,0.00,5,"No star found"
53,479.833,"Mount",0.000,0.000,-0.094,0.000,-0.094,0.000,17,E,0,,,,11709,70.20,5
54,488.762,"DROP",,,,,,,,,,,,,0,0.00,5,"No star found"
54,488.836,"Mount",0.000,0.000,-0.125,0.000,-0.125,0.000,22,E,0,,,,11709,70.20,5
55,497.770,"DROP",,,,,,,,,,,,,0,0.00,5,"No star found"
55,497.855,"Mount",0.000,0.000,-0.097,0.000,-0.097,0.000,17,E,0,,,,11709,70.20,5
56,506.761,"DROP",,,,,,,,,,,,,0,0.00,5,"No star found"
56,506.858,"Mount",0.000,0.000,-0.158,0.000,-0.158,0.000,28,E,0,,,,11709,70.20,5
57,515.767,"DROP",,,,,,,,,,,,,0,0.00,5,"No star found"
57,515.845,"Mount",0.000,0.000,-0.144,0.000,-0.144,0.000,25,E,0,,,,11709,70.20,5
58,524.758,"DROP",,,,,,,,,,,,,0,0.00,5,"No star found"
58,524.831,"Mount",0.000,0.000,-0.223,0.000,-0.223,0.000,39,E,0,,,,11709,70.20,5
59,533.755,"DROP",,,,,,,,,,,,,0,0.00,5,"No star found"
59,533.866,"Mount",0.000,0.000,-0.242,0.000,-0.242,0.000,43,E,0,,,,11709,70.20,5
60,542.753,"DROP",,,,,,,,,,,,,0,0.00,5,"No star found"
60,542.836,"Mount",0.000,0.000,-0.156,0.000,-0.156,0.000,28,E,0,,,,11709,70.20,5
61,552.047,"Mount",-1.399,1.934,2.117,-1.410,1.303,0.000,230,W,0,,,,11084,68.75,0
62,560.750,"DROP",,,,,,,,,,,,,0,0.00,5,"No star found"
62,560.841,"Mount",0.000,0.000,-0.113,0.000,-0.113,0.000,20,E,0,,,,11084,68.75,5
63,569.714,"DROP",,,,,,,,,,,,,0,0.00,5,"No star found"
63,569.795,"Mount",0.000,0.000,0.075,0.000,0.075,0.000,13,W,0,,,,11084,68.75,5
64,578.759,"DROP",,,,,,,,,,,,,0,0.00,5,"No star found"
64,578.845,"Mount",0.000,0.000,0.206,0.000,0.206,0.000,36,W,0,,,,11084,68.75,5
65,587.726,"DROP",,,,,,,,,,,,,0,0.00,5,"No star found"
65,587.799,"Mount",0.000,0.000,-0.154,0.000,-0.154,0.000,27,E,0,,,,11084,68.75,5
66,596.737,"DROP",,,,,,,,,,,,,0,0.00,5,"No star found"
66,596.834,"Mount",0.000,0.000,-0.098,0.000,-0.098,0.000,17,E,0,,,,11084,68.75,5
67,605.738,"DROP",,,,,,,,,,,,,0,0.00,5,"No star found"
67,605.884,"Mount",0.000,0.000,0.462,0.000,0.462,0.000,82,W,0,,,,11084,68.75,5
68,615.095,"Mount",-1.579,-0.060,0.170,-1.578,0.122,-1.105,22,W,159,N,,,10552,66.97,0
69,624.017,"Mount",-1.391,-0.441,-0.233,-1.389,0.019,-0.972,3,W,140,N,,,10690,67.41,0
70,633.036,"DROP",,,,,,,,,,,,,0,0.00,5,"No star found"
70,633.116,"Mount",0.000,0.000,0.120,0.000,0.120,0.000,21,W,0,,,,10690,67.41,5
Guiding Ends at 2026-08-08 02:55:11

Guiding Begins at 2026-08-08 02:55:53
Equipment Profile = QHY5 EQASCOM OAG
Dither = both axes, Dither scale = 1.000, Image noise reduction = 2x2 mean, Guide-frame time lapse = 0, Server enabled
Pixel scale = 1.05 arc-sec/px, Binning = 1, Focal length = 1018 mm
Search region = 24 px, Star mass tolerance = 90.0%, Multi-star mode, list size = 12
 Camera = QHY5II-M-10d7d910f33c7354, gain = 90, full size = 1280 x 1024, have dark, dark dur = 3000, no defect map, pixel size = 5.2 um
Exposure = 3000 ms
Mount = EQMOD HEQ5/6 (ASCOM), connected, guiding enabled, xAngle = 98.4, xRate = 5.663, yAngle = 17.1, yRate = 6.929, parity = +/+
Norm rates RA = 7.0"/s @ dec 0, Dec = 7.3"/s; ortho.err. = 8.7 deg
X guide algorithm = Predictive PEC, Control gain = 0.630
Prediction gain = 0.430
Minimum move = 0.330
Hyperparameters
	Length scale long range SE kernel = 700.000
	Signal variance long range SE kernel = 20.000
	Length scale periodic kernel = 10.000
	Signal variance periodic kernel = 20.000
	Length scale short range SE kernel = 25.000
	Signal variance short range SE kernel = 10.000
	Period length periodic kernel = 477.543
	FFT called after = 2.000 worm cycles
	Auto-adjust period length = On
Y guide algorithm = Resist Switch, Minimum move = 0.300 Aggression = 70% FastSwitch = disabled
Backlash comp = disabled, pulse = 495 ms
Max RA duration = 2500, Max DEC duration = 2500, DEC guide mode = Auto
RA Guide Speed = 7.5 a-s/s, Dec Guide Speed = 7.5 a-s/s, Cal Dec = 0.0, Last Cal Issue = None, Timestamp = 7/7/2026 10:36:27 PM
RA = 20.91 hr, Dec = 31.1 deg, Hour angle = 1.98 hr, Pier side = East, Rotator pos = N/A, Alt = 59.4 deg, Az = 236.4 deg
Lock position = 985.111, 294.668, Star position = 985.111, 294.668, HFD = 5.34 px
Frame,Time,mount,dx,dy,RARawDistance,DECRawDistance,RAGuideDistance,DECGuideDistance,RADuration,RADirection,DECDuration,DECDirection,XStep,YStep,StarMass,SNR,ErrorCode
INFO: SETTLING STATE CHANGE, Settling started
1,8.908,"DROP",,,,,,,,,,,,,0,0.00,5,"No star found"
1,9.291,"Mount",0.000,0.000,-1.696,0.000,-1.696,0.000,299,E,0,,,,9639,61.62,5
2,18.388,"Mount",-0.928,3.720,3.816,-0.950,2.404,0.000,424,W,0,,,,8877,60.38,0
INFO: SETTLING STATE CHANGE, Settling complete
3,27.103,"Mount",-0.846,1.045,1.158,-0.852,0.729,0.000,129,W,0,,,,8671,58.33,0
4,36.127,"Mount",-0.381,-0.159,-0.101,-0.381,-0.064,-0.266,11,E,38,N,,,8045,56.22,0
5,45.173,"Mount",-0.352,-0.090,-0.037,-0.351,0.370,-0.246,65,W,35,N,,,9386,61.70,0
6,53.982,"Mount",0.381,0.249,0.191,0.379,0.177,0.000,31,W,0,,,,8788,58.96,0
7,63.385,"Mount",-0.414,2.481,2.515,-0.429,1.621,-0.300,286,W,43,N,,,8663,59.12,0
8,72.327,"Mount",-0.337,1.761,1.791,-0.347,1.086,-0.243,192,W,35,N,,,9032,59.98,0
9,81.078,"Mount",0.137,-0.530,-0.545,0.140,-0.293,0.000,52,E,0,,,,8859,59.15,0
10,89.958,"Mount",0.233,0.235,0.199,0.232,0.062,0.000,11,W,0,,,,8488,57.68,0
11,98.929,"Mount",0.272,0.186,0.144,0.271,0.000,0.000,0,,0,,,,8592,57.90,0
12,107.955,"Mount",-0.061,-0.051,-0.041,-0.061,0.016,0.000,3,W,0,,,,8381,57.51,0
13,116.966,"Mount",0.147,-0.187,-0.206,0.148,-0.019,0.000,3,E,0,,,,8247,56.48,0
14,125.982,"Mount",0.309,-0.496,-0.536,0.312,-0.386,0.000,68,E,0,,,,9372,60.84,0
15,134.910,"Mount",0.009,-0.203,-0.202,0.011,-0.034,0.000,6,E,0,,,,8592,57.90,0
16,144.033,"Mount",-0.001,-0.343,-0.339,0.001,-0.284,0.000,50,E,0,,,,8799,59.31,0
17,152.939,"Mount",0.294,0.152,0.108,0.293,-0.036,0.000,6,E,0,,,,8906,59.54,0
18,161.877,"Mount",0.074,-0.075,-0.085,0.075,-0.002,0.000,0,,0,,,,9326,61.01,0
19,170.926,"Mount",0.264,-0.281,-0.316,0.266,0.006,0.000,1,W,0,,,,8325,56.39,0
20,179.942,"Mount",0.217,0.246,0.212,0.216,-0.120,0.000,21,E,0,,,,8299,57.60,0
21,189.006,"Mount",0.472,0.834,0.756,0.467,0.374,0.000,66,W,0,,,,8739,59.44,0
22,198.120,"Mount",0.558,-0.015,-0.096,0.558,-0.156,0.391,28,E,56,S,,,8555,58.33,0
23,207.152,"Mount",0.548,-0.408,-0.484,0.551,-0.409,0.386,72,E,56,S,,,8997,59.73,0
24,215.960,"Mount",0.247,-0.150,-0.184,0.248,-0.065,0.000,12,E,0,,,,8923,59.42,0
25,225.125,"Mount",0.481,0.297,0.224,0.479,-0.057,0.335,10,E,48,S,,,8970,59.32,0
26,233.905,"Mount",-0.447,-0.318,-0.250,-0.445,0.053,0.000,9,W,0,,,,8531,57.51,0
27,242.882,"Mount",-0.075,0.230,0.238,-0.076,0.023,0.000,4,W,0,,,,9044,59.63,0
28,251.882,"Mount",-0.425,0.164,0.225,-0.426,-0.007,0.000,1,E,0,,,,9158,60.19,0
29,260.883,"Mount",-0.709,-0.123,-0.018,-0.708,-0.013,0.000,2,E,0,,,,9163,59.33,0
30,269.902,"Mount",-0.454,-0.099,-0.031,-0.453,0.006,0.000,1,W,0,,,,8495,56.98,0
31,278.978,"Mount",-0.707,0.252,0.352,-0.708,0.271,0.000,48,W,0,,,,8646,58.53,0
32,287.867,"Mount",-0.271,-0.370,-0.326,-0.269,-0.045,0.000,8,E,0,,,,9147,59.72,0
33,297.171,"Mount",-0.964,-0.608,-0.461,-0.961,-0.353,-0.673,62,E,97,N,,,8860,59.07,0
34,305.867,"Mount",-0.147,0.079,0.100,-0.148,-0.051,0.000,9,E,0,,,,8759,58.56,0
35,315.010,"Mount",-0.167,-0.837,-0.804,-0.162,-0.547,0.000,97,E,0,,,,8909,58.17,0
36,324.107,"Mount",-0.326,-0.451,-0.399,-0.323,-0.353,-0.226,62,E,33,N,,,8654,57.91,0
37,332.854,"Mount",-0.265,-0.047,-0.008,-0.265,-0.049,0.000,9,E,0,,,,7961,55.79,0
38,341.899,"Mount",0.042,-0.142,-0.147,0.043,-0.045,0.000,8,E,0,,,,8027,56.06,0
39,350.915,"Mount",-0.086,0.075,0.087,-0.087,-0.077,0.000,14,E,0,,,,8368,57.10,0
40,359.929,"Mount",-0.283,-0.065,-0.023,-0.282,0.069,0.000,12,W,0,,,,8603,58.39,0
41,369.126,"Mount",-0.429,-0.496,-0.428,-0.426,-0.227,-0.298,40,E,43,N,,,8063,55.59,0
42,377.853,"Mount",-0.019,-0.152,-0.148,-0.018,-0.028,0.000,5,E,0,,,,8856,59.05,0
43,386.966,"Mount",-0.159,0.851,0.865,-0.164,0.441,0.000,78,W,0,,,,9042,59.67,0
44,395.839,"Mount",0.385,0.381,0.320,0.383,-0.049,0.000,9,E,0,,,,9309,60.49,0
45,404.904,"Mount",0.034,0.145,0.139,0.034,0.124,0.000,22,W,0,,,,8889,59.06,0
46,413.890,"Mount",0.151,0.076,0.053,0.150,0.200,0.000,35,W,0,,,,8895,59.12,0
47,423.004,"Mount",0.302,0.435,0.386,0.299,0.324,0.000,57,W,0,,,,8544,58.25,0
48,432.038,"Mount",0.002,1.433,1.417,-0.006,0.807,0.000,143,W,0,,,,9198,60.60,0
49,440.928,"Mount",0.363,0.056,0.003,0.363,-0.120,0.000,21,E,0,,,,8743,58.77,0
50,449.923,"Mount",0.273,-0.214,-0.252,0.274,-0.098,0.000,17,E,0,,,,9503,61.40,0
51,458.851,"Mount",0.029,-0.083,-0.086,0.030,-0.027,0.000,5,E,0,,,,9057,59.88,0
52,468.061,"Mount",0.389,0.002,-0.054,0.389,0.133,0.272,24,W,39,S,,,9079,60.30,0
53,477.078,"Mount",0.468,-0.494,-0.557,0.471,-0.266,0.330,47,E,48,S,,,8745,58.05,0
54,485.845,"Mount",0.154,-0.267,-0.286,0.156,-0.018,0.000,3,E,0,,,,9222,60.47,0
55,494.921,"Mount",0.197,-0.327,-0.352,0.199,-0.307,0.000,54,E,0,,,,8796,58.51,0
56,503.891,"Mount",0.078,0.237,0.223,0.077,-0.176,0.000,31,E,0,,,,8891,59.05,0
57,513.068,"Mount",0.455,0.053,-0.014,0.455,0.105,0.319,19,W,46,S,,,9041,59.78,0
58,521.877,"Mount",-0.133,-0.758,-0.730,-0.129,-0.025,0.000,4,E,0,,,,8664,57.14,0
59,530.927,"Mount",-0.082,-0.348,-0.332,-0.080,0.239,0.000,42,W,0,,,,8867,58.23,0
60,539.903,"Mount",-0.242,0.352,0.384,-0.244,0.341,0.000,60,W,0,,,,9378,60.51,0
61,549.026,"Mount",0.077,1.726,1.696,0.067,1.025,0.000,181,W,0,,,,8728,58.48,0
62,558.029,"Mount",0.394,0.506,0.443,0.391,0.326,0.274,57,W,40,S,,,9003,59.65,0
63,566.871,"Mount",0.002,-0.301,-0.298,0.004,0.055,0.000,10,W,0,,,,8767,58.72,0
64,575.801,"Mount",0.218,0.078,0.045,0.218,0.015,0.000,3,W,0,,,,9178,60.96,0
65,585.065,"Mount",0.326,0.497,0.444,0.323,0.294,0.226,52,W,33,S,,,8630,58.82,0
66,594.022,"Mount",0.330,0.691,0.636,0.326,0.384,0.228,68,W,33,S,,,9265,60.78,0
67,602.836,"Mount",-0.240,0.139,0.173,-0.241,-0.023,0.000,4,E,0,,,,8988,59.29,0
68,611.932,"Mount",-0.311,1.087,1.120,-0.317,0.677,0.000,119,W,0,,,,8259,56.65,0
69,620.823,"Mount",-0.651,0.067,0.162,-0.652,-0.026,0.000,5,E,0,,,,8525,57.34,0
70,629.857,"Mount",-0.449,-0.511,-0.440,-0.446,-0.353,0.000,62,E,0,,,,8586,57.11,0
Guiding Ends at 2026-08-08 03:06:32

Guiding Begins at 2026-08-08 03:07:14
Equipment Profile = QHY5 EQASCOM OAG
Dither = both axes, Dither scale = 1.000, Image noise reduction = 2x2 mean, Guide-frame time lapse = 0, Server enabled
Pixel scale = 1.05 arc-sec/px, Binning = 1, Focal length = 1018 mm
Search region = 24 px, Star mass tolerance = 90.0%, Multi-star mode, list size = 12
 Camera = QHY5II-M-10d7d910f33c7354, gain = 90, full size = 1280 x 1024, have dark, dark dur = 3000, no defect map, pixel size = 5.2 um
Exposure = 3000 ms
Mount = EQMOD HEQ5/6 (ASCOM), connected, guiding enabled, xAngle = 98.4, xRate = 5.663, yAngle = 17.1, yRate = 6.929, parity = +/+
Norm rates RA = 7.0"/s @ dec 0, Dec = 7.3"/s; ortho.err. = 8.7 deg
X guide algorithm = Predictive PEC, Control gain = 0.630
Prediction gain = 0.430
Minimum move = 0.330
Hyperparameters
	Length scale long range SE kernel = 700.000
	Signal variance long range SE kernel = 20.000
	Length scale periodic kernel = 10.000
	Signal variance periodic kernel = 20.000
	Length scale short range SE kernel = 25.000
	Signal variance short range SE kernel = 10.000
	Period length periodic kernel = 478.263
	FFT called after = 2.000 worm cycles
	Auto-adjust period length = On
Y guide algorithm = Resist Switch, Minimum move = 0.300 Aggression = 70% FastSwitch = disabled
Backlash comp = disabled, pulse = 495 ms
Max RA duration = 2500, Max DEC duration = 2500, DEC guide mode = Auto
RA Guide Speed = 7.5 a-s/s, Dec Guide Speed = 7.5 a-s/s, Cal Dec = 0.0, Last Cal Issue = None, Timestamp = 7/7/2026 10:36:27 PM
RA = 20.91 hr, Dec = 31.1 deg, Hour angle = 2.17 hr, Pier side = East, Rotator pos = N/A, Alt = 57.9 deg, Az = 240.1 deg
Lock position = 984.415, 290.612, Star position = 984.415, 290.612, HFD = 5.26 px
Frame,Time,mount,dx,dy,RARawDistance,DECRawDistance,RAGuideDistance,DECGuideDistance,RADuration,RADirection,DECDuration,DECDirection,XStep,YStep,StarMass,SNR,ErrorCode
INFO: SETTLING STATE CHANGE, Settling started
1,9.112,"Mount",0.159,-0.996,-1.008,0.165,-0.635,0.000,112,E,0,,,,9206,60.35,0
INFO: SETTLING STATE CHANGE, Settling complete
2,18.019,"Mount",-0.021,-0.438,-0.430,-0.018,-0.271,0.000,48,E,0,,,,8534,57.58,0
3,27.023,"Mount",0.126,-0.494,-0.507,0.129,-0.319,0.000,56,E,0,,,,8734,58.12,0
4,36.058,"Mount",0.046,0.125,0.117,0.046,0.062,0.000,11,W,0,,,,8404,56.81,0
5,45.045,"Mount",-0.268,0.597,0.630,-0.271,0.420,0.000,74,W,0,,,,9120,59.03,0
6,53.970,"Mount",0.099,0.276,0.259,0.097,-0.046,0.000,8,E,0,,,,9363,59.88,0
7,62.987,"Mount",0.067,0.534,0.519,0.064,0.334,0.000,59,W,0,,,,8947,58.30,0
8,71.998,"Mount",-0.041,0.056,0.062,-0.041,0.025,0.000,4,W,0,,,,9014,58.78,0
9,80.914,"Mount",0.267,0.302,0.260,0.266,-0.022,0.000,4,E,0,,,,8724,57.48,0
10,90.013,"Mount",0.022,0.461,0.453,0.019,0.230,0.000,41,W,0,,,,9118,59.18,0
11,98.954,"Mount",-0.033,0.119,0.123,-0.034,-0.036,0.000,6,E,0,,,,8479,56.39,0
12,108.003,"Mount",0.138,-0.520,-0.535,0.141,-0.410,0.000,72,E,0,,,,9449,59.67,0
13,117.005,"Mount",0.015,-0.273,-0.272,0.017,-0.105,0.000,19,E,0,,,,9537,61.03,0
14,126.008,"Mount",-0.003,-0.530,-0.524,0.000,-0.400,0.000,71,E,0,,,,8928,58.11,0
15,135.011,"Mount",-0.293,-0.489,-0.441,-0.291,-0.334,0.000,59,E,0,,,,8652,57.50,0
16,144.014,"Mount",-0.040,-0.429,-0.419,-0.037,-0.371,0.000,65,E,0,,,,8428,57.89,0
17,153.050,"Mount",0.329,-1.217,-1.251,0.336,-0.821,0.000,145,E,0,,,,8906,58.91,0
18,162.117,"Mount",-0.037,-1.513,-1.491,-0.028,-0.909,0.000,161,E,0,,,,10013,62.47,0
19,171.041,"Mount",0.116,-1.162,-1.167,0.123,-0.684,0.000,121,E,0,,,,9131,60.07,0
20,179.949,"Mount",-0.082,0.036,0.048,-0.082,-0.062,0.000,11,E,0,,,,8619,58.10,0
21,188.985,"Mount",0.083,0.698,0.679,0.079,0.337,0.000,60,W,0,,,,8786,57.61,0
22,197.956,"Mount",-0.170,0.215,0.238,-0.171,-0.092,0.000,16,E,0,,,,9188,59.06,0
23,206.961,"Mount",-0.157,0.391,0.410,-0.159,0.399,0.000,70,W,0,,,,8919,57.99,0
24,215.964,"Mount",0.177,0.014,-0.012,0.177,0.341,0.000,60,W,0,,,,8922,58.42,0
25,224.953,"Mount",0.006,0.451,0.445,0.003,0.276,0.000,49,W,0,,,,9291,60.37,0
26,234.021,"Mount",-0.010,0.693,0.687,-0.014,0.276,0.000,49,W,0,,,,8517,56.88,0
27,242.945,"Mount",0.301,0.143,0.097,0.300,-0.107,0.000,19,E,0,,,,9844,61.24,0
28,251.965,"Mount",0.051,-0.502,-0.504,0.054,-0.402,0.000,71,E,0,,,,9386,59.96,0
29,260.896,"Mount",-0.220,-0.174,-0.140,-0.219,-0.037,0.000,7,E,0,,,,8369,56.63,0
30,269.941,"Mount",0.425,-0.207,-0.267,0.426,0.126,0.000,22,W,0,,,,9469,60.01,0
31,279.056,"Mount",-0.171,-1.482,-1.441,-0.162,-0.834,0.000,147,E,0,,,,8232,56.61,0
32,287.962,"Mount",-0.317,0.505,0.545,-0.320,0.284,0.000,50,W,0,,,,8353,55.94,0
33,296.916,"Mount",-0.198,-0.002,0.026,-0.198,-0.034,0.000,6,E,0,,,,9501,60.71,0
34,305.933,"Mount",-0.307,0.308,0.350,-0.308,0.101,0.000,18,W,0,,,,8951,57.67,0
35,314.871,"Mount",0.193,-0.209,-0.235,0.194,0.043,0.000,8,W,0,,,,9110,59.35,0
36,323.999,"Mount",0.237,0.153,0.117,0.236,0.455,0.000,80,W,0,,,,9304,60.34,0
37,332.925,"Mount",0.129,-0.837,-0.847,0.134,-0.102,0.000,18,E,0,,,,8796,58.51,0
38,341.959,"Mount",-0.475,0.540,0.604,-0.478,0.429,0.000,76,W,0,,,,8201,55.97,0
39,350.953,"Mount",-0.255,0.750,0.779,-0.260,0.427,0.000,75,W,0,,,,8527,56.50,0
40,359.889,"Mount",-0.215,-0.004,0.027,-0.215,0.018,0.000,3,W,0,,,,9066,58.88,0
41,368.873,"Mount",-0.241,0.065,0.099,-0.242,0.033,0.000,6,W,0,,,,9350,59.99,0
42,377.904,"Mount",-0.238,0.287,0.319,-0.240,0.073,0.000,13,W,0,,,,9367,60.84,0
43,387.031,"Mount",-0.384,-0.154,-0.096,-0.383,-0.008,-0.268,1,E,39,N,,,9762,61.46,0
44,395.999,"Mount",-0.312,0.207,0.250,-0.313,-0.019,-0.219,3,E,32,N,,,9130,58.98,0
45,404.872,"Mount",-0.129,0.004,0.023,-0.129,0.006,0.000,1,W,0,,,,9211,59.57,0
46,413.949,"Mount",-0.213,0.467,0.493,-0.216,0.271,0.000,48,W,0,,,,9414,59.79,0
47,422.900,"Mount",-0.244,0.038,0.073,-0.244,-0.087,0.000,15,E,0,,,,8788,58.29,0
48,432.044,"Mount",-0.305,0.421,0.461,-0.307,0.176,-0.215,31,W,31,N,,,8976,57.84,0
49,440.814,"DROP",,,,,,,,,,,,,0,0.00,5,"No star found"
49,440.917,"Mount",0.000,0.000,-0.093,0.000,-0.093,0.000,16,E,0,,,,8976,57.84,5
50,452.902,"Mount",-0.260,-0.501,-0.458,-0.257,-0.238,0.000,42,E,0,,,,8950,58.47,0
51,462.110,"Mount",-0.298,1.047,1.079,-0.304,0.567,-0.213,100,W,31,N,,,9003,58.29,0
52,470.915,"Mount",-0.105,0.124,0.138,-0.106,-0.194,0.000,34,E,0,,,,9222,59.25,0
53,479.962,"Mount",-0.199,-0.656,-0.620,-0.196,-0.563,0.000,99,E,0,,,,9035,59.80,0
54,488.976,"Mount",-0.288,-0.849,-0.798,-0.283,-0.560,0.000,99,E,0,,,,8570,58.21,0
55,497.870,"Mount",0.128,0.058,0.039,0.128,-0.059,0.000,10,E,0,,,,9345,59.74,0
56,507.134,"Mount",-0.742,-0.457,-0.344,-0.739,-0.277,-0.517,49,E,75,N,,,9422,60.39,0
57,515.845,"Mount",-0.108,-0.363,-0.344,-0.106,-0.200,0.000,35,E,0,,,,8886,58.04,0
58,524.828,"Mount",-0.159,0.037,0.060,-0.159,0.044,0.000,8,W,0,,,,8761,57.92,0
59,533.843,"Mount",0.410,-0.146,-0.205,0.410,-0.021,0.000,4,E,0,,,,8707,57.06,0
60,542.921,"Mount",-0.017,-0.446,-0.439,-0.014,-0.298,0.000,53,E,0,,,,9844,61.62,0
61,551.953,"Mount",0.185,-0.832,-0.850,0.190,-0.519,0.000,92,E,0,,,,9572,61.03,0
62,560.839,"Mount",-0.016,-0.332,-0.326,-0.014,-0.049,0.000,9,E,0,,,,9258,60.11,0
63,569.934,"Mount",-0.146,-0.942,-0.911,-0.140,-0.575,0.000,102,E,0,,,,8479,57.42,0
64,579.077,"Mount",-0.429,-0.293,-0.227,-0.428,-0.087,-0.299,15,E,43,N,,,9166,59.54,0
65,587.948,"Mount",0.065,-0.814,-0.814,0.070,-0.582,0.000,103,E,0,,,,9478,61.12,0
66,596.931,"Mount",0.030,-0.568,-0.566,0.033,-0.440,0.000,78,E,0,,,,9435,60.29,0
67,605.866,"Mount",-0.072,0.089,0.099,-0.072,-0.123,0.000,22,E,0,,,,8963,57.93,0
68,614.819,"Mount",0.229,0.228,0.192,0.228,-0.018,0.000,3,E,0,,,,8678,57.09,0
69,623.929,"Mount",0.863,-0.114,-0.238,0.864,-0.116,0.000,20,E,0,,,,8707,58.37,0
Guiding Ends at 2026-08-08 03:17:46

Guiding Begins at 2026-08-08 03:18:25
Equipment Profile = QHY5 EQASCOM OAG
Dither = both axes, Dither scale = 1.000, Image noise reduction = 2x2 mean, Guide-frame time lapse = 0, Server enabled
Pixel scale = 1.05 arc-sec/px, Binning = 1, Focal length = 1018 mm
Search region = 24 px, Star mass tolerance = 90.0%, Multi-star mode, list size = 12
 Camera = QHY5II-M-10d7d910f33c7354, gain = 90, full size = 1280 x 1024, have dark, dark dur = 3000, no defect map, pixel size = 5.2 um
Exposure = 3000 ms
Mount = EQMOD HEQ5/6 (ASCOM), connected, guiding enabled, xAngle = 98.4, xRate = 5.663, yAngle = 17.1, yRate = 6.929, parity = +/+
Norm rates RA = 7.0"/s @ dec 0, Dec = 7.3"/s; ortho.err. = 8.7 deg
X guide algorithm = Predictive PEC, Control gain = 0.630
Prediction gain = 0.430
Minimum move = 0.330
Hyperparameters
	Length scale long range SE kernel = 700.000
	Signal variance long range SE kernel = 20.000
	Length scale periodic kernel = 10.000
	Signal variance periodic kernel = 20.000
	Length scale short range SE kernel = 25.000
	Signal variance short range SE kernel = 10.000
	Period length periodic kernel = 478.975
	FFT called after = 2.000 worm cycles
	Auto-adjust period length = On
Y guide algorithm = Resist Switch, Minimum move = 0.300 Aggression = 70% FastSwitch = disabled
Backlash comp = disabled, pulse = 495 ms
Max RA duration = 2500, Max DEC duration = 2500, DEC guide mode = Auto
RA Guide Speed = 7.5 a-s/s, Dec Guide Speed = 7.5 a-s/s, Cal Dec = 0.0, Last Cal Issue = None, Timestamp = 7/7/2026 10:36:27 PM
RA = 20.91 hr, Dec = 31.1 deg, Hour angle = 2.36 hr, Pier side = East, Rotator pos = N/A, Alt = 56.4 deg, Az = 243.6 deg
Lock position = 566.400, 597.311, Star position = 566.400, 597.311, HFD = 5.38 px
Frame,Time,mount,dx,dy,RARawDistance,DECRawDistance,RAGuideDistance,DECGuideDistance,RADuration,RADirection,DECDuration,DECDirection,XStep,YStep,StarMass,SNR,ErrorCode
INFO: SETTLING STATE CHANGE, Settling started
1,9.026,"Mount",0.721,-0.243,-0.346,0.722,-0.218,0.000,38,E,0,,,,8607,61.46,0
INFO: SETTLING STATE CHANGE, Settling complete
2,18.045,"Mount",0.310,-0.480,-0.520,0.313,-0.328,0.000,58,E,0,,,,9135,63.77,0
3,27.015,"Mount",0.156,-0.245,-0.266,0.158,-0.167,0.000,30,E,0,,,,8798,61.90,0
4,36.050,"Mount",0.255,0.771,0.726,0.250,0.432,0.000,76,W,0,,,,9750,65.10,0
5,45.021,"Mount",0.291,-0.081,-0.122,0.292,-0.171,0.000,30,E,0,,,,8996,62.93,0
6,54.216,"Mount",0.668,-0.626,-0.717,0.672,-0.566,0.470,100,E,68,S,,,9669,65.31,0
7,63.396,"Mount",0.504,-1.341,-1.400,0.512,-0.959,0.358,169,E,52,S,,,8946,62.58,0
8,72.065,"Mount",0.069,-0.239,-0.247,0.070,-0.066,0.000,12,E,0,,,,9032,62.90,0
9,81.019,"Mount",-0.100,0.051,0.065,-0.101,0.083,0.000,15,W,0,,,,9429,64.15,0
10,90.041,"Mount",-0.291,-0.322,-0.276,-0.289,0.099,0.000,17,W,0,,,,8976,62.87,0
11,99.043,"Mount",0.058,-0.437,-0.441,0.061,-0.274,0.000,48,E,0,,,,9172,63.96,0
12,108.031,"Mount",-0.391,0.009,0.066,-0.391,-0.125,0.000,22,E,0,,,,9458,64.59,0
13,117.003,"Mount",-0.202,0.207,0.235,-0.204,-0.108,0.000,19,E,0,,,,8816,62.28,0
14,125.959,"Mount",-0.222,0.116,0.147,-0.223,0.019,0.000,3,W,0,,,,8462,60.90,0
15,135.059,"Mount",-0.430,0.400,0.458,-0.432,0.687,0.000,121,W,0,,,,9029,63.23,0
16,144.207,"Mount",-0.238,1.221,1.243,-0.245,1.235,0.000,218,W,0,,,,9845,66.01,0
17,153.178,"Mount",-0.038,1.985,1.969,-0.049,1.337,0.000,236,W,0,,,,10444,67.19,0
18,162.134,"Mount",-0.178,1.269,1.282,-0.185,0.775,0.000,137,W,0,,,,9428,63.66,0
19,170.897,"DROP",,,,,,,,,,,,,0,0.00,5,"No star found"
19,170.928,"Mount",0.000,0.000,0.032,0.000,0.032,0.000,6,W,0,,,,9428,63.66,5
20,179.955,"Mount",0.058,-0.024,-0.032,0.058,0.036,0.000,6,W,0,,,,9572,64.49,0
21,188.870,"DROP",,,,,,,,,,,,,0,0.00,5,"No star found"
21,188.967,"Mount",0.000,0.000,0.213,0.000,0.213,0.000,38,W,0,,,,9572,64.49,5
22,197.947,"Mount",0.287,0.052,0.010,0.287,-0.003,0.000,1,E,0,,,,9398,64.37,0
23,206.917,"Mount",0.011,0.098,0.096,0.010,-0.011,0.000,2,E,0,,,,9187,63.26,0
24,216.010,"Mount",0.157,0.389,0.362,0.154,0.241,0.000,43,W,0,,,,9133,63.16,0
25,224.934,"Mount",0.297,0.211,0.165,0.296,-0.019,0.000,3,E,0,,,,8699,61.71,0
26,234.115,"Mount",0.360,-0.195,-0.246,0.361,-0.104,0.253,18,E,36,S,,,9032,63.43,0
27,242.975,"Mount",0.221,-0.023,-0.055,0.221,-0.094,0.000,17,E,0,,,,9383,64.21,0
28,252.010,"Mount",-0.071,-0.892,-0.872,-0.066,-0.544,0.000,96,E,0,,,,9078,63.30,0
29,261.062,"Mount",0.259,-0.731,-0.761,0.264,-0.422,0.000,74,E,0,,,,9339,64.13,0
30,269.970,"Mount",0.040,0.157,0.150,0.039,-0.064,0.000,11,E,0,,,,9010,62.78,0
31,279.134,"Mount",0.384,0.064,0.007,0.384,-0.178,0.269,31,E,39,S,,,8722,62.08,0
32,288.123,"Mount",0.352,0.070,0.018,0.351,-0.181,0.246,32,E,35,S,,,8680,61.54,0
33,296.862,"DROP",,,,,,,,,,,,,0,0.00,5,"No star found"
33,296.950,"Mount",0.000,0.000,-0.193,0.000,-0.193,0.000,34,E,0,,,,8680,61.54,5
34,305.954,"Mount",-0.010,-0.411,-0.405,-0.007,-0.320,0.000,56,E,0,,,,8928,62.84,0
35,314.958,"Mount",0.142,0.209,0.186,0.141,-0.062,0.000,11,E,0,,,,9415,64.74,0
36,323.960,"Mount",0.278,0.639,0.592,0.275,0.384,0.000,68,W,0,,,,8964,62.66,0
37,333.061,"Mount",0.015,0.659,0.650,0.011,0.467,0.000,83,W,0,,,,9063,63.09,0
38,341.907,"Mount",0.111,0.388,0.368,0.108,0.219,0.000,39,W,0,,,,9271,63.57,0
39,350.863,"Mount",-0.085,0.009,0.022,-0.085,-0.003,0.000,1,E,0,,,,8796,62.06,0
40,359.883,"Mount",-0.157,0.072,0.094,-0.157,0.004,0.000,1,W,0,,,,9405,64.39,0
41,368.875,"Mount",-0.234,0.010,0.044,-0.234,-0.038,0.000,7,E,0,,,,9061,63.18,0
42,377.862,"Mount",-0.020,-0.230,-0.224,-0.019,0.001,0.000,0,,0,,,,8846,62.02,0
43,386.982,"Mount",-0.009,-0.469,-0.463,-0.007,-0.382,0.000,67,E,0,,,,8740,61.58,0
44,395.962,"Mount",0.265,-0.475,-0.508,0.268,-0.415,0.000,73,E,0,,,,8838,62.17,0
45,404.854,"Mount",-0.049,-0.186,-0.177,-0.047,-0.036,0.000,6,E,0,,,,9075,62.61,0
46,414.097,"Mount",0.396,-0.758,-0.808,0.401,-0.581,0.281,103,E,40,S,,,9069,63.10,0
47,422.970,"Mount",0.120,-0.729,-0.738,0.124,-0.523,0.000,92,E,0,,,,9262,64.27,0
48,432.102,"Mount",0.370,-0.739,-0.785,0.374,-0.584,0.262,103,E,38,S,,,8947,63.07,0
49,441.139,"Mount",0.126,-1.982,-1.979,0.138,-1.403,0.000,248,E,0,,,,9172,63.91,0
50,449.998,"Mount",-0.071,-1.124,-1.102,-0.065,-0.722,0.000,128,E,0,,,,8828,62.35,0
51,458.906,"Mount",-0.047,-0.663,-0.649,-0.043,-0.261,0.000,46,E,0,,,,8581,61.54,0
52,467.845,"Mount",0.008,-0.021,-0.022,0.008,0.031,0.000,5,W,0,,,,8848,62.47,0
53,476.961,"Mount",-0.117,0.893,0.901,-0.123,0.486,0.000,86,W,0,,,,8736,61.60,0
54,485.916,"Mount",-0.133,0.405,0.420,-0.135,0.204,0.000,36,W,0,,,,9134,63.12,0
55,494.919,"Mount",-0.135,0.145,0.163,-0.136,-0.075,0.000,13,E,0,,,,8664,61.46,0
56,503.959,"Mount",-0.154,0.299,0.319,-0.156,0.275,0.000,49,W,0,,,,8616,61.03,0
57,513.038,"Mount",-0.404,0.984,1.033,-0.410,0.929,0.000,164,W,0,,,,9217,63.14,0
58,521.946,"Mount",-0.142,0.055,0.076,-0.142,-0.091,0.000,16,E,0,,,,8852,61.84,0
59,530.938,"Mount",-0.004,-0.019,-0.019,-0.004,-0.167,0.000,29,E,0,,,,8944,62.23,0
60,539.921,"Mount",-0.014,-0.701,-0.691,-0.010,-0.489,0.000,86,E,0,,,,8643,61.66,0
61,548.845,"Mount",-0.128,-0.298,-0.276,-0.127,-0.067,0.000,12,E,0,,,,9276,64.10,0
62,557.912,"Mount",-0.357,-0.727,-0.667,-0.352,-0.437,0.000,77,E,0,,,,9110,63.32,0
63,567.043,"Mount",-0.340,0.017,0.066,-0.340,0.124,-0.238,22,W,34,N,,,8379,60.38,0
64,575.902,"Mount",-0.167,0.047,0.071,-0.167,0.076,0.000,13,W,0,,,,9240,63.57,0
65,584.848,"Mount",-0.242,-0.117,-0.081,-0.241,-0.028,0.000,5,E,0,,,,9347,64.06,0
66,593.845,"Mount",-0.026,-0.259,-0.252,-0.024,-0.115,0.000,20,E,0,,,,9691,65.33,0
67,602.896,"Mount",-0.091,-0.466,-0.448,-0.088,-0.356,0.000,63,E,0,,,,8881,62.57,0
68,611.883,"Mount",-0.091,-0.434,-0.417,-0.088,-0.111,0.000,20,E,0,,,,9010,62.88,0
69,621.096,"Mount",-0.315,0.161,0.205,-0.316,0.542,-0.221,96,W,32,N,,,9859,65.86,0
Guiding Ends at 2026-08-08 03:28:55

Guiding Begins at 2026-08-08 03:29:37
Equipment Profile = QHY5 EQASCOM OAG
Dither = both axes, Dither scale = 1.000, Image noise reduction = 2x2 mean, Guide-frame time lapse = 0, Server enabled
Pixel scale = 1.05 arc-sec/px, Binning = 1, Focal length = 1018 mm
Search region = 24 px, Star mass tolerance = 90.0%, Multi-star mode, list size = 12
 Camera = QHY5II-M-10d7d910f33c7354, gain = 90, full size = 1280 x 1024, have dark, dark dur = 3000, no defect map, pixel size = 5.2 um
Exposure = 3000 ms
Mount = EQMOD HEQ5/6 (ASCOM), connected, guiding enabled, xAngle = 98.4, xRate = 5.663, yAngle = 17.1, yRate = 6.929, parity = +/+
Norm rates RA = 7.0"/s @ dec 0, Dec = 7.3"/s; ortho.err. = 8.7 deg
X guide algorithm = Predictive PEC, Control gain = 0.630
Prediction gain = 0.430
Minimum move = 0.330
Hyperparameters
	Length scale long range SE kernel = 700.000
	Signal variance long range SE kernel = 20.000
	Length scale periodic kernel = 10.000
	Signal variance periodic kernel = 20.000
	Length scale short range SE kernel = 25.000
	Signal variance short range SE kernel = 10.000
	Period length periodic kernel = 479.424
	FFT called after = 2.000 worm cycles
	Auto-adjust period length = On
Y guide algorithm = Resist Switch, Minimum move = 0.300 Aggression = 70% FastSwitch = disabled
Backlash comp = disabled, pulse = 495 ms
Max RA duration = 2500, Max DEC duration = 2500, DEC guide mode = Auto
RA Guide Speed = 7.5 a-s/s, Dec Guide Speed = 7.5 a-s/s, Cal Dec = 0.0, Last Cal Issue = None, Timestamp = 7/7/2026 10:36:27 PM
RA = 20.91 hr, Dec = 31.1 deg, Hour angle = 2.54 hr, Pier side = East, Rotator pos = N/A, Alt = 54.9 deg, Az = 246.9 deg
Lock position = 983.838, 293.529, Star position = 983.838, 293.529, HFD = 5.22 px
Frame,Time,mount,dx,dy,RARawDistance,DECRawDistance,RAGuideDistance,DECGuideDistance,RADuration,RADirection,DECDuration,DECDirection,XStep,YStep,StarMass,SNR,ErrorCode
INFO: SETTLING STATE CHANGE, Settling started
1,12.044,"Mount",0.181,-0.090,-0.116,0.181,-0.073,0.000,13,E,0,,,,9340,59.11,0
INFO: SETTLING STATE CHANGE, Settling complete
2,21.172,"Mount",-0.212,1.194,1.212,-0.219,0.764,0.000,135,W,0,,,,9742,61.64,0
3,30.077,"Mount",-0.218,0.836,0.859,-0.222,0.541,0.000,96,W,0,,,,9189,59.15,0
4,39.077,"Mount",0.150,0.412,0.385,0.148,0.222,0.000,39,W,0,,,,8916,58.79,0
5,48.014,"Mount",-0.181,-0.080,-0.052,-0.181,-0.101,0.000,18,E,0,,,,9339,59.67,0
6,57.078,"Mount",-0.289,-0.484,-0.437,-0.286,-0.365,0.000,65,E,0,,,,8813,58.13,0
7,65.925,"Mount",-0.061,-0.115,-0.105,-0.060,0.033,0.000,6,W,0,,,,8954,58.17,0
8,75.095,"Mount",-0.289,0.359,0.397,-0.291,0.300,0.000,53,W,0,,,,8977,58.02,0
9,84.098,"Mount",-0.008,-0.525,-0.519,-0.005,-0.457,0.000,81,E,0,,,,8840,57.82,0
10,93.080,"Mount",-0.180,-0.524,-0.492,-0.177,-0.482,0.000,85,E,0,,,,9337,59.80,0
11,102.112,"Mount",0.016,-1.100,-1.091,0.022,-0.809,0.000,143,E,0,,,,8675,57.22,0
12,111.017,"Mount",-0.138,-0.447,-0.422,-0.136,-0.317,0.000,56,E,0,,,,9535,60.17,0
13,120.002,"Mount",0.106,-0.411,-0.422,0.108,-0.303,0.000,54,E,0,,,,8943,58.12,0
14,129.018,"Mount",-0.120,-0.427,-0.405,-0.117,-0.261,0.000,46,E,0,,,,9317,60.19,0
15,137.958,"Mount",-0.105,-0.306,-0.288,-0.103,0.016,0.000,3,W,0,,,,8843,57.60,0
16,146.943,"Mount",-0.194,-0.005,0.023,-0.194,0.047,0.000,8,W,0,,,,9417,60.77,0
17,155.970,"Mount",-0.507,0.315,0.386,-0.509,0.221,0.000,39,W,0,,,,9455,60.69,0
18,164.924,"DROP",,,,,,,,,,,,,0,0.00,5,"No star found"
18,164.986,"Mount",0.000,0.000,0.006,0.000,0.006,0.000,1,W,0,,,,9455,60.69,5
19,173.922,"Mount",-0.012,0.094,0.095,-0.013,0.009,0.000,2,W,0,,,,9761,60.21,0
20,183.083,"Mount",-0.581,0.400,0.480,-0.584,0.268,0.000,47,W,0,,,,9395,59.92,0
21,191.938,"Mount",0.098,0.195,0.179,0.097,-0.039,0.000,7,E,0,,,,8280,56.66,0
22,200.985,"Mount",-0.078,0.123,0.133,-0.079,-0.091,0.000,16,E,0,,,,9251,59.35,0
23,210.077,"Mount",0.097,0.857,0.833,0.092,0.477,0.000,84,W,0,,,,9521,61.29,0
24,218.908,"Mount",0.034,-0.285,-0.287,0.035,-0.052,0.000,9,E,0,,,,8466,56.61,0
25,227.909,"Mount",-0.132,-0.334,-0.312,-0.130,-0.049,0.000,9,E,0,,,,8431,56.50,0
26,237.002,"Mount",-0.217,-0.307,-0.273,-0.215,-0.070,0.000,12,E,0,,,,8799,58.24,0
27,245.938,"Mount",-0.299,-0.182,-0.137,-0.298,-0.161,0.000,28,E,0,,,,9434,59.80,0
28,255.019,"Mount",-0.122,-0.355,-0.333,-0.120,-0.332,0.000,59,E,0,,,,8729,57.82,0
29,263.926,"Mount",-0.014,-0.117,-0.114,-0.014,0.034,0.000,6,W,0,,,,9570,60.87,0
30,272.973,"Mount",0.155,0.126,0.102,0.154,0.127,0.000,22,W,0,,,,9130,59.11,0
31,282.056,"Mount",-0.231,0.798,0.823,-0.235,0.553,0.000,98,W,0,,,,9234,59.03,0
32,290.978,"Mount",-0.469,0.201,0.267,-0.470,-0.060,0.000,11,E,0,,,,9097,59.29,0
33,299.950,"Mount",-0.223,0.195,0.225,-0.224,-0.122,0.000,22,E,0,,,,9133,59.03,0
34,309.017,"Mount",-0.138,0.459,0.475,-0.141,0.335,0.000,59,W,0,,,,8345,56.36,0
35,318.165,"Mount",-0.254,1.766,1.784,-0.264,1.444,0.000,255,W,0,,,,9045,58.19,0
36,327.009,"Mount",-0.281,0.563,0.598,-0.284,0.496,0.000,87,W,0,,,,8963,58.99,0
37,339.035,"Mount",0.159,-0.405,-0.424,0.162,-0.443,0.000,78,E,0,,,,9258,59.20,0
38,347.973,"Mount",0.050,-0.517,-0.518,0.053,-0.406,0.000,72,E,0,,,,8812,57.91,0
39,356.962,"Mount",0.003,-0.066,-0.066,0.003,-0.104,0.000,18,E,0,,,,9287,59.92,0
40,365.997,"Mount",0.303,0.116,0.070,0.303,-0.063,0.000,11,E,0,,,,9271,59.72,0
41,375.017,"Mount",-0.054,0.669,0.670,-0.058,0.548,0.000,97,W,0,,,,8848,58.15,0
42,384.021,"Mount",0.106,0.792,0.768,0.101,0.590,0.000,104,W,0,,,,9657,61.27,0
43,393.009,"Mount",0.324,0.694,0.639,0.320,0.417,0.000,74,W,0,,,,9345,59.08,0
44,401.918,"Mount",0.166,-0.115,-0.138,0.166,-0.095,0.000,17,E,0,,,,9150,59.32,0
45,410.854,"DROP",,,,,,,,,,,,,0,0.00,5,"No star found"
45,410.949,"Mount",0.000,0.000,-0.213,0.000,-0.213,0.000,38,E,0,,,,9150,59.32,5
46,419.834,"DROP",,,,,,,,,,,,,0,0.00,5,"No star found"
46,419.909,"Mount",0.000,0.000,-0.071,0.000,-0.071,0.000,13,E,0,,,,9150,59.32,5
47,429.186,"Mount",0.020,1.883,1.860,0.009,1.583,0.000,280,W,0,,,,9074,58.34,0
48,437.832,"DROP",,,,,,,,,,,,,0,0.00,5,"No star found"
48,438.195,"Mount",0.000,0.000,1.459,0.000,1.459,0.000,258,W,0,,,,9074,58.34,5
49,446.954,"Mount",0.125,0.497,0.473,0.122,0.305,0.000,54,W,0,,,,9625,60.31,0
50,455.942,"Mount",0.013,-0.543,-0.539,0.016,-0.366,0.000,65,E,0,,,,8423,56.22,0
51,464.872,"Mount",0.278,-0.272,-0.310,0.279,0.035,0.000,6,W,0,,,,9163,59.22,0
52,474.109,"Mount",0.376,-0.306,-0.357,0.377,-0.187,0.264,33,E,38,S,,,9041,58.55,0
53,483.178,"Mount",0.786,-0.901,-1.006,0.791,-0.538,0.554,95,E,80,S,,,8576,56.62,0
54,491.958,"Mount",0.039,-0.728,-0.726,0.043,-0.453,0.000,80,E,0,,,,9396,59.81,0
55,500.851,"Mount",0.244,-0.021,-0.057,0.244,0.007,0.000,1,W,0,,,,9285,59.17,0
56,509.808,"DROP",,,,,,,,,,,,,0,0.00,5,"No star found"
56,509.838,"Mount",0.000,0.000,-0.005,0.000,-0.005,0.000,1,E,0,,,,9285,59.17,5
57,518.881,"Mount",0.127,0.308,0.286,0.125,0.024,0.000,4,W,0,,,,8770,57.26,0
58,528.071,"Mount",0.572,0.475,0.386,0.569,0.114,0.399,20,W,58,S,,,9828,60.42,0
59,536.931,"Mount",-0.206,-0.109,-0.078,-0.205,-0.119,0.000,21,E,0,,,,9632,59.83,0
60,545.826,"Mount",0.028,0.083,0.078,0.027,0.016,0.000,3,W,0,,,,8661,57.79,0
61,555.001,"Mount",0.024,0.582,0.573,0.021,0.421,0.000,74,W,0,,,,9637,60.47,0
62,563.902,"Mount",-0.284,-0.109,-0.066,-0.283,-0.110,0.000,19,E,0,,,,9490,60.30,0
63,572.895,"Mount",-0.265,-0.114,-0.075,-0.265,-0.196,0.000,35,E,0,,,,9375,59.11,0
64,581.913,"Mount",-0.157,-0.347,-0.320,-0.155,-0.127,0.000,22,E,0,,,,9688,60.49,0
65,590.805,"DROP",,,,,,,,,,,,,0,0.00,5,"No star found"
65,590.884,"Mount",0.000,0.000,-0.175,0.000,-0.175,0.000,31,E,0,,,,9688,60.49,5
66,599.781,"DROP",,,,,,,,,,,,,0,0.00,5,"No star found"
66,599.901,"Mount",0.000,0.000,-0.195,0.000,-0.195,0.000,34,E,0,,,,9688,60.49,5
67,609.094,"Mount",-0.498,2.216,2.265,-0.511,1.416,0.000,250,W,0,,,,9136,58.79,0
68,617.778,"DROP",,,,,,,,,,,,,0,0.00,5,"No star found"
68,617.871,"Mount",0.000,0.000,0.055,0.000,0.055,0.000,10,W,0,,,,9136,58.79,5
69,626.793,"DROP",,,,,,,,,,,,,0,0.00,5,"No star found"
69,626.940,"Mount",0.000,0.000,0.223,0.000,0.223,0.000,39,W,0,,,,9136,58.79,5
Guiding Ends at 2026-08-08 03:40:13

Guiding Begins at 2026-08-08 03:40:55
Equipment Profile = QHY5 EQASCOM OAG
Dither = both axes, Dither scale = 1.000, Image noise reduction = 2x2 mean, Guide-frame time lapse = 0, Server enabled
Pixel scale = 1.05 arc-sec/px, Binning = 1, Focal length = 1018 mm
Search region = 24 px, Star mass tolerance = 90.0%, Multi-star mode, list size = 12
 Camera = QHY5II-M-10d7d910f33c7354, gain = 90, full size = 1280 x 1024, have dark, dark dur = 3000, no defect map, pixel size = 5.2 um
Exposure = 3000 ms
Mount = EQMOD HEQ5/6 (ASCOM), connected, guiding enabled, xAngle = 98.4, xRate = 5.664, yAngle = 17.1, yRate = 6.929, parity = +/+
Norm rates RA = 7.0"/s @ dec 0, Dec = 7.3"/s; ortho.err. = 8.7 deg
X guide algorithm = Predictive PEC, Control gain = 0.630
Prediction gain = 0.430
Minimum move = 0.330
Hyperparameters
	Length scale long range SE kernel = 700.000
	Signal variance long range SE kernel = 20.000
	Length scale periodic kernel = 10.000
	Signal variance periodic kernel = 20.000
	Length scale short range SE kernel = 25.000
	Signal variance short range SE kernel = 10.000
	Period length periodic kernel = 479.794
	FFT called after = 2.000 worm cycles
	Auto-adjust period length = On
Y guide algorithm = Resist Switch, Minimum move = 0.300 Aggression = 70% FastSwitch = disabled
Backlash comp = disabled, pulse = 495 ms
Max RA duration = 2500, Max DEC duration = 2500, DEC guide mode = Auto
RA Guide Speed = 7.5 a-s/s, Dec Guide Speed = 7.5 a-s/s, Cal Dec = 0.0, Last Cal Issue = None, Timestamp = 7/7/2026 10:36:27 PM
RA = 20.91 hr, Dec = 31.1 deg, Hour angle = 2.73 hr, Pier side = East, Rotator pos = N/A, Alt = 53.3 deg, Az = 250.0 deg
Lock position = 440.579, 77.293, Star position = 440.579, 77.293, HFD = 5.39 px
Frame,Time,mount,dx,dy,RARawDistance,DECRawDistance,RAGuideDistance,DECGuideDistance,RADuration,RADirection,DECDuration,DECDirection,XStep,YStep,StarMass,SNR,ErrorCode
INFO: SETTLING STATE CHANGE, Settling started
1,9.044,"Mount",0.324,-0.044,-0.091,0.325,-0.057,0.000,10,E,0,,,,6279,52.13,0
INFO: SETTLING STATE CHANGE, Settling complete
2,18.042,"Mount",0.172,-0.197,-0.220,0.173,-0.139,0.000,24,E,0,,,,6508,52.97,0
3,27.089,"Mount",0.231,-0.296,-0.326,0.232,-0.206,0.000,36,E,0,,,,6584,53.29,0
4,36.024,"Mount",0.161,-0.050,-0.073,0.161,-0.075,0.000,13,E,0,,,,6805,54.66,0
5,45.029,"Mount",0.234,-0.066,-0.099,0.234,-0.108,0.000,19,E,0,,,,6393,52.80,0
6,54.025,"Mount",0.569,0.356,0.270,0.567,-0.167,0.000,30,E,0,,,,6686,54.44,0
7,63.165,"Mount",0.550,0.361,0.277,0.548,-0.041,0.384,7,E,55,S,,,7166,55.94,0
8,72.100,"Mount",0.297,0.195,0.150,0.296,0.158,0.000,28,W,0,,,,7146,55.66,0
9,81.180,"Mount",-0.367,1.086,1.128,-0.373,0.820,0.000,145,W,0,,,,6864,54.84,0
10,90.130,"Mount",-0.022,1.153,1.144,-0.028,0.644,0.000,114,W,0,,,,6901,55.05,0
11,99.048,"Mount",-0.196,0.639,0.661,-0.200,0.328,0.000,58,W,0,,,,6630,53.64,0
12,108.111,"Mount",-0.252,0.604,0.634,-0.255,0.431,0.000,76,W,0,,,,6776,54.61,0
13,117.125,"Mount",-0.277,0.719,0.751,-0.281,0.714,0.000,126,W,0,,,,7103,56.00,0
14,126.060,"Mount",0.021,0.443,0.435,0.019,0.485,0.000,86,W,0,,,,6490,52.68,0
15,135.091,"Mount",-0.167,-0.707,-0.675,-0.163,-0.543,0.000,96,E,0,,,,6843,54.50,0
16,143.932,"DROP",,,,,,,,,,,,,0,0.00,5,"No star found"
16,144.078,"Mount",0.000,0.000,-0.358,0.000,-0.358,0.000,63,E,0,,,,6843,54.50,5
17,153.072,"Mount",0.011,-0.617,-0.612,0.015,-0.476,0.000,84,E,0,,,,7083,56.13,0
18,162.048,"Mount",0.129,-0.330,-0.345,0.131,-0.312,0.000,55,E,0,,,,7061,55.22,0
19,171.006,"Mount",0.196,0.075,0.046,0.195,0.015,0.000,3,W,0,,,,6552,53.37,0
20,180.005,"Mount",-0.330,-0.086,-0.037,-0.330,0.147,0.000,26,W,0,,,,7300,56.85,0
21,188.983,"Mount",-0.225,-0.027,0.006,-0.225,0.122,0.000,21,W,0,,,,6821,54.29,0
22,197.945,"Mount",-0.303,0.049,0.093,-0.303,-0.020,0.000,4,E,0,,,,6914,55.43,0
23,207.129,"Mount",-0.328,0.304,0.349,-0.330,0.113,-0.231,20,W,33,N,,,6631,54.52,0
24,216.016,"Mount",-0.202,0.308,0.334,-0.204,0.127,0.000,22,W,0,,,,6613,54.13,0
25,225.207,"Mount",-0.304,-0.015,0.029,-0.304,0.091,-0.213,16,W,31,N,,,6820,55.03,0
26,234.221,"Mount",-0.119,1.346,1.349,-0.127,1.290,0.000,228,W,0,,,,6619,53.43,0
27,243.238,"Mount",-0.023,1.354,1.343,-0.031,1.290,0.000,228,W,0,,,,6834,54.51,0
28,251.948,"Mount",0.419,0.220,0.157,0.418,0.009,0.000,2,W,0,,,,6932,55.53,0
29,260.923,"Mount",0.036,-0.142,-0.146,0.036,0.001,0.000,0,,0,,,,7060,55.49,0
30,270.010,"Mount",0.046,0.383,0.372,0.044,0.230,0.000,41,W,0,,,,6845,54.22,0
31,279.024,"Mount",0.034,0.391,0.382,0.032,0.295,0.000,52,W,0,,,,6937,55.00,0
32,288.085,"Mount",0.277,0.780,0.732,0.272,0.489,0.000,86,W,0,,,,7196,56.44,0
33,297.021,"Mount",0.160,0.410,0.383,0.158,0.291,0.000,51,W,0,,,,6845,54.00,0
34,306.005,"Mount",0.102,0.432,0.412,0.100,0.273,0.000,48,W,0,,,,7221,55.95,0
35,315.019,"Mount",0.031,0.535,0.525,0.028,0.316,0.000,56,W,0,,,,6893,54.25,0
36,324.029,"Mount",0.354,-0.293,-0.341,0.356,-0.190,0.000,34,E,0,,,,7183,55.75,0
37,333.145,"Mount",0.519,0.164,0.087,0.518,-0.188,0.363,33,E,52,S,,,6932,54.96,0
38,341.972,"Mount",0.265,-0.182,-0.219,0.266,-0.016,0.000,3,E,0,,,,7193,55.66,0
39,350.853,"DROP",,,,,,,,,,,,,0,0.00,5,"No star found"
39,350.935,"Mount",0.000,0.000,0.198,0.000,0.198,0.000,35,W,0,,,,7193,55.66,5
40,359.902,"Mount",0.040,-0.103,-0.108,0.041,0.040,0.000,7,W,0,,,,7284,56.29,0
41,369.035,"Mount",0.057,-0.404,-0.408,0.060,-0.363,0.000,64,E,0,,,,6845,54.94,0
42,378.075,"Mount",0.265,-1.047,-1.074,0.271,-0.871,0.000,154,E,0,,,,7051,54.92,0
43,387.026,"Mount",0.098,-0.863,-0.868,0.103,-0.653,0.000,115,E,0,,,,6893,54.40,0
44,395.881,"Mount",0.019,-0.077,-0.079,0.020,-0.045,0.000,8,E,0,,,,7272,57.53,0
45,405.072,"Mount",0.346,-0.225,-0.273,0.347,-0.037,0.243,7,E,35,S,,,7277,56.45,0
46,413.915,"Mount",0.058,0.172,0.162,0.057,-0.008,0.000,1,E,0,,,,7084,55.48,0
47,422.988,"Mount",-0.324,0.518,0.559,-0.327,0.380,0.000,67,W,0,,,,7470,56.99,0
48,432.003,"Mount",-0.103,0.677,0.685,-0.107,0.489,0.000,86,W,0,,,,7110,55.98,0
49,441.035,"Mount",-0.229,0.496,0.524,-0.232,0.309,0.000,55,W,0,,,,7264,56.79,0
50,450.003,"Mount",-0.262,0.482,0.515,-0.265,0.314,0.000,55,W,0,,,,6833,54.82,0
51,459.065,"Mount",-0.615,1.000,1.079,-0.621,0.664,0.000,117,W,0,,,,7394,57.01,0
52,468.048,"Mount",-0.349,0.719,0.762,-0.353,0.471,0.000,83,W,0,,,,6892,55.33,0
53,477.095,"Mount",-0.334,0.268,0.314,-0.336,-0.096,-0.235,17,E,34,N,,,6738,54.51,0
54,486.015,"Mount",-0.055,0.738,0.738,-0.059,0.385,0.000,68,W,0,,,,6832,54.61,0
55,494.998,"Mount",0.222,-0.354,-0.383,0.224,-0.298,0.000,53,E,0,,,,6597,53.47,0
56,503.982,"Mount",0.102,-0.291,-0.302,0.103,-0.069,0.000,12,E,0,,,,6714,53.99,0
57,513.022,"Mount",-0.234,-0.709,-0.667,-0.230,-0.463,0.000,82,E,0,,,,6590,53.34,0
58,522.014,"Mount",-0.017,-0.481,-0.473,-0.014,-0.411,0.000,72,E,0,,,,6686,54.32,0
59,530.997,"Mount",-0.262,-0.469,-0.426,-0.259,-0.456,0.000,80,E,0,,,,7015,55.57,0
60,539.996,"Mount",0.095,-0.336,-0.346,0.097,-0.312,0.000,55,E,0,,,,6564,53.43,0
61,548.980,"Mount",0.036,0.343,0.334,0.035,0.289,0.000,51,W,0,,,,7096,55.64,0
62,558.028,"Mount",0.041,0.675,0.662,0.037,0.622,0.000,110,W,0,,,,6932,55.28,0
63,566.964,"Mount",0.091,0.913,0.890,0.085,0.584,0.000,103,W,0,,,,6677,54.19,0
64,575.948,"Mount",0.068,0.404,0.390,0.065,0.175,0.000,31,W,0,,,,6774,54.27,0
65,584.981,"Mount",-0.010,0.411,0.408,-0.012,0.234,0.000,41,W,0,,,,6856,54.83,0
66,593.981,"Mount",-0.071,0.428,0.434,-0.073,0.430,0.000,76,W,0,,,,6356,52.96,0
67,603.045,"Mount",-0.049,1.060,1.055,-0.055,0.890,0.000,157,W,0,,,,6890,54.73,0
68,611.858,"Mount",-0.159,-0.348,-0.321,-0.157,0.011,0.000,2,W,0,,,,6464,53.18,0
69,621.007,"Mount",0.198,-0.512,-0.535,0.201,-0.471,0.000,83,E,0,,,,6223,52.30,0
Guiding Ends at 2026-08-08 03:51:25

Guiding Begins at 2026-08-08 03:52:07
Equipment Profile = QHY5 EQASCOM OAG
Dither = both axes, Dither scale = 1.000, Image noise reduction = 2x2 mean, Guide-frame time lapse = 0, Server enabled
Pixel scale = 1.05 arc-sec/px, Binning = 1, Focal length = 1018 mm
Search region = 24 px, Star mass tolerance = 90.0%, Multi-star mode, list size = 12
 Camera = QHY5II-M-10d7d910f33c7354, gain = 90, full size = 1280 x 1024, have dark, dark dur = 3000, no defect map, pixel size = 5.2 um
Exposure = 3000 ms
Mount = EQMOD HEQ5/6 (ASCOM), connected, guiding enabled, xAngle = 98.4, xRate = 5.664, yAngle = 17.1, yRate = 6.929, parity = +/+
Norm rates RA = 7.0"/s @ dec 0, Dec = 7.3"/s; ortho.err. = 8.7 deg
X guide algorithm = Predictive PEC, Control gain = 0.630
Prediction gain = 0.430
Minimum move = 0.330
Hyperparameters
	Length scale long range SE kernel = 700.000
	Signal variance long range SE kernel = 20.000
	Length scale periodic kernel = 10.000
	Signal variance periodic kernel = 20.000
	Length scale short range SE kernel = 25.000
	Signal variance short range SE kernel = 10.000
	Period length periodic kernel = 480.014
	FFT called after = 2.000 worm cycles
	Auto-adjust period length = On
Y guide algorithm = Resist Switch, Minimum move = 0.300 Aggression = 70% FastSwitch = disabled
Backlash comp = disabled, pulse = 495 ms
Max RA duration = 2500, Max DEC duration = 2500, DEC guide mode = Auto
RA Guide Speed = 7.5 a-s/s, Dec Guide Speed = 7.5 a-s/s, Cal Dec = 0.0, Last Cal Issue = None, Timestamp = 7/7/2026 10:36:27 PM
RA = 20.91 hr, Dec = 31.1 deg, Hour angle = 2.92 hr, Pier side = East, Rotator pos = N/A, Alt = 51.7 deg, Az = 252.9 deg
Lock position = 986.214, 294.570, Star position = 986.214, 294.570, HFD = 4.92 px
Frame,Time,mount,dx,dy,RARawDistance,DECRawDistance,RAGuideDistance,DECGuideDistance,RADuration,RADirection,DECDuration,DECDirection,XStep,YStep,StarMass,SNR,ErrorCode
INFO: SETTLING STATE CHANGE, Settling started
1,9.019,"Mount",-0.260,0.088,0.125,-0.261,0.079,0.000,14,W,0,,,,8198,57.85,0
INFO: SETTLING STATE CHANGE, Settling complete
2,17.972,"Mount",0.102,-0.054,-0.068,0.103,-0.043,0.000,8,E,0,,,,8590,59.18,0
3,27.021,"Mount",-0.265,-0.167,-0.127,-0.264,-0.080,0.000,14,E,0,,,,8513,57.84,0
4,36.118,"Mount",-0.586,0.556,0.636,-0.589,0.744,0.000,131,W,0,,,,8465,58.11,0
5,45.247,"Mount",-0.278,1.593,1.617,-0.287,1.400,0.000,247,W,0,,,,8458,58.38,0
6,54.040,"Mount",-0.127,-0.014,0.005,-0.127,0.304,0.000,54,W,0,,,,8189,57.35,0
7,63.120,"Mount",-0.051,-1.017,-0.999,-0.045,-0.689,0.000,122,E,0,,,,8585,58.55,0
8,72.103,"Mount",-0.017,0.396,0.395,-0.019,0.246,0.000,43,W,0,,,,9025,59.91,0
9,81.009,"Mount",0.599,-0.365,-0.449,0.601,-0.286,0.000,50,E,0,,,,8499,58.43,0
10,89.977,"Mount",-0.124,0.098,0.115,-0.124,0.031,0.000,6,W,0,,,,8801,59.44,0
11,98.992,"Mount",0.326,-0.076,-0.123,0.327,0.055,0.000,10,W,0,,,,8419,58.21,0
12,107.931,"Mount",0.069,-0.018,-0.028,0.069,0.039,0.000,7,W,0,,,,8240,58.08,0
13,117.051,"Mount",-0.050,0.838,0.836,-0.055,0.520,0.000,92,W,0,,,,8159,57.08,0
14,126.073,"Mount",0.144,1.045,1.013,0.138,0.617,0.000,109,W,0,,,,8354,59.04,0
15,134.976,"Mount",0.096,0.365,0.347,0.094,0.193,0.000,34,W,0,,,,8768,59.38,0
16,144.038,"Mount",0.063,-0.037,-0.046,0.063,-0.111,0.000,20,E,0,,,,8694,58.72,0
17,153.024,"Mount",0.349,0.169,0.117,0.348,0.003,0.244,1,W,35,S,,,8350,58.41,0
18,162.060,"Mount",-0.523,0.557,0.627,-0.527,0.442,0.000,78,W,0,,,,8343,58.13,0
19,170.932,"Mount",-0.323,-0.328,-0.278,-0.321,-0.012,0.000,2,E,0,,,,8557,58.46,0
20,180.062,"Mount",0.131,-0.433,-0.448,0.133,-0.515,0.000,91,E,0,,,,8263,57.26,0
21,189.281,"Mount",0.569,-0.488,-0.565,0.572,-0.515,0.400,91,E,58,S,,,9022,59.61,0
22,197.970,"Mount",0.021,-0.061,-0.064,0.021,-0.114,0.000,20,E,0,,,,8489,58.01,0
23,206.994,"Mount",-0.252,0.382,0.414,-0.254,0.186,0.000,33,W,0,,,,8386,57.98,0
24,215.932,"Mount",-0.182,-0.021,0.005,-0.182,-0.027,0.000,5,E,0,,,,8692,59.26,0
25,224.932,"Mount",0.158,0.224,0.199,0.157,-0.007,0.000,1,E,0,,,,8508,58.85,0
26,234.044,"Mount",-0.060,0.753,0.753,-0.064,0.496,0.000,88,W,0,,,,8505,59.11,0
27,242.933,"Mount",-0.420,-0.319,-0.254,-0.418,0.019,0.000,3,W,0,,,,8269,57.42,0
28,251.876,"Mount",-0.032,-0.092,-0.087,-0.032,-0.044,0.000,8,E,0,,,,8242,57.64,0
29,260.997,"Mount",0.104,-0.432,-0.442,0.106,-0.247,0.000,44,E,0,,,,8709,58.94,0
30,269.918,"Mount",-0.184,0.103,0.128,-0.185,-0.032,0.000,6,E,0,,,,8218,57.12,0
31,278.921,"Mount",0.025,0.207,0.201,0.024,-0.039,0.000,7,E,0,,,,8267,57.43,0
32,287.977,"Mount",0.095,0.236,0.219,0.094,-0.066,0.000,12,E,0,,,,7996,57.27,0
33,296.944,"Mount",-0.364,-0.014,0.039,-0.364,-0.109,0.000,19,E,0,,,,8244,57.16,0
34,305.967,"Mount",-0.034,0.462,0.462,-0.037,0.222,0.000,39,W,0,,,,8639,59.19,0
35,314.951,"Mount",0.101,-0.018,-0.033,0.101,-0.070,0.000,12,E,0,,,,8138,57.02,0
36,323.936,"Mount",0.005,-0.082,-0.082,0.006,-0.107,0.000,19,E,0,,,,8039,56.95,0
37,332.934,"Mount",-0.205,0.211,0.239,-0.206,-0.117,0.000,21,E,0,,,,8104,56.88,0
38,341.947,"Mount",-0.068,-0.059,-0.049,-0.068,-0.163,0.000,29,E,0,,,,8175,57.29,0
39,350.863,"Mount",-0.155,-0.076,-0.053,-0.154,-0.039,0.000,7,E,0,,,,7881,55.73,0
40,359.993,"Mount",-0.202,0.533,0.557,-0.205,0.499,0.000,88,W,0,,,,8380,57.82,0
41,368.981,"Mount",-0.305,0.536,0.575,-0.308,0.490,0.000,87,W,0,,,,8091,57.13,0
42,377.917,"Mount",-0.278,0.234,0.272,-0.279,-0.024,0.000,4,E,0,,,,7749,55.20,0
43,386.916,"Mount",-0.261,0.115,0.151,-0.261,-0.104,0.000,18,E,0,,,,7502,54.65,0
44,396.012,"Mount",-0.480,0.690,0.753,-0.484,0.551,0.000,97,W,0,,,,7498,54.92,0
45,405.139,"Mount",-0.490,0.313,0.382,-0.492,0.349,-0.345,62,W,50,N,,,7753,55.64,0
46,413.931,"Mount",-0.094,-0.049,-0.035,-0.094,0.134,0.000,24,W,0,,,,7773,56.95,0
47,423.010,"Mount",0.326,-1.010,-1.046,0.332,-0.727,0.000,128,E,0,,,,7955,56.83,0
48,432.009,"Mount",0.262,-0.887,-0.916,0.267,-0.738,0.000,130,E,0,,,,7804,55.65,0
49,440.913,"Mount",0.440,-0.005,-0.069,0.440,-0.151,0.000,27,E,0,,,,7619,55.55,0
50,449.865,"Mount",0.646,-0.179,-0.271,0.647,-0.084,0.000,15,E,0,,,,7998,56.97,0
51,461.844,"Mount",0.559,-0.160,-0.240,0.560,-0.012,0.000,2,E,0,,,,8639,59.33,0
52,471.093,"Mount",0.684,0.004,-0.095,0.684,0.091,0.479,16,W,69,S,,,7690,55.68,0
53,479.852,"Mount",0.206,0.223,0.190,0.204,0.084,0.000,15,W,0,,,,7982,56.57,0
54,488.900,"Mount",0.300,0.462,0.414,0.297,0.228,0.000,40,W,0,,,,7818,56.14,0
55,497.947,"Mount",0.124,0.967,0.938,0.119,0.477,0.000,84,W,0,,,,8492,59.49,0
56,507.107,"Mount",0.312,0.586,0.534,0.309,0.291,0.216,51,W,31,S,,,8672,59.65,0
57,515.994,"Mount",-0.085,1.182,1.181,-0.091,0.849,0.000,150,W,0,,,,8775,60.53,0
58,525.217,"Mount",0.061,2.443,2.408,0.047,2.013,0.000,355,W,0,,,,8399,58.04,0
59,533.880,"Mount",0.248,-0.544,-0.575,0.251,-0.103,0.000,18,E,0,,,,7901,55.97,0
60,543.087,"Mount",0.529,-0.296,-0.370,0.531,-0.137,0.371,24,E,54,S,,,8509,58.47,0
61,551.832,"Mount",-0.126,-0.179,-0.159,-0.125,-0.043,0.000,8,E,0,,,,8082,56.33,0
62,561.024,"Mount",0.564,0.167,0.083,0.563,-0.001,0.394,0,,57,S,,,8298,57.41,0
63,570.039,"Mount",0.400,0.301,0.239,0.398,0.032,0.279,6,W,40,S,,,8469,58.39,0
64,578.816,"Mount",-0.016,0.232,0.232,-0.017,0.040,0.000,7,W,0,,,,8196,56.77,0
65,588.106,"Mount",0.764,0.026,-0.085,0.764,0.065,0.535,11,W,77,S,,,9087,60.92,0
66,597.011,"Mount",0.547,0.154,0.073,0.546,0.007,0.382,1,W,55,S,,,8256,57.08,0
67,605.997,"Mount",0.841,0.092,-0.031,0.840,-0.023,0.588,4,E,85,S,,,8737,59.30,0
68,615.048,"Mount",0.768,0.119,0.005,0.767,-0.055,0.537,10,E,77,S,,,9123,60.99,0
69,624.228,"Mount",-0.172,0.155,0.178,-0.173,-0.083,0.000,15,E,0,,,,10371,63.89,0
Guiding Ends at 2026-08-08 04:02:40

Guiding Begins at 2026-08-08 04:03:22
Equipment Profile = QHY5 EQASCOM OAG
Dither = both axes, Dither scale = 1.000, Image noise reduction = 2x2 mean, Guide-frame time lapse = 0, Server enabled
Pixel scale = 1.05 arc-sec/px, Binning = 1, Focal length = 1018 mm
Search region = 24 px, Star mass tolerance = 90.0%, Multi-star mode, list size = 12
 Camera = QHY5II-M-10d7d910f33c7354, gain = 90, full size = 1280 x 1024, have dark, dark dur = 3000, no defect map, pixel size = 5.2 um
Exposure = 3000 ms
Mount = EQMOD HEQ5/6 (ASCOM), connected, guiding enabled, xAngle = 98.4, xRate = 5.664, yAngle = 17.1, yRate = 6.929, parity = +/+
Norm rates RA = 7.0"/s @ dec 0, Dec = 7.3"/s; ortho.err. = 8.7 deg
X guide algorithm = Predictive PEC, Control gain = 0.630
Prediction gain = 0.430
Minimum move = 0.330
Hyperparameters
	Length scale long range SE kernel = 700.000
	Signal variance long range SE kernel = 20.000
	Length scale periodic kernel = 10.000
	Signal variance periodic kernel = 20.000
	Length scale short range SE kernel = 25.000
	Signal variance short range SE kernel = 10.000
	Period length periodic kernel = 480.163
	FFT called after = 2.000 worm cycles
	Auto-adjust period length = On
Y guide algorithm = Resist Switch, Minimum move = 0.300 Aggression = 70% FastSwitch = disabled
Backlash comp = disabled, pulse = 495 ms
Max RA duration = 2500, Max DEC duration = 2500, DEC guide mode = Auto
RA Guide Speed = 7.5 a-s/s, Dec Guide Speed = 7.5 a-s/s, Cal Dec = 0.0, Last Cal Issue = None, Timestamp = 7/7/2026 10:36:27 PM
RA = 20.91 hr, Dec = 31.1 deg, Hour angle = 3.11 hr, Pier side = East, Rotator pos = N/A, Alt = 50.1 deg, Az = 255.8 deg
Lock position = 986.137, 292.917, Star position = 986.137, 292.917, HFD = 4.75 px
Frame,Time,mount,dx,dy,RARawDistance,DECRawDistance,RAGuideDistance,DECGuideDistance,RADuration,RADirection,DECDuration,DECDirection,XStep,YStep,StarMass,SNR,ErrorCode
INFO: SETTLING STATE CHANGE, Settling started
1,8.868,"DROP",,,,,,,,,,,,,0,0.00,5,"No star found"
1,9.260,"Mount",0.000,0.000,-1.803,0.000,-1.803,0.000,318,E,0,,,,8826,58.11,5
2,18.168,"Mount",-0.084,1.885,1.877,-0.095,1.183,0.000,209,W,0,,,,9089,60.36,0
INFO: SETTLING STATE CHANGE, Settling complete
3,27.059,"Mount",-0.166,1.098,1.110,-0.173,0.699,0.000,124,W,0,,,,9060,58.69,0
4,36.080,"Mount",-0.135,1.447,1.451,-0.144,0.914,0.000,161,W,0,,,,9499,61.60,0
5,45.018,"Mount",-0.131,0.632,0.645,-0.134,0.401,0.000,71,W,0,,,,8967,58.73,0
6,54.006,"Mount",-0.143,0.467,0.483,-0.146,0.316,0.000,56,W,0,,,,9271,59.40,0
7,62.992,"Mount",0.782,0.572,0.452,0.779,0.272,0.000,48,W,0,,,,9808,62.12,0
8,72.011,"Mount",0.756,0.593,0.476,0.753,0.306,0.000,54,W,0,,,,9709,62.15,0
9,80.873,"DROP",,,,,,,,,,,,,0,0.00,5,"No star found"
9,80.901,"Mount",0.000,0.000,-0.035,0.000,-0.035,0.000,6,E,0,,,,9709,62.15,5
10,90.239,"Mount",0.521,-0.298,-0.371,0.522,-0.316,0.366,56,E,53,S,,,9715,61.25,0
11,98.968,"Mount",-0.037,-0.175,-0.168,-0.036,-0.054,0.000,10,E,0,,,,9524,60.74,0
12,108.098,"Mount",-0.009,-1.060,-1.048,-0.003,-0.719,0.000,127,E,0,,,,9147,58.92,0
13,117.003,"Mount",-0.210,-0.365,-0.331,-0.208,-0.280,0.000,49,E,0,,,,9662,61.09,0
14,126.068,"Mount",0.077,-0.397,-0.404,0.079,-0.331,0.000,58,E,0,,,,9497,61.13,0
15,135.167,"Mount",0.309,-0.425,-0.465,0.312,-0.418,0.218,74,E,31,S,,,9341,60.69,0
16,144.009,"Mount",0.121,-0.096,-0.113,0.121,-0.119,0.000,21,E,0,,,,8762,59.18,0
17,153.139,"Mount",0.508,-0.146,-0.218,0.509,-0.093,0.356,16,E,51,S,,,9306,60.25,0
18,161.992,"Mount",0.021,0.158,0.154,0.020,0.055,0.000,10,W,0,,,,9789,61.54,0
19,171.032,"Mount",0.065,0.693,0.677,0.061,0.549,0.000,97,W,0,,,,8758,58.19,0
20,180.034,"Mount",0.301,1.044,0.989,0.295,0.653,0.000,115,W,0,,,,9287,60.19,0
21,189.005,"Mount",0.047,0.485,0.473,0.045,0.255,0.000,45,W,0,,,,9267,59.88,0
22,198.023,"Mount",-0.092,0.742,0.747,-0.096,0.453,0.000,80,W,0,,,,8901,57.95,0
23,207.297,"Mount",0.482,1.826,1.737,0.471,1.139,0.330,201,W,48,S,,,9370,60.62,0
24,215.979,"Mount",0.020,0.502,0.494,0.017,0.306,0.000,54,W,0,,,,8932,58.74,0
25,224.966,"Mount",-0.115,-0.504,-0.482,-0.112,-0.199,0.000,35,E,0,,,,8984,57.60,0
26,234.112,"Mount",-0.427,-1.340,-1.263,-0.419,-0.809,0.000,143,E,0,,,,8645,56.75,0
27,243.001,"Mount",-0.191,-0.705,-0.669,-0.187,-0.516,0.000,91,E,0,,,,8836,57.94,0
28,251.923,"Mount",0.012,-0.141,-0.142,0.013,-0.108,0.000,19,E,0,,,,9180,58.90,0
29,260.957,"Mount",-0.348,-0.459,-0.403,-0.346,-0.318,0.000,56,E,0,,,,9463,60.17,0
30,269.866,"DROP",,,,,,,,,,,,,0,0.00,5,"No star found"
30,269.958,"Mount",0.000,0.000,-0.070,0.000,-0.070,0.000,12,E,0,,,,9463,60.17,5
31,278.976,"Mount",0.246,0.246,0.208,0.244,0.062,0.000,11,W,0,,,,9420,61.07,0
32,287.930,"Mount",-0.167,0.290,0.311,-0.169,0.087,0.000,15,W,0,,,,8692,57.95,0
33,296.909,"Mount",-0.097,-0.074,-0.059,-0.096,-0.029,0.000,5,E,0,,,,9160,59.12,0
34,305.955,"Mount",-0.153,-0.092,-0.068,-0.153,-0.067,0.000,12,E,0,,,,8598,57.17,0
35,314.968,"Mount",0.015,0.836,0.825,0.010,0.521,0.000,92,W,0,,,,8456,56.45,0
36,323.986,"Mount",0.286,0.579,0.531,0.283,0.464,0.000,82,W,0,,,,9646,62.17,0
37,333.117,"Mount",0.314,0.413,0.363,0.312,0.543,0.218,96,W,31,S,,,9058,58.63,0
38,341.990,"Mount",-0.347,-0.037,0.014,-0.347,0.324,0.000,57,W,0,,,,9023,58.29,0
39,351.106,"Mount",0.305,0.249,0.202,0.303,0.073,0.212,13,W,31,S,,,9288,60.35,0
40,359.883,"Mount",0.126,0.249,0.228,0.125,-0.028,0.000,5,E,0,,,,9414,61.35,0
41,368.997,"Mount",0.392,0.029,-0.028,0.391,-0.006,0.274,1,E,40,S,,,9430,61.23,0
42,377.807,"DROP",,,,,,,,,,,,,0,0.00,5,"No star found"
42,377.840,"Mount",0.000,0.000,0.029,0.000,0.029,0.000,5,W,0,,,,9430,61.23,5
43,387.164,"Mount",0.594,0.193,0.104,0.593,0.067,0.415,12,W,60,S,,,9477,61.46,0
44,395.919,"Mount",-0.245,0.279,0.312,-0.247,0.065,0.000,11,W,0,,,,9186,59.78,0
45,404.929,"Mount",-0.434,0.363,0.423,-0.437,0.254,0.000,45,W,0,,,,9277,59.43,0
46,413.834,"Mount",-0.650,0.154,0.247,-0.651,-0.035,0.000,6,E,0,,,,9651,60.73,0
47,422.948,"Mount",-0.274,-0.441,-0.396,-0.272,-0.298,0.000,53,E,0,,,,8916,57.56,0
48,431.946,"Mount",-0.024,-0.462,-0.453,-0.021,-0.365,0.000,64,E,0,,,,8633,57.54,0
49,440.961,"Mount",0.065,-0.331,-0.337,0.067,-0.257,0.000,45,E,0,,,,9668,60.82,0
50,449.885,"Mount",-0.129,0.343,0.358,-0.131,0.219,0.000,39,W,0,,,,8698,58.53,0
51,458.935,"Mount",0.002,-0.664,-0.657,0.006,-0.430,0.000,76,E,0,,,,9559,60.67,0
52,468.017,"Mount",-0.204,-0.894,-0.855,-0.199,-0.653,0.000,115,E,0,,,,9060,59.33,0
53,476.906,"Mount",-0.103,-0.375,-0.356,-0.101,-0.394,0.000,70,E,0,,,,8808,58.53,0
54,485.876,"Mount",0.280,-0.351,-0.388,0.282,-0.376,0.000,66,E,0,,,,9543,61.24,0
55,495.088,"Mount",0.336,-0.010,-0.059,0.336,-0.093,0.235,16,E,34,S,,,9974,61.91,0
56,503.976,"Mount",0.294,-0.576,-0.613,0.297,-0.411,0.000,73,E,0,,,,9369,60.84,0
57,513.057,"Mount",0.560,0.662,0.573,0.556,0.355,0.389,63,W,56,S,,,9607,60.50,0
58,521.794,"Mount",0.027,0.195,0.189,0.026,-0.001,0.000,0,,0,,,,9574,60.99,0
59,530.870,"Mount",-0.152,0.201,0.221,-0.153,0.008,0.000,1,W,0,,,,8658,56.75,0
60,539.777,"DROP",,,,,,,,,,,,,0,0.00,5,"No star found"
60,539.808,"Mount",0.000,0.000,0.033,0.000,0.033,0.000,6,W,0,,,,8658,56.75,5
61,549.002,"Mount",0.274,1.731,1.672,0.264,1.039,0.000,183,W,0,,,,8757,57.44,0
62,557.959,"Mount",0.179,0.904,0.869,0.173,0.546,0.000,96,W,0,,,,9223,59.26,0
63,566.832,"Mount",0.128,0.243,0.222,0.126,-0.045,0.000,8,E,0,,,,9067,59.59,0
64,575.881,"Mount",-0.080,-0.188,-0.175,-0.079,-0.090,0.000,16,E,0,,,,9052,58.22,0
65,584.883,"Mount",0.166,-0.440,-0.460,0.168,-0.326,0.000,58,E,0,,,,9218,59.69,0
66,593.751,"DROP",,,,,,,,,,,,,0,0.00,5,"No star found"
66,593.871,"Mount",0.000,0.000,-0.229,0.000,-0.229,0.000,40,E,0,,,,9218,59.69,5
67,602.732,"DROP",,,,,,,,,,,,,0,0.00,5,"No star found"
67,602.809,"Mount",0.000,0.000,-0.174,0.000,-0.174,0.000,31,E,0,,,,9218,59.69,5
68,612.020,"Mount",0.570,-0.017,-0.100,0.570,-0.093,0.399,16,E,58,S,,,9259,60.33,0
69,621.072,"Mount",0.664,-0.412,-0.504,0.666,-0.450,0.466,80,E,67,S,,,8980,58.59,0
70,629.915,"Mount",-0.088,-0.525,-0.506,-0.085,-0.419,0.000,74,E,0,,,,9419,60.62,0
Guiding Ends at 2026-08-08 04:14:01

Guiding Begins at 2026-08-08 04:14:43
Equipment Profile = QHY5 EQASCOM OAG
Dither = both axes, Dither scale = 1.000, Image noise reduction = 2x2 mean, Guide-frame time lapse = 0, Server enabled
Pixel scale = 1.05 arc-sec/px, Binning = 1, Focal length = 1018 mm
Search region = 24 px, Star mass tolerance = 90.0%, Multi-star mode, list size = 12
 Camera = QHY5II-M-10d7d910f33c7354, gain = 90, full size = 1280 x 1024, have dark, dark dur = 3000, no defect map, pixel size = 5.2 um
Exposure = 3000 ms
Mount = EQMOD HEQ5/6 (ASCOM), connected, guiding enabled, xAngle = 98.4, xRate = 5.664, yAngle = 17.1, yRate = 6.929, parity = +/+
Norm rates RA = 7.0"/s @ dec 0, Dec = 7.3"/s; ortho.err. = 8.7 deg
X guide algorithm = Predictive PEC, Control gain = 0.630
Prediction gain = 0.430
Minimum move = 0.330
Hyperparameters
	Length scale long range SE kernel = 700.000
	Signal variance long range SE kernel = 20.000
	Length scale periodic kernel = 10.000
	Signal variance periodic kernel = 20.000
	Length scale short range SE kernel = 25.000
	Signal variance short range SE kernel = 10.000
	Period length periodic kernel = 480.353
	FFT called after = 2.000 worm cycles
	Auto-adjust period length = On
Y guide algorithm = Resist Switch, Minimum move = 0.300 Aggression = 70% FastSwitch = disabled
Backlash comp = disabled, pulse = 495 ms
Max RA duration = 2500, Max DEC duration = 2500, DEC guide mode = Auto
RA Guide Speed = 7.5 a-s/s, Dec Guide Speed = 7.5 a-s/s, Cal Dec = 0.0, Last Cal Issue = None, Timestamp = 7/7/2026 10:36:27 PM
RA = 20.91 hr, Dec = 31.1 deg, Hour angle = 3.30 hr, Pier side = East, Rotator pos = N/A, Alt = 48.4 deg, Az = 258.5 deg
Lock position = 456.628, 959.502, Star position = 456.628, 959.502, HFD = 4.85 px
Frame,Time,mount,dx,dy,RARawDistance,DECRawDistance,RAGuideDistance,DECGuideDistance,RADuration,RADirection,DECDuration,DECDirection,XStep,YStep,StarMass,SNR,ErrorCode
INFO: SETTLING STATE CHANGE, Settling started
1,9.033,"Mount",-0.557,-0.109,-0.027,-0.557,-0.017,0.000,3,E,0,,,,6730,54.15,0
INFO: SETTLING STATE CHANGE, Settling complete
2,18.068,"Mount",-0.620,0.292,0.380,-0.621,0.239,0.000,42,W,0,,,,6680,54.03,0
3,27.137,"Mount",-0.027,-1.074,-1.058,-0.021,-0.667,0.000,118,E,0,,,,6930,55.27,0
4,36.029,"Mount",0.053,-0.413,-0.417,0.055,-0.253,0.000,45,E,0,,,,6996,54.96,0
5,45.223,"Mount",-0.531,-0.161,-0.082,-0.530,-0.091,-0.371,16,E,54,N,,,6781,54.19,0
6,54.228,"Mount",-0.591,0.640,0.719,-0.595,0.352,-0.417,62,W,60,N,,,6802,54.82,0
7,63.023,"Mount",0.939,0.323,0.183,0.937,-0.058,0.000,10,E,0,,,,6985,55.70,0
8,72.079,"Mount",0.539,0.846,0.759,0.534,0.467,0.000,82,W,0,,,,7048,55.79,0
9,81.015,"Mount",0.752,0.468,0.353,0.749,0.300,0.000,53,W,0,,,,7027,55.54,0
10,90.048,"Mount",0.218,0.323,0.287,0.216,0.081,0.000,14,W,0,,,,6769,54.25,0
11,99.055,"Mount",0.238,0.504,0.464,0.235,0.267,0.000,47,W,0,,,,7109,55.60,0
12,108.095,"Mount",0.321,0.783,0.728,0.316,0.408,0.000,72,W,0,,,,6917,55.14,0
13,117.288,"Mount",0.643,1.001,0.897,0.637,0.574,0.446,101,W,64,S,,,6679,54.46,0
14,126.125,"Mount",-0.321,1.031,1.066,-0.327,0.822,0.000,145,W,0,,,,6510,53.58,0
15,135.059,"Mount",-0.156,-0.065,-0.042,-0.155,0.308,0.000,54,W,0,,,,7446,56.99,0
16,144.012,"Mount",0.275,-0.106,-0.145,0.276,0.314,0.000,56,W,0,,,,7031,55.67,0
17,152.985,"Mount",0.293,-0.421,-0.459,0.295,-0.217,0.000,38,E,0,,,,7125,56.02,0
18,162.166,"Mount",0.546,-0.420,-0.495,0.549,-0.333,0.384,59,E,55,S,,,6740,54.22,0
19,171.073,"Mount",0.398,-0.134,-0.190,0.398,-0.002,0.279,0,,40,S,,,7257,56.52,0
20,180.173,"Mount",0.618,-0.328,-0.415,0.620,-0.236,0.434,42,E,63,S,,,7406,56.65,0
21,189.033,"Mount",-0.242,0.317,0.349,-0.244,0.303,0.000,53,W,0,,,,7208,56.14,0
22,198.005,"Mount",-0.163,0.002,0.026,-0.163,0.056,0.000,10,W,0,,,,7059,55.72,0
23,206.962,"Mount",-0.181,0.054,0.080,-0.181,-0.016,0.000,3,E,0,,,,7176,56.12,0
24,215.934,"Mount",-0.046,0.203,0.207,-0.047,-0.025,0.000,4,E,0,,,,6990,54.78,0
25,225.014,"Mount",0.131,-0.467,-0.481,0.133,-0.344,0.000,61,E,0,,,,6669,53.98,0
26,234.029,"Mount",0.194,-0.374,-0.398,0.196,-0.314,0.000,55,E,0,,,,6804,54.53,0
27,242.960,"Mount",-0.074,0.274,0.281,-0.075,-0.040,0.000,7,E,0,,,,6862,54.55,0
28,251.899,"Mount",0.030,0.083,0.077,0.030,0.005,0.000,1,W,0,,,,6866,54.43,0
29,261.014,"Mount",0.249,-0.448,-0.480,0.252,-0.325,0.000,57,E,0,,,,6849,54.41,0
30,269.987,"Mount",0.274,-0.375,-0.410,0.276,-0.369,0.000,65,E,0,,,,6460,53.02,0
31,279.131,"Mount",0.382,-0.291,-0.344,0.384,-0.374,0.268,66,E,39,S,,,6354,52.06,0
32,287.957,"Mount",0.080,0.053,0.040,0.080,-0.124,0.000,22,E,0,,,,6646,53.60,0
33,296.962,"Mount",0.191,0.198,0.168,0.190,-0.068,0.000,12,E,0,,,,7388,56.39,0
34,306.059,"Mount",0.118,0.708,0.683,0.114,0.419,0.000,74,W,0,,,,7228,56.26,0
35,315.106,"Mount",0.325,0.151,0.102,0.324,-0.011,0.227,2,E,33,S,,,6778,53.73,0
36,323.905,"Mount",0.230,0.085,0.050,0.229,0.010,0.000,2,W,0,,,,7013,54.93,0
37,332.949,"Mount",0.120,-0.002,-0.020,0.120,0.006,0.000,1,W,0,,,,7024,55.11,0
38,341.952,"Mount",0.096,-0.159,-0.171,0.096,0.019,0.000,3,W,0,,,,7189,55.45,0
39,350.901,"Mount",0.011,-0.250,-0.249,0.013,-0.009,0.000,2,E,0,,,,6756,53.54,0
40,359.982,"Mount",0.074,-0.439,-0.445,0.077,-0.276,0.000,49,E,0,,,,7177,55.45,0
41,369.175,"Mount",0.509,-0.292,-0.363,0.510,-0.277,0.357,49,E,52,S,,,7562,57.02,0
42,377.967,"Mount",-0.505,-0.336,-0.259,-0.503,-0.057,0.000,10,E,0,,,,7474,57.27,0
43,387.014,"Mount",0.070,-0.877,-0.877,0.075,-0.586,0.000,103,E,0,,,,6696,53.71,0
44,396.047,"Mount",0.200,-0.635,-0.657,0.203,-0.487,0.000,86,E,0,,,,7564,57.47,0
45,404.940,"Mount",0.212,-0.256,-0.284,0.213,-0.056,0.000,10,E,0,,,,7051,54.37,0
46,414.302,"Mount",0.710,-1.066,-1.158,0.716,-0.824,0.501,145,E,72,S,,,6923,54.23,0
47,423.238,"Mount",0.481,-0.980,-1.039,0.487,-0.771,0.341,136,E,49,S,,,6581,52.92,0
48,431.968,"Mount",-0.314,-0.012,0.034,-0.314,-0.081,0.000,14,E,0,,,,7220,54.98,0
49,440.902,"Mount",-0.174,-0.248,-0.220,-0.173,0.009,0.000,2,W,0,,,,6996,54.25,0
50,449.983,"Mount",-0.458,0.614,0.675,-0.462,0.528,0.000,93,W,0,,,,7041,54.40,0
51,459.062,"Mount",-0.016,1.198,1.187,-0.023,0.831,0.000,147,W,0,,,,7175,55.36,0
52,467.891,"Mount",-0.183,0.198,0.223,-0.184,0.009,0.000,2,W,0,,,,6777,53.72,0
53,476.889,"Mount",0.085,0.302,0.286,0.083,-0.007,0.000,1,E,0,,,,6825,53.17,0
54,486.029,"Mount",-0.117,1.371,1.374,-0.125,0.897,0.000,158,W,0,,,,6955,54.47,0
55,494.885,"Mount",-0.066,0.253,0.260,-0.068,0.007,0.000,1,W,0,,,,7159,54.71,0
56,503.868,"Mount",-0.132,-0.163,-0.142,-0.131,0.035,0.000,6,W,0,,,,7217,55.51,0
57,512.947,"Mount",-0.101,-0.449,-0.429,-0.098,-0.188,0.000,33,E,0,,,,7326,55.56,0
58,522.219,"Mount",0.597,-1.130,-1.205,0.604,-0.801,0.423,142,E,61,S,,,6705,53.39,0
59,530.946,"Mount",-0.168,-0.450,-0.421,-0.165,-0.367,0.000,65,E,0,,,,6795,53.81,0
60,539.961,"Mount",-0.192,-0.665,-0.630,-0.188,-0.473,0.000,84,E,0,,,,7278,54.95,0
61,548.849,"Mount",-0.328,-0.198,-0.148,-0.327,-0.020,0.000,4,E,0,,,,6981,54.14,0
62,557.911,"Mount",0.012,-0.631,-0.626,0.015,-0.366,0.000,65,E,0,,,,6665,52.67,0
63,566.910,"Mount",-0.321,0.135,0.180,-0.322,0.109,0.000,19,W,0,,,,7043,54.47,0
64,575.941,"Mount",0.129,0.712,0.685,0.125,0.465,0.000,82,W,0,,,,6745,52.78,0
65,584.940,"Mount",-0.115,0.601,0.612,-0.119,0.336,0.000,59,W,0,,,,6864,52.80,0
66,593.952,"Mount",0.006,0.638,0.630,0.002,0.389,0.000,69,W,0,,,,7019,53.94,0
67,603.002,"Mount",0.286,0.871,0.820,0.281,0.595,0.000,105,W,0,,,,6487,51.99,0
68,611.938,"Mount",0.615,0.468,0.374,0.613,0.468,0.000,83,W,0,,,,6473,51.45,0
69,621.144,"Mount",0.401,0.551,0.486,0.398,0.637,0.279,113,W,40,S,,,6979,54.19,0
Guiding Ends at 2026-08-08 04:25:12

Guiding Begins at 2026-08-08 04:26:30
Equipment Profile = QHY5 EQASCOM OAG
Dither = both axes, Dither scale = 1.000, Image noise reduction = 2x2 mean, Guide-frame time lapse = 0, Server enabled
Pixel scale = 1.05 arc-sec/px, Binning = 1, Focal length = 1018 mm
Search region = 24 px, Star mass tolerance = 90.0%, Multi-star mode, list size = 12
 Camera = QHY5II-M-10d7d910f33c7354, gain = 90, full size = 1280 x 1024, have dark, dark dur = 3000, no defect map, pixel size = 5.2 um
Exposure = 3000 ms
Mount = EQMOD HEQ5/6 (ASCOM), connected, guiding enabled, xAngle = 98.4, xRate = 5.664, yAngle = 17.1, yRate = 6.929, parity = +/+
Norm rates RA = 7.0"/s @ dec 0, Dec = 7.3"/s; ortho.err. = 8.7 deg
X guide algorithm = Predictive PEC, Control gain = 0.630
Prediction gain = 0.430
Minimum move = 0.330
Hyperparameters
	Length scale long range SE kernel = 700.000
	Signal variance long range SE kernel = 20.000
	Length scale periodic kernel = 10.000
	Signal variance periodic kernel = 20.000
	Length scale short range SE kernel = 25.000
	Signal variance short range SE kernel = 10.000
	Period length periodic kernel = 480.447
	FFT called after = 2.000 worm cycles
	Auto-adjust period length = On
Y guide algorithm = Resist Switch, Minimum move = 0.300 Aggression = 70% FastSwitch = disabled
Backlash comp = disabled, pulse = 495 ms
Max RA duration = 2500, Max DEC duration = 2500, DEC guide mode = Auto
RA Guide Speed = 7.5 a-s/s, Dec Guide Speed = 7.5 a-s/s, Cal Dec = 0.0, Last Cal Issue = None, Timestamp = 7/7/2026 10:36:27 PM
RA = 20.91 hr, Dec = 31.1 deg, Hour angle = 3.49 hr, Pier side = East, Rotator pos = N/A, Alt = 46.6 deg, Az = 261.2 deg
Lock position = 988.269, 297.932, Star position = 988.269, 297.932, HFD = 4.90 px
Frame,Time,mount,dx,dy,RARawDistance,DECRawDistance,RAGuideDistance,DECGuideDistance,RADuration,RADirection,DECDuration,DECDirection,XStep,YStep,StarMass,SNR,ErrorCode
INFO: SETTLING STATE CHANGE, Settling started
1,9.001,"Mount",-0.002,0.286,0.283,-0.004,0.178,0.000,31,W,0,,,,8399,56.89,0
INFO: SETTLING STATE CHANGE, Settling complete
2,18.049,"Mount",0.194,-0.386,-0.411,0.196,-0.259,0.000,46,E,0,,,,7628,54.36,0
3,27.047,"Mount",0.314,-0.390,-0.431,0.316,-0.272,0.000,48,E,0,,,,7682,54.01,0
4,36.095,"Mount",0.679,-1.052,-1.140,0.685,-0.748,0.000,132,E,0,,,,7718,54.23,0
5,48.339,"Mount",0.878,-0.630,-0.752,0.882,-0.633,0.617,112,E,89,S,,,7838,55.87,0
6,57.082,"Mount",0.097,-0.517,-0.525,0.100,-0.468,0.000,83,E,0,,,,8354,57.06,0
7,65.969,"Mount",-0.046,-0.048,-0.041,-0.045,-0.097,0.000,17,E,0,,,,7990,55.38,0
8,75.032,"Mount",0.273,0.242,0.200,0.272,-0.030,0.000,5,E,0,,,,7986,56.13,0
9,83.999,"Mount",-0.079,0.525,0.531,-0.082,0.334,0.000,59,W,0,,,,8007,55.96,0
10,92.935,"Mount",-0.258,0.248,0.283,-0.259,0.001,0.000,0,,0,,,,8141,55.86,0
11,102.046,"Mount",-0.197,0.730,0.751,-0.201,0.484,0.000,86,W,0,,,,8128,56.21,0
12,111.029,"Mount",0.057,0.770,0.753,0.053,0.499,0.000,88,W,0,,,,8361,56.96,0
13,119.924,"Mount",-0.115,0.139,0.155,-0.116,0.002,0.000,0,,0,,,,7877,55.15,0
14,129.060,"Mount",-0.527,0.565,0.636,-0.531,0.408,0.000,72,W,0,,,,8445,57.47,0
15,137.937,"Mount",-0.091,-0.219,-0.204,-0.090,-0.010,0.000,2,E,0,,,,7863,54.96,0
16,147.059,"Mount",-0.081,-0.609,-0.590,-0.078,-0.450,0.000,79,E,0,,,,7540,54.93,0
17,155.905,"Mount",-0.155,0.237,0.257,-0.156,-0.035,0.000,6,E,0,,,,7750,54.46,0
18,165.138,"Mount",0.380,-0.609,-0.658,0.383,-0.467,0.268,82,E,39,S,,,8057,55.23,0
19,173.930,"Mount",-0.202,-0.279,-0.246,-0.200,-0.051,0.000,9,E,0,,,,8243,56.21,0
20,183.234,"Mount",0.554,-0.852,-0.924,0.559,-0.650,0.391,115,E,56,S,,,8180,55.92,0
21,192.050,"Mount",-0.262,-0.710,-0.664,-0.258,-0.531,0.000,94,E,0,,,,7760,54.10,0
22,201.039,"Mount",-0.519,-1.046,-0.959,-0.513,-0.700,0.000,124,E,0,,,,7580,52.66,0
23,210.071,"Mount",-0.735,-1.134,-1.014,-0.729,-0.677,0.000,119,E,0,,,,7945,53.68,0
24,219.022,"Mount",-0.774,0.514,0.621,-0.777,0.468,0.000,83,W,0,,,,7719,54.60,0
25,228.021,"Mount",-0.617,0.457,0.542,-0.619,0.457,0.000,81,W,0,,,,7812,55.20,0
26,237.180,"Mount",-0.579,0.303,0.384,-0.581,0.278,-0.407,49,W,59,N,,,7827,55.41,0
27,246.048,"Mount",0.492,0.780,0.700,0.488,0.442,0.000,78,W,0,,,,8152,56.93,0
28,255.020,"Mount",0.337,0.700,0.643,0.333,0.418,0.000,74,W,0,,,,8196,55.37,0
29,264.051,"Mount",0.228,0.733,0.692,0.223,0.463,0.000,82,W,0,,,,7542,52.47,0
30,272.907,"Mount",0.200,-0.006,-0.035,0.200,0.012,0.000,2,W,0,,,,8388,54.74,0
31,281.970,"Mount",0.076,-0.283,-0.291,0.077,0.078,0.000,14,W,0,,,,7928,54.32,0
32,291.049,"Mount",0.631,-1.064,-1.144,0.638,-0.682,0.000,120,E,0,,,,7617,52.57,0
33,299.936,"Mount",0.183,0.296,0.267,0.181,-0.078,0.000,14,E,0,,,,7687,54.65,0
34,308.951,"Mount",0.439,0.757,0.684,0.435,0.333,0.000,59,W,0,,,,8091,55.27,0
35,318.127,"Mount",0.310,0.642,0.590,0.306,0.328,0.214,58,W,31,S,,,7537,53.59,0
36,327.223,"Mount",0.324,1.101,1.042,0.318,0.658,0.222,116,W,32,S,,,7800,54.06,0
37,335.965,"Mount",0.155,0.077,0.053,0.154,0.073,0.000,13,W,0,,,,8041,55.55,0
38,344.933,"Mount",0.230,0.243,0.206,0.229,0.079,0.000,14,W,0,,,,7686,51.84,0
39,353.889,"Mount",0.133,0.284,0.261,0.131,-0.022,0.000,4,E,0,,,,8493,56.92,0
40,363.140,"Mount",0.341,0.974,0.914,0.335,0.540,0.235,95,W,34,S,,,7510,53.13,0
41,371.994,"Mount",0.047,0.704,0.689,0.043,0.459,0.000,81,W,0,,,,7814,53.43,0
42,380.962,"Mount",-0.205,0.361,0.387,-0.207,0.409,0.000,72,W,0,,,,7969,54.20,0
43,390.121,"Mount",0.364,0.041,-0.013,0.364,0.292,0.255,52,W,37,S,,,7307,50.11,0
44,398.961,"Mount",0.074,0.042,0.031,0.074,0.311,0.000,55,W,0,,,,7379,52.89,0
45,410.933,"Mount",0.147,-0.368,-0.385,0.149,-0.193,0.000,34,E,0,,,,7956,54.64,0
46,420.061,"Mount",0.357,0.282,0.227,0.355,-0.011,0.248,2,E,36,S,,,7673,53.27,0
47,428.884,"Mount",0.140,0.291,0.267,0.139,0.005,0.000,1,W,0,,,,8002,53.87,0
48,437.855,"Mount",0.237,0.333,0.295,0.235,0.053,0.000,9,W,0,,,,7801,53.86,0
49,447.123,"Mount",0.114,1.698,1.664,0.104,1.144,0.000,202,W,0,,,,8208,55.54,0
50,456.140,"Mount",0.379,0.766,0.703,0.375,0.468,0.262,83,W,38,S,,,7882,53.23,0
51,465.078,"Mount",0.745,-0.015,-0.124,0.745,-0.021,0.521,4,E,75,S,,,7035,51.73,0
52,473.829,"Mount",0.149,0.008,-0.013,0.149,-0.015,0.000,3,E,0,,,,7422,54.08,0
53,483.065,"Mount",0.424,-0.463,-0.519,0.427,-0.372,0.299,66,E,43,S,,,7625,50.96,0
54,491.939,"Mount",-0.207,-0.568,-0.532,-0.204,-0.394,0.000,70,E,0,,,,7419,50.68,0
55,500.876,"Mount",-0.556,0.295,0.373,-0.558,0.221,0.000,39,W,0,,,,7191,53.24,0
56,509.922,"Mount",-0.322,-0.622,-0.569,-0.318,-0.347,0.000,61,E,0,,,,7242,51.09,0
57,519.033,"Mount",-0.071,-1.089,-1.067,-0.064,-0.714,0.000,126,E,0,,,,7722,52.94,0
58,530.957,"Mount",-0.120,-0.654,-0.629,-0.116,-0.563,0.000,99,E,0,,,,7257,51.16,0
59,539.988,"Mount",0.186,-0.764,-0.783,0.191,-0.621,0.000,110,E,0,,,,7678,52.57,0
60,548.892,"Mount",-0.046,0.225,0.229,-0.047,-0.081,0.000,14,E,0,,,,6918,50.64,0
61,557.986,"Mount",-0.352,0.966,1.007,-0.358,0.614,0.000,108,W,0,,,,7147,51.62,0
62,569.820,"Mount",0.158,0.232,0.207,0.157,-0.001,0.000,0,,0,,,,7046,49.91,0
63,578.894,"Mount",0.275,0.365,0.321,0.273,0.014,0.000,2,W,0,,,,6757,50.02,0
64,587.812,"Mount",0.280,-0.050,-0.090,0.280,0.011,0.000,2,W,0,,,,6889,50.19,0
65,596.827,"Mount",0.073,0.015,0.004,0.073,0.021,0.000,4,W,0,,,,7628,54.47,0
66,605.749,"DROP",,,,,,,,,,,,,0,0.00,5,"No star found"
66,605.810,"Mount",0.000,0.000,-0.023,0.000,-0.023,0.000,4,E,0,,,,7628,54.47,5
Guiding Ends at 2026-08-08 04:36:45

Guiding Begins at 2026-08-08 04:37:27
Equipment Profile = QHY5 EQASCOM OAG
Dither = both axes, Dither scale = 1.000, Image noise reduction = 2x2 mean, Guide-frame time lapse = 0, Server enabled
Pixel scale = 1.05 arc-sec/px, Binning = 1, Focal length = 1018 mm
Search region = 24 px, Star mass tolerance = 90.0%, Multi-star mode, list size = 12
 Camera = QHY5II-M-10d7d910f33c7354, gain = 90, full size = 1280 x 1024, have dark, dark dur = 3000, no defect map, pixel size = 5.2 um
Exposure = 3000 ms
Mount = EQMOD HEQ5/6 (ASCOM), connected, guiding enabled, xAngle = 98.4, xRate = 5.664, yAngle = 17.1, yRate = 6.929, parity = +/+
Norm rates RA = 7.0"/s @ dec 0, Dec = 7.3"/s; ortho.err. = 8.7 deg
X guide algorithm = Predictive PEC, Control gain = 0.630
Prediction gain = 0.430
Minimum move = 0.330
Hyperparameters
	Length scale long range SE kernel = 700.000
	Signal variance long range SE kernel = 20.000
	Length scale periodic kernel = 10.000
	Signal variance periodic kernel = 20.000
	Length scale short range SE kernel = 25.000
	Signal variance short range SE kernel = 10.000
	Period length periodic kernel = 480.492
	FFT called after = 2.000 worm cycles
	Auto-adjust period length = On
Y guide algorithm = Resist Switch, Minimum move = 0.300 Aggression = 70% FastSwitch = disabled
Backlash comp = disabled, pulse = 495 ms
Max RA duration = 2500, Max DEC duration = 2500, DEC guide mode = Auto
RA Guide Speed = 7.5 a-s/s, Dec Guide Speed = 7.5 a-s/s, Cal Dec = 0.0, Last Cal Issue = None, Timestamp = 7/7/2026 10:36:27 PM
RA = 20.91 hr, Dec = 31.1 deg, Hour angle = 3.68 hr, Pier side = East, Rotator pos = N/A, Alt = 45.0 deg, Az = 263.6 deg
Lock position = 458.258, 961.235, Star position = 458.258, 961.235, HFD = 4.90 px
Frame,Time,mount,dx,dy,RARawDistance,DECRawDistance,RAGuideDistance,DECGuideDistance,RADuration,RADirection,DECDuration,DECDirection,XStep,YStep,StarMass,SNR,ErrorCode
INFO: SETTLING STATE CHANGE, Settling started
1,8.931,"Mount",0.021,-0.044,-0.046,0.021,-0.029,0.000,5,E,0,,,,6385,46.18,0
INFO: SETTLING STATE CHANGE, Settling complete
2,17.919,"Mount",0.153,0.038,0.016,0.152,0.010,0.000,2,W,0,,,,6393,46.13,0
3,26.913,"Mount",-0.049,0.010,0.017,-0.049,0.011,0.000,2,W,0,,,,6545,46.95,0
4,36.034,"Mount",-0.080,0.474,0.481,-0.082,0.292,0.000,52,W,0,,,,6130,44.62,0
5,45.049,"Mount",0.449,0.641,0.569,0.445,0.453,0.000,80,W,0,,,,6045,44.41,0
6,54.079,"Mount",-0.091,0.775,0.780,-0.096,0.597,0.000,105,W,0,,,,5968,44.51,0
7,63.047,"Mount",0.289,0.898,0.846,0.283,0.555,0.000,98,W,0,,,,6139,46.25,0
8,72.046,"Mount",0.068,0.929,0.909,0.063,0.574,0.000,101,W,0,,,,6398,47.06,0
9,81.045,"Mount",0.387,1.169,1.100,0.380,0.719,0.000,127,W,0,,,,6331,47.30,0
10,90.002,"Mount",0.157,0.047,0.024,0.156,0.009,0.000,2,W,0,,,,6343,46.98,0
11,99.012,"Mount",0.167,-0.645,-0.663,0.171,-0.399,0.000,70,E,0,,,,6691,46.18,0
12,108.124,"Mount",0.595,-0.223,-0.307,0.596,0.080,0.417,14,W,60,S,,,6695,46.94,0
13,117.107,"Mount",0.133,-0.710,-0.722,0.137,-0.457,0.000,81,E,0,,,,6012,44.72,0
14,126.035,"Mount",-0.003,-0.530,-0.524,0.000,-0.415,0.000,73,E,0,,,,6328,45.22,0
15,135.042,"Mount",0.061,-0.544,-0.547,0.065,-0.437,0.000,77,E,0,,,,6609,46.17,0
16,143.946,"Mount",0.145,0.260,0.236,0.144,-0.027,0.000,5,E,0,,,,6047,45.19,0
17,153.056,"Mount",0.014,1.047,1.034,0.008,0.667,0.000,118,W,0,,,,6206,46.48,0
18,162.023,"Mount",0.300,0.795,0.743,0.295,0.562,0.000,99,W,0,,,,6289,46.85,0
19,171.168,"Mount",-0.044,1.711,1.699,-0.054,1.135,0.000,200,W,0,,,,6250,45.20,0
20,180.150,"Mount",0.393,0.643,0.579,0.389,0.330,0.272,58,W,39,S,,,6164,45.95,0
21,189.214,"Mount",0.504,0.853,0.771,0.499,0.467,0.349,82,W,50,S,,,5744,43.82,0
22,198.102,"Mount",0.070,1.461,1.435,0.062,0.950,0.000,168,W,0,,,,6203,45.70,0
23,206.979,"Mount",0.141,0.297,0.274,0.139,0.198,0.000,35,W,0,,,,6034,43.79,0
24,216.020,"Mount",-0.006,0.406,0.403,-0.008,0.557,0.000,98,W,0,,,,6143,44.73,0
25,225.003,"Mount",-0.016,0.369,0.368,-0.018,0.506,0.000,89,W,0,,,,6194,44.23,0
26,233.875,"Mount",0.087,0.192,0.177,0.086,0.044,0.000,8,W,0,,,,6322,44.40,0
27,242.938,"Mount",-0.013,0.357,0.356,-0.016,0.209,0.000,37,W,0,,,,6466,46.23,0
28,251.845,"Mount",0.117,0.302,0.281,0.115,-0.000,0.000,0,,0,,,,5892,45.27,0
29,261.049,"Mount",0.430,0.310,0.244,0.429,0.047,0.300,8,W,43,S,,,6506,46.23,0
30,269.945,"Mount",-0.214,0.170,0.200,-0.215,0.096,0.000,17,W,0,,,,5753,42.84,0
31,278.889,"Mount",0.173,0.091,0.064,0.173,0.035,0.000,6,W,0,,,,6375,44.39,0
32,287.903,"Mount",0.154,-0.244,-0.264,0.156,-0.021,0.000,4,E,0,,,,6700,46.70,0
33,296.983,"Mount",0.074,-1.000,-1.000,0.080,-0.645,0.000,114,E,0,,,,6190,43.65,0
34,306.158,"Mount",0.452,-0.746,-0.804,0.457,-0.549,0.320,97,E,46,S,,,6262,43.54,0
35,314.949,"Mount",0.162,0.017,-0.006,0.161,-0.057,0.000,10,E,0,,,,6548,46.57,0
36,323.872,"Mount",-0.113,0.089,0.105,-0.113,-0.020,0.000,4,E,0,,,,6303,43.56,0
37,332.974,"Mount",-0.067,-0.734,-0.717,-0.063,-0.441,0.000,78,E,0,,,,6299,44.93,0
38,341.978,"Mount",0.002,-0.436,-0.431,0.005,-0.309,0.000,54,E,0,,,,6600,45.35,0
39,350.944,"Mount",-0.109,-0.105,-0.088,-0.108,-0.116,0.000,20,E,0,,,,5867,43.39,0
40,359.819,"DROP",,,,,,,,,,,,,0,0.00,5,"No star found"
40,359.944,"Mount",0.000,0.000,-0.395,0.000,-0.395,0.000,70,E,0,,,,5867,43.39,5
41,368.811,"DROP",,,,,,,,,,,,,0,0.00,5,"No star found"
41,368.932,"Mount",0.000,0.000,-0.307,0.000,-0.307,0.000,54,E,0,,,,5867,43.39,5
42,378.247,"Mount",0.722,1.943,1.817,0.710,1.103,0.497,195,W,72,S,,,5559,41.24,0
43,386.958,"Mount",0.010,0.406,0.401,0.007,0.245,0.000,43,W,0,,,,6047,44.69,0
44,396.005,"Mount",0.587,0.164,0.076,0.586,-0.001,0.410,0,,59,S,,,5620,40.49,0
45,404.877,"Mount",0.051,0.274,0.263,0.050,0.018,0.000,3,W,0,,,,5843,41.90,0
46,413.972,"Mount",0.149,0.589,0.561,0.146,0.376,0.000,66,W,0,,,,5322,39.52,0
47,422.987,"Mount",0.298,0.577,0.528,0.294,0.342,0.000,60,W,0,,,,5687,41.14,0
48,431.928,"Mount",0.209,0.578,0.541,0.206,0.342,0.000,60,W,0,,,,5452,41.01,0
49,441.114,"Mount",0.439,-0.384,-0.444,0.441,-0.277,0.309,49,E,45,S,,,5534,42.45,0
50,449.812,"DROP",,,,,,,,,,,,,0,0.00,5,"No star found"
50,449.890,"Mount",0.000,0.000,-0.162,0.000,-0.162,0.000,29,E,0,,,,5534,42.45,5
51,459.018,"Mount",0.081,-1.201,-1.200,0.088,-0.797,0.000,141,E,0,,,,5539,40.63,0
52,467.789,"DROP",,,,,,,,,,,,,0,0.00,5,"No star found"
52,467.873,"Mount",0.000,0.000,-0.093,0.000,-0.093,0.000,16,E,0,,,,5539,40.63,5
53,476.789,"DROP",,,,,,,,,,,,,0,0.00,5,"No star found"
53,476.873,"Mount",0.000,0.000,-0.179,0.000,-0.179,0.000,32,E,0,,,,5539,40.63,5
54,486.304,"Mount",0.914,-1.788,-1.903,0.924,-1.260,0.647,222,E,93,S,,,5171,39.53,0
55,494.760,"DROP",,,,,,,,,,,,,0,0.00,5,"No star found"
55,494.874,"Mount",0.000,0.000,-0.255,0.000,-0.255,0.000,45,E,0,,,,5171,39.53,5
56,503.780,"DROP",,,,,,,,,,,,,0,0.00,5,"No star found"
56,503.887,"Mount",0.000,0.000,-0.299,0.000,-0.299,0.000,53,E,0,,,,5171,39.53,5
57,512.789,"DROP",,,,,,,,,,,,,0,0.00,5,"No star found"
57,512.890,"Mount",0.000,0.000,-0.159,0.000,-0.159,0.000,28,E,0,,,,5171,39.53,5
58,521.763,"DROP",,,,,,,,,,,,,0,0.00,5,"No star found"
58,521.838,"Mount",0.000,0.000,0.138,0.000,0.138,0.000,24,W,0,,,,5171,39.53,5
59,530.786,"DROP",,,,,,,,,,,,,0,0.00,5,"No star found"
59,530.908,"Mount",0.000,0.000,0.299,0.000,0.299,0.000,53,W,0,,,,5171,39.53,5
60,539.785,"DROP",,,,,,,,,,,,,0,0.00,5,"No star found"
60,539.870,"Mount",0.000,0.000,0.187,0.000,0.187,0.000,33,W,0,,,,5171,39.53,5
61,548.806,"DROP",,,,,,,,,,,,,0,0.00,5,"No star found"
61,548.837,"Mount",0.000,0.000,0.034,0.000,0.034,0.000,6,W,0,,,,5171,39.53,5
62,557.768,"DROP",,,,,,,,,,,,,0,0.00,5,"No star found"
62,557.805,"Mount",0.000,0.000,0.021,0.000,0.021,0.000,4,W,0,,,,5171,39.53,5
63,566.742,"DROP",,,,,,,,,,,,,0,0.00,5,"No star found"
63,566.833,"Mount",0.000,0.000,0.075,0.000,0.075,0.000,13,W,0,,,,5171,39.53,5
64,575.758,"DROP",,,,,,,,,,,,,0,0.00,5,"No star found"
64,575.789,"Mount",0.000,0.000,0.007,0.000,0.007,0.000,1,W,0,,,,5171,39.53,5
65,584.759,"DROP",,,,,,,,,,,,,0,0.00,5,"No star found"
65,584.836,"Mount",0.000,0.000,0.148,0.000,0.148,0.000,26,W,0,,,,5171,39.53,5
66,593.749,"DROP",,,,,,,,,,,,,0,0.00,5,"No star found"
66,593.852,"Mount",0.000,0.000,0.216,0.000,0.216,0.000,38,W,0,,,,5171,39.53,5
Guiding Ends at 2026-08-08 04:47:30
