PHD2 version 2.6.14 [Windows], Log version 2.5. Log enabled at 2026-08-01 22:01:06
INFO: Guiding parameter change, MultiStar = true

Log Summary: calcnt:0 gcnt:0 gdur:0 gacnt:0
Log closed at 2026-08-01 22:26:39
PHD2 version 2.6.14 [Windows], Log version 2.5. Log enabled at 2026-08-01 22:01:06
INFO: Guiding parameter change, MultiStar = true

Guiding Begins at 2026-08-01 22:39:00
Equipment Profile = QHY5 EQASCOM OAG
Dither = both axes, Dither scale = 1.000, Image noise reduction = 2x2 mean, Guide-frame time lapse = 0, Server enabled
Pixel scale = 1.05 arc-sec/px, Binning = 1, Focal length = 1018 mm
Search region = 24 px, Star mass tolerance = 90.0%, Multi-star mode, list size = 12
 Camera = QHY5II-M-10d7d910f33c7354, gain = 90, full size = 1280 x 1024, have dark, dark dur = 3000, no defect map, pixel size = 5.2 um
Exposure = 3000 ms
Mount = EQMOD HEQ5/6 (ASCOM), connected, guiding enabled, xAngle = -81.6, xRate = 5.632, yAngle = 17.1, yRate = 6.929, parity = +/-
Norm rates RA = 7.0"/s @ dec 0, Dec = 7.3"/s; ortho.err. = 8.7 deg
X guide algorithm = Predictive PEC, Control gain = 0.630
Prediction gain = 0.430
Minimum move = 0.330
Hyperparameters
	Length scale long range SE kernel = 700.000
	Signal variance long range SE kernel = 20.000
	Length scale periodic kernel = 10.000
	Signal variance periodic kernel = 20.000
	Length scale short range SE kernel = 25.000
	Signal variance short range SE kernel = 10.000
	Period length periodic kernel = 1012.600
	FFT called after = 2.000 worm cycles
	Auto-adjust period length = On
Y guide algorithm = Resist Switch, Minimum move = 0.300 Aggression = 70% FastSwitch = disabled
Backlash comp = disabled, pulse = 495 ms
Max RA duration = 2500, Max DEC duration = 2500, DEC guide mode = Auto
RA Guide Speed = 7.5 a-s/s, Dec Guide Speed = 7.5 a-s/s, Cal Dec = 0.0, Last Cal Issue = None, Timestamp = 7/7/2026 10:36:27 PM
RA = 20.95 hr, Dec = 31.6 deg, Hour angle = -2.74 hr, Pier side = West, Rotator pos = N/A, Alt = 53.6 deg, Az = 109.2 deg
Lock position = 864.517, 66.067, Star position = 864.517, 66.067, HFD = 6.99 px
Frame,Time,mount,dx,dy,RARawDistance,DECRawDistance,RAGuideDistance,DECGuideDistance,RADuration,RADirection,DECDuration,DECDirection,XStep,YStep,StarMass,SNR,ErrorCode
INFO: SETTLING STATE CHANGE, Settling started
1,9.066,"Mount",0.873,-0.918,1.035,0.879,0.652,0.000,116,W,0,,,,18232,88.64,0
INFO: SETTLING STATE CHANGE, Settling complete
2,18.037,"Mount",0.695,-0.969,1.060,0.700,0.668,0.000,119,W,0,,,,17779,86.71,0
3,27.200,"Mount",0.944,-0.351,0.485,0.946,0.306,0.662,54,W,96,S,,,18486,88.50,0
4,36.362,"Mount",1.225,-1.376,1.540,1.233,0.970,0.863,172,W,125,S,,,19699,91.27,0
5,45.268,"Mount",1.055,-0.856,1.001,1.060,0.631,0.742,112,W,107,S,,,20510,91.96,0
6,54.222,"Mount",1.090,-0.441,0.595,1.093,0.375,0.765,67,W,110,S,,,20537,92.61,0
7,63.224,"Mount",0.944,-0.615,0.746,0.948,0.470,0.664,83,W,96,S,,,18777,89.93,0
8,72.291,"Mount",0.921,-0.992,1.116,0.927,0.703,0.649,125,W,94,S,,,18239,87.13,0
9,81.341,"Mount",1.267,-0.950,1.124,1.272,0.708,0.891,126,W,129,S,,,19106,87.67,0
10,90.216,"Mount",1.005,-0.392,0.534,1.007,0.337,0.705,60,W,102,S,,,20229,92.96,0
11,99.059,"Mount",-0.744,0.716,-0.817,-0.748,-0.410,0.000,73,E,0,,,,19733,91.75,0
12,108.269,"Mount",2.464,0.644,-0.278,2.460,-0.005,1.722,1,E,249,S,,,15997,82.16,0
13,117.064,"Mount",0.253,-0.880,0.908,0.259,0.517,0.000,92,W,0,,,,19207,87.76,0
14,125.921,"Mount",0.270,0.188,-0.147,0.268,0.033,0.000,6,W,0,,,,18994,88.55,0
15,135.115,"Mount",1.022,-0.005,0.154,1.022,-0.022,0.715,4,E,103,S,,,20106,92.53,0
16,144.086,"Mount",0.539,0.068,0.012,0.539,0.048,0.377,9,W,54,S,,,18947,90.30,0
17,153.199,"Mount",0.712,-0.363,0.463,0.714,0.261,0.500,46,W,72,S,,,19364,90.17,0
18,162.105,"Mount",0.210,-1.626,1.639,0.219,0.947,0.000,168,W,0,,,,19627,89.56,0
19,171.411,"Mount",0.582,-2.781,2.836,0.598,1.682,0.419,299,W,60,S,,,19758,90.43,0
20,179.981,"Mount",-0.673,0.851,-0.940,-0.678,-0.459,0.000,82,E,0,,,,17340,86.16,0
21,189.304,"Mount",1.570,1.011,-0.771,1.565,-0.415,1.095,74,E,158,S,,,14663,79.20,0
22,198.386,"Mount",0.795,0.014,0.103,0.795,0.095,0.557,17,W,80,S,,,20065,91.31,0
23,207.019,"Mount",-0.325,1.252,-1.286,-0.333,-0.704,0.000,125,E,0,,,,17347,86.01,0
24,216.325,"Mount",1.536,1.545,-1.304,1.527,-0.794,1.069,141,E,154,S,,,15569,80.69,0
25,224.895,"Mount",-0.051,0.200,-0.206,-0.052,0.062,0.000,11,W,0,,,,18315,88.25,0
26,234.025,"Mount",-1.283,1.251,-1.424,-1.290,-0.815,0.000,145,E,0,,,,19205,90.64,0
27,243.092,"Mount",-0.249,1.601,-1.620,-0.258,-0.985,0.000,175,E,0,,,,19875,92.64,0
28,252.013,"Mount",-0.352,1.372,-1.409,-0.360,-0.821,0.000,146,E,0,,,,19282,89.40,0
29,261.033,"Mount",-0.178,1.391,-1.402,-0.186,-0.798,0.000,142,E,0,,,,19247,90.75,0
Guiding Ends at 2026-08-01 22:43:30

Guiding Begins at 2026-08-01 22:43:45
Equipment Profile = QHY5 EQASCOM OAG
Dither = both axes, Dither scale = 1.000, Image noise reduction = 2x2 mean, Guide-frame time lapse = 0, Server enabled
Pixel scale = 1.05 arc-sec/px, Binning = 1, Focal length = 1018 mm
Search region = 24 px, Star mass tolerance = 90.0%, Multi-star mode, list size = 12
 Camera = QHY5II-M-10d7d910f33c7354, gain = 90, full size = 1280 x 1024, have dark, dark dur = 3000, no defect map, pixel size = 5.2 um
Exposure = 3000 ms
Mount = EQMOD HEQ5/6 (ASCOM), connected, guiding enabled, xAngle = -81.6, xRate = 5.632, yAngle = 17.1, yRate = 6.929, parity = +/-
Norm rates RA = 7.0"/s @ dec 0, Dec = 7.3"/s; ortho.err. = 8.7 deg
X guide algorithm = Predictive PEC, Control gain = 0.630
Prediction gain = 0.430
Minimum move = 0.330
Hyperparameters
	Length scale long range SE kernel = 700.000
	Signal variance long range SE kernel = 20.000
	Length scale periodic kernel = 10.000
	Signal variance periodic kernel = 20.000
	Length scale short range SE kernel = 25.000
	Signal variance short range SE kernel = 10.000
	Period length periodic kernel = 1012.600
	FFT called after = 2.000 worm cycles
	Auto-adjust period length = On
Y guide algorithm = Resist Switch, Minimum move = 0.300 Aggression = 70% FastSwitch = disabled
Backlash comp = disabled, pulse = 495 ms
Max RA duration = 2500, Max DEC duration = 2500, DEC guide mode = Auto
RA Guide Speed = 7.5 a-s/s, Dec Guide Speed = 7.5 a-s/s, Cal Dec = 0.0, Last Cal Issue = None, Timestamp = 7/7/2026 10:36:27 PM
RA = 20.95 hr, Dec = 31.6 deg, Hour angle = -2.66 hr, Pier side = West, Rotator pos = N/A, Alt = 54.3 deg, Az = 110.5 deg
Lock position = 865.261, 63.768, Star position = 865.261, 63.768, HFD = 7.47 px
Frame,Time,mount,dx,dy,RARawDistance,DECRawDistance,RAGuideDistance,DECGuideDistance,RADuration,RADirection,DECDuration,DECDirection,XStep,YStep,StarMass,SNR,ErrorCode
Guiding Ends at 2026-08-01 22:43:54

Guiding Begins at 2026-08-01 22:44:24
Equipment Profile = QHY5 EQASCOM OAG
Dither = both axes, Dither scale = 1.000, Image noise reduction = 2x2 mean, Guide-frame time lapse = 0, Server enabled
Pixel scale = 1.05 arc-sec/px, Binning = 1, Focal length = 1018 mm
Search region = 24 px, Star mass tolerance = 90.0%, Multi-star mode, list size = 1
 Camera = QHY5II-M-10d7d910f33c7354, gain = 90, full size = 1280 x 1024, have dark, dark dur = 3000, no defect map, pixel size = 5.2 um
Exposure = 3000 ms
Mount = EQMOD HEQ5/6 (ASCOM), connected, guiding enabled, xAngle = -81.6, xRate = 5.632, yAngle = 17.1, yRate = 6.929, parity = +/-
Norm rates RA = 7.0"/s @ dec 0, Dec = 7.3"/s; ortho.err. = 8.7 deg
X guide algorithm = Predictive PEC, Control gain = 0.630
Prediction gain = 0.430
Minimum move = 0.330
Hyperparameters
	Length scale long range SE kernel = 700.000
	Signal variance long range SE kernel = 20.000
	Length scale periodic kernel = 10.000
	Signal variance periodic kernel = 20.000
	Length scale short range SE kernel = 25.000
	Signal variance short range SE kernel = 10.000
	Period length periodic kernel = 1012.600
	FFT called after = 2.000 worm cycles
	Auto-adjust period length = On
Y guide algorithm = Resist Switch, Minimum move = 0.300 Aggression = 70% FastSwitch = disabled
Backlash comp = disabled, pulse = 495 ms
Max RA duration = 2500, Max DEC duration = 2500, DEC guide mode = Auto
RA Guide Speed = 7.5 a-s/s, Dec Guide Speed = 7.5 a-s/s, Cal Dec = 0.0, Last Cal Issue = None, Timestamp = 7/7/2026 10:36:27 PM
RA = 20.95 hr, Dec = 31.6 deg, Hour angle = -2.65 hr, Pier side = West, Rotator pos = N/A, Alt = 54.4 deg, Az = 110.7 deg
Lock position = 423.984, 748.603, Star position = 423.984, 748.603, HFD = 3.95 px
Frame,Time,mount,dx,dy,RARawDistance,DECRawDistance,RAGuideDistance,DECGuideDistance,RADuration,RADirection,DECDuration,DECDirection,XStep,YStep,StarMass,SNR,ErrorCode
1,12.205,"Mount",0.881,-1.866,1.975,0.892,1.244,0.000,221,W,0,,,,4084,41.47,0
2,21.128,"Mount",1.915,-0.765,1.036,1.919,0.652,0.000,116,W,0,,,,4441,43.58,0
3,30.354,"Mount",1.807,-0.003,0.267,1.807,0.168,1.265,30,W,183,S,,,4332,42.43,0
4,39.325,"Mount",1.208,-0.477,0.648,1.211,0.408,0.847,72,W,122,S,,,4335,42.54,0
5,48.022,"Mount",-0.276,0.402,-0.437,-0.278,-0.276,0.000,49,E,0,,,,4444,43.98,0
6,57.025,"Mount",0.238,-0.397,0.427,0.241,0.269,0.000,48,W,0,,,,4154,41.83,0
7,66.332,"Mount",0.949,1.200,-1.049,0.942,-0.661,0.659,117,E,95,S,,,4285,43.11,0
8,75.062,"Mount",0.239,0.887,-0.843,0.234,-0.531,0.000,94,E,0,,,,4220,42.47,0
9,87.104,"Mount",0.210,1.224,-1.180,0.203,-0.743,0.000,132,E,0,,,,4265,42.60,0
10,96.426,"Mount",1.062,2.218,-2.039,1.049,-1.285,0.734,228,E,106,S,,,4134,41.20,0
11,105.268,"Mount",0.693,0.757,-0.648,0.689,-0.364,0.482,65,E,70,S,,,4124,41.19,0
12,114.063,"Mount",0.138,0.755,-0.726,0.134,-0.407,0.000,72,E,0,,,,3966,40.44,0
13,123.161,"Mount",0.502,0.246,-0.170,0.500,0.022,0.350,4,W,51,S,,,3948,40.38,0
14,132.132,"Mount",0.747,0.103,0.007,0.747,0.028,0.523,5,W,75,S,,,3867,39.57,0
15,141.023,"Mount",0.111,0.427,-0.406,0.109,-0.207,0.000,37,E,0,,,,4033,41.26,0
16,149.948,"Mount",-0.045,-0.223,0.214,-0.043,0.022,0.000,4,W,0,,,,4164,42.27,0
17,158.958,"Mount",0.266,-0.007,0.046,0.266,0.030,0.000,5,W,0,,,,4214,42.49,0
18,168.207,"Mount",0.841,0.509,-0.381,0.838,-0.204,0.586,36,E,85,S,,,4246,42.38,0
19,176.930,"Mount",0.120,0.003,0.014,0.120,0.009,0.000,2,W,0,,,,4112,41.50,0
20,186.243,"Mount",0.727,-0.742,0.840,0.731,0.522,0.512,93,W,74,S,,,4126,41.23,0
21,194.910,"Mount",-0.064,-0.158,0.147,-0.064,0.028,0.000,5,W,0,,,,4102,41.56,0
22,203.992,"Mount",-0.132,0.135,-0.153,-0.132,-0.060,0.000,11,E,0,,,,4367,43.26,0
23,216.113,"Mount",0.405,0.108,-0.048,0.405,0.008,0.283,1,W,41,S,,,4105,41.45,0
24,225.083,"Mount",0.353,0.183,-0.130,0.352,-0.012,0.246,2,E,36,S,,,4143,41.51,0
25,233.948,"Mount",-0.116,-0.053,0.036,-0.115,-0.030,0.000,5,E,0,,,,4157,42.46,0
26,243.072,"Mount",-0.053,0.779,-0.778,-0.057,-0.450,0.000,80,E,0,,,,4160,42.10,0
27,255.242,"Mount",0.512,1.536,-1.445,0.503,-0.891,0.352,158,E,51,S,,,4338,43.38,0
28,264.229,"Mount",0.854,0.662,-0.531,0.850,-0.332,0.595,59,E,86,S,,,4328,43.02,0
29,273.295,"Mount",0.717,0.954,-0.839,0.712,-0.492,0.498,87,E,72,S,,,3978,41.50,0
30,282.235,"Mount",0.358,1.071,-1.008,0.351,-0.666,0.246,118,E,35,S,,,4364,43.25,0
31,290.908,"Mount",-0.178,-0.016,-0.010,-0.178,0.025,0.000,4,W,0,,,,4008,41.52,0
32,299.952,"Mount",0.039,0.263,-0.255,0.038,0.058,0.000,10,W,0,,,,4038,41.29,0
33,309.224,"Mount",0.188,0.578,-0.544,0.185,-0.393,0.000,70,E,0,,,,4038,41.43,0
34,318.261,"Mount",0.545,-1.783,1.843,0.556,1.076,0.389,191,W,56,S,,,3953,40.79,0
35,327.489,"Mount",0.632,-3.353,3.410,0.651,2.094,0.456,372,W,66,S,,,3959,40.74,0
36,336.139,"Mount",0.380,-0.590,0.639,0.384,0.363,0.269,64,W,39,S,,,4149,42.07,0
37,344.919,"Mount",-0.041,0.310,-0.313,-0.043,-0.213,0.000,38,E,0,,,,4265,42.51,0
38,354.036,"Mount",-0.074,1.177,-1.175,-0.081,-0.615,0.000,109,E,0,,,,4296,42.96,0
39,363.004,"Mount",0.311,0.330,-0.282,0.309,-0.029,0.216,5,E,31,S,,,4257,42.48,0
40,371.945,"Mount",0.262,0.394,-0.351,0.260,-0.284,0.000,50,E,0,,,,4070,41.22,0
41,381.105,"Mount",1.201,-0.102,0.276,1.201,-0.023,0.841,4,E,121,S,,,4018,40.39,0
42,390.045,"Mount",0.723,-0.156,0.260,0.724,0.002,0.507,0,,73,S,,,3864,40.44,0
43,399.223,"Mount",0.717,-0.473,0.572,0.720,0.271,0.504,48,W,73,S,,,3705,38.94,0
44,407.907,"Mount",-1.405,-0.491,0.281,-1.402,-0.022,0.000,4,E,0,,,,3333,36.31,0
45,416.909,"Mount",-1.279,-0.144,-0.044,-1.278,-0.025,0.000,4,E,0,,,,3315,37.43,0
46,425.987,"Mount",-0.854,-0.707,0.575,-0.850,0.279,0.000,50,W,0,,,,3135,35.82,0
47,435.137,"Mount",0.013,-1.597,1.582,0.022,0.992,0.000,176,W,0,,,,2938,34.71,0
48,443.947,"Mount",-0.719,-0.684,0.571,-0.715,0.369,0.000,65,W,0,,,,2824,33.72,0
49,452.966,"Mount",-0.796,0.598,-0.708,-0.800,-0.502,0.000,89,E,0,,,,2461,31.28,0
50,461.969,"Mount",-0.114,-0.495,0.473,-0.111,0.229,0.000,41,W,0,,,,2254,29.83,0
51,470.940,"Mount",0.071,-0.352,0.359,0.073,0.327,0.000,58,W,0,,,,2330,30.58,0
52,479.937,"Mount",0.073,-0.082,0.092,0.074,-0.157,0.000,28,E,0,,,,3065,35.38,0
53,489.027,"Mount",0.129,-0.974,0.983,0.135,0.596,0.000,106,W,0,,,,3188,36.06,0
54,497.932,"Mount",0.496,-0.147,0.218,0.497,0.070,0.000,12,W,0,,,,3723,39.61,0
55,506.966,"Mount",-0.178,0.340,-0.363,-0.180,-0.300,0.000,53,E,0,,,,4214,42.40,0
56,516.145,"Mount",0.649,-0.651,0.739,0.653,0.378,0.457,67,W,66,S,,,3751,39.38,0
57,525.005,"Mount",0.127,-0.489,0.502,0.130,0.420,0.000,75,W,0,,,,3958,40.95,0
58,533.924,"Mount",-0.077,-0.099,0.086,-0.077,-0.149,0.000,26,E,0,,,,4184,41.90,0
59,542.882,"Mount",0.193,-0.270,0.296,0.194,-0.082,0.000,15,E,0,,,,3597,38.46,0
60,552.429,"Mount",1.667,-1.332,1.560,1.675,0.970,1.173,172,W,169,S,,,3757,39.26,0
61,560.935,"Mount",-0.944,-0.917,0.769,-0.938,0.475,0.000,84,W,0,,,,3942,40.61,0
62,569.959,"Mount",0.299,0.814,-0.761,0.294,-0.559,0.000,99,E,0,,,,4108,41.45,0
63,578.956,"Mount",0.098,0.882,-0.858,0.093,-0.575,0.000,102,E,0,,,,3567,37.65,0
64,587.911,"Mount",-0.438,-0.679,0.608,-0.434,0.394,0.000,70,W,0,,,,4093,41.67,0
65,596.882,"Mount",0.232,0.015,0.018,0.231,0.066,0.000,12,W,0,,,,3988,40.57,0
66,606.157,"Mount",0.570,0.909,-0.816,0.565,-0.621,0.396,110,E,57,S,,,4177,42.17,0
67,614.918,"Mount",0.042,0.515,-0.503,0.039,-0.272,0.000,48,E,0,,,,4086,41.32,0
68,623.984,"Mount",0.162,1.615,-1.574,0.153,-0.892,0.000,158,E,0,,,,4155,41.59,0
69,632.953,"Mount",-0.158,0.914,-0.927,-0.164,-0.631,0.000,112,E,0,,,,4147,41.81,0
70,642.083,"Mount",0.335,0.866,-0.808,0.330,-0.421,0.231,75,E,33,S,,,4009,41.29,0
71,650.847,"Mount",0.215,0.527,-0.490,0.212,-0.233,0.000,41,E,0,,,,3979,41.43,0
72,659.989,"Mount",0.382,0.199,-0.141,0.381,0.034,0.267,6,W,39,S,,,4085,41.83,0
73,669.022,"Mount",0.578,-0.123,0.206,0.579,0.090,0.405,16,W,58,S,,,3939,40.74,0
74,677.906,"Mount",0.116,0.191,-0.172,0.115,0.317,0.000,56,W,0,,,,4038,41.15,0
75,687.072,"Mount",0.474,1.074,-0.993,0.468,-0.412,0.327,73,E,47,S,,,4041,41.53,0
76,695.834,"Mount",-0.599,0.252,-0.337,-0.600,-0.089,0.000,16,E,0,,,,4024,41.10,0
77,704.916,"Mount",-0.523,-0.567,0.485,-0.519,0.392,0.000,70,W,0,,,,3904,40.35,0
78,713.977,"Mount",0.317,0.458,-0.407,0.315,-0.079,0.220,14,E,32,S,,,4217,42.43,0
79,723.041,"Mount",0.532,0.657,-0.573,0.528,-0.284,0.370,50,E,53,S,,,4131,42.00,0
80,731.897,"Mount",0.295,0.720,-0.669,0.290,-0.386,0.000,68,E,0,,,,4308,43.15,0
81,741.010,"Mount",0.545,0.277,-0.194,0.543,0.082,0.380,15,W,55,S,,,4224,42.66,0
82,750.059,"Mount",0.478,1.009,-0.929,0.472,-0.455,0.331,81,E,48,S,,,4174,42.39,0
83,758.907,"Mount",-0.338,1.236,-1.272,-0.345,-0.687,0.000,122,E,0,,,,4189,42.26,0
84,767.852,"Mount",-0.124,0.485,-0.498,-0.126,-0.319,0.000,57,E,0,,,,4198,41.98,0
85,776.836,"Mount",-0.049,0.323,-0.327,-0.051,-0.095,0.000,17,E,0,,,,4145,42.49,0
86,785.949,"Mount",0.446,0.161,-0.094,0.445,0.042,0.311,7,W,45,S,,,4150,41.83,0
87,795.143,"Mount",0.705,-1.365,1.453,0.713,0.977,0.499,173,W,72,S,,,3948,41.06,0
88,804.271,"Mount",0.684,-2.764,2.834,0.700,1.780,0.490,316,W,71,S,,,4034,41.15,0
89,812.776,"Mount",-0.278,-0.288,0.245,-0.277,0.041,0.000,7,W,0,,,,3987,41.05,0
90,821.873,"Mount",-0.448,0.540,-0.600,-0.451,-0.420,0.000,75,E,0,,,,4087,41.71,0
91,830.832,"Mount",-0.517,0.062,-0.137,-0.517,0.062,0.000,11,W,0,,,,4032,41.16,0
92,839.746,"Mount",0.052,0.588,-0.574,0.049,-0.047,0.000,8,E,0,,,,4023,41.54,0
93,849.082,"Mount",0.757,0.950,-0.830,0.751,-0.413,0.526,73,E,76,S,,,4218,42.26,0
94,857.818,"Mount",0.183,0.317,-0.287,0.181,-0.210,0.000,37,E,0,,,,4130,42.24,0
95,866.811,"Mount",0.292,-0.247,0.287,0.293,-0.047,0.000,8,E,0,,,,4254,42.12,0
96,876.096,"Mount",0.673,1.270,-1.158,0.665,-0.713,0.466,127,E,67,S,,,4278,43.08,0
97,885.159,"Mount",0.351,1.432,-1.365,0.343,-1.035,0.240,184,E,35,S,,,4045,41.81,0
98,893.929,"Mount",-0.257,1.016,-1.042,-0.263,-0.682,0.000,121,E,0,,,,4213,42.30,0
99,903.030,"Mount",1.066,0.331,-0.172,1.064,0.025,0.745,4,W,107,S,,,4133,41.31,0
100,911.998,"Mount",0.178,-2.585,2.584,0.193,1.423,0.000,253,W,0,,,,3779,39.89,0
101,924.320,"Mount",1.886,-2.333,2.583,1.900,1.490,1.330,265,W,192,S,,,4225,42.44,0
102,932.824,"Mount",-0.278,-0.866,0.817,-0.273,0.369,0.000,66,W,0,,,,3911,41.32,0
103,941.871,"Mount",-0.209,-0.840,0.800,-0.204,0.406,0.000,72,W,0,,,,3970,41.42,0
104,950.918,"Mount",0.251,-1.333,1.356,0.259,0.777,0.000,138,W,0,,,,4168,41.98,0
105,959.950,"Mount",0.153,-1.600,1.605,0.162,0.906,0.000,161,W,0,,,,3986,41.65,0
106,968.837,"Mount",0.195,-0.713,0.734,0.200,0.424,0.000,75,W,0,,,,3971,41.31,0
107,977.995,"Mount",0.624,-0.694,0.778,0.628,0.375,0.440,67,W,63,S,,,4119,42.19,0
108,987.058,"Mount",1.000,0.859,-0.704,0.995,-0.490,0.696,87,E,100,S,,,4046,41.85,0
109,996.008,"Mount",0.721,-0.004,0.109,0.721,-0.228,0.505,40,E,73,S,,,4018,41.72,0
110,1004.768,"Mount",-0.259,-0.039,0.001,-0.259,0.104,0.000,19,W,0,,,,3905,41.59,0
111,1013.852,"Mount",-0.136,0.628,-0.641,-0.140,-0.601,0.000,107,E,0,,,,3909,41.64,0
112,1022.846,"Mount",-0.066,0.637,-0.640,-0.070,-0.550,0.000,98,E,0,,,,3930,41.44,0
113,1031.722,"Mount",0.154,0.198,-0.174,0.153,0.019,0.000,3,W,0,,,,3774,40.46,0
114,1041.103,"Mount",0.415,1.170,-1.097,0.409,-0.677,0.286,120,E,41,S,,,3937,41.70,0
115,1049.848,"Mount",0.183,0.958,-0.921,0.177,-0.731,0.000,130,E,0,,,,3765,40.60,0
116,1059.059,"Mount",0.527,1.702,-1.607,0.518,-0.875,0.362,155,E,52,S,,,4046,42.16,0
117,1068.092,"Mount",1.269,0.948,-0.753,1.263,-0.469,0.884,83,E,128,S,,,4033,41.69,0
118,1076.790,"Mount",0.184,0.392,-0.361,0.182,-0.141,0.000,25,E,0,,,,4055,42.12,0
119,1085.953,"Mount",0.948,0.340,-0.198,0.946,0.084,0.662,15,W,96,S,,,4132,42.36,0
120,1094.779,"Mount",0.011,0.572,-0.564,0.007,-0.315,0.000,56,E,0,,,,3798,40.78,0
121,1103.686,"Mount",0.147,0.094,-0.071,0.147,0.022,0.000,4,W,0,,,,3988,41.77,0
122,1112.945,"Mount",0.497,0.274,-0.198,0.495,0.102,0.347,18,W,50,S,,,3849,40.57,0
123,1121.802,"Mount",-0.020,0.851,-0.845,-0.025,-0.486,0.000,86,E,0,,,,3973,41.62,0
124,1130.821,"Mount",-0.042,0.633,-0.633,-0.045,-0.433,0.000,77,E,0,,,,3782,40.88,0
125,1139.921,"Mount",0.647,0.387,-0.289,0.645,0.059,0.451,10,W,65,S,,,3898,41.50,0
126,1148.763,"Mount",0.018,0.304,-0.298,0.017,0.058,0.000,10,W,0,,,,3946,41.66,0
127,1157.923,"Mount",0.176,1.632,-1.589,0.166,-0.967,0.000,172,E,0,,,,4136,42.50,0
128,1167.073,"Mount",0.955,1.253,-1.100,0.948,-0.772,0.663,137,E,96,S,,,3860,41.29,0
129,1175.866,"Mount",0.690,0.022,0.079,0.690,0.042,0.483,7,W,70,S,,,3907,40.87,0
130,1184.886,"Mount",0.394,0.561,-0.497,0.391,-0.145,0.274,26,E,39,S,,,4004,41.59,0
131,1193.857,"Mount",0.000,0.940,-0.930,-0.005,-0.584,0.000,104,E,0,,,,4074,42.13,0
132,1202.988,"Mount",0.361,0.804,-0.743,0.357,-0.508,0.250,90,E,36,S,,,3901,41.32,0
133,1211.831,"Mount",-0.220,0.963,-0.984,-0.225,-0.594,0.000,105,E,0,,,,4002,41.86,0
134,1220.769,"Mount",0.295,0.617,-0.567,0.291,-0.372,0.000,66,E,0,,,,3847,40.91,0
135,1229.964,"Mount",0.821,0.299,-0.176,0.819,0.060,0.573,11,W,83,S,,,4112,42.34,0
136,1239.053,"Mount",0.889,0.989,-0.849,0.883,-0.547,0.618,97,E,89,S,,,4057,41.99,0
137,1247.740,"Mount",0.092,-0.111,0.124,0.093,-0.165,0.000,29,E,0,,,,4007,41.73,0
138,1256.669,"Mount",0.258,0.076,-0.037,0.258,-0.050,0.000,9,E,0,,,,3822,41.00,0
139,1265.751,"Mount",0.026,-0.418,0.417,0.028,0.225,0.000,40,W,0,,,,4091,42.14,0
140,1274.962,"Mount",0.319,-0.893,0.929,0.324,0.488,0.227,87,W,33,S,,,3850,40.84,0
141,1284.253,"Mount",0.631,-3.024,3.084,0.648,1.889,0.454,335,W,65,S,,,3729,40.38,0
142,1292.872,"Mount",-0.400,-1.358,1.285,-0.392,0.882,0.000,157,W,0,,,,3954,40.95,0
143,1301.762,"Mount",-0.607,0.090,-0.177,-0.608,-0.122,0.000,22,E,0,,,,3836,41.15,0
144,1310.676,"Mount",-0.199,-0.090,0.060,-0.198,-0.039,0.000,7,E,0,,,,3801,40.59,0
145,1319.752,"Mount",-0.099,0.323,-0.334,-0.101,0.253,0.000,45,W,0,,,,4080,42.31,0
146,1328.899,"Mount",-0.198,1.873,-1.882,-0.209,-0.874,0.000,155,E,0,,,,3968,41.70,0
147,1337.816,"Mount",0.229,0.885,-0.843,0.224,-0.593,0.000,105,E,0,,,,3859,41.24,0
148,1346.956,"Mount",1.239,0.403,-0.218,1.236,-0.136,0.865,24,E,125,S,,,4106,42.03,0
149,1355.908,"Mount",0.408,-0.170,0.228,0.409,-0.151,0.286,27,E,41,S,,,3852,41.00,0
150,1364.739,"Mount",-0.019,0.392,-0.391,-0.021,-0.288,0.000,51,E,0,,,,4018,41.91,0
151,1373.658,"Mount",-0.473,-0.396,0.323,-0.471,-0.049,0.000,9,E,0,,,,4017,41.79,0
152,1382.646,"Mount",-0.214,-0.053,0.021,-0.214,0.046,0.000,8,W,0,,,,3973,41.55,0
153,1391.808,"Mount",0.250,-1.445,1.466,0.258,0.913,0.000,162,W,0,,,,4038,41.87,0
154,1401.066,"Mount",0.310,-1.779,1.805,0.320,1.209,0.224,215,W,32,S,,,3800,40.53,0
155,1409.744,"Mount",-0.673,0.582,-0.674,-0.676,-0.419,0.000,74,E,0,,,,3919,41.55,0
156,1418.929,"Mount",0.596,0.231,-0.142,0.594,-0.253,0.416,45,E,60,S,,,3795,40.17,0
157,1427.804,"Mount",-0.308,-0.948,0.893,-0.303,0.663,0.000,118,W,0,,,,3897,41.49,0
158,1436.726,"Mount",0.212,0.002,0.029,0.212,0.325,0.000,58,W,0,,,,3977,41.61,0
159,1445.874,"Mount",0.413,-0.758,0.810,0.417,0.342,0.292,61,W,42,S,,,3599,39.45,0
160,1454.877,"Mount",0.297,-0.991,1.024,0.303,0.614,0.212,109,W,31,S,,,3908,40.81,0
161,1463.735,"Mount",-0.013,-0.955,0.943,-0.007,0.638,0.000,113,W,0,,,,3741,40.17,0
162,1472.620,"Mount",-0.085,0.288,-0.297,-0.087,-0.049,0.000,9,E,0,,,,3864,41.16,0
163,1481.869,"Mount",0.377,0.639,-0.578,0.373,-0.374,0.261,66,E,38,S,,,3957,41.74,0
164,1490.656,"Mount",-0.173,0.271,-0.293,-0.175,0.077,0.000,14,W,0,,,,3877,41.16,0
165,1499.634,"Mount",-0.240,0.243,-0.276,-0.241,-0.082,0.000,14,E,0,,,,3871,41.31,0
166,1511.899,"Mount",1.375,-0.156,0.355,1.376,0.202,0.963,36,W,139,S,,,3871,40.85,0
167,1520.796,"Mount",0.166,1.211,-1.174,0.159,-0.598,0.000,106,E,0,,,,4119,42.67,0
168,1529.769,"Mount",-0.179,1.042,-1.057,-0.185,-0.808,0.000,143,E,0,,,,4145,42.12,0
169,1538.764,"Mount",-0.316,1.312,-1.344,-0.324,-0.837,0.000,149,E,0,,,,4216,42.59,0
170,1547.839,"Mount",0.044,1.376,-1.355,0.036,-0.709,0.000,126,E,0,,,,3969,40.97,0
171,1556.674,"Mount",0.252,0.783,-0.738,0.248,-0.312,0.000,55,E,0,,,,4078,42.02,0
172,1565.979,"Mount",0.899,1.378,-1.233,0.891,-0.805,0.624,143,E,90,S,,,4232,42.85,0
173,1574.950,"Mount",0.572,1.051,-0.957,0.566,-0.886,0.396,157,E,57,S,,,4276,43.03,0
174,1586.718,"Mount",-0.155,1.049,-1.060,-0.161,-0.559,0.000,99,E,0,,,,4415,43.78,0
175,1595.703,"Mount",0.234,1.126,-1.080,0.228,-0.652,0.000,116,E,0,,,,4115,41.54,0
176,1604.703,"Mount",0.018,0.724,-0.713,0.014,-0.540,0.000,96,E,0,,,,4078,42.04,0
177,1613.787,"Mount",0.410,-0.044,0.103,0.410,-0.081,0.287,14,E,41,S,,,4095,42.05,0
178,1622.725,"Mount",0.273,-1.104,1.132,0.280,0.578,0.000,103,W,0,,,,4028,41.86,0
179,1631.823,"Mount",0.970,-0.203,0.342,0.971,0.106,0.680,19,W,98,S,,,4267,42.66,0
180,1640.682,"Mount",-0.499,-0.701,0.621,-0.495,0.240,0.000,43,W,0,,,,4059,41.88,0
181,1649.924,"Mount",0.739,-0.632,0.733,0.743,0.469,0.520,83,W,75,S,,,4190,42.06,0
182,1658.549,"Mount",-0.102,0.236,-0.248,-0.104,0.053,0.000,9,W,0,,,,4469,44.10,0
183,1667.608,"Mount",-0.088,-0.295,0.279,-0.086,0.034,0.000,6,W,0,,,,3947,40.55,0
184,1676.738,"Mount",0.579,0.151,-0.065,0.578,0.036,0.404,6,W,58,S,,,4248,42.87,0
185,1685.899,"Mount",0.911,0.711,-0.571,0.907,-0.488,0.635,87,E,92,S,,,4290,42.52,0
186,1694.742,"Mount",0.477,0.107,-0.036,0.477,-0.039,0.334,7,E,48,S,,,4174,42.32,0
187,1703.632,"Mount",-0.283,0.733,-0.766,-0.287,-0.094,0.000,17,E,0,,,,4116,42.08,0
188,1712.682,"Mount",-0.346,1.061,-1.100,-0.352,-0.543,0.000,96,E,0,,,,4345,43.59,0
189,1721.720,"Mount",-0.487,0.850,-0.912,-0.492,-0.536,0.000,95,E,0,,,,4140,42.22,0
190,1730.622,"Mount",-0.577,0.346,-0.426,-0.579,-0.166,0.000,30,E,0,,,,3980,41.62,0
191,1739.563,"Mount",-0.649,0.191,-0.284,-0.650,-0.006,0.000,1,E,0,,,,4067,42.23,0
192,1748.611,"Mount",0.022,-0.506,0.504,0.025,0.208,0.000,37,W,0,,,,4021,41.25,0
193,1758.013,"Mount",0.526,-1.905,1.962,0.538,1.268,0.376,225,W,54,S,,,4178,42.22,0
194,1767.014,"Mount",0.592,-1.886,1.952,0.603,1.546,0.422,274,W,61,S,,,4060,41.01,0
195,1775.631,"Mount",-0.643,0.461,-0.549,-0.646,-0.143,0.000,25,E,0,,,,4152,42.23,0
196,1784.712,"Mount",-0.234,0.965,-0.989,-0.240,-0.802,0.000,142,E,0,,,,4240,42.93,0
197,1793.728,"Mount",0.498,0.674,-0.594,0.494,-0.428,0.000,76,E,0,,,,4031,41.42,0
198,1802.839,"Mount",0.383,0.879,-0.814,0.378,-0.638,0.265,113,E,38,S,,,4262,42.86,0
199,1811.775,"Mount",0.450,0.794,-0.720,0.445,-0.569,0.311,101,E,45,S,,,4135,42.32,0
200,1820.775,"Mount",0.697,0.033,0.069,0.697,-0.331,0.488,59,E,70,S,,,4060,41.57,0
201,1829.726,"Mount",0.343,0.127,-0.075,0.342,-0.164,0.240,29,E,35,S,,,4140,42.47,0
202,1838.566,"Mount",0.234,0.662,-0.621,0.230,-0.096,0.000,17,E,0,,,,3887,40.75,0
203,1847.852,"Mount",0.334,1.690,-1.623,0.324,-0.697,0.227,124,E,33,S,,,4279,42.69,0
204,1856.723,"Mount",0.131,0.919,-0.890,0.125,-0.628,0.000,111,E,0,,,,4307,43.12,0
205,1865.883,"Mount",1.052,-0.251,0.402,1.053,0.487,0.737,87,W,106,S,,,4240,41.82,0
206,1874.834,"Mount",-0.127,-1.535,1.500,-0.118,1.200,0.000,213,W,0,,,,3967,41.58,0
207,1883.769,"Mount",0.247,-1.438,1.458,0.255,1.041,0.000,185,W,0,,,,4178,42.10,0
208,1892.756,"Mount",0.424,-0.266,0.325,0.426,-0.119,0.298,21,E,43,S,,,4137,42.26,0
209,1901.606,"Mount",0.126,-1.074,1.081,0.132,0.633,0.000,112,W,0,,,,4109,41.73,0
210,1910.637,"Mount",0.161,-0.875,0.889,0.166,0.457,0.000,81,W,0,,,,3942,41.11,0
211,1919.843,"Mount",0.479,-1.088,1.146,0.486,0.659,0.340,117,W,49,S,,,3998,41.13,0
212,1928.586,"Mount",-0.138,-0.585,0.559,-0.134,0.281,0.000,50,W,0,,,,4055,41.87,0
213,1937.538,"Mount",-0.234,-0.564,0.524,-0.230,0.181,0.000,32,W,0,,,,4123,42.53,0
214,1946.520,"Mount",0.270,0.348,-0.305,0.268,-0.078,0.000,14,E,0,,,,4000,41.28,0
215,1955.614,"Mount",0.128,0.567,-0.542,0.125,-0.368,0.000,65,E,0,,,,3960,40.92,0
216,1964.856,"Mount",1.025,0.944,-0.785,1.019,-0.550,0.713,98,E,103,S,,,4213,42.48,0
217,1973.804,"Mount",0.537,0.739,-0.653,0.533,-0.429,0.373,76,E,54,S,,,4172,42.52,0
218,1982.643,"Mount",-0.673,0.676,-0.767,-0.677,-0.662,0.000,118,E,0,,,,4097,42.19,0
219,1991.573,"Mount",-0.432,-0.802,0.731,-0.428,0.361,0.000,64,W,0,,,,4143,42.48,0
220,2000.467,"Mount",-0.108,-0.050,0.033,-0.107,-0.047,0.000,8,E,0,,,,4171,42.31,0
221,2009.609,"Mount",-0.356,0.528,-0.575,-0.359,-0.559,0.000,99,E,0,,,,4387,43.34,0
222,2018.625,"Mount",0.126,1.104,-1.074,0.119,-0.583,0.000,104,E,0,,,,4195,42.59,0
223,2027.752,"Mount",0.534,-0.362,0.436,0.536,0.498,0.375,88,W,54,S,,,4106,41.65,0
224,2036.543,"Mount",0.216,0.394,-0.358,0.214,-0.323,0.000,57,E,0,,,,3969,40.53,0
225,2045.767,"Mount",0.373,0.705,-0.643,0.369,-0.578,0.258,103,E,37,S,,,4123,41.78,0
226,2054.703,"Mount",0.868,0.178,-0.050,0.866,-0.014,0.607,3,E,88,S,,,4187,41.77,0
227,2063.559,"Mount",-0.729,-0.843,0.728,-0.724,0.490,0.000,87,W,0,,,,3950,40.69,0
228,2072.558,"Mount",-0.102,0.466,-0.475,-0.105,-0.299,0.000,53,E,0,,,,4267,42.40,0
229,2081.751,"Mount",0.595,0.666,-0.572,0.591,-0.369,0.414,66,E,60,S,,,4259,42.49,0
230,2090.686,"Mount",0.506,0.311,-0.234,0.505,0.131,0.353,23,W,51,S,,,4014,41.09,0
231,2099.543,"Mount",-0.517,0.014,-0.090,-0.517,0.314,0.000,56,W,0,,,,4157,42.33,0
232,2108.575,"Mount",-0.660,0.889,-0.976,-0.665,-0.619,0.000,110,E,0,,,,4417,43.79,0
233,2117.559,"Mount",-0.566,0.744,-0.819,-0.570,-0.460,0.000,82,E,0,,,,4398,43.52,0
234,2126.496,"Mount",-0.474,-0.076,0.007,-0.473,0.035,0.000,6,W,0,,,,4226,42.55,0
235,2135.896,"Mount",0.329,-0.460,0.503,0.332,0.443,0.000,79,W,0,,,,4053,41.02,0
236,2144.497,"Mount",-0.209,0.558,-0.582,-0.212,-0.286,0.000,51,E,0,,,,4312,43.10,0
237,2153.628,"Mount",-0.237,1.302,-1.322,-0.245,-0.735,0.000,130,E,0,,,,4239,42.92,0
238,2162.755,"Mount",0.781,-0.044,0.157,0.782,-0.100,0.547,18,E,79,S,,,3941,40.08,0
239,2171.708,"Mount",0.504,0.275,-0.199,0.502,0.076,0.352,13,W,51,S,,,3936,40.43,0
240,2180.676,"Mount",-0.213,1.564,-1.579,-0.222,-0.862,0.000,153,E,0,,,,4193,41.91,0
241,2189.693,"Mount",-0.128,1.380,-1.384,-0.136,-1.023,0.000,182,E,0,,,,4142,42.20,0
242,2198.678,"Mount",0.605,0.142,-0.053,0.604,0.108,0.423,19,W,61,S,,,4239,42.16,0
243,2207.789,"Mount",0.930,0.637,-0.495,0.926,-0.410,0.648,73,E,94,S,,,4387,43.16,0
244,2216.727,"Mount",1.269,-0.150,0.333,1.270,0.226,0.889,40,W,128,S,,,4108,41.07,0
245,2225.582,"Mount",-0.950,0.836,-0.966,-0.955,-0.550,0.000,98,E,0,,,,4338,42.95,0
246,2234.743,"Mount",0.610,-1.232,1.307,0.617,0.657,0.432,117,W,62,S,,,4292,42.53,0
247,2243.936,"Mount",0.351,-2.427,2.452,0.365,1.575,0.256,280,W,37,S,,,3954,40.65,0
248,2252.551,"Mount",-0.241,-0.412,0.373,-0.239,0.243,0.000,43,W,0,,,,4002,41.57,0
249,2261.617,"Mount",-0.458,1.094,-1.149,-0.464,-0.781,0.000,139,E,0,,,,4377,43.52,0
250,2270.488,"Mount",-0.473,0.178,-0.246,-0.474,-0.144,0.000,26,E,0,,,,4213,42.55,0
251,2279.617,"Mount",-0.086,1.258,-1.257,-0.094,-0.905,0.000,161,E,0,,,,4166,41.88,0
252,2288.745,"Mount",0.950,0.318,-0.176,0.948,-0.264,0.663,47,E,96,S,,,4055,41.31,0
253,2297.537,"Mount",-0.407,1.116,-1.163,-0.414,-0.670,0.000,119,E,0,,,,4048,41.69,0
254,2306.665,"Mount",0.540,-0.167,0.244,0.541,0.068,0.379,12,W,55,S,,,3950,41.17,0
255,2315.553,"Mount",-0.439,1.001,-1.055,-0.445,-0.780,0.000,139,E,0,,,,4396,43.59,0
256,2324.777,"Mount",0.476,0.976,-0.896,0.470,-0.793,0.329,141,E,47,S,,,4221,42.45,0
257,2333.440,"Mount",-0.337,0.050,-0.099,-0.337,-0.104,0.000,19,E,0,,,,4191,41.96,0
258,2342.424,"Mount",0.502,0.183,-0.108,0.501,0.041,0.000,7,W,0,,,,4098,41.80,0
259,2351.810,"Mount",1.325,-1.016,1.199,1.331,0.708,0.932,126,W,134,S,,,4302,42.93,0
260,2360.951,"Mount",0.752,-2.492,2.575,0.766,1.572,0.536,279,W,77,S,,,4100,41.51,0
261,2369.519,"Mount",-0.795,-0.583,0.461,-0.791,0.528,0.000,94,W,0,,,,4081,41.95,0
262,2378.498,"Mount",-1.091,0.739,-0.890,-1.095,-0.517,0.000,92,E,0,,,,4182,42.47,0
263,2387.407,"Mount",-0.272,-0.008,-0.032,-0.272,-0.034,0.000,6,E,0,,,,4104,42.18,0
264,2396.549,"Mount",0.096,-0.604,0.611,0.099,0.465,0.000,82,W,0,,,,4259,42.86,0
265,2405.814,"Mount",0.906,-1.307,1.425,0.914,0.926,0.640,164,W,92,S,,,4054,41.43,0
266,2414.740,"Mount",0.389,-1.473,1.514,0.397,0.890,0.278,158,W,40,S,,,4005,41.16,0
267,2423.515,"Mount",-0.264,-1.094,1.044,-0.258,0.519,0.000,92,W,0,,,,4091,42.06,0
268,2432.468,"Mount",-0.197,0.318,-0.343,-0.199,-0.314,0.000,56,E,0,,,,4081,42.04,0
269,2441.441,"Mount",0.100,0.039,-0.024,0.100,-0.150,0.000,27,E,0,,,,3863,40.52,0
270,2450.595,"Mount",0.356,0.535,-0.478,0.353,-0.133,0.247,24,E,36,S,,,4030,41.93,0
271,2459.463,"Mount",0.283,0.239,-0.195,0.281,0.181,0.000,32,W,0,,,,4171,42.53,0
272,2468.494,"Mount",0.239,0.721,-0.679,0.235,-0.523,0.000,93,E,0,,,,4394,43.22,0
273,2477.749,"Mount",0.479,1.119,-1.037,0.472,-0.782,0.330,139,E,48,S,,,4215,42.79,0
274,2486.557,"Mount",0.258,1.570,-1.515,0.249,-1.003,0.000,178,E,0,,,,4259,43.15,0
275,2495.704,"Mount",0.741,1.327,-1.205,0.733,-0.730,0.513,130,E,74,S,,,4170,42.54,0
276,2504.643,"Mount",0.194,2.329,-2.275,0.181,-1.374,0.000,244,E,0,,,,4111,42.20,0
277,2513.762,"Mount",0.688,1.601,-1.484,0.678,-0.931,0.475,165,E,69,S,,,4227,42.72,0
278,2522.633,"Mount",0.545,0.752,-0.665,0.540,-0.396,0.378,70,E,55,S,,,4121,41.64,0
279,2531.450,"Mount",-0.097,0.336,-0.347,-0.099,-0.265,0.000,47,E,0,,,,4366,43.15,0
280,2540.586,"Mount",0.396,0.370,-0.308,0.394,-0.088,0.276,16,E,40,S,,,4212,42.45,0
281,2549.457,"Mount",-0.035,0.620,-0.618,-0.038,-0.256,0.000,45,E,0,,,,4300,42.92,0
282,2558.566,"Mount",0.670,0.243,-0.142,0.669,0.064,0.468,11,W,68,S,,,4278,42.63,0
283,2567.501,"Mount",-0.124,0.702,-0.712,-0.128,-0.394,0.000,70,E,0,,,,4055,41.57,0
284,2576.580,"Mount",0.406,-0.249,0.305,0.408,0.089,0.285,16,W,41,S,,,4204,42.01,0
285,2585.582,"Mount",0.392,-0.059,0.115,0.392,0.076,0.275,13,W,40,S,,,3897,40.28,0
286,2594.451,"Mount",-0.146,0.334,-0.352,-0.148,-0.249,0.000,44,E,0,,,,4434,43.33,0
287,2603.564,"Mount",0.395,-0.305,0.359,0.396,0.142,0.277,25,W,40,S,,,4039,41.81,0
288,2612.625,"Mount",0.466,-0.687,0.748,0.470,0.412,0.329,73,W,47,S,,,4313,42.92,0
289,2621.321,"Mount",-0.308,0.086,-0.130,-0.308,0.005,0.000,1,W,0,,,,4069,41.62,0
290,2630.497,"Mount",-0.437,0.893,-0.947,-0.442,-0.749,0.000,133,E,0,,,,4427,43.73,0
291,2639.494,"Mount",0.192,1.175,-1.135,0.185,-0.856,0.000,152,E,0,,,,4257,43.21,0
292,2648.573,"Mount",0.377,0.587,-0.526,0.374,-0.380,0.261,67,E,38,S,,,4104,41.72,0
293,2657.748,"Mount",0.716,1.632,-1.510,0.707,-0.991,0.495,176,E,71,S,,,4211,42.37,0
294,2666.654,"Mount",-0.219,1.947,-1.958,-0.230,-1.388,0.000,246,E,0,,,,4297,42.93,0
295,2675.633,"Mount",0.571,0.987,-0.893,0.565,-0.591,0.396,105,E,57,S,,,4166,42.22,0
296,2684.346,"Mount",0.161,0.243,-0.217,0.160,0.068,0.000,12,W,0,,,,4307,43.23,0
297,2693.536,"Mount",0.183,1.733,-1.688,0.173,-1.156,0.000,205,E,0,,,,4178,42.47,0
298,2702.630,"Mount",1.061,0.058,0.097,1.061,0.097,0.743,17,W,107,S,,,4076,41.27,0
299,2711.358,"Mount",-0.284,-0.409,0.364,-0.282,0.185,0.000,33,W,0,,,,4036,41.44,0
300,2720.933,"Mount",0.436,-2.967,2.999,0.453,1.861,0.317,330,W,46,S,,,4072,41.86,0
301,2729.884,"Mount",0.502,-2.759,2.803,0.518,1.843,0.363,327,W,52,S,,,4182,42.48,0
302,2738.323,"Mount",-0.793,0.294,-0.407,-0.795,-0.045,0.000,8,E,0,,,,4143,42.24,0
303,2747.498,"Mount",-0.153,1.299,-1.307,-0.161,-0.851,0.000,151,E,0,,,,3855,41.43,0
INFO: SET LOCK POSITION, new lock pos = 423.984, 748.603
INFO: DITHER by -1.995, 0.254, new lock pos = 423.945, 750.613
INFO: SETTLING STATE CHANGE, Settling started
304,2756.865,"Mount",0.039,-2.011,1.995,-0.254,1.995,-0.254,354,W,37,N,,,3662,40.01,0
INFO: SETTLING STATE CHANGE, Settling complete
305,2765.448,"Mount",-0.260,1.269,-1.294,-0.268,-0.815,0.000,145,E,0,,,,3976,41.59,0
306,2774.351,"Mount",0.151,-0.009,0.031,0.151,0.020,0.000,4,W,0,,,,4207,42.82,0
307,2783.302,"Mount",0.392,-0.223,0.277,0.393,-0.037,0.000,7,E,0,,,,3775,40.89,0
308,2792.396,"Mount",0.621,0.492,-0.396,0.618,-0.378,0.000,67,E,0,,,,3991,41.70,0
309,2801.571,"Mount",0.680,0.208,-0.107,0.679,-0.205,0.475,36,E,69,S,,,3946,41.31,0
310,2810.730,"Mount",1.301,0.808,-0.609,1.296,-0.592,0.907,105,E,131,S,,,4111,42.22,0
311,2819.289,"Mount",-0.027,0.010,-0.014,-0.027,0.002,0.000,0,,0,,,,4150,42.54,0
312,2828.410,"Mount",0.070,-0.960,0.959,0.075,0.597,0.000,106,W,0,,,,3860,40.95,0
313,2837.776,"Mount",0.906,-1.905,2.016,0.917,1.273,0.642,226,W,93,S,,,3790,40.78,0
314,2846.648,"Mount",0.603,-0.801,0.880,0.608,0.730,0.425,130,W,61,S,,,3964,41.72,0
315,2855.361,"Mount",0.103,0.358,-0.339,0.101,-0.174,0.000,31,E,0,,,,3841,40.89,0
316,2864.619,"Mount",0.670,-0.682,0.773,0.674,0.615,0.472,109,W,68,S,,,4044,42.03,0
317,2873.493,"Mount",0.714,-0.145,0.248,0.715,-0.022,0.500,4,E,72,S,,,3791,40.76,0
318,2882.607,"Mount",0.453,-0.740,0.798,0.457,0.506,0.320,90,W,46,S,,,4046,42.21,0
319,2891.337,"Mount",-0.208,-0.450,0.415,-0.205,0.248,0.000,44,W,0,,,,4101,42.37,0
320,2900.341,"Mount",-0.442,-0.078,0.012,-0.442,-0.090,0.000,16,E,0,,,,3766,40.63,0
321,2909.616,"Mount",0.649,-0.622,0.710,0.653,0.409,0.457,73,W,66,S,,,3786,40.54,0
322,2918.346,"Mount",-0.250,0.332,-0.364,-0.252,-0.248,0.000,44,E,0,,,,3873,40.96,0
323,2927.349,"Mount",0.009,0.698,-0.689,0.005,-0.485,0.000,86,E,0,,,,3730,40.39,0
324,2936.464,"Mount",0.170,1.136,-1.099,0.163,-0.724,0.000,129,E,0,,,,3937,41.25,0
325,2945.611,"Mount",1.129,-0.323,0.484,1.131,0.236,0.792,42,W,114,S,,,3777,40.70,0
326,2954.248,"Mount",-0.268,-0.286,0.244,-0.266,0.014,0.000,2,W,0,,,,4022,41.92,0
327,2963.344,"Mount",-0.145,-0.281,0.257,-0.143,0.103,0.000,18,W,0,,,,3463,38.76,0
328,2972.523,"Mount",0.482,1.216,-1.133,0.475,-0.675,0.333,120,E,48,S,,,3804,40.37,0
329,2981.447,"Mount",-0.082,0.982,-0.984,-0.087,-0.739,0.000,131,E,0,,,,3571,39.38,0
330,2990.433,"Mount",0.510,-0.186,0.258,0.511,-0.011,0.358,2,E,52,S,,,3716,40.19,0
331,2999.245,"Mount",0.112,0.335,-0.315,0.110,0.005,0.000,1,W,0,,,,3687,40.10,0
332,3008.232,"Mount",0.296,0.278,-0.232,0.294,-0.012,0.000,2,E,0,,,,3835,40.91,0
333,3017.613,"Mount",0.890,1.082,-0.941,0.884,-0.628,0.619,112,E,89,S,,,4006,41.20,0
334,3026.597,"Mount",0.552,0.607,-0.520,0.549,-0.464,0.384,82,E,55,S,,,3991,41.64,0
335,3035.342,"Mount",-0.059,0.464,-0.467,-0.062,-0.442,0.000,78,E,0,,,,3900,41.60,0
336,3044.389,"Mount",0.086,0.466,-0.449,0.083,-0.434,0.000,77,E,0,,,,3774,40.50,0
337,3053.534,"Mount",0.769,-0.014,0.126,0.769,-0.064,0.538,11,E,78,S,,,4055,41.96,0
338,3062.294,"Mount",0.114,-0.569,0.579,0.117,0.462,0.000,82,W,0,,,,3918,41.69,0
339,3071.310,"Mount",0.124,0.113,-0.094,0.123,0.084,0.000,15,W,0,,,,3782,40.78,0
340,3080.391,"Mount",0.710,0.416,-0.308,0.708,0.024,0.495,4,W,72,S,,,3726,39.88,0
341,3089.295,"Mount",0.191,0.599,-0.564,0.187,-0.396,0.000,70,E,0,,,,3500,39.04,0
342,3098.425,"Mount",0.631,-0.307,0.396,0.633,0.133,0.443,24,W,64,S,,,3670,40.15,0
343,3107.282,"Mount",0.267,0.606,-0.560,0.263,-0.388,0.000,69,E,0,,,,3920,41.37,0
344,3116.348,"Mount",-0.268,0.552,-0.585,-0.271,-0.415,0.000,74,E,0,,,,3805,40.95,0
345,3125.510,"Mount",0.784,-0.223,0.335,0.785,0.100,0.549,18,W,79,S,,,3761,40.75,0
346,3134.304,"Mount",-0.106,0.731,-0.738,-0.110,-0.498,0.000,88,E,0,,,,3890,41.00,0
347,3143.451,"Mount",0.398,0.614,-0.549,0.395,-0.382,0.276,68,E,40,S,,,4008,41.91,0
348,3152.245,"Mount",0.126,0.556,-0.531,0.123,-0.210,0.000,37,E,0,,,,3815,40.78,0
349,3161.360,"Mount",0.251,1.201,-1.151,0.244,-0.607,0.000,108,E,0,,,,4177,42.59,0
350,3170.490,"Mount",1.018,0.298,-0.146,1.017,-0.149,0.712,27,E,103,S,,,4193,42.67,0
351,3179.415,"Mount",0.620,0.382,-0.288,0.617,-0.047,0.432,8,E,62,S,,,3666,39.73,0
352,3188.334,"Mount",0.157,-0.042,0.064,0.157,0.071,0.000,13,W,0,,,,3974,41.63,0
353,3197.641,"Mount",0.967,-1.103,1.232,0.973,0.829,0.681,147,W,98,S,,,4321,43.10,0
354,3206.387,"Mount",-0.108,-1.814,1.779,-0.097,1.099,0.000,195,W,0,,,,3860,41.14,0
355,3215.261,"Mount",-0.257,0.440,-0.473,-0.260,-0.324,0.000,58,E,0,,,,3974,41.71,0
356,3224.425,"Mount",0.706,0.026,0.077,0.706,0.075,0.494,13,W,71,S,,,3777,40.63,0
357,3233.282,"Mount",0.254,0.544,-0.501,0.251,-0.261,0.000,46,E,0,,,,4055,42.02,0
358,3242.494,"Mount",0.640,0.975,-0.871,0.634,-0.585,0.444,104,E,64,S,,,3817,40.58,0
359,3251.197,"Mount",-0.042,-0.209,0.200,-0.041,-0.031,0.000,5,E,0,,,,3981,41.86,0
360,3260.194,"Mount",0.243,-0.150,0.184,0.243,-0.018,0.000,3,E,0,,,,3789,40.68,0
361,3269.212,"Mount",0.236,0.152,-0.116,0.236,-0.042,0.000,7,E,0,,,,3930,41.52,0
362,3278.502,"Mount",0.320,1.738,-1.672,0.310,-1.012,0.217,180,E,31,S,,,3769,40.64,0
363,3287.393,"Mount",-0.054,1.775,-1.764,-0.064,-0.982,0.000,174,E,0,,,,3646,39.70,0
364,3296.249,"Mount",0.251,0.691,-0.647,0.247,-0.345,0.000,61,E,0,,,,3712,40.01,0
365,3305.459,"Mount",1.051,-0.327,0.477,1.053,0.161,0.737,29,W,106,S,,,3902,41.15,0
366,3314.444,"Mount",-0.247,-2.603,2.539,-0.232,1.408,0.000,250,W,0,,,,3825,40.71,0
367,3323.462,"Mount",0.029,-2.188,2.169,0.042,1.300,0.000,231,W,0,,,,3724,40.55,0
368,3332.237,"Mount",-0.156,-0.028,0.005,-0.156,-0.081,0.000,14,E,0,,,,3771,40.69,0
369,3341.445,"Mount",0.366,-0.624,0.671,0.370,0.351,0.259,62,W,37,S,,,4020,41.83,0
370,3350.477,"Mount",0.434,-1.142,1.193,0.441,0.714,0.309,127,W,45,S,,,3939,41.52,0
371,3359.477,"Mount",0.745,-0.956,1.054,0.750,0.671,0.525,119,W,76,S,,,3955,41.09,0
372,3368.285,"Mount",-0.346,-1.018,0.957,-0.340,0.705,0.000,125,W,0,,,,3970,41.93,0
373,3377.220,"Mount",-1.281,-0.769,0.574,-1.277,0.365,0.000,65,W,0,,,,4321,42.97,0
374,3386.267,"Mount",-1.061,0.323,-0.474,-1.063,-0.312,0.000,55,E,0,,,,4280,43.18,0
375,3395.220,"Mount",-0.399,-0.436,0.373,-0.397,0.177,0.000,31,W,0,,,,4193,42.48,0
376,3404.204,"Mount",-0.292,-0.052,0.009,-0.292,-0.091,0.000,16,E,0,,,,4218,42.66,0
377,3413.203,"Mount",-0.234,-0.086,0.051,-0.234,-0.096,0.000,17,E,0,,,,4044,41.53,0
378,3422.235,"Mount",-0.202,-0.366,0.332,-0.200,0.228,0.000,41,W,0,,,,4313,43.02,0
379,3431.127,"Mount",0.385,-0.058,0.113,0.385,-0.016,0.000,3,E,0,,,,4155,42.52,0
380,3440.235,"Mount",-0.005,0.758,-0.750,-0.009,-0.484,0.000,86,E,0,,,,4455,43.64,0
381,3449.250,"Mount",0.940,0.798,-0.652,0.935,-0.522,0.000,93,E,0,,,,4240,42.60,0
382,3458.554,"Mount",1.183,1.058,-0.875,1.177,-0.537,0.824,95,E,119,S,,,4477,44.04,0
383,3467.410,"Mount",0.409,0.927,-0.858,0.403,-0.482,0.282,86,E,41,S,,,4416,43.71,0
384,3476.232,"Mount",-0.269,0.442,-0.477,-0.271,-0.397,0.000,70,E,0,,,,4232,42.71,0
385,3485.185,"Mount",0.259,-0.338,0.372,0.261,0.205,0.000,36,W,0,,,,3989,40.82,0
386,3494.106,"Mount",0.255,0.062,-0.024,0.254,0.053,0.000,9,W,0,,,,3959,41.19,0
387,3503.377,"Mount",0.972,0.113,0.030,0.971,0.076,0.680,14,W,98,S,,,4180,42.27,0
388,3512.183,"Mount",-0.278,0.486,-0.521,-0.281,-0.313,0.000,56,E,0,,,,4358,43.50,0
389,3521.110,"Mount",-0.031,0.227,-0.229,-0.033,-0.043,0.000,8,E,0,,,,4279,43.01,0
390,3530.177,"Mount",0.030,-0.333,0.334,0.032,0.232,0.000,41,W,0,,,,4255,43.09,0
391,3539.103,"Mount",0.049,0.224,-0.214,0.047,0.033,0.000,6,W,0,,,,3922,41.08,0
392,3548.392,"Mount",0.354,-0.544,0.589,0.357,0.380,0.250,67,W,36,S,,,4290,43.15,0
393,3557.167,"Mount",0.235,0.253,-0.216,0.233,0.091,0.000,16,W,0,,,,4178,42.40,0
394,3566.343,"Mount",0.386,0.802,-0.737,0.381,-0.473,0.267,84,E,39,S,,,4310,43.14,0
395,3575.230,"Mount",0.290,0.709,-0.659,0.286,-0.473,0.000,84,E,0,,,,4118,41.71,0
396,3584.246,"Mount",0.736,0.079,0.029,0.735,0.002,0.515,0,,74,S,,,4368,43.47,0
397,3593.263,"Mount",-0.694,0.955,-1.046,-0.700,-0.675,0.000,120,E,0,,,,4197,43.20,0
398,3602.230,"Mount",-0.284,0.352,-0.390,-0.286,-0.255,0.000,45,E,0,,,,4049,41.95,0
399,3611.261,"Mount",0.001,1.102,-1.090,-0.005,-0.670,0.000,119,E,0,,,,4019,41.65,0
400,3620.389,"Mount",0.488,1.186,-1.102,0.481,-0.737,0.337,131,E,49,S,,,4069,41.70,0
401,3629.124,"Mount",-0.409,-0.256,0.193,-0.407,0.042,0.000,8,W,0,,,,3899,41.24,0
402,3638.150,"Mount",-0.319,0.615,-0.655,-0.323,-0.316,0.000,56,E,0,,,,4304,43.04,0
403,3647.149,"Mount",0.040,0.516,-0.505,0.037,-0.317,0.000,56,E,0,,,,4108,42.18,0
404,3656.166,"Mount",0.212,-0.023,0.053,0.212,0.094,0.000,17,W,0,,,,4278,42.89,0
405,3665.327,"Mount",0.837,0.210,-0.086,0.836,0.008,0.585,1,W,84,S,,,3922,41.06,0
406,3674.582,"Mount",0.807,-1.914,2.011,0.818,1.241,0.572,220,W,83,S,,,4147,41.99,0
407,3683.487,"Mount",0.209,-3.213,3.210,0.228,2.043,0.000,363,W,0,,,,4135,42.13,0
408,3692.166,"Mount",-0.097,-0.887,0.863,-0.092,0.506,0.000,90,W,0,,,,4076,41.74,0
409,3701.198,"Mount",-0.226,0.336,-0.365,-0.228,-0.411,0.000,73,E,0,,,,3975,41.25,0
410,3710.086,"Mount",0.072,-0.048,0.058,0.072,-0.103,0.000,18,E,0,,,,4026,41.21,0
411,3719.280,"Mount",0.352,-0.081,0.131,0.352,-0.107,0.247,19,E,36,S,,,4157,41.99,0
412,3728.278,"Mount",0.425,-0.371,0.429,0.427,0.236,0.299,42,W,43,S,,,4192,42.75,0
413,3737.134,"Mount",0.035,0.219,-0.211,0.034,-0.070,0.000,12,E,0,,,,3787,40.03,0
414,3746.102,"Mount",0.138,0.241,-0.218,0.136,-0.102,0.000,18,E,0,,,,3954,41.00,0
415,3755.279,"Mount",0.624,0.103,-0.011,0.623,-0.078,0.436,14,E,63,S,,,4235,42.74,0
416,3764.118,"Mount",0.133,0.677,-0.651,0.129,-0.389,0.000,69,E,0,,,,3911,40.54,0
417,3773.183,"Mount",-0.156,0.704,-0.719,-0.160,-0.460,0.000,82,E,0,,,,4217,42.90,0
418,3782.104,"Mount",0.133,0.180,-0.159,0.132,0.058,0.000,10,W,0,,,,4266,42.98,0
419,3791.424,"Mount",0.837,-0.777,0.891,0.841,0.647,0.589,115,W,85,S,,,4101,42.06,0
420,3800.313,"Mount",-0.069,-2.428,2.392,-0.055,1.462,0.000,260,W,0,,,,4011,41.55,0
421,3809.312,"Mount",0.421,-0.445,0.502,0.424,0.182,0.297,32,W,43,S,,,4112,42.05,0
422,3818.072,"Mount",-0.464,-0.689,0.614,-0.460,0.218,0.000,39,W,0,,,,3980,41.11,0
423,3827.074,"Mount",0.171,-0.083,0.107,0.172,-0.102,0.000,18,E,0,,,,4123,41.73,0
424,3836.473,"Mount",0.762,-1.480,1.575,0.771,1.129,0.539,200,W,78,S,,,3887,40.40,0
425,3845.169,"Mount",0.099,-0.666,0.674,0.103,0.511,0.000,91,W,0,,,,3975,41.56,0
426,3854.089,"Mount",-0.290,-0.222,0.178,-0.289,-0.164,0.000,29,E,0,,,,4010,41.05,0
427,3864.032,"Mount",0.170,-0.887,0.902,0.175,0.483,0.000,86,W,0,,,,3643,39.32,0
428,3872.136,"Mount",-0.119,-0.706,0.681,-0.115,0.511,0.000,91,W,0,,,,3977,40.98,0
429,3881.073,"Mount",-0.052,0.305,-0.310,-0.054,0.095,0.000,17,W,0,,,,3748,39.93,0
430,3890.168,"Mount",-0.226,1.116,-1.137,-0.233,-0.622,0.000,110,E,0,,,,3788,40.66,0
431,3899.248,"Mount",0.507,0.143,-0.068,0.506,-0.057,0.354,10,E,51,S,,,3868,40.83,0
432,3908.088,"Mount",-0.258,-0.003,-0.035,-0.258,-0.069,0.000,12,E,0,,,,3881,40.43,0
433,3917.233,"Mount",0.403,-0.390,0.444,0.405,0.323,0.284,57,W,41,S,,,3699,39.65,0
434,3926.104,"Mount",0.111,0.620,-0.597,0.107,-0.248,0.000,44,E,0,,,,3901,40.86,0
435,3935.329,"Mount",0.648,1.154,-1.047,0.642,-0.595,0.449,106,E,65,S,,,3746,39.93,0
436,3944.169,"Mount",-0.086,1.004,-1.006,-0.092,-0.623,0.000,111,E,0,,,,4000,41.26,0
437,3953.137,"Mount",-0.196,1.025,-1.043,-0.202,-0.677,0.000,120,E,0,,,,3659,39.81,0
438,3961.984,"Mount",0.116,0.308,-0.288,0.114,0.019,0.000,3,W,0,,,,3876,40.57,0
439,3971.329,"Mount",0.459,0.891,-0.815,0.454,-0.462,0.318,82,E,46,S,,,3567,38.43,0
440,3980.129,"Mount",0.286,0.970,-0.918,0.280,-0.567,0.000,101,E,0,,,,3767,39.90,0
441,3989.329,"Mount",0.326,1.105,-1.046,0.319,-0.607,0.224,108,E,32,S,,,3687,39.49,0
442,3998.105,"Mount",0.088,1.105,-1.080,0.082,-0.552,0.000,98,E,0,,,,3869,40.45,0
443,4007.296,"Mount",0.933,0.667,-0.524,0.929,-0.272,0.651,48,E,94,S,,,3943,40.97,0
444,4016.067,"Mount",0.107,-0.559,0.569,0.110,0.324,0.000,58,W,0,,,,3675,39.71,0
445,4024.967,"Mount",0.106,0.262,-0.243,0.104,-0.018,0.000,3,E,0,,,,3602,39.21,0
446,4034.248,"Mount",0.569,-0.435,0.513,0.571,0.342,0.400,61,W,58,S,,,3603,39.08,0
447,4043.074,"Mount",-0.244,-0.253,0.215,-0.242,-0.014,0.000,2,E,0,,,,3930,41.24,0
448,4052.088,"Mount",-0.075,-0.814,0.794,-0.071,0.541,0.000,96,W,0,,,,3772,40.04,0
449,4061.088,"Mount",-0.005,-0.151,0.149,-0.004,-0.054,0.000,10,E,0,,,,3884,40.95,0
450,4070.327,"Mount",0.756,-0.900,1.000,0.761,0.582,0.533,103,W,77,S,,,3772,39.91,0
451,4079.216,"Mount",1.063,0.058,0.097,1.062,-0.003,0.744,0,,107,S,,,3639,39.03,0
452,4087.975,"Mount",-0.451,-0.174,0.106,-0.450,-0.023,0.000,4,E,0,,,,3746,39.99,0
453,4097.151,"Mount",-0.761,0.726,-0.829,-0.765,-0.601,0.000,107,E,0,,,,3817,40.51,0
454,4106.041,"Mount",-0.148,0.331,-0.349,-0.150,-0.248,0.000,44,E,0,,,,3944,41.06,0
455,4115.086,"Mount",0.142,0.530,-0.504,0.139,-0.366,0.000,65,E,0,,,,3765,39.93,0
456,4124.229,"Mount",0.762,0.326,-0.211,0.761,-0.077,0.532,14,E,77,S,,,3930,41.11,0
457,4133.198,"Mount",0.709,-0.053,0.156,0.710,-0.084,0.497,15,E,72,S,,,3892,40.52,0
458,4142.229,"Mount",0.477,-0.417,0.482,0.479,0.258,0.336,46,W,48,S,,,3799,40.16,0
459,4151.069,"Mount",0.139,-0.465,0.480,0.142,0.236,0.000,42,W,0,,,,4266,42.71,0
460,4160.469,"Mount",0.558,-2.319,2.376,0.571,1.463,0.400,260,W,58,S,,,3927,40.96,0
461,4169.102,"Mount",-0.467,-1.100,1.020,-0.460,0.604,0.000,107,W,0,,,,4147,42.28,0
462,4178.040,"Mount",0.061,0.057,-0.048,0.061,-0.073,0.000,13,E,0,,,,4095,41.93,0
463,4186.975,"Mount",-0.111,0.180,-0.195,-0.112,-0.003,0.000,1,E,0,,,,4146,42.37,0
464,4196.022,"Mount",0.013,0.347,-0.341,0.011,-0.154,0.000,27,E,0,,,,4254,42.95,0
465,4205.135,"Mount",0.326,-0.098,0.144,0.327,-0.111,0.229,20,E,33,S,,,4300,43.10,0
466,4214.009,"Mount",0.258,0.005,0.033,0.257,-0.072,0.000,13,E,0,,,,4029,41.00,0
467,4223.314,"Mount",0.702,-1.147,1.237,0.709,0.843,0.496,150,W,72,S,,,3968,40.97,0
468,4232.201,"Mount",0.409,0.608,-0.542,0.406,-0.382,0.284,68,E,41,S,,,4072,42.03,0
469,4241.219,"Mount",-0.720,0.846,-0.942,-0.725,-0.762,0.000,135,E,0,,,,4374,43.56,0
470,4250.106,"Mount",0.123,0.608,-0.584,0.120,-0.441,0.000,78,E,0,,,,4216,42.47,0
471,4258.992,"Mount",0.006,0.163,-0.160,0.005,0.076,0.000,14,W,0,,,,4201,42.65,0
472,4268.332,"Mount",1.078,-0.823,0.972,1.083,0.667,0.758,118,W,109,S,,,4146,42.22,0
473,4277.175,"Mount",0.265,-1.893,1.912,0.276,1.110,0.000,197,W,0,,,,3810,40.24,0
474,4286.238,"Mount",0.299,-0.887,0.921,0.304,0.568,0.213,101,W,31,S,,,4299,43.09,0
475,4295.222,"Mount",0.513,-0.492,0.562,0.516,0.387,0.361,69,W,52,S,,,4197,42.37,0
476,4303.944,"Mount",0.009,-0.031,0.032,0.009,0.006,0.000,1,W,0,,,,4117,42.20,0
477,4312.999,"Mount",0.091,-0.238,0.248,0.092,0.073,0.000,13,W,0,,,,4088,41.86,0
478,4322.143,"Mount",0.672,-0.121,0.217,0.672,0.043,0.471,8,W,68,S,,,4336,43.15,0
479,4330.968,"Mount",0.217,-0.248,0.277,0.219,0.087,0.000,16,W,0,,,,4198,42.21,0
480,4340.032,"Mount",-0.079,-0.498,0.481,-0.077,0.336,0.000,60,W,0,,,,4076,41.23,0
481,4349.226,"Mount",1.008,0.036,0.112,1.007,0.081,0.705,14,W,102,S,,,4034,40.63,0
482,4360.949,"Mount",-0.641,0.029,-0.122,-0.641,0.026,0.000,5,W,0,,,,4178,42.50,0
483,4370.041,"Mount",-1.101,0.812,-0.963,-1.106,-0.514,0.000,91,E,0,,,,4263,43.05,0
484,4378.994,"Mount",0.229,0.554,-0.514,0.226,-0.291,0.000,52,E,0,,,,4116,41.87,0
485,4387.952,"Mount",0.144,-0.166,0.185,0.145,-0.010,0.000,2,E,0,,,,4160,42.21,0
486,4397.188,"Mount",1.054,0.429,-0.271,1.052,0.073,0.736,13,W,106,S,,,4435,43.66,0
487,4405.981,"Mount",-0.223,0.413,-0.441,-0.226,-0.191,0.000,34,E,0,,,,4086,41.81,0
488,4415.095,"Mount",-0.192,1.395,-1.408,-0.200,-0.838,0.000,149,E,0,,,,4445,43.79,0
489,4424.079,"Mount",0.210,1.106,-1.063,0.204,-0.615,0.000,109,E,0,,,,4227,41.95,0
490,4433.335,"Mount",0.727,1.577,-1.454,0.718,-0.918,0.503,163,E,73,S,,,4543,44.01,0
491,4441.879,"Mount",0.055,-0.209,0.215,0.057,-0.001,0.000,0,,0,,,,4135,41.94,0
492,4451.034,"Mount",-0.290,-0.453,0.406,-0.287,0.259,0.000,46,W,0,,,,4509,44.21,0
493,4459.943,"Mount",0.289,-0.084,0.125,0.289,-0.051,0.000,9,E,0,,,,4298,43.05,0
494,4469.116,"Mount",0.495,0.176,-0.102,0.494,0.056,0.346,10,W,50,S,,,4245,42.86,0
495,4477.957,"Mount",-0.081,0.366,-0.373,-0.083,-0.301,0.000,53,E,0,,,,4375,43.58,0
496,4486.910,"Mount",0.173,-0.170,0.194,0.174,-0.030,0.000,5,E,0,,,,4172,41.97,0
497,4496.071,"Mount",0.537,-0.121,0.198,0.537,-0.023,0.376,4,E,54,S,,,4363,43.40,0
498,4505.316,"Mount",0.866,-0.882,0.999,0.871,0.605,0.610,107,W,88,S,,,4413,43.68,0
499,4514.154,"Mount",0.548,0.465,-0.381,0.545,-0.236,0.382,42,E,55,S,,,4268,42.69,0
500,4522.979,"Mount",0.140,0.402,-0.378,0.137,-0.318,0.000,56,E,0,,,,4233,42.53,0
501,4531.980,"Mount",0.128,-0.488,0.502,0.131,0.231,0.000,41,W,0,,,,4277,42.61,0
502,4541.062,"Mount",0.119,1.012,-0.983,0.113,-0.571,0.000,101,E,0,,,,4445,43.80,0
503,4550.159,"Mount",0.833,0.418,-0.292,0.831,-0.069,0.582,12,E,84,S,,,4539,43.92,0
504,4558.968,"Mount",0.093,0.417,-0.399,0.091,-0.283,0.000,50,E,0,,,,4222,42.52,0
505,4568.099,"Mount",0.424,-0.260,0.319,0.426,-0.041,0.298,7,E,43,S,,,4300,42.95,0
506,4577.212,"Mount",0.497,0.749,-0.668,0.493,-0.477,0.345,85,E,50,S,,,3990,40.72,0
507,4585.918,"Mount",0.054,-0.004,0.012,0.054,-0.077,0.000,14,E,0,,,,4332,43.13,0
508,4595.166,"Mount",1.431,0.139,0.072,1.430,-0.063,1.001,11,E,145,S,,,4003,41.72,0
509,4603.912,"Mount",-0.390,0.137,-0.192,-0.391,-0.092,0.000,16,E,0,,,,3955,41.72,0
510,4612.946,"Mount",0.097,0.472,-0.453,0.094,-0.391,0.000,70,E,0,,,,3927,41.66,0
511,4621.915,"Mount",0.057,-0.071,0.079,0.058,-0.066,0.000,12,E,0,,,,3776,40.18,0
512,4631.332,"Mount",0.819,-1.858,1.958,0.830,1.232,0.581,219,W,84,S,,,3925,41.37,0
513,4640.319,"Mount",0.223,-3.400,3.396,0.243,2.094,0.000,372,W,0,,,,3866,41.07,0
514,4648.952,"Mount",0.067,-0.518,0.522,0.070,0.323,0.000,57,W,0,,,,3957,41.61,0
515,4657.969,"Mount",0.128,0.404,-0.381,0.126,-0.282,0.000,50,E,0,,,,4200,42.94,0
516,4667.115,"Mount",0.422,0.022,0.040,0.422,-0.120,0.296,21,E,43,S,,,3930,41.39,0
517,4676.116,"Mount",0.462,0.526,-0.453,0.459,-0.292,0.322,52,E,46,S,,,3757,40.09,0
518,4684.894,"Mount",-0.245,0.467,-0.498,-0.248,-0.322,0.000,57,E,0,,,,4015,41.78,0
519,4693.910,"Mount",0.176,0.321,-0.292,0.174,-0.061,0.000,11,E,0,,,,4040,42.21,0
520,4702.917,"Mount",0.109,0.664,-0.641,0.105,-0.400,0.000,71,E,0,,,,3709,40.22,0
521,4712.154,"Mount",0.800,1.100,-0.972,0.794,-0.562,0.555,100,E,80,S,,,3988,41.59,0
522,4720.914,"Mount",0.298,0.577,-0.527,0.295,-0.301,0.000,53,E,0,,,,3982,41.29,0
523,4730.111,"Mount",0.527,0.514,-0.432,0.524,-0.263,0.367,47,E,53,S,,,3839,40.84,0
524,4739.030,"Mount",0.475,0.405,-0.331,0.473,-0.224,0.331,40,E,48,S,,,4072,41.97,0
525,4748.016,"Mount",-0.089,-1.376,1.349,-0.081,0.833,0.000,148,W,0,,,,3871,40.93,0
526,4757.400,"Mount",0.699,-2.599,2.673,0.714,1.718,0.500,305,W,72,S,,,3784,40.48,0
527,4766.051,"Mount",0.231,-1.491,1.508,0.240,1.014,0.000,180,W,0,,,,3752,40.44,0
528,4775.067,"Mount",0.434,-0.636,0.692,0.438,0.344,0.306,61,W,44,S,,,3853,41.21,0
529,4783.941,"Mount",0.274,-0.444,0.479,0.277,0.261,0.000,46,W,0,,,,3878,41.33,0
530,4793.038,"Mount",0.383,-0.193,0.247,0.384,0.110,0.269,19,W,39,S,,,3980,41.79,0
531,4802.024,"Mount",0.377,0.058,-0.002,0.377,0.080,0.264,14,W,38,S,,,4012,41.99,0
532,4811.169,"Mount",0.730,-1.012,1.108,0.736,0.736,0.515,131,W,74,S,,,3930,41.57,0
533,4819.978,"Mount",-0.282,-1.057,1.005,-0.275,0.695,0.000,123,W,0,,,,3882,41.31,0
534,4828.851,"Mount",-0.321,-0.124,0.075,-0.320,0.094,0.000,17,W,0,,,,3992,42.08,0
535,4837.885,"Mount",-0.579,-0.599,0.508,-0.576,0.370,0.000,66,W,0,,,,4075,42.37,0
536,4846.823,"Mount",-0.385,0.064,-0.119,-0.385,0.024,0.000,4,W,0,,,,4099,42.32,0
537,4855.904,"Mount",-0.013,0.984,-0.975,-0.019,-0.576,0.000,102,E,0,,,,4078,42.28,0
538,4864.842,"Mount",0.273,-0.110,0.148,0.273,-0.019,0.000,3,E,0,,,,4449,43.94,0
539,4873.852,"Mount",-0.191,0.511,-0.534,-0.194,-0.327,0.000,58,E,0,,,,3855,41.15,0
540,4882.946,"Mount",0.210,1.070,-1.028,0.204,-0.586,0.000,104,E,0,,,,4175,42.52,0
541,4892.006,"Mount",0.979,1.871,-1.709,0.968,-1.041,0.000,185,E,0,,,,3850,40.69,0
542,4900.875,"Mount",1.280,0.749,-0.555,1.276,-0.278,0.000,49,E,0,,,,3929,41.28,0
543,4910.185,"Mount",1.232,0.968,-0.778,1.226,-0.497,0.858,88,E,124,S,,,3997,41.62,0
544,4919.106,"Mount",0.985,-0.357,0.496,0.987,0.252,0.691,45,W,100,S,,,3758,40.46,0
545,4927.755,"Mount",0.277,0.201,-0.159,0.276,-0.012,0.000,2,E,0,,,,3895,41.28,0
546,4936.810,"Mount",0.155,0.212,-0.188,0.154,0.040,0.000,7,W,0,,,,3892,41.60,0
547,4946.030,"Mount",0.458,0.580,-0.507,0.455,-0.375,0.319,67,E,46,S,,,3815,40.92,0
548,4954.871,"Mount",0.015,0.405,-0.398,0.013,-0.383,0.000,68,E,0,,,,3787,40.71,0
549,4963.944,"Mount",-0.040,0.456,-0.457,-0.043,-0.354,0.000,63,E,0,,,,4060,42.27,0
550,4973.098,"Mount",0.790,-0.783,0.890,0.795,0.507,0.556,90,W,80,S,,,3881,41.11,0
551,4982.085,"Mount",0.624,-0.850,0.932,0.629,0.507,0.440,90,W,64,S,,,3802,40.78,0
552,4990.845,"Mount",-0.453,-0.746,0.672,-0.449,0.336,0.000,60,W,0,,,,4116,42.48,0
553,4999.875,"Mount",-0.107,-0.403,0.383,-0.105,0.197,0.000,35,W,0,,,,3640,39.96,0
554,5008.816,"Mount",-0.298,-0.093,0.049,-0.297,-0.088,0.000,16,E,0,,,,3683,40.33,0
555,5017.754,"Mount",0.273,-0.027,0.067,0.273,-0.033,0.000,6,E,0,,,,3832,40.85,0
556,5027.010,"Mount",0.419,-0.313,0.371,0.421,0.166,0.295,29,W,43,S,,,3795,40.89,0
557,5035.964,"Mount",0.350,0.239,-0.185,0.349,-0.069,0.244,12,E,35,S,,,4031,41.86,0
558,5044.750,"Mount",-0.054,0.292,-0.297,-0.056,-0.007,0.000,1,E,0,,,,4027,42.14,0
559,5053.844,"Mount",0.011,0.670,-0.661,0.007,-0.448,0.000,80,E,0,,,,3911,41.12,0
560,5062.953,"Mount",0.007,1.341,-1.325,-0.001,-0.913,0.000,162,E,0,,,,3868,40.85,0
561,5072.097,"Mount",0.783,0.768,-0.645,0.779,-0.488,0.545,87,E,79,S,,,3758,40.43,0
562,5080.763,"Mount",0.174,0.157,-0.130,0.173,-0.051,0.000,9,E,0,,,,4074,41.96,0
563,5089.924,"Mount",0.163,1.340,-1.302,0.155,-0.911,0.000,162,E,0,,,,4109,42.28,0
564,5098.990,"Mount",0.335,0.192,-0.141,0.333,-0.086,0.233,15,E,34,S,,,4035,42.02,0
565,5107.831,"Mount",0.134,-0.692,0.704,0.138,0.328,0.000,58,W,0,,,,4122,42.63,0
566,5117.185,"Mount",0.760,-2.008,2.097,0.772,1.331,0.540,236,W,78,S,,,3772,40.47,0
567,5126.074,"Mount",0.209,-2.355,2.361,0.223,1.550,0.000,275,W,0,,,,3756,40.69,0
568,5134.867,"Mount",0.339,-0.009,0.058,0.339,-0.028,0.237,5,E,34,S,,,3824,41.04,0
569,5143.743,"Mount",-0.026,0.272,-0.273,-0.028,-0.031,0.000,6,E,0,,,,3830,41.19,0
570,5152.726,"Mount",0.065,0.317,-0.304,0.063,0.043,0.000,8,W,0,,,,3856,41.01,0
571,5161.919,"Mount",0.409,0.410,-0.346,0.406,-0.212,0.284,38,E,41,S,,,3941,41.42,0
572,5171.097,"Mount",0.847,-0.615,0.732,0.851,0.458,0.595,81,W,86,S,,,3993,41.76,0
573,5180.018,"Mount",0.593,-0.250,0.334,0.594,0.238,0.416,42,W,60,S,,,3687,39.79,0
574,5188.795,"Mount",-0.220,0.505,-0.531,-0.223,-0.294,0.000,52,E,0,,,,3983,41.78,0
575,5197.860,"Mount",-0.018,0.242,-0.242,-0.019,-0.010,0.000,2,E,0,,,,4101,42.39,0
Guiding Ends at 2026-08-02 00:11:11

Guiding Begins at 2026-08-02 00:14:41
Equipment Profile = QHY5 EQASCOM OAG
Dither = both axes, Dither scale = 1.000, Image noise reduction = 2x2 mean, Guide-frame time lapse = 0, Server enabled
Pixel scale = 1.05 arc-sec/px, Binning = 1, Focal length = 1018 mm
Search region = 24 px, Star mass tolerance = 90.0%, Multi-star mode, list size = 12
 Camera = QHY5II-M-10d7d910f33c7354, gain = 90, full size = 1280 x 1024, have dark, dark dur = 3000, no defect map, pixel size = 5.2 um
Exposure = 3000 ms
Mount = EQMOD HEQ5/6 (ASCOM), connected, guiding enabled, xAngle = -81.6, xRate = 5.630, yAngle = 17.1, yRate = 6.929, parity = +/-
Norm rates RA = 7.0"/s @ dec 0, Dec = 7.3"/s; ortho.err. = 8.7 deg
X guide algorithm = Predictive PEC, Control gain = 0.630
Prediction gain = 0.430
Minimum move = 0.330
Hyperparameters
	Length scale long range SE kernel = 700.000
	Signal variance long range SE kernel = 20.000
	Length scale periodic kernel = 10.000
	Signal variance periodic kernel = 20.000
	Length scale short range SE kernel = 25.000
	Signal variance short range SE kernel = 10.000
	Period length periodic kernel = 494.295
	FFT called after = 2.000 worm cycles
	Auto-adjust period length = On
Y guide algorithm = Resist Switch, Minimum move = 0.300 Aggression = 70% FastSwitch = disabled
Backlash comp = disabled, pulse = 495 ms
Max RA duration = 2500, Max DEC duration = 2500, DEC guide mode = Auto
RA Guide Speed = 7.5 a-s/s, Dec Guide Speed = 7.5 a-s/s, Cal Dec = 0.0, Last Cal Issue = None, Timestamp = 7/7/2026 10:36:27 PM
RA = 20.95 hr, Dec = 31.7 deg, Hour angle = -1.14 hr, Pier side = West, Rotator pos = N/A, Alt = 65.4 deg, Az = 142.9 deg
Lock position = 868.887, 61.878, Star position = 868.887, 61.878, HFD = 6.55 px
Frame,Time,mount,dx,dy,RARawDistance,DECRawDistance,RAGuideDistance,DECGuideDistance,RADuration,RADirection,DECDuration,DECDirection,XStep,YStep,StarMass,SNR,ErrorCode
INFO: SETTLING STATE CHANGE, Settling started
1,9.105,"Mount",0.197,1.325,-1.283,0.189,-0.808,0.000,144,E,0,,,,14726,77.71,0
INFO: SETTLING STATE CHANGE, Settling complete
2,18.186,"Mount",0.232,0.191,-0.155,0.231,-0.098,0.000,17,E,0,,,,13335,72.81,0
3,26.980,"Mount",0.169,0.286,-0.259,0.167,-0.163,0.000,29,E,0,,,,13892,75.14,0
4,36.062,"Mount",2.399,1.092,-0.730,2.393,-0.547,0.000,97,E,0,,,,16382,80.40,0
5,45.019,"Mount",4.098,0.300,0.301,4.096,-0.135,0.000,24,E,0,,,,14137,76.24,0
6,54.656,"Mount",4.278,-0.483,1.101,4.281,0.634,2.996,113,W,432,S,,,15308,79.85,0
7,63.033,"Mount",-1.390,-0.735,0.524,-1.386,0.277,0.000,49,W,0,,,,16563,80.63,0
8,72.003,"Mount",-0.324,-0.278,0.228,-0.323,-0.051,0.000,9,E,0,,,,16319,79.84,0
9,81.003,"Mount",-0.148,-0.089,0.066,-0.148,-0.138,0.000,25,E,0,,,,15956,78.33,0
10,89.974,"Mount",-0.357,-0.148,0.094,-0.356,0.011,0.000,2,W,0,,,,15373,79.17,0
11,98.943,"Mount",0.179,-0.079,0.104,0.180,-0.040,0.000,7,E,0,,,,14901,76.38,0
12,107.975,"Mount",-0.222,-0.190,0.155,-0.221,-0.094,0.000,17,E,0,,,,16236,80.50,0
13,117.200,"Mount",0.660,-0.296,0.389,0.662,0.187,0.463,33,W,67,S,,,14776,76.57,0
14,126.125,"Mount",0.363,-0.342,0.391,0.365,0.217,0.255,38,W,37,S,,,14540,78.30,0
15,134.979,"Mount",0.142,-0.428,0.444,0.145,0.196,0.000,35,W,0,,,,13662,73.00,0
16,143.997,"Mount",0.208,0.042,-0.011,0.208,-0.058,0.000,10,E,0,,,,14027,74.65,0
17,153.206,"Mount",0.716,-0.513,0.612,0.719,0.330,0.503,59,W,73,S,,,16856,81.11,0
18,161.951,"Mount",-0.329,-0.260,0.209,-0.327,-0.126,0.000,22,E,0,,,,15424,77.66,0
19,174.343,"Mount",1.262,-1.438,1.607,1.271,0.931,0.889,165,W,128,S,,,17220,81.80,0
20,183.409,"Mount",0.949,-2.304,2.418,0.962,1.506,0.674,267,W,97,S,,,15653,79.21,0
21,192.008,"Mount",-1.045,-0.338,0.182,-1.043,0.055,0.000,10,W,0,,,,15608,75.88,0
22,200.979,"Mount",-1.303,0.231,-0.419,-1.304,-0.230,0.000,41,E,0,,,,14949,78.30,0
23,209.996,"Mount",-1.095,0.517,-0.671,-1.098,-0.438,0.000,78,E,0,,,,13166,71.93,0
24,218.901,"Mount",-1.103,-0.035,-0.126,-1.103,0.022,0.000,4,W,0,,,,14876,75.14,0
25,228.110,"Mount",-0.601,0.125,-0.211,-0.602,-0.025,-0.421,5,E,61,N,,,14152,71.60,0
26,236.983,"Mount",-0.019,0.517,-0.514,-0.022,-0.368,0.000,65,E,0,,,,13258,72.33,0
27,246.012,"Mount",0.247,0.584,-0.541,0.243,-0.290,0.000,51,E,0,,,,13606,74.62,0
28,254.940,"Mount",0.140,0.084,-0.063,0.140,0.060,0.000,11,W,0,,,,14928,75.59,0
29,263.972,"Mount",-0.023,0.764,-0.759,-0.027,-0.499,0.000,89,E,0,,,,14685,77.05,0
30,273.037,"Mount",-0.111,0.951,-0.957,-0.116,-0.587,0.000,104,E,0,,,,14496,75.73,0
31,282.010,"Mount",1.487,-0.289,0.503,1.489,0.334,0.000,59,W,0,,,,17921,83.94,0
32,291.127,"Mount",1.837,-1.242,1.497,1.844,0.987,0.000,175,W,0,,,,17663,82.59,0
33,300.121,"Mount",3.162,-1.677,2.120,3.172,1.230,0.000,219,W,0,,,,14161,75.09,0
34,309.362,"Mount",2.495,-0.279,0.640,2.497,0.320,1.748,57,W,252,S,,,14657,78.11,0
35,318.204,"Mount",1.095,-0.418,0.573,1.097,0.369,0.768,66,W,111,S,,,16871,82.22,0
36,326.934,"Mount",-0.073,-0.316,0.302,-0.071,0.080,0.000,14,W,0,,,,17072,81.18,0
37,335.998,"Mount",0.068,-0.639,0.642,0.072,0.540,0.000,96,W,0,,,,16347,80.94,0
38,345.015,"Mount",0.363,-0.175,0.226,0.364,-0.021,0.255,4,E,37,S,,,17054,82.14,0
39,354.224,"Mount",0.613,-1.225,1.301,0.621,0.810,0.434,144,W,63,S,,,17019,79.41,0
40,362.922,"Mount",-0.340,-0.317,0.264,-0.338,0.062,0.000,11,W,0,,,,16523,79.25,0
41,371.923,"Mount",0.057,-0.156,0.162,0.058,0.103,0.000,18,W,0,,,,15743,80.04,0
42,381.132,"Mount",0.461,-0.483,0.545,0.464,0.493,0.325,88,W,47,S,,,16808,80.86,0
43,389.957,"Mount",-0.221,0.829,-0.852,-0.226,-0.396,0.000,70,E,0,,,,15857,81.92,0
44,398.975,"Mount",0.080,0.363,-0.348,0.078,-0.139,0.000,25,E,0,,,,15049,77.98,0
45,407.944,"Mount",0.287,-0.364,0.402,0.289,0.238,0.000,42,W,0,,,,16999,83.18,0
46,417.121,"Mount",0.412,0.609,-0.542,0.408,-0.306,0.286,54,E,41,S,,,14842,77.37,0
47,425.995,"Mount",-0.453,0.653,-0.712,-0.457,-0.479,0.000,85,E,0,,,,15794,80.20,0
48,434.981,"Mount",-0.408,0.904,-0.953,-0.413,-0.646,0.000,115,E,0,,,,14962,77.57,0
49,443.965,"Mount",0.067,0.643,-0.626,0.064,-0.515,0.000,92,E,0,,,,16052,82.47,0
50,453.078,"Mount",0.586,-0.243,0.326,0.587,-0.102,0.411,18,E,59,S,,,13672,75.55,0
51,462.224,"Mount",0.781,-0.464,0.573,0.783,0.259,0.548,46,W,79,S,,,17256,82.15,0
52,471.129,"Mount",0.512,-0.443,0.513,0.515,0.172,0.360,30,W,52,S,,,17594,81.88,0
53,479.904,"Mount",-0.338,-0.566,0.511,-0.335,0.191,0.000,34,W,0,,,,15133,77.69,0
54,488.907,"Mount",-0.267,0.057,-0.095,-0.267,-0.072,0.000,13,E,0,,,,14713,75.39,0
55,497.930,"Mount",-0.019,-0.179,0.174,-0.018,-0.090,0.000,16,E,0,,,,14890,76.04,0
56,507.166,"Mount",0.628,-0.912,0.994,0.633,0.477,0.443,85,W,64,S,,,15883,77.03,0
57,515.919,"Mount",-0.195,-0.623,0.588,-0.192,0.248,0.000,44,W,0,,,,13705,72.68,0
58,525.121,"Mount",0.451,-0.727,0.785,0.456,0.418,0.319,74,W,46,S,,,15720,77.95,0
59,533.930,"Mount",0.195,-0.555,0.578,0.199,0.330,0.000,59,W,0,,,,16266,79.59,0
60,542.836,"Mount",0.124,0.022,-0.004,0.124,-0.013,0.000,2,E,0,,,,15491,73.46,0
61,551.852,"Mount",-0.301,0.066,-0.109,-0.302,-0.063,0.000,11,E,0,,,,16145,79.97,0
62,561.062,"Mount",0.569,-0.294,0.373,0.570,0.206,0.399,37,W,58,S,,,16354,79.84,0
63,569.951,"Mount",0.095,0.739,-0.718,0.091,-0.440,0.000,78,E,0,,,,14411,73.01,0
64,579.095,"Mount",0.445,0.419,-0.350,0.442,-0.290,0.310,51,E,45,S,,,15292,76.88,0
65,587.905,"Mount",0.297,0.717,-0.666,0.293,-0.416,0.000,74,E,0,,,,15180,75.51,0
66,597.097,"Mount",0.477,0.617,-0.541,0.473,-0.294,0.331,52,E,48,S,,,13700,74.21,0
67,605.973,"Mount",-0.325,0.882,-0.920,-0.330,-0.587,0.000,104,E,0,,,,15130,76.28,0
68,614.991,"Mount",-0.122,0.577,-0.588,-0.125,-0.494,0.000,88,E,0,,,,15171,76.51,0
69,625.240,"Mount",-0.086,0.340,-0.349,-0.088,-0.261,0.000,46,E,0,,,,15657,78.52,0
INFO: SET LOCK POSITION, new lock pos = 868.887, 61.878
INFO: DITHER by -1.227, 1.235, new lock pos = 869.930, 63.272
INFO: SETTLING STATE CHANGE, Settling started
70,633.344,"Mount",-1.043,-1.394,1.227,-1.235,1.227,-1.235,218,W,178,N,,,15174,77.62,0
71,642.570,"Mount",2.264,-6.432,6.694,2.301,4.217,0.000,749,W,0,,,,16580,80.31,0
72,651.203,"Mount",1.505,-3.199,3.384,1.523,2.132,0.000,379,W,0,,,,14630,76.39,0
73,660.508,"Mount",2.272,-2.753,3.055,2.288,1.924,1.602,342,W,231,S,,,14721,76.49,0
74,668.986,"Mount",-1.268,-1.657,1.455,-1.259,0.917,0.000,163,W,0,,,,16469,80.16,0
75,677.919,"Mount",-2.067,0.419,-0.715,-2.069,-0.451,0.000,80,E,0,,,,14259,73.32,0
INFO: SETTLING STATE CHANGE, Settling complete
76,687.112,"Mount",0.621,1.000,-0.899,0.615,-0.566,0.431,101,E,62,S,,,14942,75.40,0
77,695.873,"Mount",-1.027,-0.277,0.125,-1.026,0.078,0.000,14,W,0,,,,13913,71.72,0
78,704.907,"Mount",-0.024,0.937,-0.930,-0.030,-0.531,0.000,94,E,0,,,,14691,75.23,0
79,714.084,"Mount",0.690,0.634,-0.526,0.686,-0.283,0.480,50,E,69,S,,,15866,78.53,0
80,723.022,"Mount",0.783,0.449,-0.330,0.781,0.077,0.547,14,W,79,S,,,16003,77.30,0
81,731.895,"Mount",-0.798,0.763,-0.871,-0.803,-0.494,0.000,88,E,0,,,,15493,73.33,0
82,740.994,"Mount",-0.151,1.417,-1.423,-0.159,-1.032,0.000,183,E,0,,,,15184,75.68,0
83,749.892,"Mount",-0.269,0.556,-0.589,-0.272,-0.534,0.000,95,E,0,,,,13190,73.73,0
84,758.804,"Mount",-0.200,0.030,-0.059,-0.200,-0.176,0.000,31,E,0,,,,13400,73.92,0
85,768.146,"Mount",0.825,-0.974,1.084,0.830,0.609,0.581,108,W,84,S,,,16083,80.05,0
86,776.950,"Mount",0.269,-1.444,1.468,0.277,0.956,0.000,170,W,0,,,,14372,76.94,0
87,786.110,"Mount",0.544,-1.308,1.373,0.551,0.896,0.386,159,W,56,S,,,17526,79.79,0
88,794.847,"Mount",-0.222,-0.378,0.342,-0.220,0.302,0.000,54,W,0,,,,14531,75.93,0
89,803.985,"Mount",0.321,-0.139,0.184,0.321,0.123,0.225,22,W,32,S,,,15163,76.89,0
90,812.837,"Mount",-0.706,0.041,-0.143,-0.706,0.100,0.000,18,W,0,,,,13559,73.32,0
91,821.796,"Mount",0.097,-0.139,0.152,0.098,0.123,0.000,22,W,0,,,,14007,75.73,0
92,830.873,"Mount",0.276,-0.522,0.557,0.279,0.448,0.000,80,W,0,,,,13980,75.71,0
93,840.310,"Mount",1.191,-1.536,1.694,1.200,1.135,0.840,202,W,121,S,,,15033,76.42,0
94,848.847,"Mount",0.079,-0.333,0.341,0.081,0.362,0.000,64,W,0,,,,14850,76.85,0
95,857.800,"Mount",-0.569,0.313,-0.392,-0.570,-0.136,0.000,24,E,0,,,,12870,69.40,0
96,866.915,"Mount",-0.081,1.226,-1.225,-0.088,-0.718,0.000,127,E,0,,,,13819,69.69,0
97,875.947,"Mount",0.309,0.674,-0.621,0.305,-0.389,0.214,69,E,31,S,,,15201,76.83,0
98,884.805,"Mount",-0.257,0.263,-0.298,-0.259,-0.089,0.000,16,E,0,,,,12681,71.39,0
99,893.982,"Mount",0.609,0.005,0.083,0.609,-0.057,0.426,10,E,62,S,,,16329,80.26,0
100,902.855,"Mount",-0.385,0.605,-0.655,-0.389,-0.466,0.000,83,E,0,,,,14036,73.40,0
101,911.872,"Mount",-0.310,0.700,-0.737,-0.314,-0.570,0.000,101,E,0,,,,15799,78.33,0
102,920.857,"Mount",0.112,0.599,-0.576,0.109,-0.514,0.000,91,E,0,,,,15540,78.20,0
103,929.988,"Mount",0.551,0.156,-0.074,0.550,-0.103,0.385,18,E,56,S,,,15981,77.06,0
104,938.736,"Mount",-0.748,-0.466,0.352,-0.746,0.029,0.000,5,W,0,,,,15716,76.64,0
105,947.958,"Mount",0.343,0.165,-0.114,0.342,-0.109,0.239,19,E,35,S,,,15388,76.05,0
106,956.784,"Mount",-0.331,-0.161,0.111,-0.331,-0.126,0.000,22,E,0,,,,14557,73.83,0
107,965.808,"Mount",-0.200,-0.254,0.222,-0.198,-0.060,0.000,11,E,0,,,,15297,77.78,0
108,974.978,"Mount",0.490,0.308,-0.234,0.489,-0.099,0.342,18,E,49,S,,,14449,72.93,0
109,983.834,"Mount",-0.112,-0.243,0.224,-0.111,-0.117,0.000,21,E,0,,,,14749,76.04,0
110,992.798,"Mount",-0.125,-0.328,0.307,-0.123,-0.063,0.000,11,E,0,,,,12942,71.09,0
111,1001.821,"Mount",-0.026,-0.862,0.849,-0.021,0.475,0.000,84,W,0,,,,14286,76.47,0
112,1010.790,"Mount",0.090,-0.426,0.435,0.093,0.271,0.000,48,W,0,,,,14951,78.78,0
113,1019.983,"Mount",1.023,-0.218,0.364,1.024,0.206,0.717,37,W,103,S,,,16965,82.25,0
114,1028.689,"Mount",-0.357,-0.334,0.278,-0.355,-0.018,0.000,3,E,0,,,,13047,73.97,0
115,1037.762,"Mount",-0.139,-0.472,0.447,-0.136,0.321,0.000,57,W,0,,,,14739,78.20,0
116,1046.748,"Mount",-0.292,-0.522,0.474,-0.289,0.275,0.000,49,W,0,,,,14052,75.73,0
117,1055.661,"Mount",-0.583,0.079,-0.163,-0.584,0.011,0.000,2,W,0,,,,13976,70.20,0
118,1064.782,"Mount",0.180,0.540,-0.508,0.177,-0.379,0.000,67,E,0,,,,15808,79.15,0
119,1073.720,"Mount",0.180,0.010,0.016,0.180,-0.066,0.000,12,E,0,,,,13940,73.50,0
120,1082.897,"Mount",0.383,0.155,-0.097,0.382,-0.072,0.268,13,E,39,S,,,14682,75.02,0
121,1091.723,"Mount",0.137,-0.169,0.187,0.138,-0.138,0.000,25,E,0,,,,13810,72.07,0
122,1100.949,"Mount",0.695,-0.157,0.256,0.696,-0.121,0.487,21,E,70,S,,,15540,78.45,0
123,1109.741,"Mount",-0.095,-0.357,0.340,-0.093,0.087,0.000,16,W,0,,,,12516,70.54,0
124,1118.951,"Mount",0.407,0.634,-0.568,0.403,-0.504,0.282,89,E,41,S,,,15161,76.08,0
125,1127.775,"Mount",0.019,-0.268,0.268,0.021,-0.064,0.000,11,E,0,,,,14054,73.53,0
126,1137.160,"Mount",0.756,-1.604,1.697,0.765,1.195,0.535,212,W,77,S,,,16560,78.71,0
127,1145.889,"Mount",-0.769,-1.566,1.437,-0.760,1.162,0.000,206,W,0,,,,13430,73.14,0
128,1154.646,"Mount",-0.905,0.217,-0.346,-0.906,-0.003,0.000,0,,0,,,,13735,72.91,0
129,1163.765,"Mount",-0.776,0.856,-0.960,-0.781,-0.481,0.000,85,E,0,,,,12816,71.99,0
130,1172.718,"Mount",-0.807,0.152,-0.268,-0.808,0.121,0.000,21,W,0,,,,12781,72.01,0
131,1181.815,"Mount",-0.265,0.822,-0.852,-0.270,-0.611,0.000,109,E,0,,,,12990,72.15,0
132,1190.721,"Mount",0.169,-0.349,0.370,0.171,0.118,0.000,21,W,0,,,,13969,75.42,0
133,1199.706,"Mount",0.070,-0.359,0.365,0.073,0.141,0.000,25,W,0,,,,12767,72.23,0
134,1208.724,"Mount",0.815,0.235,-0.114,0.813,-0.063,0.000,11,E,0,,,,14894,78.40,0
135,1217.789,"Mount",1.027,0.229,-0.077,1.025,-0.127,0.000,23,E,0,,,,17127,81.65,0
136,1226.710,"Mount",1.304,-0.179,0.368,1.305,0.111,0.000,20,W,0,,,,14135,76.58,0
137,1235.968,"Mount",1.099,0.397,-0.233,1.097,-0.183,0.768,33,E,111,S,,,15645,79.45,0
138,1244.825,"Mount",0.119,-1.062,1.068,0.125,0.612,0.000,109,W,0,,,,12654,71.33,0
139,1254.130,"Mount",0.830,-1.679,1.782,0.840,1.270,0.588,226,W,85,S,,,18185,86.88,0
140,1262.828,"Mount",-0.247,-1.190,1.141,-0.240,0.931,0.000,165,W,0,,,,13485,74.43,0
141,1271.797,"Mount",-0.202,-0.588,0.553,-0.198,0.632,0.000,112,W,0,,,,13204,73.15,0
142,1280.671,"Mount",-0.757,-0.185,0.073,-0.756,0.114,0.000,20,W,0,,,,14216,74.54,0
143,1289.704,"Mount",0.180,0.572,-0.540,0.177,-0.377,0.000,67,E,0,,,,15067,77.41,0
144,1299.010,"Mount",0.903,-0.655,0.780,0.907,0.551,0.635,98,W,92,S,,,14235,76.74,0
145,1307.997,"Mount",1.018,-0.300,0.445,1.019,0.500,0.714,89,W,103,S,,,14205,76.43,0
146,1316.871,"Mount",0.407,-0.004,0.064,0.407,0.185,0.285,33,W,41,S,,,14625,76.32,0
147,1325.697,"Mount",-0.157,-0.037,0.014,-0.157,0.095,0.000,17,W,0,,,,13055,72.66,0
148,1334.621,"Mount",0.005,-0.029,0.030,0.005,0.020,0.000,4,W,0,,,,14555,76.72,0
149,1343.749,"Mount",-0.167,0.634,-0.651,-0.170,-0.533,0.000,95,E,0,,,,13878,74.84,0
150,1352.735,"Mount",0.092,0.521,-0.502,0.089,-0.429,0.000,76,E,0,,,,13351,74.03,0
151,1361.881,"Mount",0.787,-0.455,0.564,0.790,0.349,0.553,62,W,80,S,,,15113,78.22,0
152,1370.689,"Mount",0.058,0.397,-0.384,0.055,-0.222,0.000,39,E,0,,,,14078,75.96,0
153,1379.661,"Mount",-0.361,-0.287,0.231,-0.359,-0.072,0.000,13,E,0,,,,13326,73.36,0
154,1388.777,"Mount",0.304,0.964,-0.910,0.298,-0.761,0.000,135,E,0,,,,13358,73.02,0
155,1397.908,"Mount",0.528,0.579,-0.495,0.525,-0.553,0.367,98,E,53,S,,,13375,73.67,0
156,1406.879,"Mount",0.715,0.493,-0.383,0.712,-0.407,0.499,72,E,72,S,,,14645,77.29,0
157,1415.665,"Mount",0.287,0.064,-0.021,0.286,-0.086,0.000,15,E,0,,,,14516,76.17,0
158,1424.755,"Mount",0.116,-1.050,1.055,0.122,0.615,0.000,109,W,0,,,,15899,78.84,0
159,1433.615,"Mount",-0.229,0.202,-0.234,-0.230,-0.033,0.000,6,E,0,,,,12483,72.00,0
160,1442.681,"Mount",0.001,0.476,-0.471,-0.002,-0.445,0.000,79,E,0,,,,13999,76.15,0
161,1451.843,"Mount",0.874,0.157,-0.028,0.873,-0.111,0.611,20,E,88,S,,,14005,74.54,0
162,1460.622,"Mount",0.022,0.082,-0.078,0.022,-0.051,0.000,9,E,0,,,,12697,72.21,0
163,1469.865,"Mount",0.427,0.470,-0.402,0.425,-0.295,0.297,52,E,43,S,,,13515,73.52,0
164,1478.675,"Mount",-0.033,-0.827,0.813,-0.028,0.537,0.000,95,W,0,,,,13405,72.95,0
165,1487.837,"Mount",0.381,-0.049,0.104,0.382,0.075,0.267,13,W,39,S,,,13776,73.84,0
166,1496.696,"Mount",-0.096,0.751,-0.757,-0.100,-0.508,0.000,90,E,0,,,,13593,75.58,0
167,1505.698,"Mount",-0.107,0.455,-0.465,-0.110,-0.341,0.000,60,E,0,,,,13170,73.18,0
168,1514.592,"Mount",0.217,0.158,-0.125,0.216,0.025,0.000,5,W,0,,,,14399,75.01,0
169,1523.671,"Mount",0.028,0.813,-0.800,0.024,-0.518,0.000,92,E,0,,,,14478,76.32,0
170,1532.882,"Mount",0.449,0.640,-0.568,0.446,-0.451,0.312,80,E,45,S,,,14359,75.93,0
171,1541.659,"Mount",0.020,0.450,-0.442,0.017,-0.342,0.000,61,E,0,,,,13810,74.75,0
172,1550.630,"Mount",0.183,0.198,-0.169,0.181,-0.123,0.000,22,E,0,,,,13400,72.85,0
173,1559.729,"Mount",0.243,0.903,-0.858,0.238,-0.733,0.000,130,E,0,,,,13297,72.35,0
174,1568.796,"Mount",0.628,0.011,0.081,0.628,-0.145,0.439,26,E,63,S,,,13836,73.00,0
175,1577.798,"Mount",0.533,-0.105,0.182,0.534,-0.063,0.374,11,E,54,S,,,13648,73.06,0
176,1586.704,"Mount",0.104,-0.321,0.333,0.105,0.096,0.000,17,W,0,,,,13720,74.18,0
177,1595.851,"Mount",0.606,-0.613,0.695,0.610,0.333,0.427,59,W,62,S,,,14507,75.91,0
178,1604.788,"Mount",0.306,-0.533,0.572,0.309,0.386,0.216,69,W,31,S,,,14069,74.87,0
179,1614.126,"Mount",0.814,-2.159,2.255,0.827,1.852,0.579,329,W,84,S,,,14078,74.02,0
180,1622.969,"Mount",0.037,-2.082,2.065,0.049,1.821,0.000,323,W,0,,,,13204,71.40,0
181,1631.601,"Mount",-0.291,-0.219,0.175,-0.290,0.110,0.000,20,W,0,,,,11048,66.61,0
182,1640.827,"Mount",0.341,0.597,-0.540,0.338,-0.552,0.236,98,E,34,S,,,14044,75.28,0
183,1649.812,"Mount",0.365,0.465,-0.407,0.362,-0.363,0.254,64,E,37,S,,,13457,72.61,0
184,1658.766,"Mount",0.443,-0.396,0.457,0.445,0.159,0.312,28,W,45,S,,,13770,71.25,0
185,1667.560,"Mount",0.202,0.325,-0.292,0.201,-0.031,0.000,5,E,0,,,,11347,67.97,0
186,1676.641,"Mount",-0.773,0.474,-0.582,-0.775,-0.451,0.000,80,E,0,,,,12209,70.60,0
187,1685.819,"Mount",0.608,0.623,-0.528,0.604,-0.410,0.423,73,E,61,S,,,11717,69.58,0
188,1694.932,"Mount",0.348,1.137,-1.074,0.342,-0.841,0.239,149,E,35,S,,,13270,73.43,0
189,1703.887,"Mount",0.379,1.123,-1.055,0.373,-0.940,0.261,167,E,38,S,,,12690,71.07,0
190,1712.777,"Mount",0.461,0.342,-0.271,0.459,-0.125,0.321,22,E,46,S,,,13018,72.12,0
191,1721.810,"Mount",0.367,-0.358,0.407,0.369,0.474,0.258,84,W,37,S,,,9708,60.29,0
192,1730.732,"Mount",0.061,-0.950,0.949,0.067,1.082,0.000,192,W,0,,,,10323,63.29,0
193,1739.846,"Mount",0.625,-0.495,0.581,0.628,0.658,0.440,117,W,63,S,,,10790,64.18,0
194,1748.703,"Mount",0.068,-1.109,1.107,0.074,0.711,0.000,126,W,0,,,,11561,65.36,0
195,1757.609,"Mount",0.213,-0.531,0.556,0.216,0.375,0.000,67,W,0,,,,8848,57.94,0
196,1766.771,"Mount",0.585,0.039,0.047,0.584,0.077,0.409,14,W,59,S,,,9729,61.99,0
197,1775.612,"Mount",-0.067,-0.370,0.356,-0.065,0.357,0.000,63,W,0,,,,12100,67.82,0
198,1784.726,"Mount",0.313,-0.076,0.121,0.314,0.170,0.219,30,W,32,S,,,10628,64.35,0
199,1793.696,"Mount",0.123,-1.147,1.152,0.129,0.818,0.000,145,W,0,,,,9357,59.69,0
200,1802.857,"Mount",0.443,-0.630,0.687,0.446,0.451,0.312,80,W,45,S,,,11153,65.46,0
201,1811.523,"Mount",0.020,-0.003,0.006,0.020,-0.047,0.000,8,E,0,,,,9634,61.16,0
202,1820.764,"Mount",0.335,0.610,-0.555,0.331,-0.521,0.232,93,E,33,S,,,9119,59.66,0
203,1829.605,"Mount",0.066,0.119,-0.108,0.065,-0.116,0.000,21,E,0,,,,9897,61.81,0
204,1838.639,"Mount",0.190,0.951,-0.914,0.184,-0.501,0.000,89,E,0,,,,8503,57.04,0
205,1847.753,"Mount",0.604,0.190,-0.100,0.603,-0.058,0.422,10,E,61,S,,,8955,58.49,0
206,1856.770,"Mount",0.436,0.489,-0.421,0.434,-0.447,0.303,79,E,44,S,,,9107,60.31,0
207,1865.645,"Mount",-0.112,0.489,-0.500,-0.115,-0.604,0.000,107,E,0,,,,8086,55.95,0
208,1874.629,"Mount",0.029,0.530,-0.520,0.026,-0.534,0.000,95,E,0,,,,9787,63.26,0
209,1883.567,"Mount",0.205,0.155,-0.124,0.204,-0.129,0.000,23,E,0,,,,10955,65.69,0
210,1892.601,"Mount",0.395,0.283,-0.222,0.393,-0.001,0.275,0,,40,S,,,10530,64.82,0
211,1902.602,"Mount",0.218,1.249,-1.204,0.211,-0.811,0.000,144,E,0,,,,12535,70.77,0
212,1910.549,"Mount",-0.633,-0.302,0.206,-0.631,-0.123,0.000,22,E,0,,,,12166,68.76,0
213,1919.574,"Mount",0.049,-0.630,0.630,0.053,0.297,0.000,53,W,0,,,,10584,63.76,0
214,1928.618,"Mount",-0.572,0.550,-0.627,-0.575,-0.480,0.000,85,E,0,,,,11404,67.18,0
215,1937.674,"Mount",0.332,0.212,-0.161,0.331,-0.085,0.231,15,E,33,S,,,10431,64.38,0
216,1946.515,"Mount",-0.129,-0.117,0.097,-0.129,0.083,0.000,15,W,0,,,,12233,69.39,0
217,1955.740,"Mount",0.545,0.402,-0.318,0.542,0.139,0.380,25,W,55,S,,,10115,63.31,0
218,1964.550,"Mount",0.191,0.317,-0.286,0.190,-0.056,0.000,10,E,0,,,,11180,66.49,0
219,1973.743,"Mount",0.375,-0.794,0.840,0.380,0.476,0.266,85,W,38,S,,,13014,70.33,0
220,1982.791,"Mount",0.746,-0.231,0.337,0.747,0.269,0.523,48,W,75,S,,,13383,73.12,0
221,1991.505,"Mount",-0.618,-0.185,0.093,-0.617,-0.048,0.000,9,E,0,,,,11590,68.12,0
222,2000.505,"Mount",-0.511,-0.409,0.330,-0.508,-0.082,0.000,15,E,0,,,,13278,72.11,0
223,2009.601,"Mount",-0.348,-0.703,0.645,-0.344,0.329,0.000,58,W,0,,,,12889,71.69,0
224,2018.627,"Mount",-0.390,0.448,-0.500,-0.392,-0.464,0.000,82,E,0,,,,12756,71.99,0
225,2027.569,"Mount",0.038,0.674,-0.662,0.034,-0.611,0.000,109,E,0,,,,12230,69.44,0
226,2036.750,"Mount",0.542,0.775,-0.688,0.537,-0.545,0.376,97,E,54,S,,,13949,74.19,0
227,2045.489,"Mount",0.189,0.193,-0.163,0.188,-0.105,0.000,19,E,0,,,,11696,68.60,0
228,2054.665,"Mount",0.616,0.301,-0.208,0.614,-0.048,0.430,9,E,62,S,,,11763,68.78,0
229,2063.569,"Mount",-0.525,0.724,-0.793,-0.529,-0.546,0.000,97,E,0,,,,13617,72.14,0
230,2072.554,"Mount",0.435,0.731,-0.660,0.431,-0.498,0.000,88,E,0,,,,13559,73.19,0
231,2081.491,"Mount",-0.348,0.350,-0.397,-0.350,0.034,0.000,6,W,0,,,,11121,66.81,0
232,2090.876,"Mount",0.905,-0.745,0.869,0.909,1.176,0.636,209,W,92,S,,,12130,70.07,0
233,2099.640,"Mount",-0.154,-1.440,1.402,-0.145,1.025,0.000,182,W,0,,,,15630,78.93,0
234,2108.496,"Mount",-0.296,-0.204,0.158,-0.295,-0.165,0.000,29,E,0,,,,12642,71.04,0
235,2117.658,"Mount",0.665,-0.253,0.348,0.666,0.061,0.466,11,W,67,S,,,15261,77.93,0
236,2126.499,"Mount",0.216,-0.086,0.116,0.217,-0.100,0.000,18,E,0,,,,13378,74.43,0
237,2135.484,"Mount",0.059,-0.605,0.607,0.063,0.291,0.000,52,W,0,,,,14141,75.32,0
238,2144.710,"Mount",0.592,0.446,-0.354,0.590,-0.251,0.413,45,E,60,S,,,15617,79.12,0
239,2153.440,"Mount",-0.052,-0.412,0.400,-0.050,0.186,0.000,33,W,0,,,,12526,70.05,0
240,2162.567,"Mount",-0.040,-1.069,1.052,-0.034,0.485,0.000,86,W,0,,,,13133,73.18,0
241,2171.446,"Mount",0.296,-0.107,0.149,0.297,-0.220,0.000,39,E,0,,,,12920,72.51,0
242,2180.688,"Mount",0.480,-0.054,0.123,0.480,-0.153,0.336,27,E,49,S,,,12848,71.05,0
243,2189.515,"Mount",-0.084,-0.448,0.431,-0.082,0.326,0.000,58,W,0,,,,13507,73.09,0
244,2198.693,"Mount",0.594,0.032,0.055,0.593,0.382,0.415,68,W,60,S,,,14922,77.53,0
245,2207.634,"Mount",0.204,-0.844,0.865,0.209,0.852,0.000,151,W,0,,,,14279,74.30,0
246,2216.652,"Mount",0.312,0.603,-0.551,0.309,-0.223,0.216,40,E,31,S,,,15453,78.23,0
247,2225.462,"Mount",-0.041,0.095,-0.100,-0.042,0.073,0.000,13,W,0,,,,14648,77.51,0
248,2234.497,"Mount",-0.188,0.467,-0.489,-0.190,-0.277,0.000,49,E,0,,,,12847,71.21,0
249,2243.724,"Mount",0.723,-0.231,0.334,0.724,0.326,0.507,58,W,73,S,,,14857,76.58,0
250,2252.519,"Mount",0.099,-0.415,0.425,0.101,0.380,0.000,68,W,0,,,,13742,74.36,0
251,2261.538,"Mount",0.197,-0.562,0.585,0.200,0.499,0.000,89,W,0,,,,13323,74.23,0
252,2270.445,"Mount",0.294,-0.073,0.115,0.295,0.067,0.000,12,W,0,,,,11959,70.20,0
253,2279.912,"Mount",0.999,-2.058,2.181,1.011,1.376,0.708,244,W,102,S,,,16658,80.76,0
254,2288.490,"Mount",0.154,0.441,-0.414,0.151,-0.319,0.000,57,E,0,,,,14195,75.24,0
255,2297.421,"Mount",0.040,-0.082,0.087,0.041,-0.210,0.000,37,E,0,,,,13402,74.13,0
256,2306.396,"Mount",0.139,-0.183,0.202,0.140,-0.006,0.000,1,E,0,,,,13436,73.39,0
257,2315.699,"Mount",0.781,1.007,-0.883,0.776,-0.563,0.543,100,E,78,S,,,15456,80.18,0
258,2324.654,"Mount",0.319,-0.743,0.782,0.324,0.376,0.226,67,W,33,S,,,13198,73.46,0
259,2333.416,"Mount",-0.175,-0.749,0.715,-0.171,0.218,0.000,39,W,0,,,,14053,75.39,0
260,2342.497,"Mount",-0.395,-0.127,0.068,-0.394,-0.238,0.000,42,E,0,,,,12475,70.88,0
261,2351.660,"Mount",0.490,0.668,-0.590,0.486,-0.528,0.340,94,E,49,S,,,14281,75.59,0
262,2360.465,"Mount",-0.118,-0.212,0.193,-0.116,-0.074,0.000,13,E,0,,,,14883,78.20,0
263,2369.391,"Mount",0.078,-0.175,0.185,0.079,-0.067,0.000,12,E,0,,,,13183,71.79,0
264,2378.650,"Mount",0.989,-0.209,0.351,0.990,0.133,0.693,24,W,100,S,,,15646,78.38,0
265,2387.427,"Mount",-0.041,-0.555,0.543,-0.038,0.310,0.000,55,W,0,,,,12968,72.85,0
266,2396.509,"Mount",-0.152,0.463,-0.480,-0.155,-0.417,0.000,74,E,0,,,,13114,73.85,0
267,2405.384,"Mount",0.104,0.048,-0.032,0.104,-0.086,0.000,15,E,0,,,,13804,74.60,0
268,2414.578,"Mount",0.614,0.094,-0.003,0.614,0.032,0.430,6,W,62,S,,,15202,78.73,0
269,2423.420,"Mount",-0.353,0.594,-0.640,-0.356,-0.322,0.000,57,E,0,,,,12874,73.54,0
270,2432.582,"Mount",0.405,0.167,-0.106,0.404,-0.016,0.283,3,E,41,S,,,12646,71.94,0
271,2441.456,"Mount",0.024,-0.509,0.507,0.027,0.328,0.000,58,W,0,,,,14506,77.19,0
272,2450.457,"Mount",0.036,-0.606,0.605,0.040,0.422,0.000,75,W,0,,,,12745,70.43,0
273,2459.637,"Mount",0.520,-0.591,0.661,0.523,0.391,0.366,69,W,53,S,,,14899,77.30,0
274,2468.591,"Mount",0.352,0.521,-0.464,0.349,-0.341,0.244,61,E,35,S,,,14021,75.17,0
275,2477.433,"Mount",0.015,0.662,-0.653,0.011,-0.468,0.000,83,E,0,,,,13880,75.05,0
276,2486.404,"Mount",0.182,-0.129,0.154,0.183,-0.116,0.000,21,E,0,,,,13984,75.68,0
277,2495.599,"Mount",0.473,-0.397,0.462,0.476,0.192,0.333,34,W,48,S,,,13112,72.08,0
278,2504.392,"Mount",-0.955,-0.348,0.205,-0.953,-0.158,0.000,28,E,0,,,,12497,70.05,0
279,2513.651,"Mount",-0.864,-0.109,-0.018,-0.864,-0.120,0.000,21,E,0,,,,12742,70.64,0
280,2522.397,"Mount",-0.596,-0.300,0.209,-0.594,-0.045,0.000,8,E,0,,,,12916,72.00,0
281,2531.318,"Mount",-0.338,-0.217,0.166,-0.337,-0.024,0.000,4,E,0,,,,11279,67.20,0
282,2540.432,"Mount",-0.218,-0.655,0.616,-0.214,0.350,0.000,62,W,0,,,,14108,74.29,0
283,2549.385,"Mount",0.509,0.510,-0.431,0.506,-0.205,0.000,36,E,0,,,,12977,72.30,0
284,2558.515,"Mount",0.237,-0.667,0.695,0.241,0.853,0.000,151,W,0,,,,12833,71.22,0
285,2567.498,"Mount",0.533,-0.667,0.738,0.537,0.877,0.000,156,W,0,,,,12558,69.54,0
286,2577.058,"Mount",2.910,-1.789,2.195,2.920,1.418,2.044,252,W,295,S,,,10960,66.58,0
287,2585.369,"Mount",-1.977,-1.079,0.780,-1.971,0.402,0.000,71,W,0,,,,12250,70.20,0
288,2594.385,"Mount",-1.832,-0.348,0.077,-1.830,-0.112,0.000,20,E,0,,,,11345,66.08,0
289,2603.348,"Mount",-1.807,-0.070,-0.195,-1.806,-0.119,0.000,21,E,0,,,,11337,68.00,0
290,2612.303,"Mount",-1.877,-0.073,-0.201,-1.877,-0.046,0.000,8,E,0,,,,11030,65.54,0
291,2621.685,"Mount",0.813,1.474,-1.340,0.805,-0.878,0.563,156,E,81,S,,,12982,73.62,0
292,2630.414,"Mount",-1.981,-0.271,-0.021,-1.980,-0.104,0.000,19,E,0,,,,12352,69.47,0
293,2639.348,"Mount",-2.062,-0.343,0.038,-2.060,-0.165,0.000,29,E,0,,,,12315,69.58,0
294,2648.603,"Mount",-0.369,0.262,-0.313,-0.371,-0.171,-0.260,30,E,37,N,,,13112,72.80,0
295,2657.476,"Mount",-0.346,-0.237,0.184,-0.345,-0.101,-0.241,18,E,35,N,,,11385,67.64,0
296,2666.537,"Mount",-0.389,-0.262,0.203,-0.388,0.177,-0.271,32,W,39,N,,,11556,65.90,0
297,2675.374,"Mount",0.694,-0.087,0.187,0.695,0.382,0.000,68,W,0,,,,12691,70.56,0
298,2684.486,"Mount",0.820,-0.782,0.894,0.825,0.768,0.000,136,W,0,,,,13736,72.36,0
299,2693.517,"Mount",0.985,-1.384,1.513,0.993,1.039,0.000,185,W,0,,,,12978,70.87,0
300,2702.452,"Mount",1.126,-0.688,0.845,1.130,0.663,0.000,118,W,0,,,,10324,61.97,0
301,2711.435,"Mount",1.147,-0.834,0.993,1.152,0.674,0.000,120,W,0,,,,10515,64.08,0
302,2720.385,"Mount",1.542,-0.441,0.662,1.544,0.576,0.000,102,W,0,,,,8739,57.29,0
303,2729.639,"Mount",1.505,0.321,-0.099,1.503,0.096,1.052,17,W,152,S,,,12479,69.40,0
304,2738.655,"Mount",1.072,0.571,-0.409,1.069,-0.214,0.748,38,E,108,S,,,10743,65.40,0
305,2747.318,"Mount",-0.412,-0.315,0.252,-0.411,0.113,0.000,20,W,0,,,,12496,70.20,0
306,2759.337,"Mount",0.255,-0.511,0.542,0.258,0.310,0.000,55,W,0,,,,10992,67.03,0
307,2768.307,"Mount",0.182,-0.230,0.254,0.183,-0.126,0.000,22,E,0,,,,12531,71.37,0
308,2777.431,"Mount",0.561,0.199,-0.115,0.559,-0.053,0.392,9,E,57,S,,,13715,74.26,0
309,2786.398,"Mount",-0.811,0.817,-0.927,-0.816,-0.642,0.000,114,E,0,,,,13091,72.18,0
310,2795.381,"Mount",-0.375,0.520,-0.569,-0.378,-0.448,0.000,80,E,0,,,,13258,72.97,0
311,2804.316,"Mount",-0.029,-0.363,0.355,-0.027,0.102,0.000,18,W,0,,,,12092,70.25,0
312,2813.394,"Mount",0.283,0.752,-0.702,0.279,-0.666,0.000,118,E,0,,,,12364,70.75,0
313,2822.554,"Mount",0.312,0.780,-0.726,0.308,-0.685,0.215,122,E,31,S,,,14082,75.71,0
314,2831.397,"Mount",-0.099,0.679,-0.686,-0.103,-0.552,0.000,98,E,0,,,,12735,72.15,0
315,2840.415,"Mount",0.363,0.127,-0.073,0.362,-0.033,0.253,6,E,37,S,,,12189,69.58,0
316,2849.626,"Mount",0.862,0.710,-0.577,0.858,-0.445,0.601,79,E,87,S,,,13961,73.11,0
317,2858.453,"Mount",0.437,0.085,-0.020,0.437,-0.037,0.306,7,E,44,S,,,13055,71.95,0
318,2867.329,"Mount",-0.934,-0.410,0.269,-0.932,-0.106,0.000,19,E,0,,,,11778,68.33,0
319,2876.348,"Mount",-0.225,-0.516,0.477,-0.222,0.233,0.000,41,W,0,,,,14314,76.68,0
320,2885.216,"Mount",-0.155,-0.266,0.241,-0.154,0.002,0.000,0,,0,,,,13228,74.01,0
321,2894.305,"Mount",0.239,-0.476,0.506,0.241,0.356,0.000,63,W,0,,,,14042,74.67,0
322,2903.276,"Mount",0.190,0.222,-0.192,0.188,0.022,0.000,4,W,0,,,,13625,73.50,0
323,2912.437,"Mount",0.653,0.044,0.051,0.653,-0.024,0.457,4,E,66,S,,,13832,74.97,0
324,2921.533,"Mount",0.566,-0.745,0.819,0.570,0.565,0.399,100,W,58,S,,,15002,76.50,0
325,2930.308,"Mount",0.174,-0.386,0.407,0.176,0.310,0.000,55,W,0,,,,13198,73.84,0
326,2939.292,"Mount",0.161,-0.418,0.437,0.163,0.194,0.000,34,W,0,,,,12968,71.76,0
327,2948.372,"Mount",0.109,-0.874,0.880,0.114,0.440,0.000,78,W,0,,,,13221,72.87,0
328,2957.292,"Mount",0.147,-0.384,0.402,0.150,0.194,0.000,34,W,0,,,,13609,74.55,0
329,2966.500,"Mount",0.364,-0.977,1.020,0.370,0.572,0.259,102,W,37,S,,,13189,72.27,0
330,2975.339,"Mount",0.181,0.663,-0.629,0.177,-0.531,0.000,94,E,0,,,,13290,73.30,0
331,2984.532,"Mount",0.670,0.596,-0.492,0.666,-0.480,0.466,85,E,67,S,,,14363,75.65,0
332,2993.275,"Mount",-0.340,0.184,-0.231,-0.341,-0.089,0.000,16,E,0,,,,11826,68.67,0
333,3002.436,"Mount",-0.504,0.993,-1.056,-0.509,-0.693,0.000,123,E,0,,,,12695,72.95,0
334,3011.372,"Mount",-0.325,0.570,-0.611,-0.328,-0.461,0.000,82,E,0,,,,12257,71.36,0
335,3020.339,"Mount",0.151,-0.450,0.467,0.154,0.376,0.000,67,W,0,,,,12595,73.07,0
336,3029.340,"Mount",0.137,0.121,-0.099,0.136,0.246,0.000,44,W,0,,,,12138,69.59,0
337,3038.275,"Mount",0.116,0.336,-0.316,0.114,0.345,0.000,61,W,0,,,,12945,72.72,0
338,3047.628,"Mount",1.355,-0.526,0.718,1.358,0.671,0.950,119,W,137,S,,,13505,73.53,0
339,3056.725,"Mount",0.583,-2.617,2.674,0.598,1.689,0.418,300,W,60,S,,,16361,80.11,0
340,3065.343,"Mount",-0.227,-0.937,0.894,-0.221,0.463,0.000,82,W,0,,,,13291,71.57,0
341,3074.265,"Mount",-0.199,-0.221,0.189,-0.198,-0.116,0.000,21,E,0,,,,13488,74.08,0
342,3083.298,"Mount",-0.090,-0.555,0.536,-0.087,0.299,0.000,53,W,0,,,,13168,72.08,0
343,3092.278,"Mount",0.175,-0.151,0.174,0.176,-0.059,0.000,10,E,0,,,,13187,72.59,0
344,3101.478,"Mount",0.351,-0.984,1.025,0.357,0.574,0.250,102,W,36,S,,,12521,70.60,0
345,3110.460,"Mount",0.438,-0.743,0.799,0.442,0.411,0.309,73,W,45,S,,,12364,70.23,0
346,3119.255,"Mount",-0.045,-0.347,0.337,-0.043,0.035,0.000,6,W,0,,,,13208,72.70,0
347,3128.481,"Mount",1.302,-0.247,0.434,1.303,0.171,0.912,30,W,132,S,,,11526,67.97,0
348,3137.275,"Mount",0.172,-0.413,0.433,0.174,0.362,0.000,64,W,0,,,,12812,71.73,0
349,3146.422,"Mount",0.465,0.977,-0.899,0.459,-0.315,0.321,56,E,46,S,,,14538,75.20,0
350,3155.441,"Mount",0.492,0.616,-0.538,0.488,-0.064,0.342,11,E,49,S,,,13724,74.45,0
351,3164.299,"Mount",0.242,-0.687,0.715,0.246,0.563,0.000,100,W,0,,,,13477,72.86,0
352,3173.478,"Mount",0.705,-0.473,0.571,0.708,0.498,0.496,88,W,72,S,,,14169,75.29,0
353,3182.433,"Mount",0.305,-0.581,0.619,0.309,0.447,0.216,79,W,31,S,,,13234,71.55,0
354,3191.356,"Mount",-0.119,-0.669,0.644,-0.115,0.538,0.000,96,W,0,,,,12966,71.45,0
355,3200.214,"Mount",-0.061,-0.123,0.113,-0.061,0.096,0.000,17,W,0,,,,11936,67.12,0
356,3209.409,"Mount",0.361,-0.442,0.490,0.363,0.344,0.254,61,W,37,S,,,12515,69.96,0
357,3218.331,"Mount",0.316,-0.262,0.305,0.318,0.090,0.222,16,W,32,S,,,13969,72.90,0
358,3227.302,"Mount",0.227,-0.454,0.483,0.229,0.385,0.000,68,W,0,,,,14004,74.80,0
359,3236.786,"Mount",1.722,-2.684,2.906,1.738,1.782,1.216,317,W,176,S,,,12792,70.61,0
360,3245.260,"Mount",-0.920,-0.905,0.761,-0.915,0.405,0.000,72,W,0,,,,12253,70.56,0
361,3254.423,"Mount",0.304,0.623,-0.572,0.301,-0.421,0.210,75,E,30,S,,,11526,68.62,0
362,3263.295,"Mount",-0.719,0.438,-0.539,-0.722,-0.436,0.000,77,E,0,,,,12029,68.65,0
363,3272.238,"Mount",-0.609,0.189,-0.275,-0.610,-0.062,0.000,11,E,0,,,,13108,73.76,0
364,3281.209,"Mount",-0.407,0.216,-0.273,-0.408,-0.137,0.000,24,E,0,,,,12346,69.78,0
365,3290.212,"Mount",-0.320,-0.047,0.000,-0.320,-0.214,0.000,38,E,0,,,,12518,71.16,0
366,3299.199,"Mount",-0.458,0.101,-0.167,-0.459,-0.177,0.000,31,E,0,,,,13218,73.56,0
367,3308.249,"Mount",0.265,0.588,-0.544,0.262,-0.454,0.000,81,E,0,,,,13343,74.06,0
368,3317.318,"Mount",0.188,0.874,-0.837,0.183,-0.579,0.000,103,E,0,,,,13410,72.88,0
369,3326.278,"Mount",0.317,0.804,-0.750,0.312,-0.577,0.000,102,E,0,,,,13756,73.14,0
370,3335.313,"Mount",-0.023,0.667,-0.664,-0.027,-0.466,0.000,83,E,0,,,,13508,73.94,0
371,3347.213,"Mount",0.457,-0.532,0.592,0.460,0.249,0.000,44,W,0,,,,14094,73.38,0
372,3356.143,"Mount",0.830,0.398,-0.273,0.827,-0.016,0.000,3,E,0,,,,15079,76.81,0
373,3365.386,"Mount",0.618,0.309,-0.215,0.616,0.060,0.431,11,W,62,S,,,14761,75.86,0
374,3374.388,"Mount",0.359,0.518,-0.460,0.356,-0.305,0.250,54,E,36,S,,,13851,73.78,0
375,3383.391,"Mount",0.542,0.734,-0.647,0.538,-0.442,0.377,79,E,54,S,,,14164,74.79,0
376,3392.105,"Mount",0.262,-0.287,0.322,0.263,0.046,0.000,8,W,0,,,,13776,75.12,0
377,3401.381,"Mount",0.343,-0.655,0.698,0.347,0.503,0.243,89,W,35,S,,,15387,77.32,0
378,3410.207,"Mount",0.115,-0.599,0.609,0.118,0.405,0.000,72,W,0,,,,12049,67.65,0
379,3419.419,"Mount",0.676,-0.486,0.579,0.679,0.252,0.475,45,W,69,S,,,14532,77.60,0
380,3428.389,"Mount",0.475,-0.148,0.215,0.476,-0.090,0.333,16,E,48,S,,,13899,74.29,0
381,3437.205,"Mount",0.197,-0.497,0.521,0.199,0.286,0.000,51,W,0,,,,14076,73.26,0
382,3446.298,"Mount",0.474,0.285,-0.213,0.472,-0.126,0.330,22,E,48,S,,,12852,71.50,0
383,3455.349,"Mount",0.502,-0.361,0.430,0.504,0.073,0.353,13,W,51,S,,,13842,73.96,0
384,3464.240,"Mount",-0.124,0.516,-0.528,-0.127,-0.426,0.000,76,E,0,,,,12155,69.13,0
385,3473.323,"Mount",0.356,-0.248,0.297,0.358,-0.103,0.250,18,E,36,S,,,12287,68.61,0
386,3482.198,"Mount",0.184,-0.781,0.800,0.188,0.446,0.000,79,W,0,,,,12988,70.19,0
387,3491.201,"Mount",-0.002,0.492,-0.487,-0.004,-0.261,0.000,46,E,0,,,,12968,70.98,0
388,3500.333,"Mount",0.633,0.065,0.028,0.633,0.185,0.443,33,W,64,S,,,14119,74.20,0
389,3509.287,"Mount",0.383,0.354,-0.294,0.381,0.169,0.267,30,W,39,S,,,11996,69.11,0
390,3518.162,"Mount",-0.586,-0.315,0.226,-0.584,0.247,0.000,44,W,0,,,,12414,68.09,0
391,3527.197,"Mount",-0.112,-0.624,0.601,-0.109,0.555,0.000,99,W,0,,,,12520,68.99,0
392,3539.206,"Mount",-0.008,-0.921,0.910,-0.002,0.465,0.000,83,W,0,,,,13179,71.73,0
393,3548.130,"Mount",-0.061,-0.239,0.227,-0.059,-0.176,0.000,31,E,0,,,,13590,75.16,0
394,3557.245,"Mount",0.522,0.043,0.033,0.522,-0.032,0.365,6,E,53,S,,,13025,71.63,0
395,3566.328,"Mount",0.404,0.583,-0.518,0.401,-0.424,0.281,75,E,41,S,,,11978,69.23,0
396,3575.331,"Mount",0.695,0.069,0.033,0.695,-0.066,0.486,12,E,70,S,,,12902,71.32,0
397,3584.117,"Mount",0.123,-0.057,0.074,0.123,-0.090,0.000,16,E,0,,,,12722,69.92,0
398,3593.144,"Mount",0.112,-0.428,0.440,0.115,0.098,0.000,17,W,0,,,,11992,67.53,0
399,3602.324,"Mount",0.594,-0.094,0.179,0.594,-0.064,0.416,11,E,60,S,,,11471,66.85,0
400,3611.087,"Mount",-0.166,-0.264,0.237,-0.165,0.056,0.000,10,W,0,,,,11518,67.41,0
401,3620.134,"Mount",-0.109,-0.191,0.173,-0.108,0.143,0.000,25,W,0,,,,12489,68.22,0
402,3629.124,"Mount",0.193,-0.070,0.098,0.193,0.271,0.000,48,W,0,,,,12382,68.89,0
403,3638.128,"Mount",0.151,-0.344,0.362,0.153,0.383,0.000,68,W,0,,,,12331,69.25,0
404,3647.499,"Mount",0.380,-1.536,1.575,0.389,1.113,0.273,198,W,39,S,,,14092,75.11,0
405,3656.502,"Mount",0.333,-1.878,1.907,0.344,1.312,0.240,233,W,35,S,,,14615,75.62,0
406,3665.441,"Mount",0.622,-1.260,1.337,0.630,0.952,0.441,169,W,64,S,,,14981,75.91,0
407,3674.412,"Mount",0.742,-0.843,0.942,0.747,0.692,0.523,123,W,75,S,,,13923,73.76,0
408,3683.206,"Mount",-0.150,-0.786,0.755,-0.145,0.532,0.000,95,W,0,,,,14962,76.92,0
409,3692.026,"Mount",-0.400,0.207,-0.263,-0.401,0.000,0.000,0,,0,,,,12204,69.62,0
410,3701.100,"Mount",-0.180,0.175,-0.199,-0.181,0.084,0.000,15,W,0,,,,13115,73.25,0
411,3710.118,"Mount",-0.143,0.398,-0.414,-0.145,-0.223,0.000,40,E,0,,,,12378,71.10,0
412,3719.116,"Mount",0.275,-0.447,0.483,0.278,0.200,0.000,36,W,0,,,,13760,74.64,0
413,3728.254,"Mount",0.364,0.078,-0.024,0.363,-0.085,0.254,15,E,37,S,,,14516,76.71,0
INFO: SET LOCK POSITION, new lock pos = 869.930, 63.272
INFO: DITHER by 0.340, -0.081, new lock pos = 869.900, 62.923
INFO: SETTLING STATE CHANGE, Settling started
414,3737.271,"Mount",0.030,0.348,-0.340,0.081,-0.340,0.081,60,E,12,S,,,13150,72.52,0
INFO: SETTLING STATE CHANGE, Settling complete
415,3746.118,"Mount",-1.982,0.078,-0.367,-1.982,-0.231,0.000,41,E,0,,,,14463,75.23,0
416,3755.165,"Mount",-1.914,-1.109,0.818,-1.907,0.516,0.000,92,W,0,,,,12588,70.71,0
417,3764.392,"Mount",-1.756,-0.388,0.128,-1.754,-0.201,-1.228,36,E,177,N,,,11217,66.96,0
418,3773.123,"Mount",1.509,0.280,-0.057,1.507,-0.200,0.000,36,E,0,,,,14779,77.09,0
419,3782.302,"Mount",-0.694,-0.356,0.251,-0.691,-0.144,-0.484,26,E,70,N,,,12522,70.52,0
420,3791.193,"Mount",0.651,1.133,-1.026,0.644,-0.711,0.000,126,E,0,,,,16298,81.21,0
421,3800.175,"Mount",0.842,0.673,-0.543,0.838,-0.481,0.000,85,E,0,,,,16280,81.44,0
422,3809.038,"Mount",1.223,-0.187,0.363,1.224,0.186,0.000,33,W,0,,,,12851,73.26,0
423,3821.064,"Mount",3.133,-0.169,0.623,3.134,0.304,0.000,54,W,0,,,,12920,72.60,0
424,3830.083,"Mount",1.892,0.295,-0.016,1.890,-0.060,0.000,11,E,0,,,,16191,80.61,0
425,3839.373,"Mount",1.716,-0.068,0.318,1.717,0.068,1.202,12,W,173,S,,,13671,72.06,0
426,3848.409,"Mount",1.536,0.606,-0.375,1.533,-0.305,1.073,54,E,155,S,,,14874,76.79,0
427,3857.092,"Mount",-0.249,0.242,-0.276,-0.250,-0.085,0.000,15,E,0,,,,12839,71.59,0
428,3866.019,"Mount",-0.158,-0.027,0.004,-0.158,0.027,0.000,5,W,0,,,,13792,73.38,0
429,3875.146,"Mount",-0.077,-0.585,0.567,-0.074,0.418,0.000,74,W,0,,,,13689,73.66,0
430,3884.021,"Mount",0.227,0.066,-0.033,0.227,0.009,0.000,2,W,0,,,,12329,69.88,0
431,3893.215,"Mount",0.324,-0.139,0.185,0.325,-0.076,0.227,13,E,33,S,,,12986,70.62,0
432,3902.206,"Mount",0.338,-0.297,0.343,0.339,0.092,0.238,16,W,34,S,,,13462,73.93,0
433,3911.205,"Mount",0.574,0.163,-0.077,0.573,-0.043,0.401,8,E,58,S,,,12986,72.30,0
434,3920.049,"Mount",-0.311,-0.312,0.263,-0.309,-0.092,0.000,16,E,0,,,,11671,68.47,0
435,3929.036,"Mount",0.244,-0.437,0.468,0.247,0.110,0.000,20,W,0,,,,12994,72.27,0
436,3938.248,"Mount",0.697,-0.209,0.309,0.698,-0.148,0.489,26,E,71,S,,,11896,68.87,0
437,3946.994,"Mount",0.243,-0.057,0.092,0.243,-0.051,0.000,9,E,0,,,,12125,69.00,0
438,3956.077,"Mount",0.152,0.516,-0.488,0.149,-0.383,0.000,68,E,0,,,,13045,72.64,0
439,3965.081,"Mount",0.106,0.660,-0.637,0.102,-0.455,0.000,81,E,0,,,,11763,68.11,0
440,3974.228,"Mount",0.599,0.282,-0.192,0.598,0.112,0.418,20,W,60,S,,,12439,71.04,0
441,3983.225,"Mount",0.363,0.350,-0.293,0.361,0.244,0.253,43,W,36,S,,,11770,67.42,0
442,3992.057,"Mount",0.201,0.063,-0.033,0.201,0.210,0.000,37,W,0,,,,10924,65.73,0
443,4001.316,"Mount",0.632,-0.673,0.758,0.636,0.617,0.445,110,W,64,S,,,12437,70.26,0
444,4010.638,"Mount",1.226,-3.150,3.295,1.244,2.082,0.871,370,W,126,S,,,14097,74.72,0
445,4022.088,"Mount",-1.030,-1.440,1.274,-1.022,0.652,0.000,116,W,0,,,,10896,64.62,0
446,4031.075,"Mount",-0.969,-0.836,0.686,-0.964,0.326,0.000,58,W,0,,,,12655,71.22,0
447,4040.094,"Mount",-0.933,0.384,-0.516,-0.935,-0.438,0.000,78,E,0,,,,11166,64.58,0
448,4052.072,"Mount",-0.240,-0.059,0.023,-0.240,-0.105,0.000,19,E,0,,,,11540,65.60,0
449,4061.042,"Mount",-0.188,-0.293,0.262,-0.186,-0.116,0.000,21,E,0,,,,10822,65.47,0
450,4070.046,"Mount",-0.169,-0.577,0.546,-0.165,0.164,0.000,29,W,0,,,,10119,62.23,0
451,4078.985,"Mount",0.053,0.318,-0.307,0.051,-0.076,0.000,13,E,0,,,,12102,70.53,0
452,4088.051,"Mount",0.206,0.686,-0.649,0.202,-0.365,0.000,65,E,0,,,,11819,69.16,0
453,4097.006,"Mount",0.444,0.649,-0.577,0.441,-0.229,0.000,41,E,0,,,,11957,69.68,0
454,4106.046,"Mount",0.278,0.147,-0.105,0.277,0.197,0.000,35,W,0,,,,10586,63.97,0
455,4115.172,"Mount",0.309,0.362,-0.313,0.306,0.133,0.215,24,W,31,S,,,9490,60.16,0
456,4124.191,"Mount",0.561,-0.207,0.287,0.562,0.156,0.393,28,W,57,S,,,10095,62.56,0
457,4133.130,"Mount",0.079,-1.283,1.281,0.087,0.909,0.000,161,W,0,,,,10770,64.21,0
458,4142.230,"Mount",0.091,-1.696,1.691,0.101,1.194,0.000,212,W,0,,,,11250,65.59,0
459,4151.104,"Mount",0.133,-0.819,0.830,0.138,0.644,0.000,114,W,0,,,,10711,63.89,0
460,4160.065,"Mount",-0.126,-0.358,0.336,-0.124,0.259,0.000,46,W,0,,,,10579,63.29,0
461,4168.951,"Mount",0.274,-0.070,0.109,0.274,-0.024,0.000,4,E,0,,,,8294,55.45,0
462,4178.145,"Mount",0.300,-0.564,0.602,0.303,0.398,0.212,71,W,31,S,,,8488,56.81,0
463,4187.342,"Mount",0.628,-1.231,1.310,0.636,0.848,0.445,151,W,64,S,,,10709,64.92,0
464,4196.103,"Mount",0.221,-1.259,1.277,0.228,0.741,0.000,132,W,0,,,,10199,63.50,0
465,4205.154,"Mount",0.329,-0.433,0.476,0.331,0.212,0.232,38,W,33,S,,,8549,57.34,0
466,4214.000,"Mount",0.244,0.270,-0.232,0.242,-0.180,0.000,32,E,0,,,,9504,60.36,0
467,4223.096,"Mount",0.235,0.973,-0.929,0.229,-0.679,0.000,121,E,0,,,,6571,50.04,0
468,4232.212,"Mount",0.763,0.451,-0.335,0.760,-0.394,0.532,70,E,77,S,,,8845,58.86,0
469,4240.974,"Mount",0.025,0.182,-0.177,0.024,-0.212,0.000,38,E,0,,,,8362,56.64,0
470,4252.999,"Mount",-0.080,0.548,-0.554,-0.083,-0.557,0.000,99,E,0,,,,9418,60.94,0
471,4262.052,"Mount",0.245,0.799,-0.755,0.240,-0.627,0.000,111,E,0,,,,7481,52.84,0
472,4271.149,"Mount",0.344,0.670,-0.612,0.340,-0.518,0.238,92,E,34,S,,,5705,45.51,0
473,4280.185,"Mount",0.698,0.382,-0.277,0.695,-0.103,0.487,18,E,70,S,,,6267,48.23,0
474,4289.187,"Mount",0.441,0.103,-0.038,0.440,-0.056,0.308,10,E,44,S,,,4948,42.58,0
475,4297.955,"Mount",0.250,-0.165,0.200,0.251,-0.066,0.000,12,E,0,,,,3775,36.45,0
476,4307.002,"Mount",-0.114,-0.639,0.615,-0.111,0.379,0.000,67,W,0,,,,4139,38.08,0
477,4315.899,"Mount",-0.393,-0.176,0.117,-0.392,0.043,0.000,8,W,0,,,,1874,23.90,0
478,4325.136,"Mount",0.318,-0.262,0.306,0.320,-0.101,0.224,18,E,32,S,,,4764,41.67,0
479,4333.920,"Mount",-0.228,-0.279,0.242,-0.227,-0.033,0.000,6,E,0,,,,6322,48.36,0
480,4342.903,"Mount",-0.041,-0.314,0.304,-0.039,0.048,0.000,9,W,0,,,,2600,30.04,0
Guiding Ends at 2026-08-02 01:27:13

Guiding Begins at 2026-08-02 01:33:55
Equipment Profile = QHY5 EQASCOM OAG
Dither = both axes, Dither scale = 1.000, Image noise reduction = 2x2 mean, Guide-frame time lapse = 0, Server enabled
Pixel scale = 1.05 arc-sec/px, Binning = 1, Focal length = 1018 mm
Search region = 24 px, Star mass tolerance = 90.0%, Multi-star mode, list size = 12
 Camera = QHY5II-M-10d7d910f33c7354, gain = 90, full size = 1280 x 1024, have dark, dark dur = 3000, no defect map, pixel size = 5.2 um
Exposure = 3000 ms
Mount = EQMOD HEQ5/6 (ASCOM), connected, guiding enabled, xAngle = 98.4, xRate = 5.665, yAngle = 17.1, yRate = 6.929, parity = +/+
Norm rates RA = 7.0"/s @ dec 0, Dec = 7.3"/s; ortho.err. = 8.7 deg
X guide algorithm = Predictive PEC, Control gain = 0.630
Prediction gain = 0.430
Minimum move = 0.330
Hyperparameters
	Length scale long range SE kernel = 700.000
	Signal variance long range SE kernel = 20.000
	Length scale periodic kernel = 10.000
	Signal variance periodic kernel = 20.000
	Length scale short range SE kernel = 25.000
	Signal variance short range SE kernel = 10.000
	Period length periodic kernel = 477.677
	FFT called after = 2.000 worm cycles
	Auto-adjust period length = On
Y guide algorithm = Resist Switch, Minimum move = 0.300 Aggression = 70% FastSwitch = disabled
Backlash comp = disabled, pulse = 495 ms
Max RA duration = 2500, Max DEC duration = 2500, DEC guide mode = Auto
RA Guide Speed = 7.5 a-s/s, Dec Guide Speed = 7.5 a-s/s, Cal Dec = 0.0, Last Cal Issue = None, Timestamp = 7/7/2026 10:36:27 PM
RA = 20.91 hr, Dec = 31.1 deg, Hour angle = 0.22 hr, Pier side = East, Rotator pos = N/A, Alt = 68.0 deg, Az = 187.4 deg
Lock position = 1107.565, 442.283, Star position = 1107.565, 442.283, HFD = 3.32 px
Frame,Time,mount,dx,dy,RARawDistance,DECRawDistance,RAGuideDistance,DECGuideDistance,RADuration,RADirection,DECDuration,DECDirection,XStep,YStep,StarMass,SNR,ErrorCode
INFO: SETTLING STATE CHANGE, Settling started
1,9.000,"Mount",-0.687,0.239,0.337,-0.689,0.212,0.000,37,W,0,,,,3566,36.89,0
INFO: SETTLING STATE CHANGE, Settling complete
2,17.999,"Mount",-0.573,0.302,0.382,-0.575,0.241,0.000,43,W,0,,,,3863,38.85,0
3,27.174,"Mount",-1.042,-0.179,-0.025,-1.041,0.000,-0.729,0,,105,N,,,4175,39.86,0
4,36.189,"Mount",-0.706,-0.712,-0.602,-0.701,-0.379,-0.491,67,E,71,N,,,4669,42.57,0
5,45.076,"Mount",-0.539,0.141,0.218,-0.540,0.000,-0.378,0,,55,N,,,4788,43.20,0
6,54.236,"Mount",-0.335,1.146,1.182,-0.341,0.745,-0.239,131,W,34,N,,,4407,40.93,0
7,63.234,"Mount",-0.320,1.104,1.139,-0.327,0.717,-0.229,127,W,33,N,,,3474,36.35,0
8,72.073,"Mount",-0.079,-0.669,-0.650,-0.075,-0.410,0.000,72,E,0,,,,2996,33.68,0
9,81.092,"Mount",-0.136,-1.371,-1.337,-0.128,-0.842,0.000,149,E,0,,,,2436,29.68,0
10,90.040,"Mount",0.004,-0.895,-0.886,0.009,-0.558,0.000,99,E,0,,,,2622,31.60,0
11,99.200,"Mount",-0.391,-1.086,-1.017,-0.385,-0.622,-0.269,110,E,39,N,,,4598,42.62,0
12,108.199,"Mount",-0.331,0.321,0.366,-0.333,0.160,-0.233,28,W,34,N,,,3137,34.60,0
13,117.005,"Mount",-0.169,0.467,0.487,-0.172,0.274,0.000,48,W,0,,,,1602,23.63,0
14,125.927,"Mount",-0.215,-0.162,-0.129,-0.214,0.005,0.000,1,W,0,,,,2500,30.45,0
15,135.067,"Mount",-0.429,-0.177,-0.113,-0.428,-0.032,-0.299,6,E,43,N,,,1934,25.97,0
16,144.194,"Mount",-0.396,-1.035,-0.966,-0.390,-0.517,-0.273,91,E,39,N,,,1501,22.62,0
17,153.033,"Mount",-0.250,-0.258,-0.218,-0.248,-0.050,0.000,9,E,0,,,,2458,30.29,0
18,162.337,"Mount",-1.049,1.421,1.558,-1.058,0.877,-0.740,155,W,107,N,,,3753,37.37,0
19,171.527,"Mount",-1.078,3.131,3.255,-1.096,1.941,-0.767,343,W,111,N,,,2715,32.04,0
20,180.045,"Mount",-0.153,0.820,0.834,-0.158,0.529,0.000,93,W,0,,,,4520,42.02,0
21,189.127,"Mount",-0.307,0.111,0.155,-0.308,-0.097,-0.215,17,E,31,N,,,2350,29.59,0
22,198.029,"Mount",-0.191,0.630,0.652,-0.195,0.469,0.000,83,W,0,,,,1593,23.22,0
23,207.028,"Mount",-0.274,0.947,0.976,-0.279,0.596,0.000,105,W,0,,,,2295,29.10,0
24,216.124,"Mount",-0.700,0.280,0.379,-0.701,0.216,-0.491,38,W,71,N,,,5335,45.24,0
25,225.170,"Mount",-0.351,0.684,0.727,-0.355,0.434,-0.249,77,W,36,N,,,4961,44.08,0
26,234.073,"Mount",-0.553,0.071,0.151,-0.553,0.052,-0.387,9,W,56,N,,,4409,41.39,0
27,242.960,"Mount",-0.127,0.058,0.076,-0.127,-0.063,0.000,11,E,0,,,,2994,33.71,0
28,252.023,"Mount",-0.155,0.442,0.460,-0.157,0.262,0.000,46,W,0,,,,2749,31.58,0
29,260.915,"Mount",-0.275,-0.130,-0.089,-0.274,0.046,0.000,8,W,0,,,,1335,21.07,0
30,270.021,"Mount",-0.307,0.088,0.132,-0.308,-0.043,-0.215,8,E,31,N,,,1340,21.05,0
31,279.068,"Mount",-0.321,-0.352,-0.301,-0.319,0.053,-0.223,9,W,32,N,,,1573,23.36,0
32,288.035,"Mount",-0.370,0.034,0.088,-0.371,-0.037,-0.259,7,E,37,N,,,1567,23.31,0
33,297.067,"Mount",-0.491,-0.383,-0.308,-0.489,0.028,-0.342,5,W,49,N,,,1464,21.56,0
34,305.907,"Mount",-0.154,-0.103,-0.080,-0.154,0.008,0.000,1,W,0,,,,2296,28.96,0
35,315.114,"Mount",-0.610,-0.712,-0.616,-0.606,-0.326,-0.424,58,E,61,N,,,2693,30.96,0
36,323.905,"Mount",0.156,-0.038,-0.061,0.156,-0.018,0.000,3,E,0,,,,929,17.10,0
37,332.936,"Mount",-0.216,-0.020,0.012,-0.216,0.088,0.000,15,W,0,,,,519,11.79,0
38,341.927,"Mount",-0.220,-0.256,-0.221,-0.219,0.038,0.000,7,W,0,,,,719,14.97,0
39,351.143,"Mount",-0.536,-0.599,-0.514,-0.533,-0.301,-0.373,53,E,54,N,,,1069,18.24,0
40,360.046,"Mount",-0.424,-0.250,-0.186,-0.423,0.051,-0.296,9,W,43,N,,,2145,27.27,0
41,368.877,"Mount",0.153,-0.231,-0.251,0.154,0.047,0.000,8,W,0,,,,887,16.84,0
42,378.043,"Mount",-0.422,-0.252,-0.188,-0.420,0.016,-0.294,3,W,42,N,,,1338,21.15,0
43,386.835,"Mount",-0.012,-0.205,-0.201,-0.011,0.047,0.000,8,W,0,,,,1367,21.28,0
44,395.930,"Mount",-0.028,-0.651,-0.640,-0.024,-0.335,0.000,59,E,0,,,,922,17.27,0
45,405.058,"Mount",-0.342,-0.461,-0.406,-0.339,-0.231,-0.237,41,E,34,N,,,2448,29.65,0
46,413.928,"Mount",-0.086,-0.614,-0.595,-0.082,-0.294,0.000,52,E,0,,,,778,15.23,0
47,422.928,"Mount",0.075,-0.441,-0.447,0.078,-0.280,0.000,49,E,0,,,,2020,27.09,0
48,431.927,"Mount",-0.120,-0.520,-0.497,-0.117,-0.269,0.000,48,E,0,,,,2450,30.29,0
49,441.055,"Mount",-0.401,-0.485,-0.421,-0.398,-0.227,-0.279,40,E,40,N,,,1675,24.14,0
50,450.103,"Mount",-0.529,-0.754,-0.669,-0.524,-0.383,-0.367,68,E,53,N,,,1746,24.82,0
51,459.124,"Mount",-0.633,-0.518,-0.420,-0.630,-0.217,-0.441,38,E,64,N,,,1788,24.64,0
52,467.925,"Mount",-0.258,-0.135,-0.096,-0.257,0.133,0.000,24,W,0,,,,1588,23.14,0
53,476.924,"Mount",-0.206,-0.389,-0.355,-0.204,-0.076,0.000,13,E,0,,,,1575,23.56,0
54,486.315,"Mount",-0.895,0.651,0.775,-0.899,0.533,-0.629,94,W,91,N,,,1443,21.79,0
55,494.825,"Mount",-0.222,-0.173,-0.138,-0.221,0.002,0.000,0,,0,,,,1552,22.87,0
56,503.938,"Mount",-0.203,-0.590,-0.555,-0.200,-0.403,0.000,71,E,0,,,,1622,23.60,0
57,512.969,"Mount",-0.209,-0.601,-0.564,-0.205,-0.262,0.000,46,E,0,,,,2961,32.90,0
58,522.033,"Mount",-0.746,-0.496,-0.382,-0.743,-0.052,-0.520,9,E,75,N,,,3859,37.94,0
59,530.952,"Mount",0.042,0.418,0.408,0.039,0.300,0.000,53,W,0,,,,3161,34.38,0
60,540.143,"Mount",-0.489,1.016,1.077,-0.494,0.546,-0.346,96,W,50,N,,,5028,44.06,0
61,548.919,"Mount",-0.240,0.724,0.751,-0.244,0.374,0.000,66,W,0,,,,5246,45.18,0
62,557.900,"Mount",-0.101,0.043,0.058,-0.102,-0.081,0.000,14,E,0,,,,2738,31.83,0
63,566.893,"Mount",-0.217,-0.146,-0.113,-0.216,-0.061,0.000,11,E,0,,,,2264,28.74,0
64,575.827,"Mount",-0.241,0.048,0.083,-0.241,0.027,0.000,5,W,0,,,,2413,29.94,0
65,584.898,"Mount",-0.274,-0.140,-0.099,-0.274,0.069,0.000,12,W,0,,,,4006,39.14,0
66,593.977,"Mount",-0.311,-0.090,-0.044,-0.310,-0.046,-0.217,8,E,31,N,,,3016,33.72,0
67,602.896,"Mount",-0.204,-0.478,-0.444,-0.201,-0.327,0.000,58,E,0,,,,4622,42.27,0
68,611.927,"Mount",-0.229,-0.636,-0.596,-0.225,-0.475,0.000,84,E,0,,,,4400,41.57,0
69,621.007,"Mount",-0.411,-0.146,-0.085,-0.410,0.019,-0.287,3,W,41,N,,,3642,37.08,0
70,630.005,"Mount",-0.350,-0.501,-0.445,-0.347,0.129,-0.243,23,W,35,N,,,5716,47.41,0
71,638.957,"Mount",-0.212,0.319,0.346,-0.214,0.504,0.000,89,W,0,,,,3522,36.76,0
72,648.277,"Mount",-1.063,2.161,2.293,-1.076,1.381,-0.753,244,W,109,N,,,5190,44.03,0
73,656.923,"Mount",0.134,0.548,0.523,0.131,0.307,0.000,54,W,0,,,,6034,48.77,0
74,665.922,"Mount",0.023,-0.088,-0.090,0.023,0.092,0.000,16,W,0,,,,5355,45.96,0
75,674.826,"Mount",-0.152,-0.406,-0.379,-0.150,-0.118,0.000,21,E,0,,,,5194,45.50,0
76,683.841,"Mount",-0.143,0.500,0.515,-0.146,0.356,0.000,63,W,0,,,,3307,34.84,0
77,692.951,"Mount",0.010,0.548,0.541,0.006,0.413,0.000,73,W,0,,,,3818,38.33,0
78,701.902,"Mount",-0.215,0.830,0.852,-0.220,0.568,0.000,100,W,0,,,,3403,35.19,0
79,711.029,"Mount",-0.503,0.385,0.454,-0.505,0.281,-0.354,50,W,51,N,,,3923,38.17,0
80,719.931,"Mount",-0.446,-0.012,0.053,-0.446,0.002,-0.312,0,,45,N,,,5216,44.82,0
81,728.914,"Mount",-0.320,0.018,0.065,-0.320,-0.028,-0.224,5,E,32,N,,,4871,43.82,0
82,737.802,"Mount",-0.042,0.343,0.345,-0.044,0.189,0.000,33,W,0,,,,4240,40.17,0
83,746.769,"Mount",0.034,-0.064,-0.069,0.034,-0.027,0.000,5,E,0,,,,4274,40.77,0
84,755.832,"Mount",-0.128,-0.584,-0.559,-0.125,-0.379,0.000,67,E,0,,,,5276,45.31,0
85,765.006,"Mount",-0.527,-0.634,-0.551,-0.523,-0.349,-0.366,62,E,53,N,,,6278,49.54,0
86,774.054,"Mount",-0.387,-0.527,-0.465,-0.384,-0.325,-0.268,57,E,39,N,,,5788,47.64,0
87,786.106,"Mount",-0.419,-0.609,-0.542,-0.415,-0.392,-0.291,69,E,42,N,,,4705,42.52,0
88,794.881,"Mount",-0.268,-0.985,-0.936,-0.262,-0.558,0.000,98,E,0,,,,5398,45.77,0
89,804.071,"Mount",-0.403,-1.032,-0.963,-0.397,-0.607,-0.278,107,E,40,N,,,6512,50.84,0
90,812.831,"Mount",-0.164,-0.509,-0.479,-0.161,-0.373,0.000,66,E,0,,,,4736,42.74,0
91,821.846,"Mount",0.014,-0.388,-0.386,0.016,-0.256,0.000,45,E,0,,,,5523,46.49,0
92,830.833,"Mount",-0.029,-0.355,-0.347,-0.027,-0.178,0.000,31,E,0,,,,4383,40.78,0
93,839.972,"Mount",-0.511,-0.136,-0.060,-0.510,0.031,-0.357,5,W,52,N,,,5215,45.40,0
94,848.827,"Mount",-0.070,-0.154,-0.142,-0.069,0.040,0.000,7,W,0,,,,4417,41.44,0
95,857.714,"Mount",0.003,0.060,0.059,0.003,-0.033,0.000,6,E,0,,,,3023,33.41,0
96,866.793,"Mount",-0.203,-0.038,-0.008,-0.203,-0.044,0.000,8,E,0,,,,4207,40.20,0
97,876.021,"Mount",-0.364,-0.402,-0.345,-0.362,-0.259,-0.253,46,E,37,N,,,6176,49.49,0
98,884.791,"Mount",-0.264,-0.196,-0.156,-0.262,-0.085,0.000,15,E,0,,,,8798,58.76,0
99,893.902,"Mount",-0.362,-0.007,0.046,-0.362,-0.032,-0.254,6,E,37,N,,,3620,36.96,0
100,902.757,"Mount",-0.198,-0.107,-0.077,-0.197,-0.015,0.000,3,E,0,,,,1311,20.38,0
101,912.075,"Mount",-0.388,-0.589,-0.526,-0.384,-0.411,-0.269,73,E,39,N,,,6006,48.56,0
102,921.059,"Mount",-0.439,-0.582,-0.512,-0.435,-0.436,-0.305,77,E,44,N,,,7028,52.47,0
103,929.897,"Mount",-0.497,-0.031,0.042,-0.497,-0.043,-0.348,8,E,50,N,,,5562,46.95,0
104,938.864,"Mount",-0.224,0.314,0.343,-0.226,0.268,0.000,47,W,0,,,,1479,21.94,0
105,947.752,"Mount",-0.037,-0.396,-0.386,-0.034,-0.036,0.000,6,E,0,,,,2143,28.42,0
106,956.766,"Mount",-0.021,-0.494,-0.486,-0.019,-0.122,0.000,22,E,0,,,,3779,37.95,0
107,965.877,"Mount",-0.347,-0.207,-0.154,-0.346,-0.027,-0.242,5,E,35,N,,,3909,38.60,0
108,974.844,"Mount",-0.176,-0.679,-0.646,-0.172,-0.526,0.000,93,E,0,,,,1281,21.11,0
109,983.827,"Mount",-0.063,-0.466,-0.452,-0.060,-0.319,0.000,56,E,0,,,,2057,27.03,0
110,992.826,"Mount",-0.257,-0.325,-0.284,-0.255,0.175,0.000,31,W,0,,,,1389,22.51,0
111,1002.002,"Mount",-0.438,-0.640,-0.569,-0.435,-0.118,-0.304,21,E,44,N,,,2023,27.36,0
112,1010.808,"Mount",-0.230,0.684,0.710,-0.234,0.465,0.000,82,W,0,,,,2881,31.95,0
113,1020.239,"Mount",-1.198,2.157,2.309,-1.210,1.349,-0.847,238,W,122,N,,,3603,35.98,0
114,1028.717,"Mount",-0.122,-0.172,-0.152,-0.121,-0.046,0.000,8,E,0,,,,3718,37.88,0
115,1037.838,"Mount",-0.148,-0.605,-0.577,-0.144,-0.538,0.000,95,E,0,,,,1347,21.61,0
116,1046.823,"Mount",-0.183,-0.500,-0.468,-0.180,-0.303,0.000,53,E,0,,,,1236,20.26,0
117,1058.776,"Mount",0.024,-0.437,-0.436,0.026,-0.229,0.000,41,E,0,,,,1287,20.16,0
118,1067.640,"DROP",,,,,,,,,,,,,5393,45.55,7,"Star lost - mass changed"
118,1067.762,"Mount",0.000,0.000,-0.264,0.000,-0.264,0.000,47,E,0,,,,1287,20.16,7
119,1076.690,"DROP",,,,,,,,,,,,,3779,37.22,7,"Star lost - mass changed"
119,1076.869,"Mount",0.000,0.000,-0.427,0.000,-0.427,0.000,75,E,0,,,,1287,20.16,7
120,1086.284,"Mount",-1.052,2.660,2.785,-1.067,1.755,-0.747,310,W,108,N,,,2889,32.30,0
121,1094.851,"Mount",0.082,0.490,0.472,0.079,0.615,0.000,108,W,0,,,,2119,27.33,0
122,1103.752,"Mount",-0.034,-0.455,-0.445,-0.031,0.155,0.000,27,W,0,,,,3086,33.88,0
123,1115.726,"Mount",-0.067,-0.182,-0.170,-0.066,0.153,0.000,27,W,0,,,,1704,24.17,0
124,1124.805,"Mount",-0.272,0.962,0.991,-0.278,0.583,0.000,103,W,0,,,,2036,26.47,0
125,1134.060,"Mount",-0.921,1.180,1.302,-0.927,0.919,-0.649,162,W,94,N,,,713,14.59,0
126,1142.756,"Mount",0.021,-0.281,-0.281,0.023,0.182,0.000,32,W,0,,,,1198,20.03,0
127,1151.802,"Mount",-0.198,-0.840,-0.802,-0.193,-0.391,0.000,69,E,0,,,,1459,22.69,0
128,1160.754,"Mount",0.064,-0.435,-0.439,0.066,-0.273,0.000,48,E,0,,,,2738,32.19,0
129,1169.673,"Mount",-0.117,0.022,0.039,-0.117,0.040,0.000,7,W,0,,,,1263,19.90,0
130,1178.708,"Mount",-0.232,-0.092,-0.057,-0.232,0.013,0.000,2,W,0,,,,1294,20.34,0
131,1187.689,"Mount",-0.103,-0.011,0.004,-0.103,0.009,0.000,2,W,0,,,,582,12.49,0
132,1196.675,"Mount",0.010,-0.150,-0.150,0.011,0.022,0.000,4,W,0,,,,898,16.73,0
133,1205.973,"Mount",-0.394,-0.788,-0.722,-0.389,-0.512,-0.272,90,E,39,N,,,920,17.46,0
134,1214.891,"Mount",-0.364,0.430,0.479,-0.367,0.197,-0.257,35,W,37,N,,,482,11.69,0
135,1223.876,"Mount",-0.453,0.028,0.094,-0.453,-0.011,-0.317,2,E,46,N,,,1523,22.54,0
136,1234.267,"Mount",-0.078,0.032,0.043,-0.078,-0.067,0.000,12,E,0,,,,1714,24.37,0
137,1241.612,"DROP",,,,,,,,,,,,,3193,34.97,7,"Star lost - mass changed"
137,1241.728,"Mount",0.000,0.000,-0.294,0.000,-0.294,0.000,52,E,0,,,,1714,24.37,7
138,1251.192,"Mount",0.116,4.750,4.683,0.088,2.835,0.000,501,W,0,,,,2581,30.37,0
139,1259.840,"Mount",0.325,1.486,1.423,0.316,0.793,0.000,140,W,0,,,,2595,31.11,0
140,1268.726,"Mount",0.086,0.175,0.160,0.085,-0.064,0.000,11,E,0,,,,2116,28.00,0
141,1277.764,"Mount",0.107,0.331,0.312,0.105,-0.076,0.000,13,E,0,,,,3116,34.77,0
142,1286.731,"Mount",-0.085,0.411,0.419,-0.087,0.181,0.000,32,W,0,,,,2270,29.09,0
143,1295.707,"Mount",-0.084,0.462,0.470,-0.087,0.257,0.000,45,W,0,,,,1646,24.01,0
144,1304.738,"Mount",0.169,-0.411,-0.431,0.171,-0.272,0.000,48,E,0,,,,2390,30.35,0
145,1313.801,"Mount",-0.213,-0.591,-0.553,-0.210,-0.411,0.000,73,E,0,,,,3215,35.54,0
146,1322.704,"Mount",-0.122,0.089,0.106,-0.123,-0.059,0.000,10,E,0,,,,3316,35.88,0
147,1331.799,"Mount",-0.331,0.256,0.302,-0.332,-0.069,-0.232,12,E,34,N,,,1744,24.75,0
148,1340.656,"Mount",-0.000,0.324,0.321,-0.002,-0.030,0.000,5,E,0,,,,2274,29.39,0
149,1349.733,"Mount",0.071,0.555,0.539,0.068,0.327,0.000,58,W,0,,,,1711,24.44,0
150,1358.700,"Mount",-0.179,-0.148,-0.121,-0.178,-0.055,0.000,10,E,0,,,,1851,25.84,0
151,1367.843,"Mount",-0.312,-0.346,-0.297,-0.310,-0.164,-0.217,29,E,31,N,,,1828,25.99,0
152,1376.714,"Mount",0.224,-0.007,-0.039,0.224,-0.111,0.000,20,E,0,,,,1381,21.95,0
153,1385.840,"Mount",-0.401,-0.398,-0.336,-0.398,-0.168,-0.279,30,E,40,N,,,1237,20.53,0
154,1394.679,"Mount",-0.117,-0.455,-0.433,-0.114,-0.173,0.000,31,E,0,,,,2825,32.66,0
155,1403.599,"Mount",-0.211,-0.327,-0.292,-0.209,0.047,0.000,8,W,0,,,,2668,32.01,0
156,1412.720,"Mount",-0.190,-0.540,-0.506,-0.187,-0.328,0.000,58,E,0,,,,3540,37.37,0
157,1421.709,"Mount",-0.130,-0.801,-0.773,-0.126,-0.530,0.000,94,E,0,,,,3031,34.49,0
158,1430.789,"Mount",-0.662,0.175,0.270,-0.663,-0.051,-0.464,9,E,67,N,,,3906,38.80,0
159,1439.691,"Mount",-0.294,0.446,0.484,-0.296,0.359,0.000,63,W,0,,,,4878,43.75,0
160,1448.647,"Mount",-0.187,0.165,0.190,-0.188,0.073,0.000,13,W,0,,,,3541,36.77,0
161,1457.705,"Mount",-0.112,-0.454,-0.433,-0.110,-0.245,0.000,43,E,0,,,,3116,34.65,0
162,1466.865,"Mount",-0.569,-0.682,-0.592,-0.565,-0.271,-0.396,48,E,57,N,,,2962,34.05,0
163,1475.832,"Mount",-0.327,-0.635,-0.581,-0.323,-0.256,-0.226,45,E,33,N,,,2451,30.68,0
164,1484.671,"Mount",-0.167,-0.311,-0.283,-0.165,-0.118,0.000,21,E,0,,,,3654,37.37,0
165,1493.575,"DROP",,,,,,,,,,,,,5325,45.13,8,"No star found"
165,1493.720,"Mount",0.000,0.000,-0.423,0.000,-0.423,0.000,75,E,0,,,,3654,37.37,8
166,1502.781,"Mount",-0.269,1.433,1.457,-0.277,0.928,0.000,164,W,0,,,,4797,42.97,0
167,1511.908,"Mount",-0.469,0.577,0.640,-0.472,0.466,-0.330,82,W,48,N,,,4247,40.65,0
168,1520.859,"Mount",-0.617,-0.518,-0.422,-0.614,-0.289,-0.430,51,E,62,N,,,4483,42.06,0
169,1529.698,"Mount",-0.118,-0.620,-0.596,-0.114,-0.444,0.000,78,E,0,,,,8650,59.65,0
170,1538.616,"Mount",0.198,0.074,0.044,0.198,-0.092,0.000,16,E,0,,,,4139,40.32,0
171,1547.600,"Mount",0.148,0.050,0.028,0.147,0.050,0.000,9,W,0,,,,4895,43.61,0
172,1556.637,"Mount",-0.101,0.166,0.178,-0.102,0.091,0.000,16,W,0,,,,5255,45.60,0
173,1565.553,"DROP",,,,,,,,,,,,,5010,44.64,8,"No star found"
173,1565.757,"Mount",0.000,0.000,0.713,0.000,0.713,0.000,126,W,0,,,,5255,45.60,8
174,1574.869,"Mount",0.725,-2.915,-2.990,0.742,-1.544,0.000,273,E,0,,,,5907,48.59,0
175,1583.786,"Mount",0.213,-1.925,-1.935,0.225,-1.023,0.000,181,E,0,,,,7375,54.28,0
176,1592.689,"Mount",-0.180,-0.639,-0.606,-0.177,-0.295,0.000,52,E,0,,,,6078,49.09,0
177,1601.512,"DROP",,,,,,,,,,,,,6586,50.87,8,"No star found"
177,1601.609,"Mount",0.000,0.000,0.110,0.000,0.110,0.000,19,W,0,,,,6078,49.09,8
178,1611.311,"Mount",-1.096,3.842,3.961,-1.118,2.511,-0.783,443,W,113,N,,,8096,56.36,0
179,1619.607,"Mount",-0.044,0.307,0.310,-0.046,0.086,0.000,15,W,0,,,,7565,55.64,0
180,1628.606,"Mount",-0.282,-0.399,-0.353,-0.280,-0.102,0.000,18,E,0,,,,5991,49.17,0
181,1637.606,"Mount",-0.218,-0.146,-0.113,-0.217,0.063,0.000,11,W,0,,,,8121,57.89,0
182,1646.559,"Mount",0.027,0.311,0.303,0.026,0.009,0.000,2,W,0,,,,8277,57.94,0
183,1655.504,"DROP",,,,,,,,,,,,,8626,59.17,8,"No star found"
183,1655.540,"Mount",0.000,0.000,-0.009,0.000,-0.009,0.000,2,E,0,,,,8277,57.94,8
184,1664.970,"Mount",-0.645,1.236,1.317,-0.652,0.796,-0.456,140,W,66,N,,,7552,55.31,0
185,1673.650,"Mount",0.215,0.663,0.625,0.211,0.393,0.000,69,W,0,,,,4513,42.11,0
186,1682.544,"Mount",-0.008,-0.044,-0.042,-0.008,0.016,0.000,3,W,0,,,,5041,44.60,0
187,1691.599,"Mount",-0.119,-0.363,-0.342,-0.117,-0.279,0.000,49,E,0,,,,5117,45.07,0
188,1700.615,"Mount",-0.200,-0.328,-0.295,-0.198,-0.057,0.000,10,E,0,,,,3781,38.35,0
189,1709.662,"Mount",-0.377,-0.248,-0.191,-0.375,0.044,-0.263,8,W,38,N,,,6137,49.16,0
190,1718.773,"Mount",-0.401,-0.680,-0.614,-0.397,-0.261,-0.278,46,E,40,N,,,6682,52.01,0
191,1727.564,"Mount",-0.206,-0.083,-0.052,-0.206,0.037,0.000,6,W,0,,,,4512,41.89,0
192,1736.579,"Mount",-0.104,-0.191,-0.173,-0.103,-0.033,0.000,6,E,0,,,,4097,40.20,0
193,1745.833,"Mount",-0.409,-0.838,-0.770,-0.404,-0.545,-0.283,96,E,41,N,,,5595,47.16,0
194,1754.640,"Mount",0.209,-0.551,-0.575,0.212,-0.391,0.000,69,E,0,,,,4925,43.85,0
195,1763.496,"Mount",-0.176,-0.306,-0.277,-0.175,-0.000,0.000,0,,0,,,,6689,51.27,0
196,1772.687,"Mount",-0.155,-0.565,-0.536,-0.152,-0.422,0.000,75,E,0,,,,6156,49.89,0
197,1781.573,"Mount",0.079,0.060,0.048,0.079,-0.089,0.000,16,E,0,,,,6394,50.23,0
198,1790.641,"Mount",-0.244,0.511,0.541,-0.247,0.354,0.000,62,W,0,,,,5515,46.69,0
199,1799.781,"Mount",-0.360,0.506,0.553,-0.363,0.413,-0.254,73,W,37,N,,,6255,50.77,0
200,1811.591,"Mount",-0.006,0.545,0.540,-0.009,0.355,0.000,63,W,0,,,,5861,48.13,0
201,1820.669,"Mount",-0.088,0.536,0.543,-0.091,0.316,0.000,56,W,0,,,,3671,37.78,0
202,1829.556,"Mount",-0.206,0.037,0.067,-0.206,-0.064,0.000,11,E,0,,,,3957,39.43,0
203,1838.876,"Mount",-0.447,-0.958,-0.882,-0.442,-0.635,-0.309,112,E,45,N,,,6882,52.82,0
204,1847.453,"DROP",,,,,,,,,,,,,4416,40.25,8,"No star found"
204,1847.554,"Mount",0.000,0.000,-0.207,0.000,-0.207,0.000,37,E,0,,,,6882,52.82,8
Guiding Ends at 2026-08-02 02:04:51

Guiding Begins at 2026-08-02 02:05:18
Equipment Profile = QHY5 EQASCOM OAG
Dither = both axes, Dither scale = 1.000, Image noise reduction = 2x2 mean, Guide-frame time lapse = 0, Server enabled
Pixel scale = 1.05 arc-sec/px, Binning = 1, Focal length = 1018 mm
Search region = 24 px, Star mass tolerance = 90.0%, Multi-star mode, list size = 7
 Camera = QHY5II-M-10d7d910f33c7354, gain = 90, full size = 1280 x 1024, have dark, dark dur = 3000, no defect map, pixel size = 5.2 um
Exposure = 3000 ms
Mount = EQMOD HEQ5/6 (ASCOM), connected, guiding enabled, xAngle = 98.4, xRate = 5.664, yAngle = 17.1, yRate = 6.929, parity = +/+
Norm rates RA = 7.0"/s @ dec 0, Dec = 7.3"/s; ortho.err. = 8.7 deg
X guide algorithm = Predictive PEC, Control gain = 0.630
Prediction gain = 0.430
Minimum move = 0.330
Hyperparameters
	Length scale long range SE kernel = 700.000
	Signal variance long range SE kernel = 20.000
	Length scale periodic kernel = 10.000
	Signal variance periodic kernel = 20.000
	Length scale short range SE kernel = 25.000
	Signal variance short range SE kernel = 10.000
	Period length periodic kernel = 483.039
	FFT called after = 2.000 worm cycles
	Auto-adjust period length = On
Y guide algorithm = Resist Switch, Minimum move = 0.300 Aggression = 70% FastSwitch = disabled
Backlash comp = disabled, pulse = 495 ms
Max RA duration = 2500, Max DEC duration = 2500, DEC guide mode = Auto
RA Guide Speed = 7.5 a-s/s, Dec Guide Speed = 7.5 a-s/s, Cal Dec = 0.0, Last Cal Issue = None, Timestamp = 7/7/2026 10:36:27 PM
RA = 20.91 hr, Dec = 31.1 deg, Hour angle = 0.74 hr, Pier side = East, Rotator pos = N/A, Alt = 66.7 deg, Az = 204.6 deg
Lock position = 1105.850, 440.231, Star position = 1105.850, 440.231, HFD = 4.16 px
Frame,Time,mount,dx,dy,RARawDistance,DECRawDistance,RAGuideDistance,DECGuideDistance,RADuration,RADirection,DECDuration,DECDirection,XStep,YStep,StarMass,SNR,ErrorCode
INFO: SETTLING STATE CHANGE, Settling started
1,8.997,"Mount",-0.178,-0.554,-0.522,-0.174,-0.329,0.000,58,E,0,,,,5703,46.90,0
INFO: SETTLING STATE CHANGE, Settling complete
2,18.044,"Mount",-0.167,-0.601,-0.570,-0.164,-0.359,0.000,63,E,0,,,,2579,31.13,0
3,27.027,"Mount",-0.152,-0.464,-0.437,-0.150,-0.275,0.000,49,E,0,,,,3475,35.87,0
4,36.029,"Mount",-0.629,0.290,0.379,-0.631,0.272,0.000,48,W,0,,,,3462,35.56,0
5,44.932,"Mount",-0.879,-0.132,-0.002,-0.878,0.033,0.000,6,W,0,,,,5354,44.95,0
6,54.215,"Mount",-0.903,-0.691,-0.552,-0.899,-0.385,-0.629,68,E,91,N,,,5816,47.30,0
7,63.118,"Mount",-0.548,-0.333,-0.249,-0.547,-0.051,-0.383,9,E,55,N,,,4052,38.77,0
8,72.069,"Mount",-0.295,-0.931,-0.878,-0.289,-0.588,0.000,104,E,0,,,,7839,56.46,0
9,81.004,"Mount",0.009,0.378,0.372,0.007,0.195,0.000,34,W,0,,,,2565,29.63,0
10,90.068,"Mount",0.071,1.281,1.257,0.064,0.859,0.000,152,W,0,,,,1271,20.31,0
11,99.145,"Mount",-0.150,1.141,1.151,-0.157,0.961,0.000,170,W,0,,,,1267,20.40,0
12,107.968,"Mount",-0.008,-0.566,-0.559,-0.005,-0.158,0.000,28,E,0,,,,1390,20.86,0
13,117.015,"Mount",0.232,-0.669,-0.695,0.236,-0.458,0.000,81,E,0,,,,1521,22.32,0
14,125.967,"Mount",-0.055,-0.503,-0.489,-0.053,-0.276,0.000,49,E,0,,,,3046,33.41,0
15,134.998,"Mount",0.253,0.241,0.202,0.252,-0.074,0.000,13,E,0,,,,353,9.87,0
16,143.997,"Mount",-0.283,0.480,0.516,-0.286,0.234,0.000,41,W,0,,,,980,17.57,0
17,152.965,"Mount",-0.283,-0.118,-0.075,-0.282,-0.043,0.000,8,E,0,,,,2277,28.22,0
18,161.980,"Mount",-0.126,0.635,0.647,-0.130,0.323,0.000,57,W,0,,,,238,7.77,0
19,171.010,"Mount",-0.110,0.181,0.195,-0.111,-0.143,0.000,25,E,0,,,,489,11.80,0
20,179.851,"DROP",,,,,,,,,,,,,1700,23.82,7,"Star lost - mass changed"
20,179.977,"Mount",0.000,0.000,-0.262,0.000,-0.262,0.000,46,E,0,,,,489,11.80,7
21,189.137,"Mount",-0.402,0.073,0.130,-0.402,-0.064,-0.281,11,E,41,N,,,1209,19.17,0
22,198.344,"Mount",-0.814,1.449,1.552,-0.822,0.975,-0.575,172,W,83,N,,,510,12.19,0
23,207.182,"Mount",-0.350,1.284,1.321,-0.358,0.890,-0.250,157,W,36,N,,,430,11.44,0
24,215.940,"Mount",-0.001,0.072,0.071,-0.001,0.096,0.000,17,W,0,,,,714,14.77,0
25,224.893,"DROP",,,,,,,,,,,,,2896,32.57,7,"Star lost - mass changed"
25,225.019,"Mount",0.000,0.000,0.360,0.000,0.360,0.000,63,W,0,,,,714,14.77,7
26,233.986,"Mount",0.128,-0.642,-0.653,0.132,-0.249,0.000,44,E,0,,,,1299,20.56,0
27,242.952,"Mount",-0.024,-0.180,-0.174,-0.023,0.138,0.000,24,W,0,,,,1495,22.25,0
28,252.016,"Mount",-0.251,0.313,0.346,-0.253,0.398,0.000,70,W,0,,,,707,14.51,0
29,260.991,"Mount",-0.223,0.008,0.040,-0.223,0.142,0.000,25,W,0,,,,1621,22.95,0
30,270.046,"Mount",-0.334,-0.106,-0.056,-0.334,0.047,-0.234,8,W,34,N,,,1651,23.33,0
31,278.901,"Mount",-0.110,0.132,0.146,-0.111,0.048,0.000,8,W,0,,,,1827,25.06,0
32,287.839,"DROP",,,,,,,,,,,,,4681,41.46,7,"Star lost - mass changed"
32,287.915,"Mount",0.000,0.000,0.172,0.000,0.172,0.000,30,W,0,,,,1827,25.06,7
33,297.028,"Mount",-0.323,0.155,0.200,-0.324,0.045,-0.227,8,W,33,N,,,1623,23.29,0
34,305.914,"Mount",-0.207,0.165,0.194,-0.208,0.031,0.000,6,W,0,,,,746,15.00,0
35,315.088,"Mount",-0.639,0.138,0.230,-0.640,0.045,-0.448,8,W,65,N,,,1814,24.76,0
36,323.849,"Mount",-0.228,0.039,0.072,-0.228,-0.000,0.000,0,,0,,,,283,8.80,0
37,332.895,"Mount",0.028,-0.044,-0.047,0.028,0.018,0.000,3,W,0,,,,586,12.71,0
38,341.910,"Mount",-0.162,-0.348,-0.321,-0.160,0.028,0.000,5,W,0,,,,564,12.36,0
39,350.877,"DROP",,,,,,,,,,,,,2725,32.25,7,"Star lost - mass changed"
39,350.908,"Mount",0.000,0.000,-0.043,0.000,-0.043,0.000,8,E,0,,,,564,12.36,7
40,359.837,"DROP",,,,,,,,,,,,,3942,39.49,7,"Star lost - mass changed"
40,359.923,"Mount",0.000,0.000,-0.184,0.000,-0.184,0.000,33,E,0,,,,564,12.36,7
41,369.258,"Mount",-0.677,-1.477,-1.362,-0.669,-0.884,-0.468,156,E,68,N,,,4842,42.88,0
42,377.953,"Mount",0.007,-0.749,-0.742,0.012,-0.518,0.000,91,E,0,,,,1185,18.80,0
43,386.983,"Mount",-0.313,-0.280,-0.231,-0.312,-0.015,-0.218,3,E,31,N,,,863,16.26,0
44,396.014,"Mount",-0.044,-1.004,-0.987,-0.038,-0.642,0.000,113,E,0,,,,1287,20.24,0
45,405.061,"Mount",-0.616,-0.419,-0.325,-0.614,-0.042,-0.430,7,E,62,N,,,850,15.79,0
46,413.980,"Mount",-0.289,-0.615,-0.566,-0.286,-0.419,0.000,74,E,0,,,,2378,28.73,0
47,422.884,"Mount",-0.023,-0.170,-0.165,-0.022,0.006,0.000,1,W,0,,,,457,11.20,0
48,431.946,"Mount",0.053,0.432,0.420,0.051,0.287,0.000,51,W,0,,,,170,6.78,0
49,440.822,"DROP",,,,,,,,,,,,,0,0.00,4,"Star lost - low HFD"
49,440.929,"Mount",0.000,0.000,-0.084,0.000,-0.084,0.000,15,E,0,,,,170,6.78,4
50,450.088,"Mount",-0.450,-0.144,-0.076,-0.449,-0.080,-0.315,14,E,45,N,,,990,17.28,0
51,458.880,"Mount",-0.150,0.023,0.045,-0.150,-0.054,0.000,9,E,0,,,,596,12.78,0
52,467.766,"DROP",,,,,,,,,,,,,0,0.00,4,"Star lost - low HFD"
52,467.846,"Mount",0.000,0.000,-0.104,0.000,-0.104,0.000,18,E,0,,,,596,12.78,4
53,476.801,"DROP",,,,,,,,,,,,,2940,32.25,7,"Star lost - mass changed"
53,476.829,"Mount",0.000,0.000,-0.024,0.000,-0.024,0.000,4,E,0,,,,596,12.78,7
54,485.924,"Mount",-0.229,-0.461,-0.423,-0.226,-0.305,0.000,54,E,0,,,,1026,17.33,0
55,495.099,"Mount",-0.490,0.009,0.081,-0.490,-0.066,-0.343,12,E,50,N,,,1511,22.42,0
56,504.033,"Mount",-0.481,0.067,0.137,-0.482,-0.044,-0.337,8,E,49,N,,,2629,29.77,0
57,512.781,"DROP",,,,,,,,,,,,,4895,43.10,7,"Star lost - mass changed"
57,512.857,"Mount",0.000,0.000,-0.227,0.000,-0.227,0.000,40,E,0,,,,2629,29.77,7
58,521.903,"Mount",-0.056,0.463,0.466,-0.058,0.145,0.000,26,W,0,,,,818,15.96,0
59,531.046,"Mount",-0.348,0.016,0.066,-0.348,-0.080,-0.244,14,E,35,N,,,2324,28.87,0
60,539.798,"Mount",-0.173,0.192,0.216,-0.174,-0.001,0.000,0,,0,,,,2479,29.16,0
61,549.032,"Mount",-0.367,-0.118,-0.063,-0.366,-0.054,-0.256,10,E,37,N,,,2447,29.27,0
62,558.059,"Mount",-0.333,0.560,0.602,-0.336,0.289,-0.235,51,W,34,N,,,966,17.54,0
63,566.962,"Mount",0.003,1.003,0.992,-0.003,0.583,0.000,103,W,0,,,,766,14.57,0
64,576.137,"Mount",-0.357,1.025,1.067,-0.363,0.706,-0.254,125,W,37,N,,,2828,31.52,0
65,584.848,"Mount",0.399,-0.461,-0.514,0.401,-0.247,0.000,44,E,0,,,,2836,32.12,0
66,593.894,"Mount",0.356,0.063,0.010,0.356,-0.070,0.000,12,E,0,,,,493,11.85,0
67,602.973,"Mount",0.423,-0.574,-0.629,0.426,-0.519,0.000,92,E,0,,,,1002,17.78,0
68,611.908,"Mount",-0.054,-0.597,-0.583,-0.051,-0.333,0.000,59,E,0,,,,1917,25.49,0
69,620.872,"Mount",-0.051,0.283,0.288,-0.053,0.173,0.000,31,W,0,,,,1430,21.44,0
INFO: SET LOCK POSITION, new lock pos = 1105.850, 440.231
INFO: DITHER by -0.599, 1.584, new lock pos = 1107.504, 439.869
INFO: SETTLING STATE CHANGE, Settling started
70,630.290,"Mount",-1.654,0.362,0.599,-1.584,0.599,-1.584,106,W,229,N,,,4862,42.39,0
INFO: SETTLING STATE CHANGE, Settling complete
71,638.840,"Mount",-0.935,-0.031,0.106,-0.935,0.067,0.000,12,W,0,,,,2853,32.06,0
72,647.887,"Mount",-0.426,-0.611,-0.543,-0.422,-0.342,0.000,60,E,0,,,,279,8.66,0
73,656.759,"Mount",-0.016,-0.278,-0.273,-0.014,0.045,0.000,8,W,0,,,,270,8.56,0
74,665.983,"Mount",-0.267,-0.680,-0.634,-0.263,-0.472,0.000,83,E,0,,,,962,17.17,0
75,674.916,"Mount",-0.031,0.467,0.467,-0.034,0.147,0.000,26,W,0,,,,683,14.13,0
76,683.735,"DROP",,,,,,,,,,,,,4853,42.59,7,"Star lost - mass changed"
76,683.803,"Mount",0.000,0.000,-0.180,0.000,-0.180,0.000,32,E,0,,,,683,14.13,7
77,693.538,"Mount",-2.177,3.053,3.338,-2.195,2.051,-1.536,362,W,222,N,,,2411,28.50,0
78,701.791,"Mount",0.054,0.238,0.227,0.053,0.012,0.000,2,W,0,,,,391,10.64,0
79,710.726,"DROP",,,,,,,,,,,,,3302,35.01,7,"Star lost - mass changed"
79,710.839,"Mount",0.000,0.000,0.165,0.000,0.165,0.000,29,W,0,,,,391,10.64,7
80,719.871,"Mount",0.144,0.439,0.413,0.142,0.300,0.000,53,W,0,,,,475,11.31,0
81,728.862,"Mount",0.006,0.586,0.579,0.003,0.441,0.000,78,W,0,,,,1136,19.35,0
82,737.814,"Mount",0.074,-0.195,-0.204,0.075,0.088,0.000,15,W,0,,,,2455,29.47,0
83,746.812,"Mount",-0.302,-0.525,-0.476,-0.299,-0.201,0.000,36,E,0,,,,1232,19.16,0
84,755.842,"Mount",0.279,-0.633,-0.667,0.282,-0.296,0.000,52,E,0,,,,2537,30.20,0
85,764.809,"Mount",0.221,-0.230,-0.260,0.223,0.175,0.000,31,W,0,,,,2074,27.13,0
86,774.048,"Mount",-0.627,-0.504,-0.407,-0.624,-0.230,-0.437,41,E,63,N,,,646,13.65,0
87,782.839,"Mount",0.085,-0.559,-0.565,0.088,-0.313,0.000,55,E,0,,,,749,15.09,0
88,791.799,"Mount",0.259,0.026,-0.013,0.259,0.058,0.000,10,W,0,,,,1909,25.48,0
89,800.837,"Mount",-0.101,-0.405,-0.386,-0.098,-0.206,0.000,36,E,0,,,,2981,32.67,0
90,809.851,"Mount",-0.151,-0.372,-0.346,-0.149,-0.194,0.000,34,E,0,,,,967,17.08,0
91,818.883,"Mount",-0.339,-0.085,-0.035,-0.338,-0.004,-0.237,1,E,34,N,,,382,10.53,0
92,827.897,"Mount",0.205,-0.571,-0.595,0.209,-0.362,0.000,64,E,0,,,,693,14.66,0
93,836.759,"Mount",0.034,-0.300,-0.301,0.036,-0.020,0.000,4,E,0,,,,529,12.78,0
94,845.799,"Mount",-0.106,-0.323,-0.304,-0.104,-0.104,0.000,18,E,0,,,,1680,23.59,0
95,854.919,"Mount",0.082,-0.670,-0.675,0.086,-0.490,0.000,86,E,0,,,,1564,22.63,0
96,863.840,"Mount",-0.105,0.077,0.091,-0.105,-0.077,0.000,14,E,0,,,,444,11.18,0
97,873.003,"Mount",-0.303,0.997,1.031,-0.309,0.620,-0.216,110,W,31,N,,,753,14.71,0
98,881.825,"Mount",0.134,0.442,0.418,0.132,0.236,0.000,42,W,0,,,,1030,17.82,0
99,890.730,"Mount",-0.001,-0.314,-0.311,0.001,-0.044,0.000,8,E,0,,,,1068,18.30,0
100,899.726,"DROP",,,,,,,,,,,,,0,0.00,4,"Star lost - low HFD"
100,899.807,"Mount",0.000,0.000,-0.199,0.000,-0.199,0.000,35,E,0,,,,1068,18.30,4
101,908.872,"Mount",-0.382,-0.354,-0.295,-0.380,-0.003,-0.266,0,,38,N,,,652,13.97,0
102,917.773,"Mount",-0.296,-0.022,0.022,-0.296,0.051,0.000,9,W,0,,,,477,11.57,0
103,927.027,"Mount",-0.742,-0.658,-0.543,-0.738,-0.324,-0.517,57,E,75,N,,,1172,19.12,0
104,935.994,"Mount",-0.507,-0.653,-0.572,-0.503,-0.426,-0.352,75,E,51,N,,,1603,22.64,0
105,944.802,"Mount",-0.155,-0.492,-0.464,-0.152,-0.342,0.000,60,E,0,,,,1587,22.79,0
106,953.898,"Mount",-0.247,-0.740,-0.696,-0.242,-0.477,0.000,84,E,0,,,,930,16.96,0
107,962.708,"Mount",-0.254,0.076,0.112,-0.255,-0.028,0.000,5,E,0,,,,503,12.08,0
108,971.830,"Mount",0.015,-0.507,-0.504,0.018,-0.366,0.000,65,E,0,,,,292,8.95,0
109,980.957,"Mount",-0.438,-0.634,-0.563,-0.434,-0.419,-0.304,74,E,44,N,,,1025,18.01,0
110,989.973,"Mount",-0.359,-0.260,-0.205,-0.358,-0.073,-0.250,13,E,36,N,,,408,10.97,0
111,998.681,"DROP",,,,,,,,,,,,,0,0.00,4,"Star lost - low HFD"
111,998.763,"Mount",0.000,0.000,-0.162,0.000,-0.162,0.000,29,E,0,,,,408,10.97,4
112,1007.877,"Mount",-0.187,0.227,0.252,-0.189,-0.103,0.000,18,E,0,,,,431,11.20,0
113,1016.857,"Mount",0.139,1.093,1.061,0.133,0.647,0.000,114,W,0,,,,1419,21.81,0
114,1025.761,"Mount",-0.026,0.053,0.056,-0.027,-0.047,0.000,8,E,0,,,,749,15.01,0
115,1034.936,"Mount",-0.312,-0.568,-0.517,-0.309,-0.366,-0.216,65,E,31,N,,,3529,36.43,0
116,1043.681,"DROP",,,,,,,,,,,,,936,16.56,8,"No star found"
116,1043.726,"Mount",0.000,0.000,-0.053,0.000,-0.053,0.000,9,E,0,,,,3529,36.43,8
117,1053.445,"Mount",-1.703,3.088,3.304,-1.721,2.122,-1.204,375,W,174,N,,,833,15.46,0
118,1061.734,"Mount",-0.275,0.062,0.102,-0.276,0.040,0.000,7,W,0,,,,784,15.38,0
119,1070.761,"Mount",-0.162,-0.462,-0.433,-0.159,-0.279,0.000,49,E,0,,,,559,13.07,0
120,1079.826,"Mount",0.074,-0.436,-0.442,0.076,-0.294,0.000,52,E,0,,,,1496,22.11,0
121,1088.768,"Mount",0.145,-0.538,-0.553,0.148,-0.350,0.000,62,E,0,,,,3942,38.21,0
122,1097.767,"Mount",0.211,-0.544,-0.569,0.214,-0.287,0.000,51,E,0,,,,1744,24.15,0
123,1106.830,"Mount",0.097,0.629,0.608,0.093,0.465,0.000,82,W,0,,,,1019,18.56,0
124,1115.733,"Mount",0.062,-0.387,-0.392,0.064,-0.132,0.000,23,E,0,,,,556,13.15,0
125,1124.612,"DROP",,,,,,,,,,,,,1460,21.79,8,"No star found"
125,1124.732,"Mount",0.000,0.000,-0.232,0.000,-0.232,0.000,41,E,0,,,,556,13.15,8
126,1134.035,"Mount",-0.546,-0.913,-0.823,-0.540,-0.555,-0.378,98,E,55,N,,,1101,19.38,0
127,1142.873,"Mount",0.005,-0.915,-0.905,0.010,-0.611,0.000,108,E,0,,,,1043,18.15,0
128,1151.760,"Mount",0.044,0.342,0.332,0.042,0.107,0.000,19,W,0,,,,744,15.30,0
129,1161.080,"Mount",-0.442,1.484,1.532,-0.450,0.999,-0.315,176,W,45,N,,,647,13.72,0
130,1169.650,"DROP",,,,,,,,,,,,,2299,28.48,7,"Star lost - mass changed"
130,1169.726,"Mount",0.000,0.000,0.110,0.000,0.110,0.000,19,W,0,,,,647,13.72,7
131,1178.666,"Mount",0.007,0.182,0.179,0.006,0.018,0.000,3,W,0,,,,1135,19.62,0
132,1187.739,"Mount",-0.105,0.481,0.491,-0.108,0.342,0.000,60,W,0,,,,508,11.99,0
133,1196.618,"DROP",,,,,,,,,,,,,0,0.00,4,"Star lost - low HFD"
133,1196.691,"Mount",0.000,0.000,0.067,0.000,0.067,0.000,12,W,0,,,,508,11.99,4
134,1205.601,"DROP",,,,,,,,,,,,,0,0.00,4,"Star lost - low HFD"
134,1205.829,"Mount",0.000,0.000,0.853,0.000,0.853,0.000,151,W,0,,,,508,11.99,4
135,1214.704,"Mount",-0.118,-0.266,-0.246,-0.117,0.156,0.000,28,W,0,,,,371,10.35,0
136,1223.730,"Mount",-0.140,0.152,0.171,-0.141,0.058,0.000,10,W,0,,,,384,10.51,0
137,1232.642,"Mount",-0.039,-0.032,-0.026,-0.039,-0.016,0.000,3,E,0,,,,967,17.34,0
138,1241.764,"Mount",0.232,0.451,0.413,0.230,0.332,0.000,59,W,0,,,,1135,19.34,0
139,1250.733,"Mount",1.293,0.337,0.145,1.291,0.082,0.000,14,W,0,,,,1244,20.79,0
140,1259.715,"Mount",0.454,0.623,0.550,0.450,0.369,0.000,65,W,0,,,,444,11.36,0
141,1268.600,"DROP",,,,,,,,,,,,,0,0.00,4,"Star lost - low HFD"
141,1268.633,"Mount",0.000,0.000,-0.006,0.000,-0.006,0.000,1,E,0,,,,444,11.36,4
142,1277.591,"DROP",,,,,,,,,,,,,0,0.00,4,"Star lost - low HFD"
142,1277.616,"Mount",0.000,0.000,-0.011,0.000,-0.011,0.000,2,E,0,,,,444,11.36,4
143,1286.636,"Mount",0.375,0.105,0.049,0.374,-0.013,0.000,2,E,0,,,,442,11.51,0
144,1295.594,"DROP",,,,,,,,,,,,,0,0.00,4,"Star lost - low HFD"
144,1295.710,"Mount",0.000,0.000,-0.077,0.000,-0.077,0.000,14,E,0,,,,442,11.51,4
145,1305.076,"Mount",0.413,-1.851,-1.891,0.424,-1.237,0.297,218,E,43,S,,,849,16.18,0
146,1316.601,"DROP",,,,,,,,,,,,,0,0.00,4,"Star lost - low HFD"
146,1316.727,"Mount",0.000,0.000,-0.354,0.000,-0.354,0.000,62,E,0,,,,849,16.18,4
147,1325.711,"Mount",0.093,-0.608,-0.615,0.096,-0.453,0.000,80,E,0,,,,471,11.59,0
148,1334.575,"DROP",,,,,,,,,,,,,446,11.03,8,"No star found"
148,1334.667,"Mount",0.000,0.000,-0.196,0.000,-0.196,0.000,35,E,0,,,,471,11.59,8
149,1343.708,"Mount",-0.165,-0.599,-0.569,-0.162,-0.398,0.000,70,E,0,,,,265,8.41,0
150,1352.691,"Mount",0.144,-0.393,-0.410,0.146,-0.264,0.000,47,E,0,,,,591,13.57,0
151,1361.610,"Mount",-0.119,0.147,0.162,-0.120,-0.008,0.000,1,E,0,,,,653,14.19,0
152,1370.657,"Mount",-0.119,0.096,0.112,-0.120,-0.058,0.000,10,E,0,,,,311,9.43,0
153,1379.687,"Mount",0.219,0.537,0.500,0.215,0.284,0.000,50,W,0,,,,1012,18.30,0
154,1388.702,"Mount",-0.312,0.459,0.499,-0.315,0.344,0.000,61,W,0,,,,283,9.08,0
155,1397.597,"Mount",-0.312,0.124,0.168,-0.313,0.039,0.000,7,W,0,,,,310,9.10,0
156,1406.685,"Mount",-0.202,-0.446,-0.411,-0.199,-0.278,0.000,49,E,0,,,,423,11.09,0
157,1415.674,"Mount",0.054,-0.185,-0.191,0.055,-0.110,0.000,19,E,0,,,,863,16.45,0
158,1424.552,"DROP",,,,,,,,,,,,,2004,26.56,7,"Star lost - mass changed"
158,1424.685,"Mount",0.000,0.000,-0.230,0.000,-0.230,0.000,41,E,0,,,,863,16.45,7
159,1433.745,"Mount",-0.419,0.184,0.243,-0.420,-0.023,-0.294,4,E,42,N,,,836,16.53,0
160,1442.647,"Mount",0.101,0.108,0.092,0.100,-0.060,0.000,11,E,0,,,,1872,25.77,0
161,1451.646,"Mount",0.016,0.085,0.082,0.016,-0.108,0.000,19,E,0,,,,1662,24.40,0
162,1460.869,"Mount",-0.511,-0.066,0.010,-0.510,-0.104,-0.357,18,E,52,N,,,624,13.69,0
163,1469.835,"Mount",-0.363,-0.094,-0.040,-0.362,-0.066,-0.254,12,E,37,N,,,435,11.41,0
164,1478.595,"Mount",-0.214,0.149,0.179,-0.215,-0.011,0.000,2,E,0,,,,219,7.56,0
165,1487.557,"DROP",,,,,,,,,,,,,0,0.00,4,"Star lost - low HFD"
165,1487.594,"Mount",0.000,0.000,-0.040,0.000,-0.040,0.000,7,E,0,,,,219,7.56,4
166,1496.556,"DROP",,,,,,,,,,,,,0,0.00,4,"Star lost - low HFD"
166,1496.593,"Mount",0.000,0.000,-0.024,0.000,-0.024,0.000,4,E,0,,,,219,7.56,4
167,1505.735,"Mount",-0.368,0.050,0.103,-0.368,-0.019,-0.258,3,E,37,N,,,248,8.07,0
168,1514.926,"Mount",-0.486,-1.323,-1.238,-0.478,-0.841,-0.335,148,E,48,N,,,323,9.35,0
169,1523.597,"Mount",-0.004,0.328,0.325,-0.006,0.020,0.000,4,W,0,,,,269,8.38,0
170,1532.748,"Mount",-0.267,1.107,1.135,-0.273,0.782,0.000,138,W,0,,,,537,12.59,0
171,1541.625,"Mount",-0.049,-0.037,-0.030,-0.049,0.075,0.000,13,W,0,,,,351,10.14,0
172,1550.682,"Mount",-0.069,-0.235,-0.223,-0.067,0.108,0.000,19,W,0,,,,344,9.92,0
173,1559.921,"Mount",-0.309,-1.086,-1.029,-0.303,-0.623,-0.212,110,E,31,N,,,550,12.56,0
174,1568.616,"Mount",-0.064,-0.178,-0.167,-0.063,-0.101,0.000,18,E,0,,,,374,10.53,0
175,1577.545,"DROP",,,,,,,,,,,,,1094,18.90,7,"Star lost - mass changed"
175,1577.631,"Mount",0.000,0.000,-0.149,0.000,-0.149,0.000,26,E,0,,,,374,10.53,7
176,1586.590,"Mount",-0.274,0.011,0.051,-0.274,0.019,0.000,3,W,0,,,,515,12.39,0
177,1595.660,"Mount",-0.230,-0.422,-0.384,-0.227,-0.323,0.000,57,E,0,,,,206,7.18,0
178,1604.528,"DROP",,,,,,,,,,,,,0,0.00,4,"Star lost - low HFD"
178,1604.564,"Mount",0.000,0.000,-0.040,0.000,-0.040,0.000,7,E,0,,,,206,7.18,4
179,1613.532,"DROP",,,,,,,,,,,,,0,0.00,4,"Star lost - low HFD"
179,1613.563,"Mount",0.000,0.000,0.023,0.000,0.023,0.000,4,W,0,,,,206,7.18,4
180,1622.833,"Mount",-0.386,-0.635,-0.572,-0.383,-0.429,-0.268,76,E,39,N,,,425,10.77,0
181,1631.880,"Mount",-0.505,0.634,0.701,-0.508,0.466,-0.356,82,W,51,N,,,944,17.29,0
182,1640.535,"DROP",,,,,,,,,,,,,0,0.00,4,"Star lost - low HFD"
182,1640.591,"Mount",0.000,0.000,-0.042,0.000,-0.042,0.000,7,E,0,,,,944,17.29,4
183,1649.485,"DROP",,,,,,,,,,,,,0,0.00,4,"Star lost - low HFD"
183,1649.669,"Mount",0.000,0.000,0.657,0.000,0.657,0.000,116,W,0,,,,944,17.29,4
184,1658.909,"Mount",-0.419,0.642,0.696,-0.423,0.855,-0.296,151,W,43,N,,,368,10.02,0
185,1667.619,"Mount",-0.112,0.113,0.129,-0.113,0.113,0.000,20,W,0,,,,348,9.80,0
186,1676.554,"Mount",-0.168,-0.049,-0.024,-0.168,-0.038,0.000,7,E,0,,,,255,8.08,0
187,1685.553,"Mount",-0.230,-0.109,-0.074,-0.229,0.013,0.000,2,W,0,,,,543,12.66,0
188,1694.664,"Mount",-0.033,0.181,0.184,-0.034,0.133,0.000,24,W,0,,,,567,13.15,0
189,1703.499,"DROP",,,,,,,,,,,,,0,0.00,4,"Star lost - low HFD"
189,1703.583,"Mount",0.000,0.000,0.161,0.000,0.161,0.000,28,W,0,,,,567,13.15,4
190,1712.504,"DROP",,,,,,,,,,,,,0,0.00,4,"Star lost - low HFD"
190,1712.598,"Mount",0.000,0.000,0.207,0.000,0.207,0.000,36,W,0,,,,567,13.15,4
191,1721.581,"Mount",0.209,-0.200,-0.228,0.210,0.013,0.000,2,W,0,,,,304,9.27,0
192,1730.676,"Mount",-0.288,-0.987,-0.935,-0.283,-0.597,0.000,105,E,0,,,,368,10.03,0
193,1739.579,"Mount",-0.022,-0.341,-0.334,-0.020,-0.190,0.000,34,E,0,,,,537,12.52,0
194,1748.546,"Mount",-0.134,-0.054,-0.034,-0.133,-0.020,0.000,4,E,0,,,,209,7.51,0
195,1757.484,"DROP",,,,,,,,,,,,,0,0.00,4,"Star lost - low HFD"
195,1757.561,"Mount",0.000,0.000,-0.159,0.000,-0.159,0.000,28,E,0,,,,209,7.51,4
196,1766.639,"Mount",0.020,0.660,0.650,0.016,0.351,0.000,62,W,0,,,,363,10.00,0
197,1775.548,"Mount",-0.045,-0.057,-0.050,-0.044,-0.046,0.000,8,E,0,,,,279,8.68,0
198,1784.686,"Mount",-0.124,-0.825,-0.798,-0.120,-0.597,0.000,105,E,0,,,,875,16.56,0
199,1796.596,"Mount",-0.189,-0.010,0.018,-0.189,-0.096,0.000,17,E,0,,,,581,13.14,0
200,1805.767,"Mount",-0.457,-0.029,0.038,-0.457,-0.077,-0.320,14,E,46,N,,,230,7.64,0
201,1814.510,"DROP",,,,,,,,,,,,,0,0.00,4,"Star lost - low HFD"
201,1814.591,"Mount",0.000,0.000,-0.114,0.000,-0.114,0.000,20,E,0,,,,230,7.64,4
202,1823.476,"DROP",,,,,,,,,,,,,0,0.00,4,"Star lost - low HFD"
202,1823.510,"Mount",0.000,0.000,-0.033,0.000,-0.033,0.000,6,E,0,,,,230,7.64,4
203,1832.572,"Mount",-0.069,0.207,0.215,-0.070,0.007,0.000,1,W,0,,,,180,6.80,0
204,1841.496,"DROP",,,,,,,,,,,,,0,0.00,4,"Star lost - low HFD"
204,1841.582,"Mount",0.000,0.000,0.060,0.000,0.060,0.000,11,W,0,,,,180,6.80,4
205,1850.505,"Mount",-0.033,-0.089,-0.084,-0.033,0.004,0.000,1,W,0,,,,330,9.40,0
206,1859.712,"Mount",-0.946,-0.024,0.114,-0.946,0.038,-0.662,7,W,96,N,,,674,13.52,0
207,1868.760,"Mount",-0.461,-0.422,-0.351,-0.458,-0.246,-0.321,43,E,46,N,,,568,12.31,0
208,1877.606,"Mount",-0.265,-0.422,-0.379,-0.263,-0.359,0.000,63,E,0,,,,411,10.43,0
209,1886.460,"DROP",,,,,,,,,,,,,0,0.00,4,"Star lost - low HFD"
209,1886.532,"Mount",0.000,0.000,-0.193,0.000,-0.193,0.000,34,E,0,,,,411,10.43,4
210,1895.429,"DROP",,,,,,,,,,,,,0,0.00,4,"Star lost - low HFD"
210,1895.515,"Mount",0.000,0.000,-0.225,0.000,-0.225,0.000,40,E,0,,,,411,10.43,4
211,1904.451,"DROP",,,,,,,,,,,,,0,0.00,4,"Star lost - low HFD"
211,1904.563,"Mount",0.000,0.000,-0.247,0.000,-0.247,0.000,44,E,0,,,,411,10.43,4
212,1913.737,"Mount",-1.408,0.058,0.262,-1.408,-0.038,-0.986,7,E,142,N,,,218,7.54,0
213,1922.411,"DROP",,,,,,,,,,,,,0,0.00,4,"Star lost - low HFD"
213,1922.512,"Mount",0.000,0.000,-0.168,0.000,-0.168,0.000,30,E,0,,,,218,7.54,4
214,1931.435,"DROP",,,,,,,,,,,,,0,0.00,4,"Star lost - low HFD"
214,1931.511,"Mount",0.000,0.000,-0.217,0.000,-0.217,0.000,38,E,0,,,,218,7.54,4
215,1940.436,"DROP",,,,,,,,,,,,,0,0.00,4,"Star lost - low HFD"
215,1940.462,"Mount",0.000,0.000,-0.054,0.000,-0.054,0.000,9,E,0,,,,218,7.54,4
216,1949.405,"DROP",,,,,,,,,,,,,0,0.00,4,"Star lost - low HFD"
216,1949.462,"Mount",0.000,0.000,0.031,0.000,0.031,0.000,5,W,0,,,,218,7.54,4
217,1958.406,"DROP",,,,,,,,,,,,,0,0.00,4,"Star lost - low HFD"
217,1958.492,"Mount",0.000,0.000,0.232,0.000,0.232,0.000,41,W,0,,,,218,7.54,4
218,1967.430,"DROP",,,,,,,,,,,,,0,0.00,4,"Star lost - low HFD"
218,1967.523,"Mount",0.000,0.000,-0.153,0.000,-0.153,0.000,27,E,0,,,,218,7.54,4
219,1976.403,"DROP",,,,,,,,,,,,,0,0.00,4,"Star lost - low HFD"
219,1976.489,"Mount",0.000,0.000,-0.314,0.000,-0.314,0.000,56,E,0,,,,218,7.54,4
220,1985.453,"DROP",,,,,,,,,,,,,0,0.00,4,"Star lost - low HFD"
220,1985.537,"Mount",0.000,0.000,-0.228,0.000,-0.228,0.000,40,E,0,,,,218,7.54,4
221,1994.466,"DROP",,,,,,,,,,,,,0,0.00,4,"Star lost - low HFD"
221,1994.585,"Mount",0.000,0.000,0.250,0.000,0.250,0.000,44,W,0,,,,218,7.54,4
222,2003.397,"DROP",,,,,,,,,,,,,0,0.00,4,"Star lost - low HFD"
222,2003.598,"Mount",0.000,0.000,0.777,0.000,0.777,0.000,137,W,0,,,,218,7.54,4
223,2012.430,"DROP",,,,,,,,,,,,,0,0.00,4,"Star lost - low HFD"
223,2012.567,"Mount",0.000,0.000,0.319,0.000,0.319,0.000,56,W,0,,,,218,7.54,4
224,2021.424,"DROP",,,,,,,,,,,,,0,0.00,4,"Star lost - low HFD"
224,2021.536,"Mount",0.000,0.000,-0.283,0.000,-0.283,0.000,50,E,0,,,,218,7.54,4
225,2030.382,"DROP",,,,,,,,,,,,,0,0.00,4,"Star lost - low HFD"
225,2030.515,"Mount",0.000,0.000,-0.405,0.000,-0.405,0.000,71,E,0,,,,218,7.54,4
226,2039.406,"DROP",,,,,,,,,,,,,0,0.00,4,"Star lost - low HFD"
226,2039.496,"Mount",0.000,0.000,-0.304,0.000,-0.304,0.000,54,E,0,,,,218,7.54,4
227,2048.426,"DROP",,,,,,,,,,,,,0,0.00,4,"Star lost - low HFD"
227,2048.464,"Mount",0.000,0.000,0.004,0.000,0.004,0.000,1,W,0,,,,218,7.54,4
228,2057.388,"DROP",,,,,,,,,,,,,0,0.00,4,"Star lost - low HFD"
228,2057.511,"Mount",0.000,0.000,0.255,0.000,0.255,0.000,45,W,0,,,,218,7.54,4
229,2066.398,"DROP",,,,,,,,,,,,,0,0.00,4,"Star lost - low HFD"
229,2066.408,"Mount",0.000,0.000,-0.002,0.000,-0.002,0.000,0,,0,,,,218,7.54,4
230,2075.402,"DROP",,,,,,,,,,,,,0,0.00,4,"Star lost - low HFD"
230,2075.492,"Mount",0.000,0.000,-0.204,0.000,-0.204,0.000,36,E,0,,,,218,7.54,4
231,2084.383,"DROP",,,,,,,,,,,,,0,0.00,4,"Star lost - low HFD"
231,2084.491,"Mount",0.000,0.000,-0.231,0.000,-0.231,0.000,41,E,0,,,,218,7.54,4
232,2093.400,"DROP",,,,,,,,,,,,,0,0.00,4,"Star lost - low HFD"
232,2093.538,"Mount",0.000,0.000,-0.283,0.000,-0.283,0.000,50,E,0,,,,218,7.54,4
233,2102.371,"DROP",,,,,,,,,,,,,0,0.00,4,"Star lost - low HFD"
233,2102.569,"Mount",0.000,0.000,0.620,0.000,0.620,0.000,109,W,0,,,,218,7.54,4
234,2111.363,"DROP",,,,,,,,,,,,,0,0.00,4,"Star lost - low HFD"
234,2111.648,"Mount",0.000,0.000,1.374,0.000,1.374,0.000,243,W,0,,,,218,7.54,4
235,2120.401,"DROP",,,,,,,,,,,,,0,0.00,4,"Star lost - low HFD"
235,2120.572,"Mount",0.000,0.000,0.488,0.000,0.488,0.000,86,W,0,,,,218,7.54,4
236,2129.411,"DROP",,,,,,,,,,,,,0,0.00,4,"Star lost - low HFD"
236,2129.517,"Mount",0.000,0.000,-0.162,0.000,-0.162,0.000,29,E,0,,,,218,7.54,4
237,2138.368,"DROP",,,,,,,,,,,,,0,0.00,4,"Star lost - low HFD"
237,2138.405,"Mount",0.000,0.000,-0.042,0.000,-0.042,0.000,7,E,0,,,,218,7.54,4
238,2147.375,"DROP",,,,,,,,,,,,,0,0.00,4,"Star lost - low HFD"
238,2147.484,"Mount",0.000,0.000,0.383,0.000,0.383,0.000,68,W,0,,,,218,7.54,4
239,2156.395,"DROP",,,,,,,,,,,,,0,0.00,4,"Star lost - low HFD"
239,2156.483,"Mount",0.000,0.000,0.218,0.000,0.218,0.000,38,W,0,,,,218,7.54,4
240,2165.353,"DROP",,,,,,,,,,,,,0,0.00,4,"Star lost - low HFD"
240,2165.477,"Mount",0.000,0.000,0.285,0.000,0.285,0.000,50,W,0,,,,218,7.54,4
241,2174.395,"DROP",,,,,,,,,,,,,0,0.00,4,"Star lost - low HFD"
241,2174.494,"Mount",0.000,0.000,0.096,0.000,0.096,0.000,17,W,0,,,,218,7.54,4
242,2183.407,"DROP",,,,,,,,,,,,,0,0.00,4,"Star lost - low HFD"
242,2183.493,"Mount",0.000,0.000,-0.061,0.000,-0.061,0.000,11,E,0,,,,218,7.54,4
243,2192.349,"DROP",,,,,,,,,,,,,0,0.00,4,"Star lost - low HFD"
243,2192.384,"Mount",0.000,0.000,0.010,0.000,0.010,0.000,2,W,0,,,,218,7.54,4
244,2201.876,"Mount",-1.766,0.744,0.993,-1.770,0.619,-1.239,109,W,179,N,,,827,15.75,0
245,2210.587,"Mount",-0.507,-0.133,-0.057,-0.506,-0.019,-0.354,3,E,51,N,,,310,9.02,0
246,2219.369,"DROP",,,,,,,,,,,,,0,0.00,4,"Star lost - low HFD"
246,2219.474,"Mount",0.000,0.000,-0.144,0.000,-0.144,0.000,25,E,0,,,,310,9.02,4
247,2228.413,"DROP",,,,,,,,,,,,,0,0.00,4,"Star lost - low HFD"
247,2228.489,"Mount",0.000,0.000,-0.057,0.000,-0.057,0.000,10,E,0,,,,310,9.02,4
248,2237.346,"DROP",,,,,,,,,,,,,0,0.00,4,"Star lost - low HFD"
248,2237.440,"Mount",0.000,0.000,-0.060,0.000,-0.060,0.000,11,E,0,,,,310,9.02,4
249,2246.338,"DROP",,,,,,,,,,,,,0,0.00,4,"Star lost - low HFD"
249,2246.449,"Mount",0.000,0.000,-0.204,0.000,-0.204,0.000,36,E,0,,,,310,9.02,4
250,2255.370,"DROP",,,,,,,,,,,,,0,0.00,4,"Star lost - low HFD"
250,2255.487,"Mount",0.000,0.000,-0.291,0.000,-0.291,0.000,51,E,0,,,,310,9.02,4
251,2264.356,"DROP",,,,,,,,,,,,,0,0.00,4,"Star lost - low HFD"
251,2264.460,"Mount",0.000,0.000,-0.140,0.000,-0.140,0.000,25,E,0,,,,310,9.02,4
252,2273.334,"DROP",,,,,,,,,,,,,0,0.00,4,"Star lost - low HFD"
252,2273.435,"Mount",0.000,0.000,-0.056,0.000,-0.056,0.000,10,E,0,,,,310,9.02,4
253,2282.388,"DROP",,,,,,,,,,,,,0,0.00,4,"Star lost - low HFD"
253,2282.480,"Mount",0.000,0.000,-0.185,0.000,-0.185,0.000,33,E,0,,,,310,9.02,4
254,2291.368,"DROP",,,,,,,,,,,,,0,0.00,4,"Star lost - low HFD"
254,2291.401,"Mount",0.000,0.000,-0.010,0.000,-0.010,0.000,2,E,0,,,,310,9.02,4
255,2300.339,"DROP",,,,,,,,,,,,,0,0.00,4,"Star lost - low HFD"
255,2300.459,"Mount",0.000,0.000,0.113,0.000,0.113,0.000,20,W,0,,,,310,9.02,4
256,2309.344,"DROP",,,,,,,,,,,,,0,0.00,4,"Star lost - low HFD"
256,2309.447,"Mount",0.000,0.000,0.087,0.000,0.087,0.000,15,W,0,,,,310,9.02,4
257,2318.335,"DROP",,,,,,,,,,,,,0,0.00,4,"Star lost - low HFD"
257,2318.366,"Mount",0.000,0.000,0.005,0.000,0.005,0.000,1,W,0,,,,310,9.02,4
258,2327.355,"DROP",,,,,,,,,,,,,0,0.00,4,"Star lost - low HFD"
258,2327.380,"Mount",0.000,0.000,-0.034,0.000,-0.034,0.000,6,E,0,,,,310,9.02,4
259,2336.340,"DROP",,,,,,,,,,,,,0,0.00,4,"Star lost - low HFD"
259,2336.427,"Mount",0.000,0.000,-0.073,0.000,-0.073,0.000,13,E,0,,,,310,9.02,4
260,2345.343,"DROP",,,,,,,,,,,,,0,0.00,4,"Star lost - low HFD"
260,2345.426,"Mount",0.000,0.000,-0.091,0.000,-0.091,0.000,16,E,0,,,,310,9.02,4
261,2354.350,"DROP",,,,,,,,,,,,,0,0.00,4,"Star lost - low HFD"
261,2354.444,"Mount",0.000,0.000,-0.215,0.000,-0.215,0.000,38,E,0,,,,310,9.02,4
262,2364.160,"Mount",-2.827,2.810,3.192,-2.843,1.919,-1.990,339,W,287,N,,,249,8.75,0
263,2372.362,"DROP",,,,,,,,,,,,,0,0.00,4,"Star lost - low HFD"
263,2372.478,"Mount",0.000,0.000,-0.270,0.000,-0.270,0.000,48,E,0,,,,249,8.75,4
264,2381.339,"DROP",,,,,,,,,,,,,0,0.00,4,"Star lost - low HFD"
264,2381.438,"Mount",0.000,0.000,-0.158,0.000,-0.158,0.000,28,E,0,,,,249,8.75,4
265,2390.363,"DROP",,,,,,,,,,,,,0,0.00,4,"Star lost - low HFD"
265,2390.390,"Mount",0.000,0.000,-0.039,0.000,-0.039,0.000,7,E,0,,,,249,8.75,4
266,2399.333,"DROP",,,,,,,,,,,,,0,0.00,4,"Star lost - low HFD"
266,2399.404,"Mount",0.000,0.000,-0.178,0.000,-0.178,0.000,31,E,0,,,,249,8.75,4
267,2408.335,"DROP",,,,,,,,,,,,,0,0.00,4,"Star lost - low HFD"
267,2408.431,"Mount",0.000,0.000,-0.132,0.000,-0.132,0.000,23,E,0,,,,249,8.75,4
268,2417.340,"DROP",,,,,,,,,,,,,0,0.00,4,"Star lost - low HFD"
268,2417.418,"Mount",0.000,0.000,0.120,0.000,0.120,0.000,21,W,0,,,,249,8.75,4
269,2426.313,"DROP",,,,,,,,,,,,,0,0.00,4,"Star lost - low HFD"
269,2426.353,"Mount",0.000,0.000,0.005,0.000,0.005,0.000,1,W,0,,,,249,8.75,4
270,2435.352,"DROP",,,,,,,,,,,,,0,0.00,4,"Star lost - low HFD"
270,2435.464,"Mount",0.000,0.000,-0.258,0.000,-0.258,0.000,46,E,0,,,,249,8.75,4
271,2444.336,"DROP",,,,,,,,,,,,,0,0.00,4,"Star lost - low HFD"
271,2444.466,"Mount",0.000,0.000,-0.270,0.000,-0.270,0.000,48,E,0,,,,249,8.75,4
272,2453.312,"DROP",,,,,,,,,,,,,0,0.00,4,"Star lost - low HFD"
272,2453.366,"Mount",0.000,0.000,-0.039,0.000,-0.039,0.000,7,E,0,,,,249,8.75,4
273,2462.291,"DROP",,,,,,,,,,,,,0,0.00,4,"Star lost - low HFD"
273,2462.429,"Mount",0.000,0.000,0.552,0.000,0.552,0.000,98,W,0,,,,249,8.75,4
Guiding Ends at 2026-08-02 02:46:29

Guiding Begins at 2026-08-02 02:47:41
Equipment Profile = QHY5 EQASCOM OAG
Dither = both axes, Dither scale = 1.000, Image noise reduction = 2x2 mean, Guide-frame time lapse = 0, Server enabled
Pixel scale = 1.05 arc-sec/px, Binning = 1, Focal length = 1018 mm
Search region = 24 px, Star mass tolerance = 90.0%, Multi-star mode, list size = 1
 Camera = QHY5II-M-10d7d910f33c7354, gain = 90, full size = 1280 x 1024, have dark, dark dur = 3000, no defect map, pixel size = 5.2 um
Exposure = 3000 ms
Mount = EQMOD HEQ5/6 (ASCOM), connected, guiding enabled, xAngle = 98.4, xRate = 5.664, yAngle = 17.1, yRate = 6.929, parity = +/+
Norm rates RA = 7.0"/s @ dec 0, Dec = 7.3"/s; ortho.err. = 8.7 deg
X guide algorithm = Predictive PEC, Control gain = 0.630
Prediction gain = 0.430
Minimum move = 0.330
Hyperparameters
	Length scale long range SE kernel = 700.000
	Signal variance long range SE kernel = 20.000
	Length scale periodic kernel = 10.000
	Signal variance periodic kernel = 20.000
	Length scale short range SE kernel = 25.000
	Signal variance short range SE kernel = 10.000
	Period length periodic kernel = 477.860
	FFT called after = 2.000 worm cycles
	Auto-adjust period length = On
Y guide algorithm = Resist Switch, Minimum move = 0.300 Aggression = 70% FastSwitch = disabled
Backlash comp = disabled, pulse = 495 ms
Max RA duration = 2500, Max DEC duration = 2500, DEC guide mode = Auto
RA Guide Speed = 7.5 a-s/s, Dec Guide Speed = 7.5 a-s/s, Cal Dec = 0.0, Last Cal Issue = None, Timestamp = 7/7/2026 10:36:27 PM
RA = 20.91 hr, Dec = 31.1 deg, Hour angle = 1.45 hr, Pier side = East, Rotator pos = N/A, Alt = 63.1 deg, Az = 224.4 deg
Lock position = 1197.992, 922.937, Star position = 1197.992, 922.937, HFD = 2.87 px
Frame,Time,mount,dx,dy,RARawDistance,DECRawDistance,RAGuideDistance,DECGuideDistance,RADuration,RADirection,DECDuration,DECDirection,XStep,YStep,StarMass,SNR,ErrorCode
INFO: SETTLING STATE CHANGE, Settling started
1,8.923,"DROP",,,,,,,,,,,,,0,0.00,2,"Star lost - low SNR"
1,8.995,"Mount",0.000,0.000,-0.035,0.000,-0.035,0.000,6,E,0,,,,239,7.81,2
2,17.897,"DROP",,,,,,,,,,,,,0,0.00,2,"Star lost - low SNR"
2,17.929,"Mount",0.000,0.000,-0.019,0.000,-0.019,0.000,3,E,0,,,,239,7.81,2
3,26.917,"DROP",,,,,,,,,,,,,0,0.00,2,"Star lost - low SNR"
3,27.106,"Mount",0.000,0.000,0.713,0.000,0.713,0.000,126,W,0,,,,239,7.81,2
4,36.039,"Mount",0.008,-0.718,-0.712,0.013,-0.449,0.000,79,E,0,,,,162,6.53,0
5,44.917,"DROP",,,,,,,,,,,,,0,0.00,2,"Star lost - low SNR"
5,45.038,"Mount",0.000,0.000,0.281,0.000,0.281,0.000,50,W,0,,,,162,6.53,2
6,53.920,"DROP",,,,,,,,,,,,,0,0.00,2,"Star lost - low SNR"
6,54.005,"Mount",0.000,0.000,-0.173,0.000,-0.173,0.000,30,E,0,,,,162,6.53,2
7,62.912,"DROP",,,,,,,,,,,,,0,0.00,2,"Star lost - low SNR"
INFO: SETTLING STATE CHANGE, Settling failed
7,63.021,"Mount",0.000,0.000,0.059,0.000,0.059,0.000,10,W,0,,,,162,6.53,2
8,71.912,"DROP",,,,,,,,,,,,,0,0.00,2,"Star lost - low SNR"
8,72.020,"Mount",0.000,0.000,0.323,0.000,0.323,0.000,57,W,0,,,,162,6.53,2
9,80.902,"DROP",,,,,,,,,,,,,0,0.00,2,"Star lost - low SNR"
9,81.001,"Mount",0.000,0.000,0.226,0.000,0.226,0.000,40,W,0,,,,162,6.53,2
10,90.001,"Mount",-0.060,-0.281,-0.269,-0.058,-0.170,0.000,30,E,0,,,,205,7.42,0
11,98.926,"DROP",,,,,,,,,,,,,0,0.00,2,"Star lost - low SNR"
11,99.015,"Mount",0.000,0.000,0.073,0.000,0.073,0.000,13,W,0,,,,205,7.42,2
12,107.933,"DROP",,,,,,,,,,,,,0,0.00,2,"Star lost - low SNR"
12,107.966,"Mount",0.000,0.000,0.034,0.000,0.034,0.000,6,W,0,,,,205,7.42,2
13,116.927,"DROP",,,,,,,,,,,,,0,0.00,2,"Star lost - low SNR"
13,116.937,"Mount",0.000,0.000,-0.001,0.000,-0.001,0.000,0,,0,,,,205,7.42,2
14,125.981,"Mount",0.117,-0.020,-0.037,0.117,-0.023,0.000,4,E,0,,,,160,6.47,0
15,134.924,"DROP",,,,,,,,,,,,,0,0.00,2,"Star lost - low SNR"
15,135.018,"Mount",0.000,0.000,-0.093,0.000,-0.093,0.000,16,E,0,,,,160,6.47,2
16,143.888,"DROP",,,,,,,,,,,,,0,0.00,2,"Star lost - low SNR"
16,143.961,"Mount",0.000,0.000,-0.112,0.000,-0.112,0.000,20,E,0,,,,160,6.47,2
17,152.881,"DROP",,,,,,,,,,,,,0,0.00,2,"Star lost - low SNR"
17,152.977,"Mount",0.000,0.000,-0.076,0.000,-0.076,0.000,13,E,0,,,,160,6.47,2
18,161.992,"Mount",-0.003,-0.114,-0.112,-0.002,-0.071,0.000,13,E,0,,,,178,6.89,0
19,171.023,"Mount",0.111,-0.598,-0.608,0.115,-0.383,0.000,68,E,0,,,,203,7.28,0
20,179.890,"DROP",,,,,,,,,,,,,0,0.00,2,"Star lost - low SNR"
20,180.006,"Mount",0.000,0.000,-0.271,0.000,-0.271,0.000,48,E,0,,,,203,7.28,2
21,189.005,"Mount",0.240,0.572,0.531,0.236,0.334,0.000,59,W,0,,,,173,6.75,0
22,197.890,"DROP",,,,,,,,,,,,,0,0.00,2,"Star lost - low SNR"
22,197.972,"Mount",0.000,0.000,-0.063,0.000,-0.063,0.000,11,E,0,,,,173,6.75,2
23,206.915,"DROP",,,,,,,,,,,,,0,0.00,2,"Star lost - low SNR"
23,206.987,"Mount",0.000,0.000,-0.155,0.000,-0.155,0.000,27,E,0,,,,173,6.75,2
24,215.867,"DROP",,,,,,,,,,,,,0,0.00,2,"Star lost - low SNR"
24,215.954,"Mount",0.000,0.000,-0.113,0.000,-0.113,0.000,20,E,0,,,,173,6.75,2
25,225.033,"Mount",0.350,0.816,0.757,0.345,0.477,0.000,84,W,0,,,,200,7.30,0
26,234.017,"Mount",-0.008,-0.375,-0.370,-0.006,-0.233,0.000,41,E,0,,,,243,7.93,0
27,242.906,"DROP",,,,,,,,,,,,,0,0.00,2,"Star lost - low SNR"
27,243.010,"Mount",0.000,0.000,0.085,0.000,0.085,0.000,15,W,0,,,,243,7.93,2
28,251.854,"DROP",,,,,,,,,,,,,0,0.00,2,"Star lost - low SNR"
28,251.886,"Mount",0.000,0.000,-0.012,0.000,-0.012,0.000,2,E,0,,,,243,7.93,2
29,260.841,"DROP",,,,,,,,,,,,,0,0.00,2,"Star lost - low SNR"
29,260.870,"Mount",0.000,0.000,-0.042,0.000,-0.042,0.000,7,E,0,,,,243,7.93,2
30,269.855,"DROP",,,,,,,,,,,,,0,0.00,2,"Star lost - low SNR"
30,269.974,"Mount",0.000,0.000,-0.066,0.000,-0.066,0.000,12,E,0,,,,243,7.93,2
31,278.938,"Mount",0.008,-0.125,-0.125,0.009,-0.079,0.000,14,E,0,,,,253,8.08,0
32,287.858,"DROP",,,,,,,,,,,,,0,0.00,2,"Star lost - low SNR"
32,287.979,"Mount",0.000,0.000,-0.281,0.000,-0.281,0.000,50,E,0,,,,253,8.08,2
33,296.812,"DROP",,,,,,,,,,,,,0,0.00,2,"Star lost - low SNR"
33,296.881,"Mount",0.000,0.000,-0.197,0.000,-0.197,0.000,35,E,0,,,,253,8.08,2
34,305.852,"DROP",,,,,,,,,,,,,0,0.00,2,"Star lost - low SNR"
34,305.960,"Mount",0.000,0.000,-0.260,0.000,-0.260,0.000,46,E,0,,,,253,8.08,2
35,314.818,"DROP",,,,,,,,,,,,,0,0.00,2,"Star lost - low SNR"
35,314.917,"Mount",0.000,0.000,-0.060,0.000,-0.060,0.000,11,E,0,,,,253,8.08,2
36,323.859,"DROP",,,,,,,,,,,,,0,0.00,2,"Star lost - low SNR"
36,323.941,"Mount",0.000,0.000,-0.196,0.000,-0.196,0.000,35,E,0,,,,253,8.08,2
37,332.853,"DROP",,,,,,,,,,,,,0,0.00,2,"Star lost - low SNR"
37,332.940,"Mount",0.000,0.000,-0.151,0.000,-0.151,0.000,27,E,0,,,,253,8.08,2
38,341.987,"Mount",0.237,0.940,0.896,0.232,0.564,0.000,100,W,0,,,,180,6.84,0
39,350.856,"DROP",,,,,,,,,,,,,0,0.00,2,"Star lost - low SNR"
39,350.938,"Mount",0.000,0.000,0.117,0.000,0.117,0.000,21,W,0,,,,180,6.84,2
40,359.826,"DROP",,,,,,,,,,,,,0,0.00,2,"Star lost - low SNR"
40,359.949,"Mount",0.000,0.000,-0.222,0.000,-0.222,0.000,39,E,0,,,,180,6.84,2
41,368.822,"DROP",,,,,,,,,,,,,0,0.00,2,"Star lost - low SNR"
41,368.939,"Mount",0.000,0.000,-0.371,0.000,-0.371,0.000,65,E,0,,,,180,6.84,2
42,377.808,"DROP",,,,,,,,,,,,,0,0.00,2,"Star lost - low SNR"
42,377.939,"Mount",0.000,0.000,-0.246,0.000,-0.246,0.000,43,E,0,,,,180,6.84,2
43,386.810,"DROP",,,,,,,,,,,,,0,0.00,2,"Star lost - low SNR"
43,386.918,"Mount",0.000,0.000,0.253,0.000,0.253,0.000,45,W,0,,,,180,6.84,2
44,395.794,"DROP",,,,,,,,,,,,,0,0.00,2,"Star lost - low SNR"
44,395.964,"Mount",0.000,0.000,0.721,0.000,0.721,0.000,127,W,0,,,,180,6.84,2
45,404.915,"Mount",0.167,-0.487,-0.506,0.169,-0.169,0.000,30,E,0,,,,311,9.00,0
46,413.810,"DROP",,,,,,,,,,,,,0,0.00,2,"Star lost - low SNR"
46,413.933,"Mount",0.000,0.000,-0.249,0.000,-0.249,0.000,44,E,0,,,,311,9.00,2
47,422.930,"Mount",0.288,0.254,0.209,0.287,-0.082,0.000,15,E,0,,,,222,7.78,0
48,431.912,"Mount",-0.128,-0.130,-0.110,-0.127,-0.102,0.000,18,E,0,,,,175,6.90,0
49,440.911,"Mount",-0.085,-0.551,-0.532,-0.082,-0.368,0.000,65,E,0,,,,227,7.79,0
50,449.786,"DROP",,,,,,,,,,,,,0,0.00,2,"Star lost - low SNR"
50,449.877,"Mount",0.000,0.000,0.089,0.000,0.089,0.000,16,W,0,,,,227,7.79,2
51,458.909,"Mount",0.138,-0.260,-0.277,0.139,-0.012,0.000,2,E,0,,,,258,8.43,0
52,467.802,"DROP",,,,,,,,,,,,,0,0.00,2,"Star lost - low SNR"
52,467.907,"Mount",0.000,0.000,0.178,0.000,0.178,0.000,31,W,0,,,,258,8.43,2
53,476.784,"DROP",,,,,,,,,,,,,0,0.00,2,"Star lost - low SNR"
53,476.858,"Mount",0.000,0.000,-0.215,0.000,-0.215,0.000,38,E,0,,,,258,8.43,2
54,485.857,"Mount",-0.230,-0.164,-0.129,-0.229,-0.016,0.000,3,E,0,,,,191,7.22,0
55,494.806,"DROP",,,,,,,,,,,,,0,0.00,2,"Star lost - low SNR"
55,494.952,"Mount",0.000,0.000,0.479,0.000,0.479,0.000,85,W,0,,,,191,7.22,2
56,503.766,"DROP",,,,,,,,,,,,,0,0.00,2,"Star lost - low SNR"
56,504.110,"Mount",0.000,0.000,1.564,0.000,1.564,0.000,276,W,0,,,,191,7.22,2
57,512.795,"DROP",,,,,,,,,,,,,0,0.00,2,"Star lost - low SNR"
57,512.965,"Mount",0.000,0.000,0.557,0.000,0.557,0.000,98,W,0,,,,191,7.22,2
58,521.900,"Mount",0.297,-0.157,-0.199,0.298,-0.069,0.000,12,E,0,,,,191,7.21,0
59,530.772,"DROP",,,,,,,,,,,,,0,0.00,2,"Star lost - low SNR"
59,530.867,"Mount",0.000,0.000,-0.103,0.000,-0.103,0.000,18,E,0,,,,191,7.21,2
60,539.856,"DROP",,,,,,,,,,,,,0,0.00,2,"Star lost - low SNR"
60,539.977,"Mount",0.000,0.000,0.260,0.000,0.260,0.000,46,W,0,,,,191,7.21,2
61,548.803,"DROP",,,,,,,,,,,,,0,0.00,2,"Star lost - low SNR"
61,548.880,"Mount",0.000,0.000,0.197,0.000,0.197,0.000,35,W,0,,,,191,7.21,2
62,557.847,"Mount",0.308,-0.272,-0.314,0.310,0.104,0.000,18,W,0,,,,230,7.89,0
63,566.796,"DROP",,,,,,,,,,,,,0,0.00,2,"Star lost - low SNR"
63,566.894,"Mount",0.000,0.000,0.097,0.000,0.097,0.000,17,W,0,,,,230,7.89,2
64,575.795,"DROP",,,,,,,,,,,,,0,0.00,2,"Star lost - low SNR"
64,575.829,"Mount",0.000,0.000,0.015,0.000,0.015,0.000,3,W,0,,,,230,7.89,2
65,584.757,"DROP",,,,,,,,,,,,,0,0.00,2,"Star lost - low SNR"
65,584.858,"Mount",0.000,0.000,-0.108,0.000,-0.108,0.000,19,E,0,,,,230,7.89,2
66,593.812,"Mount",-0.156,-0.189,-0.164,-0.154,0.028,0.000,5,W,0,,,,224,7.77,0
67,602.820,"DROP",,,,,,,,,,,,,0,0.00,2,"Star lost - low SNR"
67,602.828,"Mount",0.000,0.000,0.001,0.000,0.001,0.000,0,,0,,,,224,7.77,2
68,611.753,"DROP",,,,,,,,,,,,,0,0.00,2,"Star lost - low SNR"
68,611.876,"Mount",0.000,0.000,-0.216,0.000,-0.216,0.000,38,E,0,,,,224,7.77,2
Guiding Ends at 2026-08-02 02:58:02

Guiding Begins at 2026-08-02 02:59:32
Equipment Profile = QHY5 EQASCOM OAG
Dither = both axes, Dither scale = 1.000, Image noise reduction = 2x2 mean, Guide-frame time lapse = 0, Server enabled
Pixel scale = 1.05 arc-sec/px, Binning = 1, Focal length = 1018 mm
Search region = 24 px, Star mass tolerance = 90.0%, Multi-star mode, list size = 2
 Camera = QHY5II-M-10d7d910f33c7354, gain = 90, full size = 1280 x 1024, have dark, dark dur = 3000, no defect map, pixel size = 5.2 um
Exposure = 3000 ms
Mount = EQMOD HEQ5/6 (ASCOM), connected, guiding enabled, xAngle = 98.4, xRate = 5.664, yAngle = 17.1, yRate = 6.929, parity = +/+
Norm rates RA = 7.0"/s @ dec 0, Dec = 7.3"/s; ortho.err. = 8.7 deg
X guide algorithm = Predictive PEC, Control gain = 0.630
Prediction gain = 0.430
Minimum move = 0.330
Hyperparameters
	Length scale long range SE kernel = 700.000
	Signal variance long range SE kernel = 20.000
	Length scale periodic kernel = 10.000
	Signal variance periodic kernel = 20.000
	Length scale short range SE kernel = 25.000
	Signal variance short range SE kernel = 10.000
	Period length periodic kernel = 476.842
	FFT called after = 2.000 worm cycles
	Auto-adjust period length = On
Y guide algorithm = Resist Switch, Minimum move = 0.300 Aggression = 70% FastSwitch = disabled
Backlash comp = disabled, pulse = 495 ms
Max RA duration = 2500, Max DEC duration = 2500, DEC guide mode = Auto
RA Guide Speed = 7.5 a-s/s, Dec Guide Speed = 7.5 a-s/s, Cal Dec = 0.0, Last Cal Issue = None, Timestamp = 7/7/2026 10:36:27 PM
RA = 20.91 hr, Dec = 31.1 deg, Hour angle = 1.65 hr, Pier side = East, Rotator pos = N/A, Alt = 61.8 deg, Az = 229.1 deg
Lock position = 429.528, 595.646, Star position = 429.528, 595.646, HFD = 2.24 px
Frame,Time,mount,dx,dy,RARawDistance,DECRawDistance,RAGuideDistance,DECGuideDistance,RADuration,RADirection,DECDuration,DECDirection,XStep,YStep,StarMass,SNR,ErrorCode
INFO: SETTLING STATE CHANGE, Settling started
1,9.107,"Mount",0.140,-1.494,-1.498,0.149,-0.944,0.000,167,E,0,,,,223,7.63,0
2,17.899,"DROP",,,,,,,,,,,,,0,0.00,2,"Star lost - low SNR"
2,17.930,"Mount",0.000,0.000,-0.021,0.000,-0.021,0.000,4,E,0,,,,223,7.63,2
3,26.864,"DROP",,,,,,,,,,,,,0,0.00,2,"Star lost - low SNR"
3,26.961,"Mount",0.000,0.000,-0.064,0.000,-0.064,0.000,11,E,0,,,,223,7.63,2
4,36.088,"Mount",-0.095,-1.022,-0.997,-0.090,-0.628,0.000,111,E,0,,,,156,6.30,0
5,44.886,"DROP",,,,,,,,,,,,,0,0.00,2,"Star lost - low SNR"
5,44.958,"Mount",0.000,0.000,-0.099,0.000,-0.099,0.000,17,E,0,,,,156,6.30,2
6,53.880,"DROP",,,,,,,,,,,,,0,0.00,2,"Star lost - low SNR"
6,53.989,"Mount",0.000,0.000,-0.253,0.000,-0.253,0.000,45,E,0,,,,156,6.30,2
7,62.885,"DROP",,,,,,,,,,,,,0,0.00,2,"Star lost - low SNR"
INFO: SETTLING STATE CHANGE, Settling failed
7,62.988,"Mount",0.000,0.000,-0.286,0.000,-0.286,0.000,50,E,0,,,,156,6.30,2
8,71.867,"DROP",,,,,,,,,,,,,0,0.00,2,"Star lost - low SNR"
8,72.001,"Mount",0.000,0.000,-0.270,0.000,-0.270,0.000,48,E,0,,,,156,6.30,2
9,81.066,"Mount",-0.189,-1.254,-1.213,-0.181,-0.764,0.000,135,E,0,,,,211,7.19,0
10,90.097,"Mount",-0.116,-1.253,-1.223,-0.109,-0.770,0.000,136,E,0,,,,216,7.48,0
11,98.857,"DROP",,,,,,,,,,,,,0,0.00,2,"Star lost - low SNR"
11,98.935,"Mount",0.000,0.000,-0.089,0.000,-0.089,0.000,16,E,0,,,,216,7.48,2
12,107.935,"Mount",-0.034,0.057,0.061,-0.034,0.038,0.000,7,W,0,,,,136,5.93,0
13,116.855,"DROP",,,,,,,,,,,,,0,0.00,2,"Star lost - low SNR"
13,116.933,"Mount",0.000,0.000,0.082,0.000,0.082,0.000,15,W,0,,,,136,5.93,2
14,125.885,"Mount",-0.033,0.025,0.030,-0.033,0.019,0.000,3,W,0,,,,139,5.94,0
15,134.982,"Mount",-0.185,-0.478,-0.446,-0.182,-0.281,0.000,50,E,0,,,,144,6.26,0
16,143.858,"DROP",,,,,,,,,,,,,0,0.00,2,"Star lost - low SNR"
16,143.930,"Mount",0.000,0.000,-0.178,0.000,-0.178,0.000,31,E,0,,,,144,6.26,2
17,152.857,"DROP",,,,,,,,,,,,,0,0.00,4,"Star lost - low HFD"
17,152.945,"Mount",0.000,0.000,0.319,0.000,0.319,0.000,56,W,0,,,,144,6.26,4
18,161.905,"Mount",0.033,0.074,0.068,0.033,0.043,0.000,8,W,0,,,,149,6.29,0
19,170.992,"Mount",-0.089,-0.535,-0.516,-0.086,-0.325,0.000,57,E,0,,,,178,6.92,0
20,179.911,"Mount",0.098,-0.026,-0.040,0.098,-0.025,0.000,4,E,0,,,,181,7.03,0
21,188.910,"Mount",-0.205,0.011,0.040,-0.205,-0.085,0.000,15,E,0,,,,120,5.57,0
22,197.909,"Mount",-0.146,0.100,0.121,-0.146,-0.106,0.000,19,E,0,,,,139,5.99,0
23,206.807,"DROP",,,,,,,,,,,,,0,0.00,2,"Star lost - low SNR"
23,206.892,"Mount",0.000,0.000,-0.132,0.000,-0.132,0.000,23,E,0,,,,139,5.99,2
24,215.852,"DROP",,,,,,,,,,,,,0,0.00,2,"Star lost - low SNR"
24,215.954,"Mount",0.000,0.000,0.121,0.000,0.121,0.000,21,W,0,,,,139,5.99,2
25,224.905,"Mount",-0.051,-0.363,-0.352,-0.049,-0.228,0.000,40,E,0,,,,165,6.59,0
26,233.873,"Mount",-0.164,-0.244,-0.218,-0.162,-0.004,0.000,1,E,0,,,,140,5.97,0
27,242.826,"DROP",,,,,,,,,,,,,0,0.00,2,"Star lost - low SNR"
27,242.935,"Mount",0.000,0.000,-0.322,0.000,-0.322,0.000,57,E,0,,,,140,5.97,2
28,251.792,"DROP",,,,,,,,,,,,,0,0.00,2,"Star lost - low SNR"
28,251.886,"Mount",0.000,0.000,-0.086,0.000,-0.086,0.000,15,E,0,,,,140,5.97,2
29,260.804,"DROP",,,,,,,,,,,,,0,0.00,2,"Star lost - low SNR"
29,260.950,"Mount",0.000,0.000,0.496,0.000,0.496,0.000,88,W,0,,,,140,5.97,2
30,269.821,"DROP",,,,,,,,,,,,,0,0.00,2,"Star lost - low SNR"
30,270.205,"Mount",0.000,0.000,1.573,0.000,1.573,0.000,278,W,0,,,,140,5.97,2
31,278.947,"Mount",-0.305,-0.630,-0.579,-0.302,-0.177,0.000,31,E,0,,,,120,5.58,0
32,287.788,"DROP",,,,,,,,,,,,,0,0.00,2,"Star lost - low SNR"
32,287.911,"Mount",0.000,0.000,-0.202,0.000,-0.202,0.000,36,E,0,,,,120,5.58,2
33,296.801,"DROP",,,,,,,,,,,,,0,0.00,2,"Star lost - low SNR"
33,296.897,"Mount",0.000,0.000,-0.148,0.000,-0.148,0.000,26,E,0,,,,120,5.58,2
34,305.778,"DROP",,,,,,,,,,,,,0,0.00,4,"Star lost - low HFD"
34,305.912,"Mount",0.000,0.000,0.260,0.000,0.260,0.000,46,W,0,,,,120,5.58,4
35,314.803,"DROP",,,,,,,,,,,,,0,0.00,2,"Star lost - low SNR"
35,314.878,"Mount",0.000,0.000,0.201,0.000,0.201,0.000,35,W,0,,,,120,5.58,2
36,326.779,"DROP",,,,,,,,,,,,,0,0.00,2,"Star lost - low SNR"
36,326.901,"Mount",0.000,0.000,0.374,0.000,0.374,0.000,66,W,0,,,,120,5.58,2
37,336.010,"Mount",0.312,-1.291,-1.323,0.320,-0.814,0.000,144,E,0,,,,188,6.95,0
38,344.794,"DROP",,,,,,,,,,,,,0,0.00,2,"Star lost - low SNR"
38,344.804,"Mount",0.000,0.000,-0.000,0.000,-0.000,0.000,0,,0,,,,188,6.95,2
39,353.821,"DROP",,,,,,,,,,,,,0,0.00,2,"Star lost - low SNR"
39,353.848,"Mount",0.000,0.000,-0.044,0.000,-0.044,0.000,8,E,0,,,,188,6.95,2
40,362.773,"DROP",,,,,,,,,,,,,0,0.00,2,"Star lost - low SNR"
40,362.799,"Mount",0.000,0.000,0.028,0.000,0.028,0.000,5,W,0,,,,188,6.95,2
41,371.793,"DROP",,,,,,,,,,,,,0,0.00,2,"Star lost - low SNR"
41,371.893,"Mount",0.000,0.000,-0.061,0.000,-0.061,0.000,11,E,0,,,,188,6.95,2
42,380.773,"DROP",,,,,,,,,,,,,0,0.00,2,"Star lost - low SNR"
42,380.860,"Mount",0.000,0.000,-0.137,0.000,-0.137,0.000,24,E,0,,,,188,6.95,2
43,389.971,"Mount",-0.067,-0.817,-0.798,-0.062,-0.495,0.000,87,E,0,,,,162,6.47,0
44,398.759,"DROP",,,,,,,,,,,,,0,0.00,2,"Star lost - low SNR"
44,398.794,"Mount",0.000,0.000,-0.046,0.000,-0.046,0.000,8,E,0,,,,162,6.47,2
45,407.759,"DROP",,,,,,,,,,,,,0,0.00,2,"Star lost - low SNR"
45,407.883,"Mount",0.000,0.000,-0.087,0.000,-0.087,0.000,15,E,0,,,,162,6.47,2
46,416.746,"DROP",,,,,,,,,,,,,0,0.00,2,"Star lost - low SNR"
46,416.867,"Mount",0.000,0.000,-0.301,0.000,-0.301,0.000,53,E,0,,,,162,6.47,2
47,425.746,"DROP",,,,,,,,,,,,,0,0.00,2,"Star lost - low SNR"
47,425.870,"Mount",0.000,0.000,-0.239,0.000,-0.239,0.000,42,E,0,,,,162,6.47,2
48,434.789,"DROP",,,,,,,,,,,,,0,0.00,2,"Star lost - low SNR"
48,434.869,"Mount",0.000,0.000,-0.082,0.000,-0.082,0.000,14,E,0,,,,162,6.47,2
49,443.784,"DROP",,,,,,,,,,,,,0,0.00,2,"Star lost - low SNR"
49,443.885,"Mount",0.000,0.000,-0.097,0.000,-0.097,0.000,17,E,0,,,,162,6.47,2
50,452.749,"DROP",,,,,,,,,,,,,0,0.00,2,"Star lost - low SNR"
50,452.835,"Mount",0.000,0.000,-0.145,0.000,-0.145,0.000,26,E,0,,,,162,6.47,2
51,461.760,"DROP",,,,,,,,,,,,,0,0.00,2,"Star lost - low SNR"
51,461.850,"Mount",0.000,0.000,0.102,0.000,0.102,0.000,18,W,0,,,,162,6.47,2
52,470.881,"Mount",-0.074,-0.576,-0.559,-0.071,-0.320,0.000,56,E,0,,,,140,6.09,0
53,479.912,"Mount",0.051,-0.807,-0.806,0.056,-0.473,0.000,84,E,0,,,,117,5.61,0
54,488.738,"DROP",,,,,,,,,,,,,0,0.00,2,"Star lost - low SNR"
54,488.768,"Mount",0.000,0.000,-0.030,0.000,-0.030,0.000,5,E,0,,,,117,5.61,2
55,497.751,"DROP",,,,,,,,,,,,,0,0.00,2,"Star lost - low SNR"
55,497.784,"Mount",0.000,0.000,-0.003,0.000,-0.003,0.000,1,E,0,,,,117,5.61,2
56,506.798,"Mount",-0.164,-0.329,-0.302,-0.162,-0.037,0.000,7,E,0,,,,145,6.10,0
57,515.725,"DROP",,,,,,,,,,,,,0,0.00,2,"Star lost - low SNR"
57,515.813,"Mount",0.000,0.000,-0.082,0.000,-0.082,0.000,14,E,0,,,,145,6.10,2
58,524.746,"DROP",,,,,,,,,,,,,0,0.00,2,"Star lost - low SNR"
58,524.828,"Mount",0.000,0.000,-0.205,0.000,-0.205,0.000,36,E,0,,,,145,6.10,2
59,533.827,"Mount",0.168,-0.130,-0.153,0.169,-0.097,0.000,17,E,0,,,,160,6.48,0
60,542.750,"DROP",,,,,,,,,,,,,0,0.00,2,"Star lost - low SNR"
60,542.860,"Mount",0.000,0.000,-0.296,0.000,-0.296,0.000,52,E,0,,,,160,6.48,2
61,551.750,"DROP",,,,,,,,,,,,,0,0.00,2,"Star lost - low SNR"
61,551.840,"Mount",0.000,0.000,-0.125,0.000,-0.125,0.000,22,E,0,,,,160,6.48,2
62,560.743,"DROP",,,,,,,,,,,,,0,0.00,2,"Star lost - low SNR"
62,560.775,"Mount",0.000,0.000,-0.049,0.000,-0.049,0.000,9,E,0,,,,160,6.48,2
63,569.822,"Mount",0.084,0.017,0.005,0.084,-0.106,0.000,19,E,0,,,,169,6.55,0
64,578.745,"DROP",,,,,,,,,,,,,0,0.00,2,"Star lost - low SNR"
64,578.773,"Mount",0.000,0.000,-0.045,0.000,-0.045,0.000,8,E,0,,,,169,6.55,2
65,587.704,"DROP",,,,,,,,,,,,,0,0.00,2,"Star lost - low SNR"
65,587.788,"Mount",0.000,0.000,0.117,0.000,0.117,0.000,21,W,0,,,,169,6.55,2
Guiding Ends at 2026-08-02 03:09:29
INFO: SETTLING STATE CHANGE, Settling started

Guiding Begins at 2026-08-02 03:13:47
Equipment Profile = QHY5 EQASCOM OAG
Dither = both axes, Dither scale = 1.000, Image noise reduction = 2x2 mean, Guide-frame time lapse = 0, Server enabled
Pixel scale = 1.05 arc-sec/px, Binning = 1, Focal length = 1018 mm
Search region = 24 px, Star mass tolerance = 90.0%, Multi-star mode, list size = 1
 Camera = QHY5II-M-10d7d910f33c7354, gain = 90, full size = 1280 x 1024, have dark, dark dur = 3000, no defect map, pixel size = 5.2 um
Exposure = 3000 ms
Mount = EQMOD HEQ5/6 (ASCOM), connected, guiding enabled, xAngle = 98.4, xRate = 5.664, yAngle = 17.1, yRate = 6.929, parity = +/+
Norm rates RA = 7.0"/s @ dec 0, Dec = 7.3"/s; ortho.err. = 8.7 deg
X guide algorithm = Predictive PEC, Control gain = 0.630
Prediction gain = 0.430
Minimum move = 0.330
Hyperparameters
	Length scale long range SE kernel = 700.000
	Signal variance long range SE kernel = 20.000
	Length scale periodic kernel = 10.000
	Signal variance periodic kernel = 20.000
	Length scale short range SE kernel = 25.000
	Signal variance short range SE kernel = 10.000
	Period length periodic kernel = 476.845
	FFT called after = 2.000 worm cycles
	Auto-adjust period length = On
Y guide algorithm = Resist Switch, Minimum move = 0.300 Aggression = 70% FastSwitch = disabled
Backlash comp = disabled, pulse = 495 ms
Max RA duration = 2500, Max DEC duration = 2500, DEC guide mode = Auto
RA Guide Speed = 7.5 a-s/s, Dec Guide Speed = 7.5 a-s/s, Cal Dec = 0.0, Last Cal Issue = None, Timestamp = 7/7/2026 10:36:27 PM
RA = 20.91 hr, Dec = 31.1 deg, Hour angle = 1.88 hr, Pier side = East, Rotator pos = N/A, Alt = 60.1 deg, Az = 234.4 deg
Lock position = 429.794, 594.655, Star position = 429.794, 594.655, HFD = 3.33 px
Frame,Time,mount,dx,dy,RARawDistance,DECRawDistance,RAGuideDistance,DECGuideDistance,RADuration,RADirection,DECDuration,DECDirection,XStep,YStep,StarMass,SNR,ErrorCode
INFO: SETTLING STATE CHANGE, Settling failed
1,8.887,"DROP",,,,,,,,,,,,,0,0.00,2,"Star lost - low SNR"
1,9.039,"Mount",0.000,0.000,0.502,0.000,0.502,0.000,89,W,0,,,,136,6.03,2
2,18.030,"Mount",-0.445,0.557,0.616,-0.449,0.388,0.000,69,W,0,,,,143,6.05,0
3,27.020,"Mount",0.059,0.378,0.365,0.057,0.230,0.000,41,W,0,,,,183,6.95,0
4,36.108,"Mount",0.187,1.229,1.188,0.180,0.749,0.000,132,W,0,,,,224,7.47,0
5,44.895,"DROP",,,,,,,,,,,,,0,0.00,2,"Star lost - low SNR"
5,45.017,"Mount",0.000,0.000,-0.246,0.000,-0.246,0.000,43,E,0,,,,224,7.47,2
6,53.885,"DROP",,,,,,,,,,,,,0,0.00,2,"Star lost - low SNR"
6,53.978,"Mount",0.000,0.000,-0.105,0.000,-0.105,0.000,19,E,0,,,,224,7.47,2
7,63.057,"Mount",-0.303,1.002,1.035,-0.309,0.652,0.000,115,W,0,,,,135,6.03,0
8,72.168,"Mount",-0.389,0.202,0.257,-0.390,0.162,-0.273,29,W,39,N,,,126,5.75,0
9,81.104,"Mount",-0.373,0.037,0.091,-0.373,0.057,-0.261,10,W,38,N,,,151,6.27,0
10,89.893,"DROP",,,,,,,,,,,,,0,0.00,2,"Star lost - low SNR"
10,89.974,"Mount",0.000,0.000,0.171,0.000,0.171,0.000,30,W,0,,,,151,6.27,2
11,98.957,"Mount",0.179,-0.246,-0.269,0.180,-0.170,0.000,30,E,0,,,,140,5.89,0
12,107.972,"Mount",-0.079,0.251,0.260,-0.080,0.164,0.000,29,W,0,,,,246,8.13,0
13,116.857,"DROP",,,,,,,,,,,,,0,0.00,2,"Star lost - low SNR"
13,116.938,"Mount",0.000,0.000,-0.075,0.000,-0.075,0.000,13,E,0,,,,246,8.13,2
14,126.177,"Mount",-0.500,0.296,0.366,-0.502,0.231,-0.351,41,W,51,N,,,158,6.30,0
15,134.892,"Mount",-0.004,-0.060,-0.059,-0.004,-0.037,0.000,7,E,0,,,,242,7.85,0
16,143.919,"Mount",0.105,0.032,0.016,0.104,-0.016,0.000,3,E,0,,,,216,7.53,0
17,153.097,"Mount",-0.301,0.304,0.345,-0.303,0.138,-0.212,24,W,31,N,,,181,6.99,0
18,161.901,"DROP",,,,,,,,,,,,,0,0.00,2,"Star lost - low SNR"
18,162.029,"Mount",0.000,0.000,-0.353,0.000,-0.353,0.000,62,E,0,,,,181,6.99,2
19,171.142,"Mount",-0.579,-0.338,-0.250,-0.577,-0.093,-0.404,16,E,58,N,,,120,5.69,0
20,179.911,"DROP",,,,,,,,,,,,,0,0.00,2,"Star lost - low SNR"
20,179.979,"Mount",0.000,0.000,-0.022,0.000,-0.022,0.000,4,E,0,,,,120,5.69,2
21,192.175,"Mount",-0.415,-0.175,-0.113,-0.414,-0.133,-0.290,24,E,42,N,,,183,7.00,0
22,200.851,"DROP",,,,,,,,,,,,,0,0.00,2,"Star lost - low SNR"
22,200.887,"Mount",0.000,0.000,-0.048,0.000,-0.048,0.000,8,E,0,,,,183,7.00,2
23,210.045,"Mount",-0.350,0.003,0.054,-0.350,0.045,-0.245,8,W,35,N,,,158,6.35,0
24,218.965,"Mount",-0.137,-0.427,-0.402,-0.134,-0.290,0.000,51,E,0,,,,228,7.73,0
25,227.848,"DROP",,,,,,,,,,,,,0,0.00,2,"Star lost - low SNR"
25,227.981,"Mount",0.000,0.000,-0.295,0.000,-0.295,0.000,52,E,0,,,,228,7.73,2
26,236.963,"Mount",0.155,-0.482,-0.500,0.158,-0.391,0.000,69,E,0,,,,220,7.65,0
27,245.833,"DROP",,,,,,,,,,,,,0,0.00,2,"Star lost - low SNR"
27,245.866,"Mount",0.000,0.000,0.018,0.000,0.018,0.000,3,W,0,,,,220,7.65,2
28,254.845,"DROP",,,,,,,,,,,,,0,0.00,2,"Star lost - low SNR"
28,255.067,"Mount",0.000,0.000,0.789,0.000,0.789,0.000,139,W,0,,,,220,7.65,2
29,263.841,"DROP",,,,,,,,,,,,,0,0.00,2,"Star lost - low SNR"
29,264.000,"Mount",0.000,0.000,0.556,0.000,0.556,0.000,98,W,0,,,,220,7.65,2
30,272.825,"DROP",,,,,,,,,,,,,0,0.00,2,"Star lost - low SNR"
30,272.927,"Mount",0.000,0.000,0.130,0.000,0.130,0.000,23,W,0,,,,220,7.65,2
31,281.881,"DROP",,,,,,,,,,,,,0,0.00,2,"Star lost - low SNR"
31,281.990,"Mount",0.000,0.000,-0.357,0.000,-0.357,0.000,63,E,0,,,,220,7.65,2
32,290.845,"DROP",,,,,,,,,,,,,0,0.00,4,"Star lost - low HFD"
32,290.925,"Mount",0.000,0.000,-0.136,0.000,-0.136,0.000,24,E,0,,,,220,7.65,4
33,299.817,"DROP",,,,,,,,,,,,,0,0.00,2,"Star lost - low SNR"
33,299.972,"Mount",0.000,0.000,-0.287,0.000,-0.287,0.000,51,E,0,,,,220,7.65,2
34,309.132,"Mount",-0.455,0.591,0.651,-0.459,0.441,-0.321,78,W,46,N,,,142,6.18,0
35,318.178,"Mount",-0.461,0.638,0.699,-0.465,0.450,-0.326,79,W,47,N,,,141,6.01,0
36,326.814,"DROP",,,,,,,,,,,,,0,0.00,2,"Star lost - low SNR"
36,326.889,"Mount",0.000,0.000,-0.175,0.000,-0.175,0.000,31,E,0,,,,141,6.01,2
37,335.924,"DROP",,,,,,,,,,,,,0,0.00,2,"Star lost - low SNR"
37,336.016,"Mount",0.000,0.000,-0.099,0.000,-0.099,0.000,18,E,0,,,,141,6.01,2
38,344.838,"DROP",,,,,,,,,,,,,0,0.00,2,"Star lost - low SNR"
38,344.983,"Mount",0.000,0.000,-0.564,0.000,-0.564,0.000,100,E,0,,,,141,6.01,2
39,353.812,"DROP",,,,,,,,,,,,,0,0.00,2,"Star lost - low SNR"
39,353.934,"Mount",0.000,0.000,0.293,0.000,0.293,0.000,52,W,0,,,,141,6.01,2
40,362.842,"DROP",,,,,,,,,,,,,0,0.00,4,"Star lost - low HFD"
40,363.172,"Mount",0.000,0.000,1.624,0.000,1.624,0.000,287,W,0,,,,141,6.01,4
41,371.833,"DROP",,,,,,,,,,,,,0,0.00,2,"Star lost - low SNR"
41,372.026,"Mount",0.000,0.000,0.587,0.000,0.587,0.000,104,W,0,,,,141,6.01,2
42,380.898,"Mount",-0.040,-0.112,-0.105,-0.039,0.055,0.000,10,W,0,,,,184,6.87,0
43,389.897,"Mount",0.045,0.048,0.041,0.045,-0.069,0.000,12,E,0,,,,155,6.36,0
44,398.822,"DROP",,,,,,,,,,,,,0,0.00,2,"Star lost - low SNR"
44,398.928,"Mount",0.000,0.000,0.352,0.000,0.352,0.000,62,W,0,,,,155,6.36,2
45,407.805,"DROP",,,,,,,,,,,,,0,0.00,2,"Star lost - low SNR"
45,407.895,"Mount",0.000,0.000,0.202,0.000,0.202,0.000,36,W,0,,,,155,6.36,2
46,416.814,"DROP",,,,,,,,,,,,,0,0.00,2,"Star lost - low SNR"
46,416.942,"Mount",0.000,0.000,0.364,0.000,0.364,0.000,64,W,0,,,,155,6.36,2
47,425.828,"DROP",,,,,,,,,,,,,0,0.00,2,"Star lost - low SNR"
47,425.939,"Mount",0.000,0.000,0.117,0.000,0.117,0.000,21,W,0,,,,155,6.36,2
48,434.803,"DROP",,,,,,,,,,,,,0,0.00,2,"Star lost - low SNR"
48,434.828,"Mount",0.000,0.000,0.021,0.000,0.021,0.000,4,W,0,,,,155,6.36,2
49,443.802,"DROP",,,,,,,,,,,,,0,0.00,2,"Star lost - low SNR"
49,443.859,"Mount",0.000,0.000,0.011,0.000,0.011,0.000,2,W,0,,,,155,6.36,2
50,452.819,"DROP",,,,,,,,,,,,,0,0.00,2,"Star lost - low SNR"
50,452.858,"Mount",0.000,0.000,-0.005,0.000,-0.005,0.000,1,E,0,,,,155,6.36,2
51,461.787,"DROP",,,,,,,,,,,,,0,0.00,2,"Star lost - low SNR"
51,461.841,"Mount",0.000,0.000,0.053,0.000,0.053,0.000,9,W,0,,,,155,6.36,2
52,470.811,"DROP",,,,,,,,,,,,,0,0.00,2,"Star lost - low SNR"
52,470.888,"Mount",0.000,0.000,-0.103,0.000,-0.103,0.000,18,E,0,,,,155,6.36,2
53,479.827,"DROP",,,,,,,,,,,,,0,0.00,2,"Star lost - low SNR"
53,479.919,"Mount",0.000,0.000,-0.120,0.000,-0.120,0.000,21,E,0,,,,155,6.36,2
54,488.966,"Mount",-0.132,-0.662,-0.636,-0.128,-0.443,0.000,78,E,0,,,,223,7.83,0
55,498.092,"Mount",-0.443,0.491,0.550,-0.446,0.357,-0.312,63,W,45,N,,,138,6.02,0
56,506.814,"DROP",,,,,,,,,,,,,0,0.00,2,"Star lost - low SNR"
56,506.959,"Mount",0.000,0.000,-0.251,0.000,-0.251,0.000,44,E,0,,,,138,6.02,2
57,515.794,"DROP",,,,,,,,,,,,,0,0.00,2,"Star lost - low SNR"
57,515.898,"Mount",0.000,0.000,-0.143,0.000,-0.143,0.000,25,E,0,,,,138,6.02,2
58,524.789,"DROP",,,,,,,,,,,,,0,0.00,2,"Star lost - low SNR"
58,524.915,"Mount",0.000,0.000,-0.241,0.000,-0.241,0.000,43,E,0,,,,138,6.02,2
59,533.804,"DROP",,,,,,,,,,,,,0,0.00,2,"Star lost - low SNR"
59,533.880,"Mount",0.000,0.000,-0.081,0.000,-0.081,0.000,14,E,0,,,,138,6.02,2
60,542.805,"DROP",,,,,,,,,,,,,0,0.00,2,"Star lost - low SNR"
60,542.911,"Mount",0.000,0.000,-0.217,0.000,-0.217,0.000,38,E,0,,,,138,6.02,2
61,551.802,"DROP",,,,,,,,,,,,,0,0.00,2,"Star lost - low SNR"
61,551.831,"Mount",0.000,0.000,-0.024,0.000,-0.024,0.000,4,E,0,,,,138,6.02,2
62,560.811,"DROP",,,,,,,,,,,,,0,0.00,2,"Star lost - low SNR"
62,560.910,"Mount",0.000,0.000,0.138,0.000,0.138,0.000,24,W,0,,,,138,6.02,2
63,569.786,"DROP",,,,,,,,,,,,,0,0.00,2,"Star lost - low SNR"
63,569.892,"Mount",0.000,0.000,0.177,0.000,0.177,0.000,31,W,0,,,,138,6.02,2
64,579.252,"DROP",,,,,,,,,,,,,0,0.00,2,"Star lost - low SNR"
64,579.294,"Mount",0.000,0.000,0.030,0.000,0.030,0.000,5,W,0,,,,138,6.02,2
Guiding Ends at 2026-08-02 03:23:35

Guiding Begins at 2026-08-02 03:27:35
Equipment Profile = QHY5 EQASCOM OAG
Dither = both axes, Dither scale = 1.000, Image noise reduction = 2x2 mean, Guide-frame time lapse = 0, Server enabled
Pixel scale = 1.05 arc-sec/px, Binning = 1, Focal length = 1018 mm
Search region = 24 px, Star mass tolerance = 90.0%, Multi-star mode, list size = 2
 Camera = QHY5II-M-10d7d910f33c7354, gain = 90, full size = 1280 x 1024, have dark, dark dur = 3000, no defect map, pixel size = 5.2 um
Exposure = 3000 ms
Mount = EQMOD HEQ5/6 (ASCOM), connected, guiding enabled, xAngle = 98.4, xRate = 5.664, yAngle = 17.1, yRate = 6.929, parity = +/+
Norm rates RA = 7.0"/s @ dec 0, Dec = 7.3"/s; ortho.err. = 8.7 deg
X guide algorithm = Predictive PEC, Control gain = 0.630
Prediction gain = 0.430
Minimum move = 0.330
Hyperparameters
	Length scale long range SE kernel = 700.000
	Signal variance long range SE kernel = 20.000
	Length scale periodic kernel = 10.000
	Signal variance periodic kernel = 20.000
	Length scale short range SE kernel = 25.000
	Signal variance short range SE kernel = 10.000
	Period length periodic kernel = 476.512
	FFT called after = 2.000 worm cycles
	Auto-adjust period length = On
Y guide algorithm = Resist Switch, Minimum move = 0.300 Aggression = 70% FastSwitch = disabled
Backlash comp = disabled, pulse = 495 ms
Max RA duration = 2500, Max DEC duration = 2500, DEC guide mode = Auto
RA Guide Speed = 7.5 a-s/s, Dec Guide Speed = 7.5 a-s/s, Cal Dec = 0.0, Last Cal Issue = None, Timestamp = 7/7/2026 10:36:27 PM
RA = 20.91 hr, Dec = 31.1 deg, Hour angle = 2.11 hr, Pier side = East, Rotator pos = N/A, Alt = 58.3 deg, Az = 239.1 deg
Lock position = 430.234, 594.252, Star position = 430.234, 594.252, HFD = 4.31 px
Frame,Time,mount,dx,dy,RARawDistance,DECRawDistance,RAGuideDistance,DECGuideDistance,RADuration,RADirection,DECDuration,DECDirection,XStep,YStep,StarMass,SNR,ErrorCode
INFO: SETTLING STATE CHANGE, Settling started
1,8.875,"DROP",,,,,,,,,,,,,0,0.00,4,"Star lost - low HFD"
1,8.987,"Mount",0.000,0.000,-0.060,0.000,-0.060,0.000,11,E,0,,,,326,9.09,4
2,17.892,"DROP",,,,,,,,,,,,,0,0.00,2,"Star lost - low SNR"
2,18.114,"Mount",0.000,0.000,0.969,0.000,0.969,0.000,171,W,0,,,,326,9.09,2
Guiding Ends at 2026-08-02 03:28:02
INFO: SETTLING STATE CHANGE, Settling failed

Guiding Begins at 2026-08-02 03:28:29
Equipment Profile = QHY5 EQASCOM OAG
Dither = both axes, Dither scale = 1.000, Image noise reduction = 2x2 mean, Guide-frame time lapse = 0, Server enabled
Pixel scale = 1.05 arc-sec/px, Binning = 1, Focal length = 1018 mm
Search region = 24 px, Star mass tolerance = 90.0%, Multi-star mode, list size = 1
 Camera = QHY5II-M-10d7d910f33c7354, gain = 90, full size = 1280 x 1024, have dark, dark dur = 3000, no defect map, pixel size = 5.2 um
Exposure = 3000 ms
Mount = EQMOD HEQ5/6 (ASCOM), connected, guiding enabled, xAngle = 98.4, xRate = 5.664, yAngle = 17.1, yRate = 6.929, parity = +/+
Norm rates RA = 7.0"/s @ dec 0, Dec = 7.3"/s; ortho.err. = 8.7 deg
X guide algorithm = Predictive PEC, Control gain = 0.630
Prediction gain = 0.430
Minimum move = 0.330
Hyperparameters
	Length scale long range SE kernel = 700.000
	Signal variance long range SE kernel = 20.000
	Length scale periodic kernel = 10.000
	Signal variance periodic kernel = 20.000
	Length scale short range SE kernel = 25.000
	Signal variance short range SE kernel = 10.000
	Period length periodic kernel = 476.498
	FFT called after = 2.000 worm cycles
	Auto-adjust period length = On
Y guide algorithm = Resist Switch, Minimum move = 0.300 Aggression = 70% FastSwitch = disabled
Backlash comp = disabled, pulse = 495 ms
Max RA duration = 2500, Max DEC duration = 2500, DEC guide mode = Auto
RA Guide Speed = 7.5 a-s/s, Dec Guide Speed = 7.5 a-s/s, Cal Dec = 0.0, Last Cal Issue = None, Timestamp = 7/7/2026 10:36:27 PM
RA = 20.91 hr, Dec = 31.1 deg, Hour angle = 2.13 hr, Pier side = East, Rotator pos = N/A, Alt = 58.2 deg, Az = 239.3 deg
Lock position = 429.005, 714.518, Star position = 429.005, 714.518, HFD = 3.95 px
Frame,Time,mount,dx,dy,RARawDistance,DECRawDistance,RAGuideDistance,DECGuideDistance,RADuration,RADirection,DECDuration,DECDirection,XStep,YStep,StarMass,SNR,ErrorCode
INFO: SETTLING STATE CHANGE, Settling started
1,9.080,"Mount",-0.140,1.026,1.035,-0.146,0.652,0.000,115,W,0,,,,189,6.82,0
INFO: SETTLING STATE CHANGE, Settling complete
2,18.063,"Mount",-0.010,0.712,0.706,-0.014,0.445,0.000,79,W,0,,,,210,7.34,0
3,26.950,"Mount",-0.140,0.116,0.135,-0.140,0.085,0.000,15,W,0,,,,160,6.41,0
4,36.061,"Mount",0.093,0.914,0.890,0.088,0.560,0.000,99,W,0,,,,219,7.20,0
5,45.103,"Mount",-0.134,1.046,1.055,-0.140,0.652,0.000,115,W,0,,,,196,6.81,0
6,53.981,"Mount",-0.149,0.356,0.374,-0.151,0.274,0.000,48,W,0,,,,173,6.58,0
7,62.867,"DROP",,,,,,,,,,,,,0,0.00,2,"Star lost - low SNR"
7,62.946,"Mount",0.000,0.000,-0.133,0.000,-0.133,0.000,23,E,0,,,,173,6.58,2
8,71.997,"Mount",0.069,0.347,0.333,0.067,0.148,0.000,26,W,0,,,,232,7.64,0
9,81.105,"Mount",0.057,1.872,1.844,0.046,1.103,0.000,195,W,0,,,,276,8.65,0
10,89.960,"Mount",0.145,0.435,0.409,0.143,0.250,0.000,44,W,0,,,,351,9.76,0
11,98.964,"Mount",0.122,0.173,0.154,0.121,-0.112,0.000,20,E,0,,,,288,8.90,0
12,107.951,"Mount",-0.005,-0.174,-0.172,-0.004,-0.073,0.000,13,E,0,,,,195,6.87,0
13,116.973,"Mount",-0.005,-0.445,-0.439,-0.003,-0.373,0.000,66,E,0,,,,165,6.43,0
14,126.020,"Mount",-0.139,1.065,1.074,-0.145,0.641,0.000,113,W,0,,,,193,6.77,0
15,134.973,"Mount",-0.026,-0.027,-0.023,-0.026,-0.068,0.000,12,E,0,,,,191,6.88,0
16,143.848,"DROP",,,,,,,,,,,,,0,0.00,2,"Star lost - low SNR"
16,143.922,"Mount",0.000,0.000,-0.126,0.000,-0.126,0.000,22,E,0,,,,191,6.88,2
17,153.017,"Mount",-0.139,1.004,1.013,-0.145,0.653,0.000,115,W,0,,,,197,6.99,0
18,161.979,"Mount",0.074,0.595,0.578,0.071,0.402,0.000,71,W,0,,,,270,8.20,0
19,170.966,"Mount",-0.017,0.719,0.714,-0.021,0.425,0.000,75,W,0,,,,169,6.48,0
20,179.965,"Mount",-0.005,0.336,0.334,-0.007,0.174,0.000,31,W,0,,,,241,7.75,0
21,189.012,"Mount",-0.021,0.587,0.584,-0.024,0.352,0.000,62,W,0,,,,190,6.86,0
22,197.995,"Mount",-0.135,1.120,1.128,-0.141,0.664,0.000,117,W,0,,,,192,7.15,0
23,207.084,"Mount",-0.028,0.939,0.933,-0.033,0.589,0.000,104,W,0,,,,223,7.49,0
24,216.009,"Mount",0.056,1.437,1.413,0.047,0.773,0.000,136,W,0,,,,264,8.17,0
25,224.913,"Mount",-0.005,0.475,0.470,-0.008,0.190,0.000,34,W,0,,,,269,8.10,0
26,234.006,"Mount",-0.017,-0.784,-0.773,-0.012,-0.622,0.000,110,E,0,,,,172,6.47,0
27,242.989,"Mount",-0.017,-0.858,-0.846,-0.012,-0.638,0.000,113,E,0,,,,170,6.52,0
28,251.909,"Mount",-0.157,0.336,0.355,-0.159,0.141,0.000,25,W,0,,,,170,6.53,0
29,260.955,"Mount",-0.016,0.788,0.782,-0.021,0.511,0.000,90,W,0,,,,269,8.41,0
30,269.923,"Mount",-0.143,0.151,0.170,-0.143,0.057,0.000,10,W,0,,,,165,6.40,0
31,279.001,"Mount",-0.041,1.352,1.344,-0.048,0.859,0.000,152,W,0,,,,283,8.78,0
32,287.937,"Mount",0.092,0.888,0.865,0.087,0.488,0.000,86,W,0,,,,224,7.49,0
33,296.919,"Mount",0.067,0.659,0.643,0.064,0.287,0.000,51,W,0,,,,220,7.50,0
34,305.982,"Mount",0.114,0.854,0.829,0.109,0.446,0.000,79,W,0,,,,190,6.81,0
35,314.949,"Mount",-0.001,0.604,0.598,-0.004,0.480,0.000,85,W,0,,,,217,7.43,0
36,323.980,"Mount",-0.032,0.616,0.614,-0.036,0.592,0.000,104,W,0,,,,223,7.64,0
37,333.170,"Mount",-0.177,2.717,2.714,-0.192,1.875,0.000,331,W,0,,,,154,6.22,0
38,342.026,"Mount",0.056,1.344,1.321,0.049,0.870,0.000,154,W,0,,,,248,8.11,0
Guiding Ends at 2026-08-02 03:34:20
