PHD2 version 2.6.14 [Windows], Log version 2.5. Log enabled at 2026-08-15 21:40:57
INFO: Guiding parameter change, MultiStar = true
INFO: SETTLING STATE CHANGE, Settling started

Guiding Begins at 2026-08-15 21:53:39
Equipment Profile = QHY5 EQASCOM OAG
Dither = both axes, Dither scale = 1.000, Image noise reduction = 2x2 mean, Guide-frame time lapse = 0, Server enabled
Pixel scale = 1.05 arc-sec/px, Binning = 1, Focal length = 1018 mm
Search region = 24 px, Star mass tolerance = 90.0%, Multi-star mode, list size = 12
 Camera = QHY5II-M-10d7d910f33c7354, gain = 90, full size = 1280 x 1024, have dark, dark dur = 3000, no defect map, pixel size = 5.2 um
Exposure = 3000 ms
Mount = EQMOD HEQ5/6 (ASCOM), connected, guiding enabled, xAngle = -81.6, xRate = 5.632, yAngle = 17.1, yRate = 6.929, parity = +/-
Norm rates RA = 7.0"/s @ dec 0, Dec = 7.3"/s; ortho.err. = 8.7 deg
X guide algorithm = Predictive PEC, Control gain = 0.630
Prediction gain = 0.430
Minimum move = 0.330
Hyperparameters
	Length scale long range SE kernel = 700.000
	Signal variance long range SE kernel = 20.000
	Length scale periodic kernel = 10.000
	Signal variance periodic kernel = 20.000
	Length scale short range SE kernel = 25.000
	Signal variance short range SE kernel = 10.000
	Period length periodic kernel = 924.278
	FFT called after = 2.000 worm cycles
	Auto-adjust period length = On
Y guide algorithm = Resist Switch, Minimum move = 0.300 Aggression = 70% FastSwitch = disabled
Backlash comp = disabled, pulse = 495 ms
Max RA duration = 2500, Max DEC duration = 2500, DEC guide mode = Auto
RA Guide Speed = 7.5 a-s/s, Dec Guide Speed = 7.5 a-s/s, Cal Dec = 0.0, Last Cal Issue = None, Timestamp = 7/7/2026 10:36:27 PM
RA = 20.95 hr, Dec = 31.6 deg, Hour angle = -2.58 hr, Pier side = West, Rotator pos = N/A, Alt = 55.0 deg, Az = 111.9 deg
Lock position = 181.134, 236.026, Star position = 181.134, 236.026, HFD = 4.68 px
Frame,Time,mount,dx,dy,RARawDistance,DECRawDistance,RAGuideDistance,DECGuideDistance,RADuration,RADirection,DECDuration,DECDirection,XStep,YStep,StarMass,SNR,ErrorCode
1,8.974,"Mount",0.448,0.415,-0.345,0.446,-0.217,0.000,39,E,0,,,,8598,61.39,0
2,17.872,"Mount",1.311,0.366,-0.171,1.309,0.000,0.000,0,,0,,,,8249,59.84,0
INFO: SETTLING STATE CHANGE, Settling complete
3,27.446,"Mount",2.128,-0.581,0.885,2.131,0.558,1.492,99,W,215,S,,,8653,61.33,0
4,36.282,"Mount",1.808,-0.491,0.750,1.811,0.472,1.268,84,W,183,S,,,9682,64.51,0
5,47.881,"DROP",,,,,,,,,,,,,0,0.00,5,"No star found"
6,62.851,"DROP",,,,,,,,,,,,,0,0.00,5,"No star found"
7,72.640,"Mount",3.127,-2.224,2.657,3.140,1.674,2.198,297,W,317,S,,,8265,59.70,0
8,87.622,"Mount",2.268,-2.817,3.117,2.284,1.964,1.599,349,W,231,S,,,8652,61.77,0
9,102.363,"Mount",0.650,-2.584,2.651,0.665,1.670,0.466,297,W,67,S,,,9249,63.28,0
10,117.486,"Mount",1.918,-1.816,2.076,1.929,1.308,1.350,232,W,195,S,,,9486,63.93,0
11,125.837,"DROP",,,,,,,,,,,,,0,0.00,5,"No star found"
12,137.830,"DROP",,,,,,,,,,,,,0,0.00,5,"No star found"
13,147.320,"Mount",1.015,-1.347,1.480,1.023,0.855,0.716,152,W,103,S,,,8586,61.66,0
14,158.808,"DROP",,,,,,,,,,,,,0,0.00,5,"No star found"
15,168.345,"Mount",0.980,2.395,-2.226,0.966,-1.210,0.676,215,E,98,S,,,9437,63.15,0
16,179.821,"DROP",,,,,,,,,,,,,0,0.00,5,"No star found"
Guiding Ends at 2026-08-15 21:56:50

Guiding Begins at 2026-08-15 21:57:03
Equipment Profile = QHY5 EQASCOM OAG
Dither = both axes, Dither scale = 1.000, Image noise reduction = 2x2 mean, Guide-frame time lapse = 0, Server enabled
Pixel scale = 1.05 arc-sec/px, Binning = 1, Focal length = 1018 mm
Search region = 24 px, Star mass tolerance = 90.0%, Multi-star mode, list size = 12
 Camera = QHY5II-M-10d7d910f33c7354, gain = 90, full size = 1280 x 1024, have dark, dark dur = 3000, no defect map, pixel size = 5.2 um
Exposure = 3000 ms
Mount = EQMOD HEQ5/6 (ASCOM), connected, guiding enabled, xAngle = -81.6, xRate = 5.632, yAngle = 17.1, yRate = 6.929, parity = +/-
Norm rates RA = 7.0"/s @ dec 0, Dec = 7.3"/s; ortho.err. = 8.7 deg
X guide algorithm = Predictive PEC, Control gain = 0.630
Prediction gain = 0.430
Minimum move = 0.330
Hyperparameters
	Length scale long range SE kernel = 700.000
	Signal variance long range SE kernel = 20.000
	Length scale periodic kernel = 10.000
	Signal variance periodic kernel = 20.000
	Length scale short range SE kernel = 25.000
	Signal variance short range SE kernel = 10.000
	Period length periodic kernel = 924.278
	FFT called after = 2.000 worm cycles
	Auto-adjust period length = On
Y guide algorithm = Resist Switch, Minimum move = 0.300 Aggression = 70% FastSwitch = disabled
Backlash comp = disabled, pulse = 495 ms
Max RA duration = 2500, Max DEC duration = 2500, DEC guide mode = Auto
RA Guide Speed = 7.5 a-s/s, Dec Guide Speed = 7.5 a-s/s, Cal Dec = 0.0, Last Cal Issue = None, Timestamp = 7/7/2026 10:36:27 PM
RA = 20.95 hr, Dec = 31.6 deg, Hour angle = -2.52 hr, Pier side = West, Rotator pos = N/A, Alt = 55.5 deg, Az = 112.9 deg
Lock position = 1165.947, 632.695, Star position = 1165.947, 632.695, HFD = 4.47 px
Frame,Time,mount,dx,dy,RARawDistance,DECRawDistance,RAGuideDistance,DECGuideDistance,RADuration,RADirection,DECDuration,DECDirection,XStep,YStep,StarMass,SNR,ErrorCode
1,15.038,"Mount",-0.964,0.771,-0.903,-0.968,-0.569,0.000,101,E,0,,,,6588,51.29,0
2,24.103,"Mount",0.530,-1.736,1.795,0.540,1.131,0.000,201,W,0,,,,6793,51.82,0
3,33.009,"Mount",0.149,-0.844,0.857,0.154,0.540,0.000,96,W,0,,,,6084,49.93,0
4,41.883,"Mount",0.141,0.036,-0.015,0.141,-0.009,0.000,2,E,0,,,,6563,50.82,0
5,50.957,"Mount",0.582,0.672,-0.580,0.578,-0.365,0.000,65,E,0,,,,6029,49.90,0
6,69.054,"Mount",1.356,1.681,-1.465,1.347,-0.923,0.000,164,E,0,,,,5988,49.62,0
7,78.306,"Mount",2.447,0.182,0.177,2.445,0.111,1.712,20,W,247,S,,,5565,48.07,0
8,90.068,"Mount",0.209,1.076,-1.034,0.202,-0.652,0.000,116,E,0,,,,6325,50.57,0
9,111.140,"Mount",0.939,0.047,0.091,0.939,0.057,0.657,10,W,95,S,,,5920,49.88,0
10,119.981,"Mount",-0.128,0.774,-0.784,-0.132,-0.494,0.000,88,E,0,,,,6262,50.82,0
11,129.158,"Mount",0.922,-0.288,0.419,0.924,0.261,0.647,46,W,93,S,,,5791,49.07,0
12,141.312,"Mount",1.218,-1.414,1.577,1.226,0.935,0.858,166,W,124,S,,,6609,51.63,0
13,150.213,"Mount",0.943,-0.719,0.849,0.947,0.527,0.663,94,W,96,S,,,6812,53.02,0
14,158.990,"Mount",-0.182,-0.449,0.418,-0.179,0.300,0.000,53,W,0,,,,6345,50.70,0
15,167.849,"Mount",-0.342,-0.110,0.059,-0.342,0.010,0.000,2,W,0,,,,5719,48.15,0
16,180.029,"Mount",0.713,-0.155,0.257,0.714,0.020,0.499,3,W,72,S,,,6625,51.79,0
17,192.067,"Mount",0.915,0.298,-0.161,0.914,0.023,0.639,4,W,92,S,,,6687,52.19,0
18,201.261,"Mount",0.522,-2.116,2.169,0.534,1.275,0.374,226,W,54,S,,,7038,53.36,0
19,213.268,"Mount",1.364,-1.262,1.448,1.371,0.953,0.960,169,W,139,S,,,6669,52.34,0
20,227.880,"Mount",0.015,-0.378,0.376,0.017,0.187,0.000,33,W,0,,,,6617,52.29,0
21,240.158,"Mount",0.364,1.325,-1.257,0.356,-0.623,0.249,111,E,36,S,,,7591,56.39,0
22,248.828,"Mount",0.226,0.270,-0.235,0.224,-0.049,0.000,9,E,0,,,,6322,50.82,0
23,258.064,"Mount",0.604,0.009,0.079,0.604,0.064,0.423,11,W,61,S,,,6364,51.60,0
24,275.954,"Mount",-0.035,1.173,-1.165,-0.041,-0.676,0.000,120,E,0,,,,7096,54.05,0
25,284.970,"Mount",0.205,1.271,-1.227,0.197,-0.658,0.000,117,E,0,,,,6822,52.81,0
26,294.035,"Mount",0.638,-0.031,0.123,0.638,0.009,0.447,2,W,64,S,,,5735,48.83,0
27,303.083,"Mount",0.599,0.317,-0.226,0.597,0.095,0.418,17,W,60,S,,,6478,51.79,0
28,312.036,"Mount",0.635,0.778,-0.678,0.630,-0.383,0.441,68,E,64,S,,,6676,52.05,0
29,320.829,"Mount",-0.122,0.424,-0.437,-0.124,-0.227,0.000,40,E,0,,,,6333,51.11,0
30,333.029,"Mount",0.310,0.491,-0.440,0.308,-0.172,0.215,31,E,31,S,,,7335,54.99,0
31,341.797,"Mount",0.295,-0.063,0.105,0.295,0.001,0.000,0,,0,,,,6233,51.25,0
32,351.014,"Mount",0.321,0.394,-0.343,0.319,-0.141,0.223,25,E,32,S,,,5826,49.28,0
33,360.078,"Mount",0.778,0.477,-0.359,0.775,-0.225,0.542,40,E,78,S,,,6373,51.37,0
34,368.970,"Mount",0.314,0.270,-0.221,0.312,0.048,0.219,9,W,32,S,,,5630,48.11,0
35,377.920,"Mount",0.386,0.390,-0.330,0.384,0.031,0.269,6,W,39,S,,,6809,52.24,0
36,386.826,"Mount",0.087,0.095,-0.081,0.087,0.019,0.000,3,W,0,,,,6261,50.81,0
37,395.794,"Mount",0.177,0.227,-0.199,0.176,0.046,0.000,8,W,0,,,,6153,50.92,0
38,405.019,"Mount",0.345,0.581,-0.524,0.341,-0.304,0.239,54,E,34,S,,,6056,49.75,0
39,414.115,"Mount",1.028,0.593,-0.437,1.024,-0.244,0.717,43,E,103,S,,,5941,49.50,0
40,422.828,"Mount",0.246,-0.239,0.272,0.247,0.032,0.000,6,W,0,,,,6555,52.42,0
41,431.844,"Mount",-0.216,0.381,-0.409,-0.218,-0.195,0.000,35,E,0,,,,6106,49.78,0
42,441.164,"Mount",-0.045,1.001,-0.996,-0.050,-0.623,0.000,111,E,0,,,,6590,51.99,0
43,449.802,"Mount",0.280,0.248,-0.204,0.278,0.022,0.000,4,W,0,,,,6381,50.89,0
44,458.830,"Mount",0.280,0.572,-0.525,0.277,-0.223,0.000,40,E,0,,,,6196,50.84,0
45,468.055,"Mount",0.924,0.392,-0.253,0.922,-0.069,0.645,12,E,93,S,,,6736,52.41,0
46,477.024,"Mount",0.498,-0.547,0.613,0.501,0.380,0.351,67,W,51,S,,,6252,51.07,0
47,485.871,"Mount",0.025,-0.478,0.477,0.028,0.388,0.000,69,W,0,,,,6494,51.51,0
48,495.089,"Mount",1.159,-0.100,0.268,1.160,-0.070,0.812,12,E,117,S,,,6373,51.27,0
49,504.235,"Mount",0.554,-2.254,2.311,0.567,1.417,0.397,252,W,57,S,,,6459,51.13,0
50,512.978,"Mount",0.334,-0.282,0.327,0.336,0.206,0.235,37,W,34,S,,,7025,53.31,0
51,521.819,"Mount",0.047,-0.031,0.037,0.047,-0.180,0.000,32,E,0,,,,6276,50.69,0
52,530.749,"Mount",0.049,-0.209,0.214,0.050,-0.030,0.000,5,E,0,,,,6759,52.35,0
53,540.029,"Mount",0.331,1.294,-1.232,0.324,-0.601,0.227,107,E,33,S,,,6951,52.99,0
54,548.837,"Mount",-0.064,0.240,-0.247,-0.065,-0.274,0.000,49,E,0,,,,6518,51.71,0
55,557.966,"Mount",0.531,0.428,-0.346,0.529,0.036,0.370,6,W,53,S,,,6566,51.94,0
56,566.903,"Mount",0.477,0.393,-0.319,0.475,0.053,0.332,9,W,48,S,,,5799,48.88,0
57,575.904,"Mount",-0.514,1.256,-1.317,-0.522,-0.878,0.000,156,E,0,,,,5890,49.11,0
58,584.905,"Mount",-0.604,1.199,-1.275,-0.611,-0.742,0.000,132,E,0,,,,6069,49.90,0
59,593.986,"Mount",0.608,0.560,-0.465,0.604,-0.288,0.423,51,E,61,S,,,6396,51.29,0
60,602.762,"Mount",-0.129,0.195,-0.212,-0.131,0.047,0.000,8,W,0,,,,6242,50.55,0
61,611.875,"Mount",-0.166,-0.950,0.916,-0.160,0.543,0.000,96,W,0,,,,6788,52.46,0
62,621.196,"Mount",0.616,-2.375,2.439,0.630,1.532,0.441,272,W,64,S,,,6902,53.06,0
63,629.973,"Mount",-0.086,-1.673,1.643,-0.076,1.065,0.000,189,W,0,,,,7113,53.58,0
64,638.941,"Mount",0.555,-0.382,0.459,0.557,0.163,0.390,29,W,56,S,,,6774,52.83,0
65,647.926,"Mount",0.312,0.025,0.020,0.312,-0.095,0.218,17,E,32,S,,,6716,51.95,0
66,656.878,"Mount",0.192,-1.013,1.030,0.198,0.615,0.000,109,W,0,,,,6527,51.23,0
67,665.991,"Mount",0.359,-0.686,0.731,0.363,0.430,0.254,76,W,37,S,,,6142,50.16,0
68,675.071,"Mount",0.916,-0.715,0.841,0.920,0.377,0.644,67,W,93,S,,,6588,52.22,0
69,683.879,"Mount",0.223,-1.080,1.101,0.230,0.690,0.000,123,W,0,,,,6764,52.22,0
70,692.800,"Mount",-0.340,-0.186,0.135,-0.339,-0.057,0.000,10,E,0,,,,6320,50.86,0
71,701.913,"Mount",0.354,-0.188,0.237,0.355,-0.196,0.249,35,E,36,S,,,6023,49.76,0
72,710.961,"Mount",0.461,0.203,-0.133,0.459,-0.157,0.322,28,E,46,S,,,5885,49.07,0
73,719.785,"Mount",-0.226,-0.120,0.086,-0.225,-0.185,0.000,33,E,0,,,,6035,49.49,0
74,728.700,"Mount",0.055,-0.096,0.103,0.056,0.015,0.000,3,W,0,,,,6502,51.36,0
75,737.961,"Mount",0.472,0.250,-0.178,0.470,0.119,0.329,21,W,48,S,,,6156,50.36,0
76,746.801,"Mount",0.258,1.053,-1.004,0.252,-0.513,0.000,91,E,0,,,,6773,53.04,0
77,755.881,"Mount",0.193,1.150,-1.109,0.186,-0.619,0.000,110,E,0,,,,6160,50.24,0
78,765.040,"Mount",0.562,1.258,-1.162,0.554,-0.641,0.388,114,E,56,S,,,6606,52.29,0
79,773.992,"Mount",0.319,1.196,-1.137,0.312,-0.655,0.218,116,E,32,S,,,6609,51.95,0
80,782.975,"Mount",0.144,2.190,-2.145,0.131,-1.226,0.000,218,E,0,,,,6358,51.21,0
81,791.947,"Mount",0.567,0.431,-0.343,0.565,-0.155,0.395,28,E,57,S,,,6275,50.74,0
82,800.691,"Mount",-0.208,0.369,-0.396,-0.210,-0.033,0.000,6,E,0,,,,6384,51.01,0
83,809.877,"Mount",0.326,-0.041,0.089,0.326,0.076,0.228,14,W,33,S,,,6865,53.12,0
84,818.855,"Mount",0.169,1.513,-1.473,0.160,-0.734,0.000,130,E,0,,,,5955,49.72,0
85,827.828,"Mount",0.146,1.299,-1.264,0.138,-0.654,0.000,116,E,0,,,,6257,50.79,0
86,836.955,"Mount",0.876,0.921,-0.783,0.871,-0.338,0.609,60,E,88,S,,,6281,51.22,0
87,845.715,"Mount",0.160,0.359,-0.332,0.158,-0.100,0.000,18,E,0,,,,6181,50.36,0
88,854.890,"Mount",1.314,0.200,-0.006,1.313,0.014,0.919,2,W,133,S,,,6514,52.20,0
89,863.954,"Mount",0.321,-0.612,0.652,0.325,0.485,0.228,86,W,33,S,,,6953,53.61,0
90,872.722,"Mount",0.150,0.490,-0.462,0.148,-0.159,0.000,28,E,0,,,,6446,52.04,0
91,881.888,"Mount",0.367,0.432,-0.374,0.364,-0.263,0.255,47,E,37,S,,,6539,51.44,0
92,891.030,"Mount",1.272,-0.768,0.945,1.276,0.681,0.894,121,W,129,S,,,6733,52.77,0
93,899.741,"Mount",0.299,-0.077,0.120,0.299,0.166,0.000,30,W,0,,,,6980,53.27,0
94,909.061,"Mount",0.557,1.465,-1.368,0.549,-0.991,0.384,176,E,55,S,,,6456,51.59,0
95,917.772,"Mount",0.008,0.790,-0.781,0.004,-0.515,0.000,91,E,0,,,,6575,51.76,0
96,926.820,"Mount",-0.126,1.460,-1.463,-0.135,-0.697,0.000,124,E,0,,,,6877,52.92,0
97,935.914,"Mount",0.602,0.688,-0.593,0.598,-0.435,0.419,77,E,60,S,,,6654,52.17,0
98,944.737,"Mount",-0.043,0.246,-0.250,-0.044,0.182,0.000,32,W,0,,,,5711,48.47,0
99,953.960,"Mount",0.081,2.591,-2.552,0.066,-1.530,0.000,272,E,0,,,,7666,56.03,0
100,963.022,"Mount",0.909,1.139,-0.994,0.903,-0.723,0.632,128,E,91,S,,,6927,53.74,0
101,971.734,"Mount",-0.038,-0.263,0.254,-0.037,0.281,0.000,50,W,0,,,,7048,53.25,0
102,981.181,"Mount",1.075,-2.316,2.448,1.089,1.619,0.762,288,W,110,S,,,6928,52.60,0
103,990.179,"Mount",0.788,-2.221,2.312,0.801,1.556,0.561,276,W,81,S,,,6928,52.11,0
104,998.699,"Mount",-0.068,0.510,-0.515,-0.071,-0.342,0.000,61,E,0,,,,6405,51.45,0
105,1007.681,"Mount",-0.824,-0.015,-0.105,-0.823,-0.219,0.000,39,E,0,,,,6369,50.46,0
106,1016.745,"Mount",-0.001,-0.810,0.802,0.003,0.628,0.000,112,W,0,,,,6565,52.37,0
107,1025.667,"Mount",-0.458,0.086,-0.151,-0.458,0.051,0.000,9,W,0,,,,6404,50.97,0
108,1034.710,"Mount",-0.007,0.001,-0.002,-0.007,-0.306,0.000,54,E,0,,,,6458,51.34,0
109,1044.077,"Mount",0.790,-0.865,0.971,0.795,0.792,0.556,141,W,80,S,,,6914,52.99,0
110,1052.821,"Mount",0.697,0.366,-0.260,0.695,0.162,0.486,29,W,70,S,,,5976,50.03,0
111,1061.772,"Mount",-0.011,0.823,-0.816,-0.016,-0.518,0.000,92,E,0,,,,5659,48.45,0
112,1070.866,"Mount",0.697,0.561,-0.453,0.694,-0.260,0.486,46,E,70,S,,,5476,47.89,0
113,1079.706,"Mount",0.281,0.496,-0.450,0.278,-0.264,0.000,47,E,0,,,,6021,49.97,0
114,1088.928,"Mount",0.528,-1.032,1.098,0.534,0.618,0.374,110,W,54,S,,,5686,48.26,0
115,1097.735,"Mount",0.242,-0.821,0.848,0.247,0.436,0.000,77,W,0,,,,5672,48.46,0
116,1106.898,"Mount",0.761,-0.347,0.454,0.763,0.379,0.534,67,W,77,S,,,6147,51.10,0
117,1115.717,"Mount",0.092,-0.407,0.416,0.094,0.528,0.000,94,W,0,,,,6013,49.86,0
118,1124.780,"Mount",0.311,0.148,-0.101,0.310,0.102,0.217,18,W,31,S,,,5569,47.84,0
119,1133.604,"Mount",-0.248,0.211,-0.245,-0.250,-0.022,0.000,4,E,0,,,,5576,48.10,0
120,1142.828,"Mount",0.412,0.253,-0.190,0.410,-0.152,0.287,27,E,41,S,,,5731,49.30,0
121,1151.841,"Mount",0.439,-0.901,0.955,0.444,0.438,0.311,78,W,45,S,,,6099,50.28,0
122,1161.129,"Mount",2.008,-1.649,1.924,2.017,1.245,1.412,221,W,204,S,,,5860,49.37,0
123,1169.744,"Mount",-0.216,-0.915,0.874,-0.210,0.564,0.000,100,W,0,,,,6105,50.16,0
124,1178.631,"Mount",0.275,-0.365,0.401,0.277,0.107,0.000,19,W,0,,,,6301,50.98,0
125,1187.630,"Mount",-0.023,-0.088,0.083,-0.023,-0.179,0.000,32,E,0,,,,5947,49.68,0
126,1196.741,"Mount",-0.585,1.242,-1.314,-0.592,-0.913,0.000,162,E,0,,,,5675,48.34,0
127,1205.614,"Mount",-0.416,0.111,-0.170,-0.416,-0.023,0.000,4,E,0,,,,5870,48.98,0
128,1214.643,"Mount",-0.386,0.489,-0.540,-0.389,-0.268,0.000,48,E,0,,,,5627,48.07,0
129,1223.679,"Mount",0.209,0.539,-0.503,0.206,-0.462,0.000,82,E,0,,,,5781,48.96,0
130,1232.690,"Mount",0.213,0.659,-0.621,0.209,-0.487,0.000,86,E,0,,,,5807,48.88,0
131,1244.719,"Mount",0.907,1.093,-0.949,0.901,-0.606,0.000,108,E,0,,,,5428,47.64,0
132,1253.694,"Mount",0.948,1.015,-0.866,0.942,-0.521,0.000,92,E,0,,,,5787,49.52,0
133,1262.773,"Mount",1.024,0.301,-0.148,1.022,-0.037,0.715,7,E,103,S,,,5660,49.01,0
134,1271.900,"Mount",0.806,0.863,-0.737,0.801,-0.490,0.561,87,E,81,S,,,6251,51.18,0
135,1280.900,"Mount",0.605,0.800,-0.703,0.600,-0.491,0.420,87,E,61,S,,,5564,48.12,0
136,1289.836,"Mount",0.520,0.665,-0.583,0.516,-0.353,0.361,63,E,52,S,,,6140,50.66,0
137,1298.552,"Mount",0.132,0.079,-0.059,0.132,0.053,0.000,9,W,0,,,,5894,49.46,0
138,1307.738,"Mount",0.456,0.181,-0.112,0.455,0.027,0.319,5,W,46,S,,,5777,48.45,0
139,1316.707,"Mount",0.354,0.352,-0.297,0.352,-0.042,0.246,7,E,36,S,,,6034,50.12,0
140,1325.864,"Mount",0.467,0.853,-0.776,0.462,-0.515,0.323,92,E,47,S,,,5624,48.17,0
141,1334.816,"Mount",0.677,0.721,-0.615,0.673,-0.339,0.471,60,E,68,S,,,6646,53.10,0
142,1343.643,"Mount",-0.255,-0.682,0.637,-0.251,0.330,0.000,59,W,0,,,,5656,48.54,0
143,1352.687,"Mount",0.143,-0.821,0.833,0.148,0.430,0.000,76,W,0,,,,5437,47.79,0
144,1361.654,"Mount",0.175,-0.331,0.353,0.177,0.233,0.000,41,W,0,,,,5731,48.63,0
145,1370.750,"Mount",0.397,0.161,-0.102,0.396,-0.079,0.277,14,E,40,S,,,6327,51.12,0
146,1379.798,"Mount",0.570,0.429,-0.342,0.568,-0.191,0.398,34,E,57,S,,,5633,48.75,0
147,1388.749,"Mount",0.453,-0.190,0.254,0.454,0.127,0.318,23,W,46,S,,,5848,49.27,0
148,1397.589,"Mount",0.192,0.412,-0.380,0.189,-0.193,0.000,34,E,0,,,,6239,51.10,0
149,1406.812,"Mount",0.411,0.779,-0.711,0.406,-0.410,0.284,73,E,41,S,,,5506,47.74,0
150,1415.604,"Mount",0.290,0.812,-0.761,0.285,-0.140,0.000,25,E,0,,,,5874,49.03,0
151,1424.811,"Mount",0.898,0.983,-0.842,0.893,-0.427,0.625,76,E,90,S,,,5789,49.02,0
152,1433.810,"Mount",0.473,0.505,-0.430,0.470,-0.355,0.329,63,E,47,S,,,5732,48.91,0
153,1442.505,"Mount",-0.163,-0.326,0.298,-0.161,-0.042,0.000,7,E,0,,,,5718,48.41,0
154,1451.840,"Mount",0.891,-0.540,0.664,0.894,0.197,0.626,35,W,90,S,,,5733,48.67,0
155,1461.031,"Mount",1.200,-1.818,1.974,1.210,1.178,0.847,209,W,122,S,,,5967,49.14,0
156,1469.583,"Mount",-0.325,-0.154,0.105,-0.324,0.162,0.000,29,W,0,,,,6099,49.59,0
157,1478.630,"Mount",-0.045,0.482,-0.483,-0.048,-0.482,0.000,86,E,0,,,,6014,49.39,0
158,1487.710,"Mount",-0.200,0.656,-0.678,-0.204,-0.632,0.000,112,E,0,,,,6575,52.41,0
159,1496.632,"Mount",-0.291,0.458,-0.495,-0.293,-0.504,0.000,89,E,0,,,,6190,50.31,0
160,1505.645,"Mount",-0.087,0.324,-0.334,-0.089,-0.322,0.000,57,E,0,,,,6287,51.27,0
161,1514.645,"Mount",0.306,-0.134,0.177,0.307,0.001,0.215,0,,31,S,,,6364,51.81,0
162,1523.598,"Mount",-0.277,0.043,-0.083,-0.277,0.263,0.000,47,W,0,,,,5762,49.11,0
163,1532.757,"Mount",0.563,1.278,-1.182,0.556,-0.321,0.389,57,E,56,S,,,5493,47.63,0
164,1541.837,"Mount",0.666,1.401,-1.289,0.658,-0.579,0.461,103,E,66,S,,,5834,49.27,0
165,1550.629,"Mount",-0.419,0.748,-0.801,-0.423,-0.518,0.000,92,E,0,,,,5873,49.58,0
166,1559.644,"Mount",-0.208,0.851,-0.872,-0.213,-0.595,0.000,106,E,0,,,,6056,50.08,0
167,1568.804,"Mount",0.971,-0.401,0.538,0.973,0.410,0.681,73,W,98,S,,,6364,51.37,0
168,1578.030,"Mount",1.110,-1.918,2.059,1.121,1.441,0.785,256,W,113,S,,,6734,52.14,0
169,1586.611,"Mount",-0.102,-0.780,0.757,-0.097,0.700,0.000,124,W,0,,,,6657,52.40,0
170,1595.658,"Mount",0.140,-1.206,1.214,0.147,0.741,0.000,132,W,0,,,,5859,49.18,0
171,1604.514,"Mount",-0.198,0.504,-0.527,-0.201,-0.211,0.000,38,E,0,,,,5706,48.29,0
172,1613.594,"Mount",-0.699,0.461,-0.558,-0.702,-0.544,0.000,97,E,0,,,,6056,50.19,0
173,1622.578,"Mount",-0.138,-0.686,0.659,-0.134,0.234,0.000,41,W,0,,,,6155,50.24,0
174,1631.769,"Mount",0.588,-0.132,0.217,0.589,0.056,0.412,10,W,60,S,,,5684,48.43,0
175,1640.625,"Mount",0.196,-1.269,1.284,0.204,0.697,0.000,124,W,0,,,,6232,50.58,0
176,1649.656,"Mount",0.814,0.044,0.075,0.814,-0.027,0.570,5,E,82,S,,,6179,50.79,0
177,1658.672,"Mount",-2.502,0.256,-0.618,-2.504,-0.438,0.000,78,E,0,,,,7068,53.32,0
178,1667.608,"Mount",-1.896,0.338,-0.611,-1.898,-0.574,0.000,102,E,0,,,,6316,50.66,0
179,1676.559,"Mount",-0.722,0.147,-0.250,-0.723,-0.275,0.000,49,E,0,,,,6634,52.06,0
180,1685.847,"Mount",-1.420,0.245,-0.449,-1.421,-0.324,-0.995,58,E,144,N,,,6536,51.65,0
181,1694.590,"Mount",-0.144,-0.511,0.485,-0.141,0.414,0.000,73,W,0,,,,6827,52.63,0
182,1703.424,"Mount",-0.187,-0.032,0.005,-0.187,0.001,0.000,0,,0,,,,6388,51.06,0
183,1712.466,"Mount",0.280,-0.353,0.390,0.282,0.026,0.000,5,W,0,,,,7102,54.28,0
184,1721.461,"Mount",0.555,0.035,0.046,0.555,-0.051,0.000,9,E,0,,,,6760,52.30,0
185,1730.524,"Mount",0.065,0.345,-0.332,0.063,-0.124,0.000,22,E,0,,,,6056,49.91,0
186,1739.604,"Mount",0.931,1.120,-0.972,0.925,-0.650,0.000,115,E,0,,,,6716,52.83,0
187,1748.603,"Mount",1.242,0.804,-0.615,1.237,-0.437,0.000,78,E,0,,,,6880,53.99,0
188,1757.538,"Mount",1.771,0.444,-0.181,1.768,0.227,0.000,40,W,0,,,,6506,52.06,0
189,1766.841,"Mount",1.594,0.372,-0.136,1.592,-0.152,1.114,27,E,161,S,,,6451,52.10,0
190,1775.761,"Mount",0.996,0.099,0.048,0.996,-0.230,0.697,41,E,101,S,,,6528,51.54,0
191,1784.744,"Mount",0.967,0.262,-0.118,0.965,-0.081,0.676,14,E,98,S,,,7574,55.73,0
192,1793.731,"Mount",0.089,0.450,-0.432,0.086,-0.344,0.000,61,E,0,,,,6951,53.35,0
193,1802.759,"Mount",0.974,-0.326,0.464,0.976,-0.076,0.683,13,E,99,S,,,7015,53.94,0
194,1811.822,"Mount",0.942,-0.719,0.848,0.946,0.677,0.662,120,W,96,S,,,6352,51.20,0
195,1820.631,"Mount",-0.299,-0.158,0.113,-0.298,0.601,0.000,107,W,0,,,,7051,53.33,0
196,1829.629,"Mount",-0.475,1.260,-1.316,-0.482,-0.764,0.000,136,E,0,,,,7118,53.95,0
197,1838.533,"Mount",-0.471,-0.286,0.214,-0.470,-0.090,0.000,16,E,0,,,,6781,52.57,0
198,1847.500,"Mount",0.147,-0.232,0.251,0.148,0.085,0.000,15,W,0,,,,6923,52.91,0
199,1856.725,"Mount",0.968,0.046,0.096,0.967,0.133,0.677,24,W,98,S,,,7054,53.75,0
200,1865.549,"Mount",0.046,0.653,-0.640,0.042,-0.270,0.000,48,E,0,,,,6442,51.58,0
201,1874.532,"Mount",-0.382,0.701,-0.749,-0.387,-0.568,0.000,101,E,0,,,,6588,52.09,0
202,1883.819,"Mount",0.338,1.039,-0.979,0.332,-0.695,0.233,123,E,34,S,,,7254,54.79,0
203,1892.583,"Mount",-0.018,0.660,-0.655,-0.021,-0.448,0.000,80,E,0,,,,6056,49.72,0
204,1901.691,"Mount",0.529,-0.242,0.316,0.530,0.063,0.371,11,W,54,S,,,6781,53.08,0
205,1910.706,"Mount",0.803,0.164,-0.045,0.802,0.043,0.562,8,W,81,S,,,7040,53.74,0
206,1919.514,"Mount",-0.198,0.647,-0.669,-0.202,-0.459,0.000,81,E,0,,,,7388,54.42,0
207,1928.506,"Mount",-0.401,0.219,-0.275,-0.402,-0.078,0.000,14,E,0,,,,6888,53.35,0
208,1937.770,"Mount",0.903,-0.886,1.008,0.908,0.661,0.636,117,W,92,S,,,6818,52.66,0
209,1946.880,"Mount",0.872,-1.454,1.566,0.881,1.170,0.616,208,W,89,S,,,6847,52.87,0
210,1955.448,"Mount",-0.657,-0.369,0.269,-0.655,0.086,0.000,15,W,0,,,,6740,51.83,0
211,1964.656,"Mount",-0.763,1.102,-1.202,-0.769,-0.763,0.000,136,E,0,,,,6945,53.32,0
212,1973.527,"Mount",-0.215,0.647,-0.672,-0.219,-0.640,0.000,114,E,0,,,,7040,53.65,0
213,1982.482,"Mount",0.138,0.279,-0.256,0.136,-0.107,0.000,19,E,0,,,,7095,54.16,0
214,1991.510,"Mount",0.134,0.570,-0.544,0.131,-0.337,0.000,60,E,0,,,,6794,53.25,0
215,2000.461,"Mount",0.184,0.311,-0.281,0.182,-0.188,0.000,33,E,0,,,,6832,52.89,0
216,2009.524,"Mount",-0.007,1.041,-1.031,-0.013,-0.746,0.000,132,E,0,,,,6160,50.28,0
217,2018.572,"Mount",0.195,1.276,-1.234,0.187,-0.845,0.000,150,E,0,,,,7822,56.66,0
218,2027.795,"Mount",1.062,0.823,-0.659,1.058,-0.396,0.740,70,E,107,S,,,6547,51.91,0
219,2036.635,"Mount",0.468,0.039,0.030,0.468,0.105,0.328,19,W,47,S,,,6401,51.28,0
220,2045.496,"Mount",-0.222,0.708,-0.733,-0.227,-0.511,0.000,91,E,0,,,,7400,55.17,0
221,2054.634,"Mount",0.553,-0.542,0.617,0.557,0.309,0.390,55,W,56,S,,,6372,50.58,0
222,2063.713,"Mount",0.894,-0.739,0.862,0.898,0.553,0.629,98,W,91,S,,,6689,51.73,0
223,2072.393,"Mount",-0.220,-0.271,0.236,-0.218,-0.031,0.000,6,E,0,,,,7425,54.84,0
224,2081.441,"Mount",-0.561,-0.732,0.642,-0.556,0.202,0.000,36,W,0,,,,7035,53.50,0
225,2090.743,"Mount",0.740,-0.838,0.937,0.745,0.692,0.522,123,W,75,S,,,6156,50.73,0
226,2099.762,"Mount",0.780,-0.737,0.843,0.784,0.633,0.549,112,W,79,S,,,6476,51.78,0
227,2108.502,"Mount",-0.561,-0.596,0.508,-0.558,0.456,0.000,81,W,0,,,,6455,51.16,0
228,2117.517,"Mount",-0.019,-1.226,1.210,-0.012,0.905,0.000,161,W,0,,,,6502,51.21,0
229,2126.756,"Mount",0.320,-1.887,1.913,0.331,1.269,0.232,225,W,33,S,,,7371,54.63,0
230,2135.500,"Mount",-0.232,-0.936,0.892,-0.227,0.659,0.000,117,W,0,,,,7405,54.43,0
231,2144.420,"Mount",-0.470,0.118,-0.185,-0.470,-0.064,0.000,11,E,0,,,,7252,54.67,0
232,2153.434,"Mount",-0.130,0.558,-0.571,-0.133,-0.388,0.000,69,E,0,,,,6682,52.34,0
233,2162.481,"Mount",-0.152,0.898,-0.911,-0.158,-0.575,0.000,102,E,0,,,,6887,53.03,0
234,2171.592,"Mount",0.424,0.444,-0.378,0.421,-0.285,0.295,51,E,43,S,,,6457,51.71,0
235,2180.464,"Mount",0.045,0.650,-0.636,0.041,-0.240,0.000,43,E,0,,,,6265,50.79,0
236,2189.591,"Mount",-0.044,2.008,-1.993,-0.056,-1.357,0.000,241,E,0,,,,6844,53.18,0
237,2198.672,"Mount",-0.340,1.821,-1.851,-0.350,-1.441,0.000,256,E,0,,,,7124,54.01,0
238,2207.641,"Mount",0.418,0.757,-0.688,0.414,-0.601,0.290,107,E,42,S,,,6666,52.57,0
239,2216.637,"Mount",1.097,0.452,-0.287,1.095,-0.173,0.766,31,E,111,S,,,6901,53.40,0
240,2225.476,"Mount",-0.518,0.297,-0.370,-0.520,-0.231,0.000,41,E,0,,,,6396,51.15,0
241,2234.428,"Mount",0.131,0.495,-0.470,0.128,-0.339,0.000,60,E,0,,,,7655,55.98,0
242,2243.588,"Mount",0.462,0.341,-0.270,0.460,-0.213,0.322,38,E,46,S,,,6771,52.67,0
243,2252.538,"Mount",0.353,-0.167,0.216,0.354,-0.090,0.248,16,E,36,S,,,6725,53.09,0
244,2261.393,"Mount",0.165,0.097,-0.072,0.165,-0.092,0.000,16,E,0,,,,6824,53.37,0
245,2270.841,"Mount",-0.063,-0.335,0.322,-0.061,0.174,0.000,31,W,0,,,,7172,53.89,0
246,2279.569,"Mount",0.526,-0.164,0.239,0.526,0.130,0.369,23,W,53,S,,,6659,52.30,0
247,2288.568,"Mount",0.592,0.176,-0.088,0.591,0.092,0.414,16,W,60,S,,,6545,51.70,0
248,2297.343,"Mount",-0.157,-0.228,0.203,-0.155,0.052,0.000,9,W,0,,,,7101,54.21,0
249,2306.582,"Mount",0.568,-0.322,0.401,0.570,0.235,0.399,42,W,58,S,,,6182,50.63,0
250,2315.384,"Mount",0.064,0.271,-0.259,0.062,-0.058,0.000,10,E,0,,,,6401,51.23,0
251,2324.388,"Mount",0.205,0.260,-0.227,0.203,-0.061,0.000,11,E,0,,,,6571,51.90,0
252,2333.595,"Mount",0.723,-0.272,0.374,0.725,0.213,0.507,38,W,73,S,,,6611,52.56,0
253,2342.427,"Mount",-0.013,0.648,-0.643,-0.016,-0.620,0.000,110,E,0,,,,6758,52.53,0
254,2351.514,"Mount",0.557,0.457,-0.371,0.554,-0.233,0.388,41,E,56,S,,,6365,50.63,0
255,2360.401,"Mount",0.050,0.696,-0.682,0.046,-0.256,0.000,45,E,0,,,,6851,52.87,0
256,2369.736,"Mount",0.612,1.425,-1.321,0.604,-0.940,0.423,167,E,61,S,,,6609,52.11,0
257,2378.574,"Mount",0.422,0.885,-0.814,0.417,-0.500,0.292,89,E,42,S,,,6619,52.29,0
258,2387.415,"Mount",0.235,0.380,-0.342,0.233,-0.224,0.000,40,E,0,,,,6618,51.89,0
259,2396.382,"Mount",0.199,0.399,-0.365,0.197,-0.207,0.000,37,E,0,,,,6091,50.10,0
260,2405.573,"Mount",0.517,-0.084,0.158,0.518,-0.097,0.362,17,E,52,S,,,6990,53.58,0
261,2414.764,"Mount",1.025,-1.501,1.634,1.033,0.972,0.723,173,W,104,S,,,6605,51.73,0
262,2423.539,"Mount",0.131,-1.787,1.787,0.141,1.150,0.000,204,W,0,,,,6558,50.97,0
263,2438.309,"Mount",-0.201,0.173,-0.201,-0.202,0.098,0.000,17,W,0,,,,6042,49.46,0
264,2447.328,"Mount",0.030,0.009,-0.005,0.030,-0.081,0.000,14,E,0,,,,7083,53.71,0
265,2456.293,"Mount",-0.037,-0.071,0.064,-0.037,-0.010,0.000,2,E,0,,,,6603,51.75,0
266,2465.308,"Mount",0.236,0.360,-0.322,0.234,0.011,0.000,2,W,0,,,,6678,52.00,0
267,2474.547,"Mount",0.750,0.776,-0.659,0.746,-0.335,0.522,59,E,75,S,,,6478,52.03,0
268,2483.578,"Mount",1.253,0.010,0.173,1.253,0.102,0.877,18,W,127,S,,,6713,53.16,0
269,2492.322,"Mount",-0.090,0.180,-0.191,-0.091,0.214,0.000,38,W,0,,,,6643,51.79,0
270,2501.369,"Mount",-0.103,0.579,-0.588,-0.106,-0.332,0.000,59,E,0,,,,6556,51.90,0
271,2510.592,"Mount",0.443,0.532,-0.462,0.440,-0.493,0.308,88,E,44,S,,,6437,51.44,0
272,2519.336,"Mount",0.080,0.228,-0.214,0.079,-0.094,0.000,17,E,0,,,,6647,52.03,0
273,2528.607,"Mount",0.855,-0.949,1.063,0.860,0.617,0.602,110,W,87,S,,,6555,52.10,0
274,2537.527,"Mount",0.267,-2.084,2.100,0.279,1.231,0.000,219,W,0,,,,6006,49.48,0
275,2546.638,"Mount",0.874,-1.136,1.252,0.881,0.734,0.616,130,W,89,S,,,6389,51.44,0
276,2555.669,"Mount",0.468,-1.330,1.384,0.476,0.786,0.333,140,W,48,S,,,6660,52.01,0
277,2564.257,"Mount",0.268,0.109,-0.069,0.267,0.041,0.000,7,W,0,,,,6558,51.63,0
278,2573.301,"Mount",-0.176,-0.088,0.061,-0.176,0.063,0.000,11,W,0,,,,7010,53.54,0
279,2582.363,"Mount",0.089,-0.335,0.345,0.091,0.307,0.000,55,W,0,,,,6769,52.12,0
280,2591.358,"Mount",0.047,-0.066,0.073,0.048,0.112,0.000,20,W,0,,,,6436,51.57,0
281,2600.522,"Mount",1.108,-0.099,0.260,1.109,-0.122,0.776,22,E,112,S,,,6450,51.68,0
282,2609.410,"Mount",0.387,-0.050,0.106,0.388,-0.027,0.271,5,E,39,S,,,6841,53.14,0
283,2618.254,"Mount",0.150,-0.136,0.156,0.151,0.035,0.000,6,W,0,,,,6881,52.71,0
284,2627.554,"Mount",0.502,1.158,-1.072,0.495,-0.704,0.347,125,E,50,S,,,6278,50.45,0
285,2636.376,"Mount",0.032,0.666,-0.654,0.028,-0.482,0.000,86,E,0,,,,6834,53.01,0
286,2645.440,"Mount",0.373,0.178,-0.122,0.372,-0.165,0.260,29,E,38,S,,,6712,51.92,0
287,2654.221,"Mount",0.010,-0.167,0.167,0.011,-0.053,0.000,9,E,0,,,,6944,53.35,0
288,2663.359,"Mount",0.250,0.790,-0.745,0.246,-0.576,0.000,102,E,0,,,,6280,51.18,0
289,2672.518,"Mount",0.874,0.430,-0.298,0.872,-0.194,0.610,34,E,88,S,,,6157,50.42,0
290,2681.533,"Mount",1.004,0.526,-0.374,1.001,-0.209,0.701,37,E,101,S,,,6155,50.67,0
291,2690.229,"Mount",0.298,-0.051,0.094,0.299,0.039,0.000,7,W,0,,,,6146,49.76,0
292,2699.356,"Mount",-0.188,1.167,-1.182,-0.195,-0.756,0.000,134,E,0,,,,6574,51.80,0
293,2708.291,"Mount",0.005,0.608,-0.601,0.002,-0.250,0.000,44,E,0,,,,6573,51.62,0
294,2717.514,"Mount",0.847,0.475,-0.346,0.844,-0.155,0.591,28,E,85,S,,,6428,51.16,0
295,2726.401,"Mount",0.606,-0.188,0.274,0.607,0.024,0.425,4,W,61,S,,,6847,52.88,0
296,2735.288,"Mount",-0.007,0.637,-0.631,-0.010,-0.359,0.000,64,E,0,,,,7016,53.33,0
297,2744.350,"Mount",-0.222,1.023,-1.044,-0.228,-0.611,0.000,109,E,0,,,,6433,50.71,0
298,2753.272,"Mount",0.274,0.403,-0.358,0.272,-0.249,0.000,44,E,0,,,,6516,51.52,0
299,2762.512,"Mount",0.342,0.764,-0.706,0.337,-0.590,0.236,105,E,34,S,,,6607,52.20,0
300,2771.496,"Mount",1.052,-0.146,0.298,1.053,-0.115,0.737,20,E,106,S,,,6507,51.88,0
301,2780.415,"Mount",0.323,-0.081,0.127,0.323,-0.076,0.226,13,E,33,S,,,6739,52.66,0
302,2789.462,"Mount",0.479,-0.388,0.454,0.481,0.175,0.337,31,W,49,S,,,6724,52.48,0
303,2798.398,"Mount",0.335,-0.105,0.153,0.336,-0.079,0.235,14,E,34,S,,,6639,51.84,0
304,2807.307,"Mount",-0.000,-0.502,0.497,0.003,0.305,0.000,54,W,0,,,,6228,50.47,0
305,2816.478,"Mount",0.337,-0.312,0.358,0.339,0.403,0.237,72,W,34,S,,,6645,51.93,0
306,2825.478,"Mount",0.452,-0.334,0.396,0.454,0.201,0.318,36,W,46,S,,,7019,53.81,0
307,2834.285,"Mount",-0.510,0.316,-0.387,-0.512,-0.266,0.000,47,E,0,,,,6558,51.86,0
308,2843.332,"Mount",-0.438,0.871,-0.926,-0.443,-0.619,0.000,110,E,0,,,,6872,53.22,0
309,2852.173,"Mount",0.166,0.131,-0.106,0.165,0.034,0.000,6,W,0,,,,6164,50.31,0
310,2861.331,"Mount",0.349,-0.053,0.103,0.349,-0.000,0.244,0,,35,S,,,6805,52.81,0
311,2870.283,"Mount",0.128,0.432,-0.409,0.126,-0.294,0.000,52,E,0,,,,6432,51.44,0
312,2879.634,"Mount",1.404,0.558,-0.347,1.400,-0.300,0.980,53,E,141,S,,,6184,50.88,0
INFO: SET LOCK POSITION, new lock pos = 1165.947, 632.695
INFO: DITHER by -1.995, 0.254, new lock pos = 1165.908, 634.706
INFO: SETTLING STATE CHANGE, Settling started
313,2888.730,"Mount",0.039,-2.011,1.995,-0.254,1.995,-0.254,354,W,37,N,,,6220,51.02,0
INFO: SETTLING STATE CHANGE, Settling complete
314,2897.297,"Mount",1.725,-0.796,1.039,1.729,0.655,0.000,116,W,0,,,,5807,49.20,0
315,2906.329,"Mount",2.025,-0.886,1.172,2.030,0.738,0.000,131,W,0,,,,6398,51.75,0
316,2915.472,"Mount",1.745,0.132,0.124,1.745,0.040,1.221,7,W,176,S,,,6159,50.51,0
317,2924.711,"Mount",0.783,0.891,-0.767,0.778,-0.511,0.545,91,E,79,S,,,5646,48.63,0
318,2933.286,"Mount",-0.004,0.153,-0.152,-0.005,-0.135,0.000,24,E,0,,,,5658,48.78,0
319,2942.247,"Mount",0.063,0.542,-0.527,0.060,-0.295,0.000,52,E,0,,,,5718,48.59,0
320,2951.342,"Mount",0.365,0.218,-0.162,0.364,0.010,0.255,2,W,37,S,,,5373,47.77,0
321,2960.218,"Mount",-0.246,0.282,-0.315,-0.248,-0.114,0.000,20,E,0,,,,5573,48.14,0
322,2969.234,"Mount",0.178,0.265,-0.236,0.177,-0.107,0.000,19,E,0,,,,5821,49.26,0
323,2978.565,"Mount",0.402,1.102,-1.032,0.395,-0.626,0.277,111,E,40,S,,,6396,51.71,0
324,2987.244,"Mount",0.173,0.625,-0.593,0.170,-0.270,0.000,48,E,0,,,,6213,50.70,0
325,2996.243,"Mount",0.243,0.190,-0.152,0.242,0.113,0.000,20,W,0,,,,5954,50.35,0
326,3005.402,"Mount",0.548,-0.521,0.595,0.551,0.391,0.386,69,W,56,S,,,5771,49.14,0
327,3014.275,"Mount",0.144,-0.629,0.644,0.147,0.409,0.000,73,W,0,,,,5836,48.93,0
328,3023.529,"Mount",0.686,-1.030,1.119,0.692,0.759,0.484,135,W,70,S,,,6412,51.42,0
329,3032.465,"Mount",0.856,-0.548,0.667,0.859,0.405,0.601,72,W,87,S,,,5871,49.27,0
330,3041.448,"Mount",0.705,-0.089,0.191,0.706,-0.107,0.494,19,E,71,S,,,6054,50.03,0
331,3050.399,"Mount",-0.038,-2.182,2.153,-0.025,1.235,0.000,219,W,0,,,,5894,49.10,0
332,3059.223,"Mount",-0.378,-0.124,0.068,-0.377,0.094,0.000,17,W,0,,,,6012,49.91,0
333,3068.461,"Mount",0.778,-0.691,0.797,0.782,0.387,0.547,69,W,79,S,,,6019,49.90,0
334,3077.317,"Mount",0.070,-1.447,1.441,0.078,0.778,0.000,138,W,0,,,,6103,50.00,0
335,3086.364,"Mount",-0.091,-1.208,1.182,-0.084,0.769,0.000,137,W,0,,,,6589,51.84,0
336,3095.124,"Mount",-0.064,-0.054,0.044,-0.064,0.040,0.000,7,W,0,,,,5868,49.30,0
337,3104.203,"Mount",0.071,0.172,-0.160,0.070,0.154,0.000,27,W,0,,,,5949,49.49,0
338,3113.201,"Mount",0.248,-0.091,0.126,0.248,-0.006,0.000,1,E,0,,,,5838,49.52,0
339,3122.264,"Mount",0.191,1.099,-1.059,0.185,-0.743,0.000,132,E,0,,,,6304,51.03,0
340,3131.359,"Mount",0.472,0.392,-0.319,0.470,-0.119,0.329,21,E,47,S,,,5769,49.53,0
341,3140.167,"Mount",0.227,0.168,-0.133,0.226,-0.077,0.000,14,E,0,,,,6072,50.17,0
342,3149.518,"Mount",0.722,1.574,-1.452,0.713,-0.926,0.499,164,E,72,S,,,6056,50.46,0
343,3158.501,"Mount",0.678,1.305,-1.192,0.670,-0.848,0.469,150,E,68,S,,,6271,50.97,0
344,3167.227,"Mount",-0.016,0.941,-0.933,-0.021,-0.574,0.000,102,E,0,,,,6597,52.13,0
345,3176.244,"Mount",-0.336,0.634,-0.676,-0.339,-0.373,0.000,66,E,0,,,,5945,49.21,0
346,3185.162,"Mount",-0.132,0.013,-0.032,-0.132,-0.119,0.000,21,E,0,,,,5741,49.20,0
347,3194.369,"Mount",0.587,-0.554,0.633,0.591,0.323,0.413,57,W,60,S,,,6404,51.52,0
348,3203.337,"Mount",0.348,-0.372,0.418,0.350,0.209,0.245,37,W,35,S,,,6604,52.10,0
349,3212.113,"Mount",0.006,-0.133,0.132,0.006,0.009,0.000,2,W,0,,,,5977,49.93,0
350,3221.416,"Mount",0.440,0.854,-0.781,0.435,-0.578,0.305,103,E,44,S,,,6364,51.41,0
351,3230.113,"Mount",0.058,-0.199,0.206,0.059,-0.053,0.000,9,E,0,,,,6213,50.70,0
352,3239.495,"Mount",0.404,-0.759,0.810,0.409,0.660,0.286,117,W,41,S,,,6208,50.15,0
353,3248.143,"Mount",0.065,-0.312,0.318,0.067,0.168,0.000,30,W,0,,,,7061,53.39,0
354,3257.177,"Mount",0.241,0.447,-0.407,0.238,-0.307,0.000,54,E,0,,,,6384,51.31,0
355,3266.319,"Mount",0.782,0.126,-0.011,0.781,0.006,0.547,1,W,79,S,,,6631,52.88,0
356,3275.398,"Mount",0.591,-0.225,0.309,0.592,0.097,0.415,17,W,60,S,,,6584,51.69,0
357,3287.243,"Mount",0.309,0.268,-0.220,0.307,0.025,0.215,4,W,31,S,,,6405,51.57,0
358,3296.179,"Mount",0.133,0.029,-0.009,0.132,-0.097,0.000,17,E,0,,,,6851,53.13,0
359,3305.355,"Mount",0.468,0.474,-0.400,0.466,-0.250,0.326,44,E,47,S,,,5948,50.39,0
360,3314.418,"Mount",0.348,1.446,-1.380,0.340,-0.930,0.238,165,E,34,S,,,6300,51.33,0
361,3323.291,"Mount",-0.395,1.283,-1.327,-0.403,-0.875,0.000,155,E,0,,,,6249,50.65,0
362,3332.210,"Mount",-0.059,0.784,-0.784,-0.064,-0.583,0.000,104,E,0,,,,6235,50.70,0
363,3341.274,"Mount",0.222,0.976,-0.934,0.216,-0.594,0.000,105,E,0,,,,6939,53.74,0
364,3350.338,"Mount",1.447,0.088,0.124,1.446,-0.033,1.012,6,E,146,S,,,6773,52.88,0
365,3359.078,"Mount",0.261,0.256,-0.215,0.259,0.002,0.000,0,,0,,,,6644,52.20,0
366,3368.483,"Mount",0.840,-1.462,1.569,0.849,1.050,0.594,187,W,86,S,,,6898,53.40,0
367,3377.594,"Mount",0.486,-2.656,2.698,0.502,1.824,0.351,324,W,51,S,,,6424,51.66,0
368,3386.339,"Mount",-0.233,-1.499,1.449,-0.224,1.006,0.000,179,W,0,,,,6578,51.49,0
369,3395.088,"Mount",-0.045,-0.085,0.078,-0.045,-0.023,0.000,4,E,0,,,,6808,53.17,0
370,3404.163,"Mount",-0.040,0.226,-0.230,-0.042,-0.066,0.000,12,E,0,,,,6468,51.33,0
371,3413.131,"Mount",-0.132,0.371,-0.386,-0.134,-0.274,0.000,49,E,0,,,,6324,50.90,0
372,3422.324,"Mount",0.417,-0.332,0.389,0.419,0.235,0.293,42,W,42,S,,,6986,54.00,0
373,3431.340,"Mount",0.489,0.447,-0.371,0.487,-0.253,0.341,45,E,49,S,,,6315,51.47,0
374,3440.229,"Mount",0.348,0.317,-0.263,0.346,-0.061,0.242,11,E,35,S,,,6478,51.98,0
375,3449.031,"Mount",0.117,-0.178,0.193,0.118,0.008,0.000,1,W,0,,,,5963,49.79,0
376,3458.328,"Mount",0.347,0.078,-0.027,0.346,-0.068,0.242,12,E,35,S,,,6630,52.37,0
377,3467.137,"Mount",0.177,0.789,-0.755,0.172,-0.580,0.000,103,E,0,,,,5803,49.14,0
378,3476.066,"Mount",-0.161,0.193,-0.214,-0.162,-0.038,0.000,7,E,0,,,,6960,53.68,0
379,3485.108,"Mount",0.280,-0.385,0.421,0.282,0.285,0.000,51,W,0,,,,6887,53.01,0
380,3494.364,"Mount",1.132,-0.623,0.782,1.136,0.493,0.795,88,W,115,S,,,6669,52.47,0
381,3503.218,"Mount",-1.424,-0.570,0.356,-1.421,0.169,0.000,30,W,0,,,,7135,53.49,0
382,3512.124,"Mount",-1.258,-0.994,0.800,-1.252,0.421,0.000,75,W,0,,,,7170,53.72,0
383,3521.172,"Mount",0.059,-1.082,1.079,0.065,0.668,0.000,119,W,0,,,,7481,54.78,0
384,3530.066,"Mount",-0.366,0.298,-0.348,-0.367,-0.217,0.000,39,E,0,,,,7499,54.87,0
385,3539.075,"Mount",-0.392,-0.260,0.200,-0.391,-0.095,0.000,17,E,0,,,,7120,53.48,0
386,3548.138,"Mount",-0.289,-0.671,0.622,-0.285,0.418,0.000,74,W,0,,,,6818,52.85,0
387,3557.250,"Mount",0.541,-1.433,1.496,0.549,1.036,0.000,184,W,0,,,,7288,54.84,0
388,3566.216,"Mount",1.144,-1.096,1.251,1.150,0.831,0.000,148,W,0,,,,7320,55.38,0
389,3575.198,"Mount",0.590,0.230,-0.142,0.589,-0.018,0.412,3,E,59,S,,,6913,53.81,0
390,3584.198,"Mount",0.257,0.838,-0.791,0.252,-0.506,0.000,90,E,0,,,,7182,54.03,0
391,3593.086,"Mount",0.246,0.378,-0.338,0.244,-0.274,0.000,49,E,0,,,,6981,53.48,0
392,3602.372,"Mount",1.238,0.781,-0.592,1.234,-0.299,0.864,53,E,125,S,,,6799,53.31,0
393,3611.308,"Mount",0.828,-0.477,0.593,0.831,0.522,0.581,93,W,84,S,,,7106,54.11,0
394,3620.247,"Mount",0.380,0.772,-0.708,0.376,-0.497,0.263,88,E,38,S,,,6528,51.93,0
395,3629.019,"Mount",-0.214,-0.038,0.007,-0.213,-0.156,0.000,28,E,0,,,,6920,53.55,0
396,3638.051,"Mount",-0.061,-0.356,0.344,-0.059,0.176,0.000,31,W,0,,,,7004,53.10,0
397,3647.261,"Mount",0.679,-0.309,0.405,0.681,0.237,0.477,42,W,69,S,,,7413,55.54,0
398,3659.173,"Mount",0.173,1.376,-1.336,0.165,-0.699,0.000,124,E,0,,,,6806,52.61,0
399,3668.347,"Mount",0.454,1.275,-1.195,0.446,-0.797,0.312,142,E,45,S,,,6979,53.39,0
400,3677.172,"Mount",-0.313,0.875,-0.911,-0.318,-0.643,0.000,114,E,0,,,,6965,53.53,0
401,3686.057,"Mount",0.142,-0.016,0.037,0.142,-0.054,0.000,10,E,0,,,,7075,53.97,0
402,3695.012,"Mount",-0.300,0.074,-0.117,-0.300,0.075,0.000,13,W,0,,,,6490,51.59,0
403,3704.239,"Mount",0.412,0.724,-0.656,0.408,-0.252,0.286,45,E,41,S,,,6999,53.58,0
404,3713.154,"Mount",0.108,1.525,-1.493,0.099,-0.841,0.000,149,E,0,,,,7020,54.02,0
405,3722.212,"Mount",0.427,0.501,-0.433,0.424,-0.252,0.297,45,E,43,S,,,6731,52.45,0
406,3731.007,"Mount",-0.115,-0.272,0.252,-0.114,-0.073,0.000,13,E,0,,,,7410,55.15,0
407,3739.986,"Mount",-0.140,-0.317,0.293,-0.139,0.009,0.000,2,W,0,,,,6955,53.12,0
408,3749.222,"Mount",0.627,-0.284,0.372,0.628,0.183,0.440,32,W,63,S,,,7245,54.76,0
409,3758.208,"Mount",0.394,-0.541,0.593,0.397,0.378,0.278,67,W,40,S,,,6801,52.61,0
410,3766.974,"Mount",0.101,-0.056,0.070,0.101,-0.040,0.000,7,E,0,,,,6545,52.11,0
411,3776.294,"Mount",0.626,-1.072,1.152,0.632,0.615,0.443,109,W,64,S,,,6361,51.49,0
412,3785.263,"Mount",0.329,0.377,-0.325,0.327,0.053,0.229,9,W,33,S,,,6804,52.75,0
413,3794.137,"Mount",0.328,0.311,-0.260,0.326,0.049,0.229,9,W,33,S,,,6250,50.76,0
414,3803.108,"Mount",0.061,1.195,-1.173,0.054,-0.737,0.000,131,E,0,,,,6558,52.28,0
415,3812.027,"Mount",-0.036,0.436,-0.436,-0.039,-0.260,0.000,46,E,0,,,,5830,48.47,0
416,3821.186,"Mount",0.718,-0.190,0.293,0.719,-0.014,0.503,2,E,73,S,,,6293,51.11,0
417,3829.938,"Mount",-0.015,-0.025,0.022,-0.015,-0.050,0.000,9,E,0,,,,6138,50.31,0
418,3839.186,"Mount",0.395,0.218,-0.158,0.394,-0.073,0.276,13,E,40,S,,,6689,52.40,0
419,3848.045,"Mount",0.056,-0.910,0.908,0.061,0.534,0.000,95,W,0,,,,5963,49.11,0
420,3856.953,"Mount",0.140,-0.288,0.305,0.142,-0.027,0.000,5,E,0,,,,5818,48.48,0
421,3866.240,"Mount",0.519,-0.729,0.797,0.523,0.557,0.366,99,W,53,S,,,5928,48.88,0
422,3875.032,"Mount",-0.009,0.807,-0.800,-0.014,-0.523,0.000,93,E,0,,,,6187,50.16,0
423,3884.159,"Mount",0.886,0.145,-0.014,0.885,-0.029,0.620,5,E,89,S,,,5943,49.43,0
424,3892.967,"Mount",0.182,0.207,-0.178,0.181,0.100,0.000,18,W,0,,,,6604,51.74,0
425,3902.176,"Mount",0.379,0.492,-0.431,0.376,-0.300,0.263,53,E,38,S,,,6396,51.65,0
426,3911.177,"Mount",0.706,-0.186,0.287,0.707,-0.151,0.495,27,E,71,S,,,5672,48.56,0
427,3920.258,"Mount",0.845,-0.729,0.845,0.850,0.492,0.595,87,W,86,S,,,6558,51.84,0
428,3929.115,"Mount",-0.056,-1.003,0.984,-0.050,0.585,0.000,104,W,0,,,,6511,51.43,0
429,3938.083,"Mount",0.339,0.375,-0.322,0.337,-0.013,0.236,2,E,34,S,,,7091,53.70,0
430,3947.040,"Mount",-0.019,0.640,-0.636,-0.022,-0.512,0.000,91,E,0,,,,6315,50.74,0
431,3955.972,"Mount",-0.056,0.186,-0.192,-0.057,-0.050,0.000,9,E,0,,,,6206,50.13,0
432,3965.310,"Mount",0.537,-1.446,1.509,0.545,0.982,0.382,174,W,55,S,,,5796,48.39,0
433,3974.260,"Mount",0.452,-0.980,1.035,0.457,0.710,0.320,126,W,46,S,,,5398,46.66,0
434,3983.245,"Mount",0.699,-0.612,0.708,0.702,0.414,0.492,73,W,71,S,,,5398,46.74,0
435,3992.149,"Mount",0.300,-0.436,0.475,0.302,0.273,0.212,49,W,31,S,,,5307,46.20,0
436,4000.958,"Mount",-0.236,-0.056,0.021,-0.236,0.066,0.000,12,W,0,,,,5048,44.59,0
437,4009.900,"Mount",-0.201,-0.339,0.306,-0.199,-0.025,0.000,5,E,0,,,,5864,48.84,0
438,4018.898,"Mount",0.070,-0.072,0.082,0.070,-0.020,0.000,4,E,0,,,,5910,48.88,0
439,4027.959,"Mount",0.186,-0.331,0.355,0.188,0.217,0.000,39,W,0,,,,6015,49.82,0
440,4037.327,"Mount",1.185,-1.315,1.474,1.192,0.983,0.835,175,W,120,S,,,5880,49.55,0
441,4045.881,"Mount",0.251,-0.112,0.148,0.252,-0.016,0.000,3,E,0,,,,6715,52.09,0
442,4055.183,"Mount",0.578,-0.479,0.558,0.581,0.294,0.407,52,W,59,S,,,6079,49.87,0
443,4064.089,"Mount",0.480,0.190,-0.118,0.479,0.049,0.335,9,W,48,S,,,6225,50.04,0
444,4072.976,"Mount",-0.017,0.794,-0.788,-0.022,-0.316,0.000,56,E,0,,,,6529,51.96,0
445,4081.960,"Mount",-0.066,0.516,-0.520,-0.069,-0.297,0.000,53,E,0,,,,6047,49.97,0
446,4091.120,"Mount",0.726,-0.150,0.254,0.727,0.023,0.509,4,W,73,S,,,7130,54.38,0
447,4099.914,"Mount",-0.029,0.435,-0.435,-0.031,-0.180,0.000,32,E,0,,,,6942,53.21,0
448,4109.043,"Mount",-0.242,0.763,-0.790,-0.247,-0.480,0.000,85,E,0,,,,6946,53.57,0
449,4117.948,"Mount",0.289,0.574,-0.525,0.286,-0.325,0.000,58,E,0,,,,7008,53.44,0
450,4127.046,"Mount",-0.234,1.246,-1.267,-0.241,-0.834,0.000,148,E,0,,,,6536,51.84,0
451,4135.995,"Mount",-0.100,0.849,-0.854,-0.105,-0.520,0.000,92,E,0,,,,6434,51.44,0
452,4144.983,"Mount",0.218,1.195,-1.150,0.211,-0.654,0.000,116,E,0,,,,6592,52.40,0
453,4154.209,"Mount",0.651,-0.921,1.006,0.656,0.628,0.460,111,W,66,S,,,6571,52.24,0
454,4162.925,"Mount",0.216,0.206,-0.173,0.215,-0.063,0.000,11,E,0,,,,6456,51.60,0
455,4172.067,"Mount",0.597,0.396,-0.304,0.594,-0.036,0.416,6,E,60,S,,,7144,54.53,0
456,4181.134,"Mount",0.461,0.686,-0.611,0.457,-0.405,0.320,72,E,46,S,,,5850,48.78,0
457,4190.006,"Mount",0.332,0.194,-0.143,0.331,0.030,0.232,5,W,33,S,,,6532,51.63,0
458,4198.981,"Mount",0.268,-0.420,0.455,0.271,0.309,0.000,55,W,0,,,,6240,50.22,0
459,4207.835,"Mount",0.182,0.029,-0.002,0.182,-0.016,0.000,3,E,0,,,,6385,51.17,0
460,4216.886,"Mount",0.278,-0.040,0.080,0.278,-0.033,0.000,6,E,0,,,,6325,50.84,0
461,4226.021,"Mount",0.051,1.180,-1.160,0.044,-0.803,0.000,143,E,0,,,,6070,50.02,0
462,4235.098,"Mount",0.615,-0.329,0.415,0.617,0.222,0.432,39,W,62,S,,,5894,49.40,0
463,4243.833,"Mount",0.195,0.221,-0.191,0.194,0.030,0.000,5,W,0,,,,6354,51.23,0
464,4252.928,"Mount",0.196,0.486,-0.453,0.193,-0.290,0.000,52,E,0,,,,6246,50.79,0
465,4262.155,"Mount",0.707,0.985,-0.871,0.702,-0.611,0.491,108,E,71,S,,,6264,51.04,0
466,4271.093,"Mount",0.515,0.514,-0.434,0.512,-0.262,0.359,46,E,52,S,,,6268,51.34,0
467,4279.872,"Mount",-0.433,0.035,-0.098,-0.433,-0.023,0.000,4,E,0,,,,5888,48.91,0
468,4288.954,"Mount",-0.727,0.530,-0.630,-0.730,-0.465,0.000,83,E,0,,,,5745,48.33,0
469,4298.022,"Mount",0.369,0.304,-0.247,0.367,-0.068,0.257,12,E,37,S,,,5997,49.71,0
470,4306.823,"Mount",0.050,-0.065,0.072,0.050,-0.052,0.000,9,E,0,,,,6368,51.03,0
471,4315.948,"Mount",0.183,0.421,-0.390,0.180,-0.329,0.000,58,E,0,,,,6075,50.00,0
472,4325.110,"Mount",0.999,-0.503,0.643,1.001,0.292,0.701,52,W,101,S,,,6588,51.97,0
473,4334.433,"Mount",2.171,-2.209,2.501,2.183,1.537,1.528,273,W,221,S,,,6353,51.51,0
474,4343.149,"Mount",-0.763,-2.764,2.623,-0.747,1.667,0.000,296,W,0,,,,6119,49.41,0
475,4351.973,"Mount",-0.360,-0.727,0.666,-0.356,0.406,0.000,72,W,0,,,,6576,51.92,0
476,4360.867,"Mount",-0.713,0.217,-0.319,-0.714,-0.130,0.000,23,E,0,,,,6171,50.04,0
477,4369.902,"Mount",-0.521,0.566,-0.636,-0.524,-0.394,0.000,70,E,0,,,,6426,51.13,0
478,4378.857,"Mount",-0.032,-0.079,0.074,-0.031,0.080,0.000,14,W,0,,,,5889,49.21,0
479,4388.020,"Mount",-0.279,0.986,-1.016,-0.285,-0.634,0.000,113,E,0,,,,6208,50.39,0
480,4396.943,"Mount",0.116,0.468,-0.446,0.113,-0.356,0.000,63,E,0,,,,5888,49.23,0
481,4405.931,"Mount",0.019,0.550,-0.541,0.016,-0.412,0.000,73,E,0,,,,6255,50.91,0
482,4414.950,"Mount",1.023,0.927,-0.768,1.018,-0.419,0.000,74,E,0,,,,6173,50.91,0
483,4423.873,"Mount",0.919,0.146,-0.011,0.918,0.055,0.000,10,W,0,,,,6045,50.18,0
484,4433.165,"Mount",0.909,0.844,-0.702,0.904,-0.497,0.633,88,E,91,S,,,5593,48.35,0
485,4445.110,"Mount",1.475,0.053,0.163,1.475,-0.078,1.033,14,E,149,S,,,5287,46.63,0
486,4454.146,"Mount",0.499,-0.912,0.975,0.504,0.687,0.353,122,W,51,S,,,5523,47.19,0
487,4463.150,"Mount",0.423,-0.917,0.969,0.429,0.639,0.300,114,W,43,S,,,5140,45.56,0
488,4472.026,"Mount",0.271,-1.623,1.645,0.280,0.979,0.000,174,W,0,,,,5430,46.64,0
489,4480.916,"Mount",-0.094,-0.834,0.811,-0.089,0.454,0.000,81,W,0,,,,4880,44.29,0
490,4490.015,"Mount",0.383,-0.185,0.239,0.385,0.058,0.269,10,W,39,S,,,5070,45.10,0
491,4498.907,"Mount",0.110,0.108,-0.091,0.109,0.068,0.000,12,W,0,,,,5022,44.63,0
492,4508.070,"Mount",0.409,-0.443,0.498,0.412,0.336,0.288,60,W,42,S,,,4687,43.54,0
493,4517.168,"Mount",0.674,-1.548,1.629,0.683,1.076,0.478,191,W,69,S,,,4460,42.42,0
494,4526.172,"Mount",0.822,-0.814,0.925,0.827,0.635,0.579,113,W,83,S,,,4070,40.23,0
495,4534.919,"Mount",0.084,-0.876,0.879,0.089,0.601,0.000,107,W,0,,,,4085,40.20,0
496,4543.891,"Mount",-0.510,0.700,-0.767,-0.514,-0.451,0.000,80,E,0,,,,3623,37.68,0
497,4552.917,"Mount",-0.766,0.736,-0.840,-0.770,-0.438,0.000,78,E,0,,,,3133,34.92,0
498,4561.877,"Mount",-0.493,0.424,-0.492,-0.495,-0.343,0.000,61,E,0,,,,3432,36.28,0
499,4570.884,"Mount",0.031,0.319,-0.312,0.029,0.059,0.000,11,W,0,,,,3300,36.29,0
500,4579.961,"Mount",0.120,1.519,-1.486,0.111,-0.885,0.000,157,E,0,,,,2965,34.04,0
501,4588.875,"Mount",-0.088,0.855,-0.859,-0.093,-0.504,0.000,89,E,0,,,,2200,28.66,0
502,4598.006,"Mount",0.348,0.545,-0.488,0.345,-0.312,0.242,55,E,35,S,,,1892,26.49,0
503,4606.833,"Mount",0.244,0.494,-0.453,0.241,-0.199,0.000,35,E,0,,,,1346,21.58,0
504,4615.859,"Mount",0.505,0.410,-0.332,0.502,-0.198,0.000,35,E,0,,,,1766,25.54,0
505,4624.984,"Mount",0.514,0.725,-0.642,0.510,-0.400,0.357,71,E,52,S,,,1272,20.61,0
506,4633.827,"Mount",0.203,0.725,-0.688,0.199,-0.464,0.000,82,E,0,,,,847,16.51,0
507,4643.023,"Mount",0.650,0.491,-0.391,0.648,-0.280,0.453,50,E,65,S,,,948,17.76,0
508,4651.737,"Mount",-0.178,0.115,-0.140,-0.179,-0.035,0.000,6,E,0,,,,850,16.78,0
509,4660.773,"Mount",0.245,0.295,-0.256,0.243,-0.074,0.000,13,E,0,,,,743,15.29,0
510,4670.017,"Mount",0.868,0.470,-0.338,0.865,-0.293,0.606,52,E,87,S,,,889,17.31,0
511,4678.939,"Mount",0.691,0.325,-0.221,0.690,0.004,0.483,1,W,70,S,,,927,17.58,0
512,4688.039,"Mount",0.625,-0.431,0.517,0.627,0.297,0.439,53,W,63,S,,,1184,20.44,0
513,4696.962,"Mount",0.453,-0.312,0.375,0.455,0.206,0.318,37,W,46,S,,,1073,19.09,0
514,4705.821,"Mount",0.176,-0.258,0.281,0.177,-0.112,0.000,20,E,0,,,,765,15.56,0
515,4714.920,"Mount",0.407,-0.146,0.204,0.408,-0.118,0.286,21,E,41,S,,,805,16.37,0
516,4724.499,"Mount",3.198,-0.246,0.710,3.200,0.397,2.240,71,W,323,S,,,1254,21.20,0
517,4736.013,"Mount",0.641,-0.723,0.809,0.645,0.457,0.452,81,W,65,S,,,959,18.36,0
518,4744.770,"Mount",-0.060,-0.481,0.467,-0.057,0.178,0.000,32,W,0,,,,1348,22.62,0
519,4753.812,"Mount",-0.282,0.586,-0.621,-0.286,-0.426,0.000,76,E,0,,,,1858,26.39,0
520,4762.832,"Mount",0.103,0.937,-0.912,0.097,-0.579,0.000,103,E,0,,,,2375,30.54,0
521,4771.836,"Mount",-0.248,0.437,-0.469,-0.250,-0.323,0.000,57,E,0,,,,1975,27.40,0
522,4780.696,"Mount",0.069,0.086,-0.075,0.069,-0.004,0.000,1,E,0,,,,1688,24.93,0
523,4789.731,"Mount",0.043,0.154,-0.146,0.043,-0.051,0.000,9,E,0,,,,2212,29.47,0
524,4798.830,"Mount",0.164,0.681,-0.650,0.160,-0.470,0.000,83,E,0,,,,2323,30.00,0
525,4808.041,"Mount",0.865,-0.771,0.889,0.869,0.524,0.609,93,W,88,S,,,1798,26.31,0
526,4816.964,"Mount",0.308,-0.599,0.637,0.311,0.424,0.218,75,W,31,S,,,1159,20.39,0
527,4825.761,"Mount",0.213,-0.108,0.138,0.214,0.063,0.000,11,W,0,,,,1808,26.07,0
528,4834.843,"Mount",0.415,-0.231,0.289,0.416,-0.019,0.292,3,E,42,S,,,2215,29.59,0
529,4846.822,"Mount",0.089,0.451,-0.433,0.086,-0.247,0.000,44,E,0,,,,2436,31.06,0
530,4855.984,"Mount",0.707,-0.608,0.704,0.710,0.437,0.497,78,W,72,S,,,3009,34.87,0
531,4864.684,"Mount",0.099,0.017,-0.002,0.099,-0.012,0.000,2,E,0,,,,3195,35.90,0
532,4873.960,"Mount",0.359,-0.844,0.887,0.364,0.460,0.255,82,W,37,S,,,3269,36.92,0
533,4883.026,"Mount",0.651,-0.538,0.627,0.654,0.340,0.458,60,W,66,S,,,3671,38.53,0
534,4891.854,"Mount",0.181,-0.977,0.993,0.187,0.655,0.000,116,W,0,,,,3754,39.40,0
535,4900.842,"Mount",0.460,0.292,-0.221,0.459,-0.015,0.321,3,E,46,S,,,3746,39.14,0
536,4909.893,"Mount",-0.055,1.057,-1.054,-0.061,-0.638,0.000,113,E,0,,,,4416,42.45,0
537,4918.785,"Mount",0.157,-0.907,0.920,0.162,0.552,0.000,98,W,0,,,,4696,43.85,0
538,4927.997,"Mount",0.362,-0.717,0.762,0.366,0.503,0.256,89,W,37,S,,,4475,43.37,0
539,4937.000,"Mount",0.452,-0.871,0.927,0.457,0.648,0.320,115,W,46,S,,,4732,44.18,0
540,4945.971,"Mount",0.339,-0.874,0.914,0.344,0.569,0.241,101,W,35,S,,,4872,44.82,0
541,4954.958,"Mount",0.984,-0.395,0.534,0.986,0.384,0.690,68,W,100,S,,,5145,46.23,0
542,4963.747,"Mount",0.132,-0.314,0.330,0.134,0.218,0.000,39,W,0,,,,4997,45.58,0
543,4972.727,"Mount",0.064,-0.002,0.012,0.064,-0.060,0.000,11,E,0,,,,5102,46.33,0
544,4981.936,"Mount",0.423,-0.635,0.690,0.427,0.478,0.299,85,W,43,S,,,4854,45.15,0
545,4990.939,"Mount",0.450,-0.611,0.671,0.453,0.516,0.317,92,W,46,S,,,5176,46.36,0
546,4999.808,"Mount",0.043,-0.885,0.882,0.048,0.592,0.000,105,W,0,,,,5089,45.66,0
547,5008.818,"Mount",-0.197,-0.656,0.620,-0.193,0.528,0.000,94,W,0,,,,5251,45.96,0
548,5017.757,"Mount",0.067,-0.441,0.446,0.069,0.394,0.000,70,W,0,,,,5005,45.57,0
549,5026.891,"Mount",0.484,0.523,-0.447,0.481,-0.179,0.337,32,E,49,S,,,5225,47.02,0
550,5035.749,"Mount",-0.340,0.701,-0.743,-0.344,-0.364,0.000,65,E,0,,,,5175,46.57,0
551,5044.768,"Mount",-0.398,0.811,-0.861,-0.402,-0.476,0.000,84,E,0,,,,5303,46.80,0
552,5053.979,"Mount",0.415,-0.620,0.674,0.419,0.443,0.293,79,W,42,S,,,4920,45.19,0
553,5062.727,"Mount",-0.474,0.360,-0.425,-0.477,-0.258,0.000,46,E,0,,,,5239,46.71,0
554,5071.757,"Mount",-0.322,0.604,-0.645,-0.325,-0.365,0.000,65,E,0,,,,4971,45.53,0
555,5080.611,"Mount",0.604,0.331,-0.240,0.602,0.000,0.000,0,,0,,,,5041,45.57,0
556,5089.945,"Mount",0.316,1.117,-1.059,0.310,-0.689,0.217,122,E,31,S,,,4751,44.50,0
557,5098.805,"Mount",0.194,0.983,-0.944,0.188,-0.636,0.000,113,E,0,,,,4680,44.43,0
558,5107.953,"Mount",0.728,0.101,0.007,0.727,-0.082,0.509,15,E,73,S,,,4491,43.29,0
559,5116.796,"Mount",0.323,-0.529,0.570,0.326,0.226,0.228,40,W,33,S,,,5189,46.16,0
560,5125.879,"Mount",0.308,0.477,-0.427,0.305,-0.343,0.214,61,E,31,S,,,4570,43.81,0
561,5134.787,"Mount",0.198,0.834,-0.796,0.193,-0.606,0.000,108,E,0,,,,4560,43.67,0
562,5143.838,"Mount",0.371,0.361,-0.303,0.369,-0.088,0.258,16,E,37,S,,,4409,43.12,0
563,5155.682,"Mount",0.143,0.319,-0.295,0.141,-0.082,0.000,15,E,0,,,,4517,43.87,0
564,5164.899,"Mount",0.599,-0.310,0.394,0.601,0.170,0.421,30,W,61,S,,,4609,43.54,0
565,5173.934,"Mount",0.938,-0.498,0.630,0.941,0.339,0.659,60,W,95,S,,,4560,43.26,0
566,5182.697,"Mount",-0.359,0.486,-0.533,-0.362,-0.397,0.000,70,E,0,,,,4394,42.76,0
567,5191.732,"Mount",0.366,0.187,-0.132,0.365,-0.036,0.256,6,E,37,S,,,4513,43.01,0
568,5200.831,"Mount",0.587,-0.361,0.443,0.589,0.239,0.413,43,W,60,S,,,4534,43.35,0
569,5209.691,"Mount",0.025,0.260,-0.254,0.024,0.065,0.000,12,W,0,,,,4754,45.06,0
570,5218.934,"Mount",0.418,0.825,-0.755,0.413,-0.508,0.289,90,E,42,S,,,4732,44.57,0
571,5227.937,"Mount",0.553,1.061,-0.969,0.547,-0.624,0.383,111,E,55,S,,,4392,42.89,0
572,5236.685,"Mount",0.065,0.118,-0.108,0.064,-0.059,0.000,10,E,0,,,,5323,47.05,0
573,5245.673,"Mount",0.249,-0.388,0.420,0.251,0.219,0.000,39,W,0,,,,5005,45.47,0
574,5254.628,"Mount",-0.098,-0.115,0.100,-0.097,0.038,0.000,7,W,0,,,,4776,44.64,0
575,5263.679,"Mount",0.146,-0.424,0.441,0.148,0.238,0.000,42,W,0,,,,4998,44.86,0
576,5272.698,"Mount",0.266,0.426,-0.383,0.264,-0.301,0.000,53,E,0,,,,5173,46.64,0
577,5281.926,"Mount",0.779,-0.884,0.988,0.784,0.570,0.549,101,W,79,S,,,5075,45.52,0
578,5290.993,"Mount",1.442,-0.889,1.090,1.447,0.674,1.013,120,W,146,S,,,5032,45.70,0
579,5300.060,"Mount",0.996,-1.999,2.123,1.007,1.331,0.705,236,W,102,S,,,4850,44.85,0
580,5308.792,"Mount",0.084,-1.077,1.078,0.090,0.734,0.000,130,W,0,,,,5099,46.22,0
581,5317.594,"Mount",-0.421,-0.095,0.033,-0.420,0.010,0.000,2,W,0,,,,5208,46.51,0
582,5326.686,"Mount",-0.080,0.327,-0.336,-0.082,-0.241,0.000,43,E,0,,,,4735,44.51,0
583,5335.611,"Mount",-0.925,0.158,-0.291,-0.926,0.014,0.000,2,W,0,,,,5216,45.60,0
Guiding Ends at 2026-08-15 23:26:08

Guiding Begins at 2026-08-15 23:29:35
Equipment Profile = QHY5 EQASCOM OAG
Dither = both axes, Dither scale = 1.000, Image noise reduction = 2x2 mean, Guide-frame time lapse = 0, Server enabled
Pixel scale = 1.05 arc-sec/px, Binning = 1, Focal length = 1018 mm
Search region = 24 px, Star mass tolerance = 90.0%, Multi-star mode, list size = 12
 Camera = QHY5II-M-10d7d910f33c7354, gain = 90, full size = 1280 x 1024, have dark, dark dur = 3000, no defect map, pixel size = 5.2 um
Exposure = 3000 ms
Mount = EQMOD HEQ5/6 (ASCOM), connected, guiding enabled, xAngle = -81.6, xRate = 5.629, yAngle = 17.1, yRate = 6.929, parity = +/-
Norm rates RA = 7.0"/s @ dec 0, Dec = 7.3"/s; ortho.err. = 8.7 deg
X guide algorithm = Predictive PEC, Control gain = 0.630
Prediction gain = 0.430
Minimum move = 0.330
Hyperparameters
	Length scale long range SE kernel = 700.000
	Signal variance long range SE kernel = 20.000
	Length scale periodic kernel = 10.000
	Signal variance periodic kernel = 20.000
	Length scale short range SE kernel = 25.000
	Signal variance short range SE kernel = 10.000
	Period length periodic kernel = 488.746
	FFT called after = 2.000 worm cycles
	Auto-adjust period length = On
Y guide algorithm = Resist Switch, Minimum move = 0.300 Aggression = 70% FastSwitch = disabled
Backlash comp = disabled, pulse = 495 ms
Max RA duration = 2500, Max DEC duration = 2500, DEC guide mode = Auto
RA Guide Speed = 7.5 a-s/s, Dec Guide Speed = 7.5 a-s/s, Cal Dec = 0.0, Last Cal Issue = None, Timestamp = 7/7/2026 10:36:27 PM
RA = 20.95 hr, Dec = 31.7 deg, Hour angle = -0.98 hr, Pier side = West, Rotator pos = N/A, Alt = 66.2 deg, Az = 147.7 deg
Lock position = 187.624, 240.833, Star position = 187.624, 240.833, HFD = 4.51 px
Frame,Time,mount,dx,dy,RARawDistance,DECRawDistance,RAGuideDistance,DECGuideDistance,RADuration,RADirection,DECDuration,DECDirection,XStep,YStep,StarMass,SNR,ErrorCode
INFO: SETTLING STATE CHANGE, Settling started
1,9.052,"Mount",0.300,0.324,-0.277,0.298,-0.175,0.000,31,E,0,,,,3365,36.77,0
INFO: SETTLING STATE CHANGE, Settling complete
2,18.069,"Mount",0.768,-0.703,0.808,0.772,0.509,0.000,90,W,0,,,,4067,41.35,0
3,27.072,"Mount",0.650,0.783,-0.680,0.646,-0.428,0.000,76,E,0,,,,4287,42.24,0
4,36.348,"Mount",1.475,-0.455,0.665,1.478,0.303,1.034,54,W,149,S,,,4875,45.37,0
5,45.239,"Mount",1.213,-0.103,0.279,1.213,-0.142,0.849,25,E,123,S,,,4841,45.72,0
6,54.024,"Mount",-0.680,0.225,-0.321,-0.681,-0.107,0.000,19,E,0,,,,3767,39.84,0
7,63.005,"Mount",-0.399,-0.271,0.210,-0.397,-0.106,0.000,19,E,0,,,,4238,41.63,0
8,72.089,"Mount",0.120,-0.027,0.044,0.120,-0.109,0.000,19,E,0,,,,4867,45.38,0
9,80.997,"Mount",-0.468,-0.274,0.203,-0.467,-0.109,0.000,19,E,0,,,,3847,39.28,0
10,90.304,"Mount",0.883,-0.757,0.878,0.887,0.475,0.621,84,W,90,S,,,4213,41.92,0
11,99.019,"Mount",0.197,-0.316,0.342,0.198,0.188,0.000,33,W,0,,,,3640,38.41,0
12,108.294,"Mount",0.402,-0.638,0.690,0.406,0.416,0.284,74,W,41,S,,,3249,36.08,0
13,117.087,"Mount",-0.097,0.717,-0.723,-0.101,-0.461,0.000,82,E,0,,,,3142,35.82,0
14,126.013,"Mount",0.049,0.072,-0.064,0.049,-0.055,0.000,10,E,0,,,,2994,35.14,0
15,135.129,"Mount",0.414,-0.233,0.290,0.416,-0.000,0.291,0,,42,S,,,2882,34.40,0
16,143.921,"Mount",0.111,0.238,-0.220,0.109,0.001,0.000,0,,0,,,,2474,31.26,0
17,153.136,"Mount",0.451,0.087,-0.021,0.451,-0.039,0.316,7,E,46,S,,,2570,31.94,0
18,161.965,"Mount",0.260,0.297,-0.256,0.258,-0.020,0.000,4,E,0,,,,2262,29.29,0
19,171.111,"Mount",0.289,1.248,-1.193,0.281,-0.758,0.000,135,E,0,,,,1943,27.36,0
20,180.179,"Mount",0.381,0.927,-0.861,0.376,-0.561,0.263,100,E,38,S,,,2044,28.28,0
21,189.036,"Mount",0.135,0.724,-0.697,0.131,-0.509,0.000,90,E,0,,,,1866,26.40,0
22,198.171,"Mount",0.342,0.336,-0.282,0.340,-0.093,0.238,17,E,34,S,,,2030,27.52,0
23,207.170,"Mount",0.442,-0.248,0.309,0.443,-0.075,0.310,13,E,45,S,,,2088,28.08,0
24,216.316,"Mount",0.611,-1.785,1.855,0.621,1.090,0.435,194,W,63,S,,,2027,27.50,0
25,225.095,"Mount",-0.274,-1.300,1.246,-0.266,0.786,0.000,140,W,0,,,,1969,27.29,0
26,234.033,"Mount",0.139,-0.707,0.720,0.143,0.541,0.000,96,W,0,,,,1991,27.24,0
27,242.984,"Mount",-0.198,-0.189,0.158,-0.197,0.097,0.000,17,W,0,,,,2234,28.90,0
28,252.261,"Mount",0.509,0.506,-0.426,0.506,-0.239,0.354,42,E,51,S,,,2180,29.24,0
29,261.182,"Mount",0.458,-0.281,0.345,0.460,0.221,0.322,39,W,46,S,,,2254,29.60,0
30,269.991,"Mount",0.204,-0.231,0.258,0.205,0.087,0.000,15,W,0,,,,2466,31.19,0
31,278.917,"Mount",0.168,0.230,-0.203,0.167,0.032,0.000,6,W,0,,,,2445,31.08,0
32,288.246,"Mount",0.652,-0.574,0.663,0.656,0.481,0.459,85,W,66,S,,,2732,32.77,0
33,297.150,"Mount",0.337,-0.233,0.280,0.339,-0.072,0.237,13,E,34,S,,,2847,34.14,0
34,305.988,"Mount",0.084,-0.625,0.631,0.088,0.368,0.000,65,W,0,,,,3515,37.43,0
35,315.036,"Mount",-0.069,0.521,-0.526,-0.072,-0.423,0.000,75,E,0,,,,3243,36.12,0
36,324.133,"Mount",0.385,-0.344,0.396,0.387,0.139,0.271,25,W,39,S,,,3271,36.43,0
37,333.214,"Mount",0.587,-0.945,1.020,0.592,0.567,0.415,101,W,60,S,,,3401,37.44,0
38,342.005,"Mount",-0.054,-0.466,0.453,-0.051,0.283,0.000,50,W,0,,,,2884,33.22,0
39,351.066,"Mount",0.148,-0.879,0.891,0.153,0.583,0.000,104,W,0,,,,3420,37.51,0
40,360.077,"Mount",0.310,0.120,-0.073,0.309,0.087,0.216,15,W,31,S,,,2905,34.04,0
41,368.934,"Mount",0.230,0.152,-0.117,0.229,0.113,0.000,20,W,0,,,,2991,34.54,0
42,377.942,"Mount",0.193,0.123,-0.093,0.193,0.165,0.000,29,W,0,,,,3242,35.86,0
43,387.097,"Mount",0.355,-0.211,0.260,0.356,0.115,0.249,20,W,36,S,,,2855,33.76,0
44,396.290,"Mount",0.794,-1.234,1.337,0.801,0.969,0.561,172,W,81,S,,,3242,35.93,0
45,405.341,"Mount",0.321,-1.938,1.964,0.333,1.337,0.233,238,W,34,S,,,3001,34.21,0
46,414.041,"Mount",-0.354,-1.235,1.171,-0.347,0.899,0.000,160,W,0,,,,2464,30.99,0
47,423.013,"Mount",-0.544,-0.866,0.778,-0.539,0.628,0.000,112,W,0,,,,3130,35.42,0
48,431.937,"Mount",-0.424,0.080,-0.141,-0.425,0.141,0.000,25,W,0,,,,3303,36.22,0
49,440.972,"Mount",0.103,0.669,-0.647,0.099,-0.370,0.000,66,E,0,,,,2955,34.63,0
50,449.992,"Mount",0.250,0.640,-0.596,0.247,-0.401,0.000,71,E,0,,,,3455,37.59,0
51,459.091,"Mount",0.364,0.390,-0.333,0.362,-0.272,0.253,48,E,37,S,,,3781,39.98,0
52,468.062,"Mount",0.499,0.272,-0.197,0.497,-0.023,0.348,4,E,50,S,,,3569,38.36,0
53,477.145,"Mount",0.452,0.264,-0.195,0.451,-0.156,0.316,28,E,46,S,,,3520,38.38,0
54,486.004,"Mount",-0.450,0.640,-0.699,-0.454,-0.530,0.000,94,E,0,,,,3826,39.57,0
55,494.996,"Mount",0.014,0.640,-0.632,0.010,-0.536,0.000,95,E,0,,,,3893,40.09,0
56,504.171,"Mount",0.339,0.939,-0.879,0.334,-0.701,0.234,124,E,34,S,,,4277,42.11,0
57,513.126,"Mount",0.571,0.068,0.016,0.570,-0.170,0.399,30,E,58,S,,,4456,42.84,0
58,521.921,"Mount",0.014,-0.055,0.056,0.014,-0.132,0.000,23,E,0,,,,4527,43.37,0
59,530.924,"Mount",0.092,0.128,-0.113,0.092,-0.073,0.000,13,E,0,,,,4551,43.85,0
60,540.103,"Mount",0.602,0.363,-0.271,0.600,-0.096,0.420,17,E,61,S,,,4452,43.08,0
61,549.075,"Mount",0.410,0.451,-0.386,0.408,-0.273,0.285,48,E,41,S,,,4744,44.52,0
62,558.111,"Mount",0.652,0.527,-0.426,0.649,-0.350,0.454,62,E,66,S,,,4478,42.95,0
63,566.938,"Mount",0.255,-0.420,0.453,0.257,0.247,0.000,44,W,0,,,,4706,44.81,0
64,575.989,"Mount",0.014,-0.873,0.866,0.019,0.583,0.000,104,W,0,,,,4775,44.98,0
65,584.928,"Mount",0.219,-0.491,0.518,0.222,0.340,0.000,60,W,0,,,,4843,45.03,0
66,594.124,"Mount",0.319,0.899,-0.843,0.314,-0.603,0.219,107,E,32,S,,,4487,43.28,0
67,603.159,"Mount",0.798,0.606,-0.483,0.795,-0.328,0.556,58,E,80,S,,,4533,43.60,0
68,612.134,"Mount",0.576,-0.092,0.175,0.576,0.057,0.403,10,W,58,S,,,4296,42.05,0
69,620.927,"Mount",-0.024,0.646,-0.642,-0.027,-0.394,0.000,70,E,0,,,,4488,43.30,0
INFO: SET LOCK POSITION, new lock pos = 187.624, 240.833
INFO: DITHER by -1.227, 1.235, new lock pos = 188.667, 242.226
INFO: SETTLING STATE CHANGE, Settling started
70,630.506,"Mount",-1.043,-1.394,1.227,-1.235,1.227,-1.235,218,W,178,N,,,4406,43.23,0
INFO: SETTLING STATE CHANGE, Settling complete
71,639.110,"Mount",-0.670,2.227,-2.300,-0.683,-1.449,0.000,257,E,0,,,,4619,43.68,0
72,647.953,"Mount",-0.147,1.036,-1.047,-0.153,-0.659,0.000,117,E,0,,,,5407,47.94,0
73,656.942,"Mount",-0.655,0.119,-0.214,-0.656,-0.130,0.000,23,E,0,,,,5575,48.99,0
74,665.882,"Mount",0.314,0.182,-0.134,0.313,-0.125,0.000,22,E,0,,,,6217,51.13,0
75,674.869,"Mount",0.221,-0.096,0.127,0.222,-0.126,0.000,22,E,0,,,,6935,54.69,0
76,683.924,"Mount",0.991,-0.462,0.602,0.993,0.343,0.000,61,W,0,,,,6547,52.68,0
77,693.039,"Mount",1.504,-0.991,1.199,1.510,0.764,0.000,136,W,0,,,,6831,53.14,0
78,701.991,"Mount",1.428,-0.718,0.918,1.432,0.713,0.000,127,W,0,,,,7283,55.69,0
79,711.251,"Mount",1.431,-0.537,0.740,1.434,0.688,1.004,122,W,145,S,,,7485,56.41,0
80,720.111,"Mount",1.072,0.794,-0.629,1.068,-0.267,0.748,47,E,108,S,,,6706,53.38,0
81,729.162,"Mount",0.949,1.027,-0.878,0.943,-0.501,0.660,89,E,95,S,,,7128,55.49,0
82,738.004,"Mount",0.341,0.415,-0.361,0.339,-0.200,0.237,35,E,34,S,,,6707,54.25,0
83,746.887,"Mount",0.288,0.252,-0.207,0.287,-0.075,0.000,13,E,0,,,,6941,54.50,0
84,756.075,"Mount",0.520,0.323,-0.244,0.518,-0.064,0.363,11,E,52,S,,,6885,54.58,0
85,764.830,"Mount",0.125,0.011,0.008,0.125,-0.042,0.000,8,E,0,,,,7023,55.08,0
86,773.953,"Mount",0.113,0.791,-0.766,0.109,-0.471,0.000,84,E,0,,,,6478,52.82,0
87,783.086,"Mount",0.547,-0.418,0.494,0.550,0.318,0.385,56,W,56,S,,,6752,53.77,0
88,791.880,"Mount",0.294,0.108,-0.064,0.293,-0.149,0.000,26,E,0,,,,6236,51.60,0
89,801.076,"Mount",0.634,-0.739,0.824,0.638,0.399,0.447,71,W,64,S,,,6198,51.26,0
90,810.207,"Mount",0.925,-1.253,1.375,0.932,0.899,0.653,160,W,94,S,,,6367,52.45,0
91,818.892,"Mount",0.212,-0.646,0.670,0.215,0.529,0.000,94,W,0,,,,5535,48.38,0
92,828.039,"Mount",0.137,-1.535,1.539,0.145,1.172,0.000,208,W,0,,,,5733,49.99,0
93,837.329,"Mount",0.669,-2.013,2.089,0.681,1.540,0.476,273,W,69,S,,,6412,52.51,0
94,846.284,"Mount",0.378,-1.926,1.960,0.389,1.402,0.272,249,W,39,S,,,5795,49.90,0
95,854.904,"Mount",0.245,-0.499,0.530,0.248,0.438,0.000,78,W,0,,,,6474,53.25,0
96,863.892,"Mount",-0.076,0.426,-0.432,-0.079,-0.259,0.000,46,E,0,,,,6497,52.95,0
97,872.887,"Mount",0.204,0.210,-0.177,0.203,0.069,0.000,12,W,0,,,,6155,51.34,0
98,882.123,"Mount",0.401,-0.427,0.481,0.404,0.531,0.283,94,W,41,S,,,5576,49.01,0
99,890.901,"Mount",-0.111,-0.150,0.133,-0.110,0.190,0.000,34,W,0,,,,5006,46.53,0
100,899.857,"Mount",0.196,0.638,-0.603,0.193,-0.191,0.000,34,E,0,,,,6019,50.60,0
101,909.004,"Mount",0.151,1.261,-1.226,0.144,-0.816,0.000,145,E,0,,,,6346,52.63,0
102,918.120,"Mount",0.310,1.345,-1.285,0.303,-0.935,0.212,166,E,31,S,,,6524,53.49,0
103,927.011,"Mount",0.205,1.078,-1.036,0.199,-0.827,0.000,147,E,0,,,,6843,54.72,0
104,935.736,"DROP",,,,,,,,,,,,,0,0.00,5,"No star found"
104,935.870,"Mount",0.000,0.000,-0.220,0.000,-0.220,0.000,39,E,0,,,,6843,54.72,5
105,945.033,"Mount",0.707,-0.087,0.189,0.707,-0.069,0.495,12,E,71,S,,,7595,57.41,0
106,953.826,"Mount",0.124,0.247,-0.226,0.123,-0.127,0.000,22,E,0,,,,7215,56.27,0
107,963.040,"Mount",0.523,0.050,0.026,0.523,-0.146,0.366,26,E,53,S,,,7748,57.90,0
108,971.867,"Mount",0.079,-0.642,0.647,0.083,0.234,0.000,42,W,0,,,,7942,59.04,0
109,980.794,"Mount",-0.016,0.107,-0.108,-0.016,-0.206,0.000,37,E,0,,,,7427,57.29,0
110,989.699,"DROP",,,,,,,,,,,,,0,0.00,5,"No star found"
110,989.842,"Mount",0.000,0.000,-0.465,0.000,-0.465,0.000,83,E,0,,,,7427,57.29,5
111,999.068,"Mount",0.471,-0.998,1.056,0.477,0.635,0.334,113,W,48,S,,,7945,58.46,0
112,1007.769,"Mount",-0.015,0.041,-0.042,-0.015,-0.039,0.000,7,E,0,,,,7585,57.73,0
113,1016.818,"Mount",0.168,0.191,-0.164,0.167,-0.062,0.000,11,E,0,,,,6737,53.95,0
114,1028.811,"Mount",0.126,0.352,-0.330,0.124,-0.338,0.000,60,E,0,,,,3496,37.80,0
115,1037.991,"Mount",0.381,0.493,-0.432,0.378,-0.329,0.265,59,E,38,S,,,5388,48.42,0
116,1046.929,"Mount",0.578,-0.103,0.186,0.578,0.050,0.405,9,W,58,S,,,5610,49.00,0
117,1055.995,"Mount",0.318,-0.531,0.572,0.321,0.435,0.225,77,W,32,S,,,5857,49.98,0
118,1064.837,"Mount",0.096,0.387,-0.369,0.094,-0.273,0.000,48,E,0,,,,6573,53.60,0
119,1073.776,"Mount",0.014,0.189,-0.185,0.013,-0.038,0.000,7,E,0,,,,6433,52.82,0
120,1082.778,"Mount",0.180,-0.020,0.046,0.180,0.036,0.000,6,W,0,,,,6844,54.67,0
121,1091.972,"Mount",0.354,0.578,-0.520,0.351,-0.296,0.245,53,E,35,S,,,7170,56.20,0
122,1100.928,"Mount",0.469,-0.111,0.178,0.470,-0.058,0.329,10,E,47,S,,,7149,55.74,0
123,1110.012,"Mount",0.513,-0.440,0.510,0.515,0.270,0.361,48,W,52,S,,,7610,57.52,0
124,1118.759,"Mount",-0.315,0.283,-0.326,-0.316,-0.146,0.000,26,E,0,,,,7406,57.35,0
125,1127.794,"Mount",-0.232,-0.258,0.221,-0.230,-0.191,0.000,34,E,0,,,,8055,59.96,0
126,1136.926,"Mount",0.389,0.289,-0.230,0.387,-0.097,0.271,17,E,39,S,,,8019,59.16,0
127,1145.866,"Mount",0.258,0.452,-0.409,0.255,-0.308,0.000,55,E,0,,,,7386,56.79,0
128,1154.964,"Mount",0.519,0.597,-0.515,0.516,-0.394,0.361,70,E,52,S,,,6943,55.10,0
129,1163.824,"Mount",0.228,-0.422,0.451,0.230,0.315,0.000,56,W,0,,,,7414,55.79,0
130,1173.099,"Mount",0.604,-1.231,1.305,0.611,1.068,0.427,190,W,62,S,,,7139,55.21,0
131,1181.845,"Mount",0.188,-0.499,0.521,0.191,0.669,0.000,119,W,0,,,,7162,55.43,0
132,1191.023,"Mount",0.691,-0.552,0.647,0.694,0.568,0.486,101,W,70,S,,,6987,55.03,0
133,1199.736,"Mount",0.004,-0.150,0.149,0.005,-0.080,0.000,14,E,0,,,,6632,53.51,0
134,1208.964,"Mount",0.599,-0.664,0.744,0.603,0.364,0.422,65,W,61,S,,,6817,54.47,0
135,1217.712,"Mount",0.076,0.025,-0.014,0.076,-0.022,0.000,4,E,0,,,,6953,54.68,0
136,1226.745,"Mount",0.218,0.363,-0.327,0.216,-0.085,0.000,15,E,0,,,,6576,54.04,0
137,1235.908,"Mount",0.603,0.007,0.081,0.603,-0.003,0.422,1,E,61,S,,,6773,53.91,0
138,1245.006,"Mount",0.539,-0.492,0.565,0.542,0.370,0.380,66,W,55,S,,,6918,54.65,0
139,1253.780,"Mount",0.238,-0.102,0.136,0.238,-0.064,0.000,11,E,0,,,,5915,50.58,0
140,1263.028,"Mount",0.673,-0.988,1.076,0.678,0.534,0.475,95,W,69,S,,,6408,53.29,0
141,1271.936,"Mount",0.356,-0.321,0.369,0.358,0.158,0.251,28,W,36,S,,,6024,51.25,0
142,1281.051,"Mount",0.460,0.919,-0.842,0.455,-0.453,0.318,81,E,46,S,,,6462,52.71,0
143,1289.942,"Mount",0.419,-0.097,0.157,0.419,0.185,0.294,33,W,42,S,,,6482,53.12,0
144,1301.760,"Mount",-0.013,-0.166,0.162,-0.012,0.311,0.000,55,W,0,,,,5662,49.66,0
145,1310.795,"Mount",0.002,-0.526,0.520,0.005,0.535,0.000,95,W,0,,,,6204,52.14,0
146,1320.039,"Mount",0.464,-0.871,0.930,0.469,0.684,0.328,122,W,47,S,,,6292,52.33,0
147,1328.707,"Mount",-0.039,0.252,-0.255,-0.041,0.045,0.000,8,W,0,,,,6216,51.91,0
148,1337.647,"Mount",0.094,0.043,-0.029,0.094,-0.016,0.000,3,E,0,,,,5986,51.28,0
149,1346.954,"Mount",0.579,-0.335,0.416,0.581,0.380,0.407,68,W,59,S,,,5833,50.54,0
150,1356.006,"Mount",0.429,-0.441,0.499,0.431,0.656,0.302,116,W,44,S,,,5092,46.70,0
151,1364.888,"Mount",0.261,-1.513,1.535,0.269,1.119,0.000,199,W,0,,,,5078,47.15,0
152,1373.772,"Mount",0.113,-0.730,0.739,0.117,0.499,0.000,89,W,0,,,,4989,46.49,0
153,1382.876,"Mount",0.477,-0.198,0.265,0.478,-0.147,0.334,26,E,48,S,,,5076,46.94,0
154,1391.875,"Mount",0.361,-0.135,0.186,0.361,-0.174,0.253,31,E,37,S,,,5463,48.64,0
155,1400.912,"Mount",0.371,-0.154,0.207,0.372,-0.105,0.260,19,E,38,S,,,4995,46.19,0
156,1409.915,"Mount",0.662,0.107,-0.009,0.662,-0.043,0.463,8,E,67,S,,,4808,45.25,0
157,1418.854,"Mount",-0.166,1.092,-1.105,-0.172,-0.853,0.000,152,E,0,,,,4542,44.08,0
158,1427.793,"Mount",0.033,0.623,-0.611,0.029,-0.529,0.000,94,E,0,,,,4347,43.13,0
159,1436.700,"Mount",0.161,-0.117,0.139,0.161,-0.131,0.000,23,E,0,,,,3748,40.09,0
160,1445.688,"Mount",0.182,0.328,-0.298,0.180,-0.114,0.000,20,E,0,,,,2573,32.24,0
161,1455.060,"Mount",0.565,1.001,-0.908,0.559,-0.762,0.392,135,E,57,S,,,3468,37.88,0
162,1463.774,"Mount",0.181,0.919,-0.883,0.175,-0.615,0.000,109,E,0,,,,3330,37.33,0
163,1472.971,"Mount",0.715,0.904,-0.791,0.710,-0.537,0.497,95,E,72,S,,,3097,35.36,0
164,1481.862,"Mount",0.553,-0.325,0.402,0.555,0.206,0.388,37,W,56,S,,,3226,36.84,0
165,1490.720,"Mount",0.105,0.088,-0.072,0.104,-0.079,0.000,14,E,0,,,,3162,36.47,0
166,1499.714,"Mount",0.067,0.158,-0.146,0.066,-0.128,0.000,23,E,0,,,,3395,37.73,0
167,1508.838,"Mount",0.328,0.231,-0.181,0.327,-0.066,0.229,12,E,33,S,,,3744,39.84,0
168,1517.729,"Mount",0.160,-0.337,0.356,0.162,0.269,0.000,48,W,0,,,,3621,39.31,0
169,1526.844,"Mount",0.523,-0.141,0.215,0.523,0.074,0.366,13,W,53,S,,,3611,39.13,0
170,1536.040,"Mount",0.527,-1.437,1.498,0.536,0.970,0.375,172,W,54,S,,,3178,36.49,0
171,1544.692,"Mount",0.021,-0.548,0.545,0.024,0.317,0.000,56,W,0,,,,2103,28.60,0
172,1553.725,"Mount",0.125,0.410,-0.388,0.122,-0.241,0.000,43,E,0,,,,2512,31.77,0
173,1562.810,"Mount",0.714,-0.028,0.132,0.714,-0.014,0.500,3,E,72,S,,,2575,32.26,0
174,1572.004,"Mount",0.777,-0.906,1.010,0.782,0.611,0.548,108,W,79,S,,,3112,35.85,0
175,1580.847,"Mount",0.332,-0.454,0.498,0.335,0.221,0.234,39,W,34,S,,,4158,42.51,0
176,1589.739,"Mount",-0.372,0.476,-0.525,-0.375,-0.489,0.000,87,E,0,,,,3582,38.80,0
177,1598.783,"Mount",-0.332,0.810,-0.850,-0.337,-0.673,0.000,119,E,0,,,,4123,41.93,0
178,1607.747,"Mount",-0.144,1.100,-1.109,-0.151,-0.781,0.000,139,E,0,,,,3975,41.18,0
179,1616.654,"Mount",0.292,0.022,0.021,0.292,-0.084,0.000,15,E,0,,,,4406,43.61,0
180,1625.638,"Mount",0.133,0.182,-0.160,0.132,-0.079,0.000,14,E,0,,,,4645,44.49,0
181,1634.644,"Mount",0.088,0.678,-0.658,0.084,-0.360,0.000,64,E,0,,,,5406,48.06,0
182,1643.841,"Mount",0.586,-0.239,0.322,0.587,0.314,0.411,56,W,59,S,,,5332,48.15,0
183,1652.731,"Mount",0.275,-0.540,0.575,0.278,0.701,0.000,124,W,0,,,,6082,51.65,0
184,1661.878,"Mount",0.603,-0.475,0.558,0.606,0.432,0.424,77,W,61,S,,,5666,49.81,0
185,1670.674,"Mount",-0.028,-0.270,0.263,-0.026,-0.059,0.000,11,E,0,,,,5960,51.40,0
186,1679.870,"Mount",0.612,-0.658,0.740,0.615,0.367,0.431,65,W,62,S,,,6332,52.68,0
187,1688.601,"Mount",-0.119,-0.204,0.184,-0.118,-0.035,0.000,6,E,0,,,,5547,49.46,0
188,1697.604,"Mount",-0.016,0.321,-0.320,-0.018,-0.072,0.000,13,E,0,,,,5996,51.01,0
189,1706.725,"Mount",0.393,0.305,-0.245,0.392,-0.001,0.274,0,,40,S,,,6007,51.18,0
190,1715.707,"Mount",0.152,0.561,-0.533,0.149,-0.347,0.000,62,E,0,,,,6107,51.47,0
191,1724.762,"Mount",0.161,0.833,-0.800,0.156,-0.588,0.000,104,E,0,,,,6003,50.78,0
192,1733.843,"Mount",0.771,-0.387,0.495,0.773,0.256,0.541,46,W,78,S,,,6590,53.53,0
193,1742.654,"Mount",-0.234,-0.071,0.036,-0.233,-0.080,0.000,14,E,0,,,,6275,52.55,0
194,1751.678,"Mount",0.272,-0.555,0.589,0.275,0.420,0.000,75,W,0,,,,6248,52.32,0
195,1760.900,"Mount",0.655,-0.583,0.672,0.658,0.688,0.461,122,W,66,S,,,6855,54.81,0
196,1769.808,"Mount",0.429,0.123,-0.059,0.428,0.193,0.300,34,W,43,S,,,6279,51.96,0
197,1778.635,"Mount",-0.244,0.169,-0.203,-0.245,0.166,0.000,29,W,0,,,,6444,53.17,0
198,1790.688,"Mount",-0.099,-0.514,0.495,-0.096,0.426,0.000,76,W,0,,,,6521,53.64,0
199,1799.905,"Mount",0.434,-1.115,1.167,0.440,0.827,0.308,147,W,44,S,,,6987,55.61,0
200,1808.925,"Mount",0.501,-1.526,1.582,0.510,1.015,0.357,180,W,52,S,,,7270,56.64,0
201,1817.737,"Mount",-0.129,-1.093,1.063,-0.123,0.829,0.000,147,W,0,,,,7345,57.06,0
202,1826.649,"Mount",-0.530,0.635,-0.706,-0.534,-0.211,0.000,37,E,0,,,,6818,54.43,0
203,1835.583,"Mount",-0.152,0.347,-0.366,-0.154,-0.101,0.000,18,E,0,,,,6710,54.32,0
204,1844.650,"Mount",-0.020,-0.839,0.827,-0.015,0.580,0.000,103,W,0,,,,7707,58.67,0
205,1854.372,"Mount",0.114,0.109,-0.091,0.114,-0.137,0.000,24,E,0,,,,8533,60.89,0
206,1862.674,"Mount",-0.013,0.709,-0.703,-0.017,-0.580,0.000,103,E,0,,,,8815,62.17,0
207,1871.499,"DROP",,,,,,,,,,,,,0,0.00,5,"No star found"
207,1871.635,"Mount",0.000,0.000,-0.251,0.000,-0.251,0.000,45,E,0,,,,8815,62.17,5
208,1880.664,"Mount",-0.191,0.749,-0.768,-0.196,-0.557,0.000,99,E,0,,,,8350,60.12,0
209,1889.603,"Mount",0.294,0.213,-0.168,0.293,-0.198,0.000,35,E,0,,,,8940,62.54,0
210,1898.768,"Mount",0.611,-0.170,0.258,0.612,-0.184,0.428,33,E,62,S,,,8477,60.90,0
211,1907.818,"Mount",1.079,-0.242,0.396,1.080,0.131,0.756,23,W,109,S,,,8417,60.24,0
212,1916.472,"DROP",,,,,,,,,,,,,0,0.00,5,"No star found"
212,1916.624,"Mount",0.000,0.000,-0.293,0.000,-0.293,0.000,52,E,0,,,,8417,60.24,5
213,1925.633,"Mount",-0.023,-0.656,0.646,-0.019,0.256,0.000,46,W,0,,,,8754,62.26,0
214,1934.496,"DROP",,,,,,,,,,,,,0,0.00,5,"No star found"
214,1934.642,"Mount",0.000,0.000,-0.444,0.000,-0.444,0.000,79,E,0,,,,8754,62.26,5
215,1943.847,"Mount",0.676,-0.682,0.773,0.680,0.449,0.476,80,W,69,S,,,8847,61.78,0
216,1952.995,"Mount",0.776,-1.911,2.003,0.787,1.244,0.551,221,W,79,S,,,8857,62.95,0
217,1961.493,"DROP",,,,,,,,,,,,,0,0.00,5,"No star found"
217,1961.650,"Mount",0.000,0.000,-0.275,0.000,-0.275,0.000,49,E,0,,,,8857,62.95,5
218,1970.448,"DROP",,,,,,,,,,,,,0,0.00,5,"No star found"
218,1970.592,"Mount",0.000,0.000,-0.324,0.000,-0.324,0.000,57,E,0,,,,8857,62.95,5
219,1979.652,"Mount",-0.070,0.829,-0.831,-0.075,-0.572,0.000,102,E,0,,,,8913,63.04,0
220,1988.577,"Mount",0.009,0.482,-0.475,0.006,-0.304,0.000,54,E,0,,,,8765,62.34,0
221,1997.757,"Mount",0.353,0.597,-0.539,0.349,-0.278,0.244,49,E,35,S,,,9125,63.57,0
222,2006.451,"DROP",,,,,,,,,,,,,0,0.00,5,"No star found"
222,2006.536,"Mount",0.000,0.000,0.202,0.000,0.202,0.000,36,W,0,,,,9125,63.57,5
223,2015.464,"DROP",,,,,,,,,,,,,0,0.00,5,"No star found"
223,2015.492,"Mount",0.000,0.000,-0.028,0.000,-0.028,0.000,5,E,0,,,,9125,63.57,5
224,2024.719,"Mount",0.399,0.380,-0.317,0.397,-0.060,0.278,11,E,40,S,,,9315,64.43,0
225,2033.463,"DROP",,,,,,,,,,,,,0,0.00,5,"No star found"
225,2033.498,"Mount",0.000,0.000,-0.041,0.000,-0.041,0.000,7,E,0,,,,9315,64.43,5
226,2042.477,"DROP",,,,,,,,,,,,,0,0.00,5,"No star found"
226,2042.566,"Mount",0.000,0.000,-0.145,0.000,-0.145,0.000,26,E,0,,,,9315,64.43,5
227,2051.466,"DROP",,,,,,,,,,,,,0,0.00,5,"No star found"
227,2051.570,"Mount",0.000,0.000,-0.249,0.000,-0.249,0.000,44,E,0,,,,9315,64.43,5
228,2060.464,"DROP",,,,,,,,,,,,,0,0.00,5,"No star found"
228,2060.606,"Mount",0.000,0.000,-0.420,0.000,-0.420,0.000,75,E,0,,,,9315,64.43,5
229,2069.462,"DROP",,,,,,,,,,,,,0,0.00,5,"No star found"
229,2069.630,"Mount",0.000,0.000,-0.518,0.000,-0.518,0.000,92,E,0,,,,9315,64.43,5
230,2078.462,"DROP",,,,,,,,,,,,,0,0.00,5,"No star found"
230,2078.605,"Mount",0.000,0.000,-0.336,0.000,-0.336,0.000,60,E,0,,,,9315,64.43,5
231,2088.321,"Mount",3.058,-3.132,3.545,3.076,2.166,2.154,385,W,311,S,,,9474,65.06,0
232,2096.572,"Mount",0.045,-0.647,0.647,0.049,0.327,0.000,58,W,0,,,,9172,63.71,0
233,2105.644,"Mount",-0.483,0.917,-0.978,-0.488,-0.655,0.000,116,E,0,,,,9064,63.27,0
234,2114.453,"DROP",,,,,,,,,,,,,0,0.00,5,"No star found"
234,2114.659,"Mount",0.000,0.000,0.764,0.000,0.764,0.000,136,W,0,,,,9064,63.27,5
235,2123.436,"DROP",,,,,,,,,,,,,0,0.00,5,"No star found"
235,2123.663,"Mount",0.000,0.000,0.808,0.000,0.808,0.000,144,W,0,,,,9064,63.27,5
236,2132.826,"Mount",0.488,-0.649,0.714,0.492,0.561,0.344,100,W,50,S,,,9548,64.94,0
237,2141.460,"DROP",,,,,,,,,,,,,0,0.00,5,"No star found"
237,2141.581,"Mount",0.000,0.000,-0.081,0.000,-0.081,0.000,14,E,0,,,,9548,64.94,5
238,2150.433,"DROP",,,,,,,,,,,,,0,0.00,5,"No star found"
238,2150.546,"Mount",0.000,0.000,-0.233,0.000,-0.233,0.000,41,E,0,,,,9548,64.94,5
239,2159.466,"DROP",,,,,,,,,,,,,0,0.00,5,"No star found"
239,2159.565,"Mount",0.000,0.000,-0.188,0.000,-0.188,0.000,33,E,0,,,,9548,64.94,5
240,2168.985,"Mount",1.027,-2.110,2.237,1.039,1.356,0.727,241,W,105,S,,,9644,65.12,0
241,2177.412,"DROP",,,,,,,,,,,,,0,0.00,5,"No star found"
241,2177.492,"Mount",0.000,0.000,-0.142,0.000,-0.142,0.000,25,E,0,,,,9644,65.12,5
242,2186.408,"DROP",,,,,,,,,,,,,0,0.00,5,"No star found"
242,2186.496,"Mount",0.000,0.000,-0.106,0.000,-0.106,0.000,19,E,0,,,,9644,65.12,5
243,2195.431,"DROP",,,,,,,,,,,,,0,0.00,5,"No star found"
243,2195.515,"Mount",0.000,0.000,-0.207,0.000,-0.207,0.000,37,E,0,,,,9644,65.12,5
244,2204.432,"DROP",,,,,,,,,,,,,0,0.00,5,"No star found"
244,2204.529,"Mount",0.000,0.000,-0.187,0.000,-0.187,0.000,33,E,0,,,,9644,65.12,5
245,2213.395,"DROP",,,,,,,,,,,,,0,0.00,5,"No star found"
245,2213.491,"Mount",0.000,0.000,-0.154,0.000,-0.154,0.000,27,E,0,,,,9644,65.12,5
246,2222.426,"DROP",,,,,,,,,,,,,0,0.00,5,"No star found"
246,2222.526,"Mount",0.000,0.000,0.089,0.000,0.089,0.000,16,W,0,,,,9644,65.12,5
247,2232.142,"Mount",2.083,-1.857,2.141,2.094,1.592,1.465,283,W,211,S,,,9563,64.41,0
248,2240.533,"Mount",-0.180,-0.560,0.528,-0.176,0.472,0.000,84,W,0,,,,9982,66.66,0
249,2249.422,"DROP",,,,,,,,,,,,,0,0.00,5,"No star found"
249,2249.553,"Mount",0.000,0.000,0.292,0.000,0.292,0.000,52,W,0,,,,9982,66.66,5
250,2258.556,"Mount",-0.111,-0.682,0.658,-0.107,0.498,0.000,88,W,0,,,,9104,63.44,0
251,2267.528,"Mount",0.085,-0.689,0.694,0.089,0.569,0.000,101,W,0,,,,9345,63.96,0
252,2276.404,"DROP",,,,,,,,,,,,,0,0.00,5,"No star found"
252,2276.536,"Mount",0.000,0.000,0.296,0.000,0.296,0.000,53,W,0,,,,9345,63.96,5
253,2285.822,"Mount",0.669,-1.210,1.295,0.676,0.922,0.473,164,W,68,S,,,9208,63.73,0
254,2294.403,"DROP",,,,,,,,,,,,,0,0.00,5,"No star found"
254,2294.554,"Mount",0.000,0.000,0.475,0.000,0.475,0.000,84,W,0,,,,9208,63.73,5
255,2303.525,"Mount",-0.038,0.544,-0.544,-0.041,-0.228,0.000,41,E,0,,,,8588,61.75,0
256,2312.786,"Mount",0.879,-0.486,0.609,0.882,0.494,0.617,88,W,89,S,,,8884,62.33,0
257,2321.756,"Mount",0.414,-1.102,1.151,0.421,0.715,0.294,127,W,42,S,,,9315,64.57,0
258,2333.494,"Mount",-0.003,-0.426,0.421,-0.001,0.112,0.000,20,W,0,,,,9258,63.63,0
259,2342.378,"DROP",,,,,,,,,,,,,0,0.00,5,"No star found"
259,2342.516,"Mount",0.000,0.000,-0.342,0.000,-0.342,0.000,61,E,0,,,,9258,63.63,5
260,2351.565,"Mount",0.152,-0.251,0.270,0.153,-0.077,0.000,14,E,0,,,,9065,62.66,0
261,2360.665,"Mount",0.326,-0.569,0.610,0.329,0.267,0.231,47,W,33,S,,,9266,63.92,0
262,2369.399,"DROP",,,,,,,,,,,,,0,0.00,5,"No star found"
262,2369.573,"Mount",0.000,0.000,-0.655,0.000,-0.655,0.000,116,E,0,,,,9266,63.92,5
263,2378.544,"Mount",0.022,0.309,-0.302,0.020,-0.095,0.000,17,E,0,,,,8995,63.15,0
264,2387.377,"DROP",,,,,,,,,,,,,0,0.00,5,"No star found"
264,2387.451,"Mount",0.000,0.000,-0.199,0.000,-0.199,0.000,35,E,0,,,,8995,63.15,5
265,2396.854,"Mount",0.640,1.610,-1.500,0.631,-1.108,0.442,197,E,64,S,,,7896,58.75,0
266,2405.734,"Mount",0.593,0.577,-0.484,0.590,-0.423,0.413,75,E,60,S,,,8061,59.77,0
267,2414.492,"Mount",0.268,0.365,-0.322,0.266,-0.079,0.000,14,E,0,,,,7363,56.83,0
268,2423.400,"Mount",0.024,0.264,-0.258,0.023,-0.035,0.000,6,E,0,,,,6548,53.06,0
269,2432.485,"Mount",0.245,0.165,-0.128,0.244,-0.086,0.000,15,E,0,,,,5965,50.99,0
270,2441.633,"Mount",0.388,-0.218,0.272,0.389,-0.121,0.273,22,E,39,S,,,6655,53.79,0
271,2450.713,"Mount",0.533,-0.707,0.777,0.537,0.428,0.376,76,W,54,S,,,7449,57.06,0
272,2459.445,"Mount",0.261,-0.380,0.414,0.264,0.253,0.000,45,W,0,,,,8429,60.47,0
273,2468.333,"DROP",,,,,,,,,,,,,0,0.00,5,"No star found"
273,2468.416,"Mount",0.000,0.000,0.134,0.000,0.134,0.000,24,W,0,,,,8429,60.47,5
274,2477.516,"Mount",0.361,-0.030,0.082,0.361,0.047,0.253,8,W,37,S,,,8993,62.84,0
275,2486.456,"Mount",0.031,-0.233,0.235,0.033,0.010,0.000,2,W,0,,,,9092,63.04,0
276,2495.683,"Mount",0.363,-0.985,1.027,0.369,0.631,0.258,112,W,37,S,,,9486,64.90,0
277,2504.495,"Mount",0.278,-0.551,0.586,0.281,0.341,0.000,61,W,0,,,,9237,63.75,0
278,2513.355,"DROP",,,,,,,,,,,,,0,0.00,5,"No star found"
278,2513.457,"Mount",0.000,0.000,-0.137,0.000,-0.137,0.000,24,E,0,,,,9237,63.75,5
279,2522.354,"DROP",,,,,,,,,,,,,0,0.00,5,"No star found"
279,2522.469,"Mount",0.000,0.000,-0.270,0.000,-0.270,0.000,48,E,0,,,,9237,63.75,5
280,2531.648,"Mount",0.576,-0.579,0.657,0.579,0.277,0.406,49,W,59,S,,,9164,63.57,0
281,2540.318,"DROP",,,,,,,,,,,,,0,0.00,5,"No star found"
281,2540.444,"Mount",0.000,0.000,-0.455,0.000,-0.455,0.000,81,E,0,,,,9164,63.57,5
282,2549.623,"Mount",0.599,0.165,-0.076,0.598,-0.138,0.419,24,E,60,S,,,9210,63.26,0
283,2558.467,"Mount",0.162,0.183,-0.157,0.161,-0.104,0.000,19,E,0,,,,9436,64.68,0
284,2567.323,"DROP",,,,,,,,,,,,,0,0.00,5,"No star found"
284,2567.406,"Mount",0.000,0.000,-0.110,0.000,-0.110,0.000,20,E,0,,,,9436,64.68,5
285,2576.313,"DROP",,,,,,,,,,,,,0,0.00,5,"No star found"
285,2576.457,"Mount",0.000,0.000,-0.287,0.000,-0.287,0.000,51,E,0,,,,9436,64.68,5
286,2585.312,"DROP",,,,,,,,,,,,,0,0.00,5,"No star found"
286,2585.445,"Mount",0.000,0.000,0.376,0.000,0.376,0.000,67,W,0,,,,9436,64.68,5
287,2597.744,"Mount",1.307,0.179,0.013,1.306,0.303,0.914,54,W,132,S,,,8407,60.80,0
288,2606.635,"Mount",1.065,-0.111,0.266,1.066,0.114,0.746,20,W,108,S,,,7667,57.74,0
289,2615.494,"Mount",0.221,-1.135,1.155,0.228,0.706,0.000,125,W,0,,,,7002,54.86,0
290,2624.433,"Mount",0.279,-0.592,0.626,0.282,0.336,0.000,60,W,0,,,,5665,49.11,0
291,2633.628,"Mount",0.530,-0.855,0.923,0.535,0.540,0.375,96,W,54,S,,,4831,45.43,0
292,2642.425,"Mount",0.122,-0.433,0.446,0.124,0.228,0.000,40,W,0,,,,2058,27.88,0
293,2651.324,"Mount",0.087,0.008,0.005,0.087,-0.041,0.000,7,E,0,,,,4287,43.06,0
294,2660.309,"DROP",,,,,,,,,,,,,410,11.35,7,"Star lost - mass changed"
294,2660.382,"Mount",0.000,0.000,-0.091,0.000,-0.091,0.000,16,E,0,,,,4287,43.06,7
295,2669.324,"DROP",,,,,,,,,,,,,288,9.16,7,"Star lost - mass changed"
295,2669.402,"Mount",0.000,0.000,-0.193,0.000,-0.193,0.000,34,E,0,,,,4287,43.06,7
296,2678.390,"Mount",0.223,0.347,-0.311,0.221,-0.074,0.000,13,E,0,,,,944,17.81,0
297,2687.521,"Mount",0.398,0.260,-0.200,0.397,-0.027,0.278,5,E,40,S,,,1794,25.65,0
298,2696.525,"Mount",0.608,0.208,-0.117,0.607,0.052,0.425,9,W,61,S,,,2162,28.72,0
299,2705.282,"DROP",,,,,,,,,,,,,3788,39.28,7,"Star lost - mass changed"
299,2705.465,"Mount",0.000,0.000,0.652,0.000,0.652,0.000,116,W,0,,,,2162,28.72,7
300,2714.549,"Mount",0.354,-0.156,0.206,0.355,0.154,0.248,27,W,36,S,,,4597,43.79,0
301,2723.632,"Mount",0.586,-0.464,0.544,0.589,0.454,0.412,81,W,59,S,,,4407,42.83,0
302,2732.411,"Mount",0.031,-0.206,0.208,0.032,0.101,0.000,18,W,0,,,,5597,48.44,0
303,2741.623,"Mount",0.794,0.340,-0.220,0.792,0.125,0.555,22,W,80,S,,,5656,48.68,0
304,2750.450,"Mount",0.028,-0.710,0.706,0.032,0.548,0.000,97,W,0,,,,5492,48.08,0
305,2759.726,"Mount",0.643,-1.057,1.139,0.649,0.857,0.454,152,W,66,S,,,5579,48.43,0
306,2768.473,"Mount",-0.011,-0.711,0.702,-0.007,0.628,0.000,111,W,0,,,,5331,47.50,0
307,2777.381,"Mount",0.298,-0.226,0.267,0.300,0.106,0.000,19,W,0,,,,6594,52.67,0
308,2786.417,"Mount",0.090,-0.343,0.353,0.092,0.316,0.000,56,W,0,,,,7089,54.99,0
309,2795.309,"Mount",-0.402,-0.333,0.271,-0.401,0.026,0.000,5,W,0,,,,8813,61.86,0
310,2804.617,"Mount",0.982,-0.596,0.732,0.985,0.391,0.690,69,W,100,S,,,8366,60.34,0
311,2813.332,"Mount",-0.069,-0.583,0.566,-0.066,0.225,0.000,40,W,0,,,,8258,59.79,0
312,2822.288,"DROP",,,,,,,,,,,,,0,0.00,5,"No star found"
312,2822.432,"Mount",0.000,0.000,-0.247,0.000,-0.247,0.000,44,E,0,,,,8258,59.79,5
313,2831.530,"Mount",0.686,-0.249,0.347,0.687,0.125,0.481,22,W,69,S,,,8305,59.74,0
314,2840.422,"Mount",-0.155,0.393,-0.411,-0.158,-0.518,0.000,92,E,0,,,,9057,63.09,0
315,2849.269,"DROP",,,,,,,,,,,,,9668,65.00,8,"No star found"
315,2849.442,"Mount",0.000,0.000,-0.598,0.000,-0.598,0.000,106,E,0,,,,9057,63.09,8
316,2858.248,"DROP",,,,,,,,,,,,,0,0.00,5,"No star found"
316,2858.374,"Mount",0.000,0.000,-0.241,0.000,-0.241,0.000,43,E,0,,,,9057,63.09,5
317,2867.289,"DROP",,,,,,,,,,,,,0,0.00,5,"No star found"
317,2867.433,"Mount",0.000,0.000,-0.425,0.000,-0.425,0.000,76,E,0,,,,9057,63.09,5
318,2876.661,"Mount",1.111,-0.577,0.733,1.115,0.302,0.780,54,W,113,S,,,9303,64.36,0
319,2885.328,"Mount",-0.095,-0.384,0.366,-0.093,0.139,0.000,25,W,0,,,,8857,62.10,0
320,2894.331,"Mount",-0.046,0.096,-0.102,-0.046,-0.083,0.000,15,E,0,,,,9184,63.24,0
321,2903.230,"DROP",,,,,,,,,,,,,0,0.00,5,"No star found"
321,2903.334,"Mount",0.000,0.000,-0.129,0.000,-0.129,0.000,23,E,0,,,,9184,63.24,5
322,2912.224,"DROP",,,,,,,,,,,,,0,0.00,5,"No star found"
322,2912.346,"Mount",0.000,0.000,-0.295,0.000,-0.295,0.000,52,E,0,,,,9184,63.24,5
323,2921.228,"DROP",,,,,,,,,,,,,0,0.00,5,"No star found"
323,2921.310,"Mount",0.000,0.000,-0.197,0.000,-0.197,0.000,35,E,0,,,,9184,63.24,5
324,2930.553,"Mount",0.517,-0.372,0.443,0.519,0.220,0.363,39,W,52,S,,,9698,64.68,0
325,2939.253,"DROP",,,,,,,,,,,,,0,0.00,5,"No star found"
325,2939.286,"Mount",0.000,0.000,-0.015,0.000,-0.015,0.000,3,E,0,,,,9698,64.68,5
326,2948.244,"DROP",,,,,,,,,,,,,0,0.00,5,"No star found"
326,2948.272,"Mount",0.000,0.000,-0.011,0.000,-0.011,0.000,2,E,0,,,,9698,64.68,5
327,2957.243,"DROP",,,,,,,,,,,,,0,0.00,5,"No star found"
327,2957.357,"Mount",0.000,0.000,0.248,0.000,0.248,0.000,44,W,0,,,,9698,64.68,5
328,2966.203,"DROP",,,,,,,,,,,,,0,0.00,5,"No star found"
328,2966.264,"Mount",0.000,0.000,0.034,0.000,0.034,0.000,6,W,0,,,,9698,64.68,5
329,2975.208,"DROP",,,,,,,,,,,,,0,0.00,5,"No star found"
329,2975.299,"Mount",0.000,0.000,-0.154,0.000,-0.154,0.000,27,E,0,,,,9698,64.68,5
330,2984.559,"Mount",0.925,0.572,-0.431,0.921,-0.303,0.645,54,E,93,S,,,9330,63.86,0
331,2993.498,"Mount",0.906,-0.114,0.245,0.907,-0.052,0.635,9,E,92,S,,,9391,63.90,0
332,3002.253,"DROP",,,,,,,,,,,,,0,0.00,5,"No star found"
332,3002.352,"Mount",0.000,0.000,-0.179,0.000,-0.179,0.000,32,E,0,,,,9391,63.90,5
333,3011.617,"Mount",0.949,-0.383,0.517,0.951,0.182,0.666,32,W,96,S,,,9233,64.42,0
334,3020.222,"DROP",,,,,,,,,,,,,0,0.00,5,"No star found"
334,3020.364,"Mount",0.000,0.000,-0.428,0.000,-0.428,0.000,76,E,0,,,,9233,64.42,5
335,3029.190,"DROP",,,,,,,,,,,,,0,0.00,5,"No star found"
335,3029.336,"Mount",0.000,0.000,-0.481,0.000,-0.481,0.000,85,E,0,,,,9233,64.42,5
336,3038.192,"DROP",,,,,,,,,,,,,0,0.00,5,"No star found"
336,3038.306,"Mount",0.000,0.000,-0.307,0.000,-0.307,0.000,54,E,0,,,,9233,64.42,5
337,3047.190,"DROP",,,,,,,,,,,,,0,0.00,5,"No star found"
337,3047.284,"Mount",0.000,0.000,-0.184,0.000,-0.184,0.000,33,E,0,,,,9233,64.42,5
338,3056.970,"Mount",1.842,-3.206,3.440,1.861,2.179,1.302,387,W,188,S,,,9612,65.45,0
339,3065.204,"DROP",,,,,,,,,,,,,0,0.00,5,"No star found"
339,3065.413,"Mount",0.000,0.000,0.859,0.000,0.859,0.000,153,W,0,,,,9612,65.45,5
340,3075.024,"Mount",0.396,-0.014,0.071,0.396,0.166,0.277,30,W,40,S,,,8096,60.01,0
341,3083.532,"Mount",0.719,0.043,0.062,0.718,0.109,0.503,19,W,73,S,,,8242,59.82,0
342,3092.474,"Mount",0.345,-0.259,0.307,0.346,-0.025,0.242,4,E,35,S,,,7712,58.02,0
343,3101.347,"Mount",-0.105,-0.437,0.417,-0.102,0.243,0.000,43,W,0,,,,7261,56.50,0
344,3110.213,"Mount",0.006,0.185,-0.182,0.005,-0.019,0.000,3,E,0,,,,6735,54.45,0
345,3119.289,"Mount",0.153,0.467,-0.440,0.151,-0.310,0.000,55,E,0,,,,7027,55.13,0
346,3128.405,"Mount",0.368,0.109,-0.054,0.367,-0.064,0.257,11,E,37,S,,,6956,55.23,0
347,3137.473,"Mount",0.418,-0.536,0.591,0.421,0.316,0.295,56,W,43,S,,,7445,57.18,0
348,3146.285,"Mount",0.037,0.195,-0.188,0.036,-0.066,0.000,12,E,0,,,,6896,55.13,0
349,3155.448,"Mount",0.391,0.032,0.025,0.391,-0.054,0.274,10,E,40,S,,,6765,54.49,0
350,3164.323,"Mount",0.010,-0.554,0.549,0.013,0.315,0.000,56,W,0,,,,7111,55.80,0
351,3173.375,"Mount",-0.153,-0.543,0.515,-0.149,0.445,0.000,79,W,0,,,,6263,52.50,0
352,3182.507,"Mount",0.569,-0.631,0.707,0.573,0.633,0.401,112,W,58,S,,,3579,38.68,0
353,3191.382,"Mount",0.167,-1.067,1.080,0.173,0.837,0.000,149,W,0,,,,4137,42.03,0
354,3200.343,"Mount",-0.016,-0.376,0.369,-0.014,0.369,0.000,66,W,0,,,,4991,46.22,0
355,3209.421,"Mount",0.392,-0.015,0.072,0.392,0.079,0.275,14,W,40,S,,,5491,49.00,0
356,3221.494,"Mount",0.534,-0.810,0.879,0.538,0.693,0.377,123,W,54,S,,,7923,59.42,0
357,3230.545,"Mount",0.332,-1.446,1.479,0.340,1.042,0.238,185,W,34,S,,,7500,57.31,0
358,3239.613,"Mount",0.425,-1.314,1.362,0.433,1.038,0.303,184,W,44,S,,,7725,58.53,0
359,3248.440,"Mount",-0.286,-0.809,0.759,-0.281,0.623,0.000,111,W,0,,,,8172,59.78,0
360,3257.283,"Mount",0.101,-0.152,0.165,0.102,0.075,0.000,13,W,0,,,,7898,58.75,0
361,3266.223,"Mount",-0.217,-0.031,-0.001,-0.217,0.041,0.000,7,W,0,,,,7765,58.42,0
362,3275.203,"Mount",-0.191,-0.251,0.221,-0.190,-0.032,0.000,6,E,0,,,,8085,59.87,0
363,3284.273,"Mount",0.046,-0.483,0.485,0.049,0.223,0.000,40,W,0,,,,7601,57.84,0
364,3293.232,"Mount",-0.258,0.010,-0.048,-0.258,-0.126,0.000,22,E,0,,,,7376,56.72,0
365,3302.248,"Mount",0.021,0.138,-0.134,0.020,-0.059,0.000,10,E,0,,,,6732,54.33,0
366,3311.239,"Mount",0.054,0.126,-0.116,0.053,-0.170,0.000,30,E,0,,,,7149,56.00,0
367,3320.419,"Mount",0.351,0.015,0.036,0.351,-0.245,0.246,44,E,35,S,,,7839,58.84,0
368,3329.326,"Mount",0.026,-0.016,0.020,0.026,-0.094,0.000,17,E,0,,,,7231,56.18,0
369,3338.265,"Mount",0.267,0.459,-0.416,0.264,-0.359,0.000,64,E,0,,,,7566,57.51,0
370,3347.445,"Mount",0.699,0.224,-0.119,0.698,-0.214,0.488,38,E,70,S,,,7222,56.25,0
371,3356.400,"Mount",0.438,-0.382,0.442,0.440,0.144,0.308,26,W,44,S,,,7527,57.50,0
372,3365.371,"Mount",0.322,-0.335,0.378,0.324,0.163,0.227,29,W,33,S,,,7052,55.17,0
373,3377.461,"Mount",0.410,0.616,-0.549,0.407,-0.416,0.285,74,E,41,S,,,6961,54.88,0
374,3386.240,"Mount",-0.066,-0.625,0.609,-0.063,0.267,0.000,47,W,0,,,,7217,56.68,0
375,3395.180,"Mount",-0.271,-0.272,0.230,-0.269,-0.025,0.000,4,E,0,,,,7394,57.28,0
376,3404.198,"Mount",-0.323,-0.201,0.152,-0.322,-0.070,0.000,12,E,0,,,,7154,55.77,0
377,3413.170,"Mount",0.178,-0.142,0.166,0.179,-0.021,0.000,4,E,0,,,,7040,55.46,0
378,3422.414,"Mount",0.512,0.063,0.013,0.512,0.099,0.358,18,W,52,S,,,7694,57.77,0
379,3431.276,"Mount",-0.103,0.504,-0.514,-0.105,-0.349,0.000,62,E,0,,,,6999,55.11,0
380,3440.215,"Mount",-0.164,-0.043,0.019,-0.164,0.066,0.000,12,W,0,,,,7729,58.35,0
381,3449.138,"Mount",-0.120,0.016,-0.033,-0.121,-0.025,0.000,4,E,0,,,,7146,55.72,0
382,3458.235,"Mount",0.103,-0.976,0.981,0.109,0.516,0.000,92,W,0,,,,7245,56.84,0
383,3467.239,"Mount",0.247,-0.322,0.355,0.249,0.178,0.000,32,W,0,,,,7024,55.51,0
384,3476.419,"Mount",0.703,0.267,-0.161,0.702,-0.125,0.491,22,E,71,S,,,7099,55.46,0
385,3485.341,"Mount",0.473,0.278,-0.206,0.471,-0.130,0.330,23,E,48,S,,,7143,55.90,0
386,3494.249,"Mount",0.221,0.466,-0.429,0.218,-0.411,0.000,73,E,0,,,,7312,56.38,0
387,3503.211,"Mount",0.105,-0.238,0.251,0.107,-0.086,0.000,15,E,0,,,,7595,57.85,0
388,3512.320,"Mount",0.357,-0.013,0.065,0.357,-0.073,0.250,13,E,36,S,,,7940,59.00,0
389,3521.211,"Mount",0.187,-0.312,0.336,0.189,0.119,0.000,21,W,0,,,,8264,60.05,0
390,3530.258,"Mount",0.199,0.477,-0.443,0.196,-0.356,0.000,63,E,0,,,,7878,58.31,0
391,3539.346,"Mount",0.349,0.341,-0.287,0.347,0.222,0.243,39,W,35,S,,,7942,58.77,0
392,3548.240,"Mount",0.101,0.274,-0.256,0.100,0.272,0.000,48,W,0,,,,7738,57.77,0
393,3557.353,"Mount",0.560,0.154,-0.071,0.559,0.113,0.391,20,W,56,S,,,7435,57.15,0
394,3566.405,"Mount",0.389,-0.810,0.858,0.393,0.510,0.275,91,W,40,S,,,7946,59.09,0
395,3575.296,"Mount",0.251,-1.135,1.160,0.257,0.686,0.000,122,W,0,,,,8301,60.49,0
396,3584.258,"Mount",0.240,-0.913,0.938,0.245,0.531,0.000,94,W,0,,,,8611,61.61,0
397,3593.207,"Mount",0.052,-0.549,0.551,0.055,0.296,0.000,53,W,0,,,,8207,59.95,0
398,3602.387,"Mount",0.312,-0.514,0.554,0.315,0.332,0.220,59,W,32,S,,,8216,60.20,0
399,3611.294,"Mount",0.468,-0.173,0.240,0.469,-0.045,0.328,8,E,47,S,,,8231,60.26,0
400,3620.153,"Mount",0.155,0.121,-0.097,0.154,-0.081,0.000,14,E,0,,,,8250,59.90,0
401,3629.254,"Mount",0.200,0.170,-0.139,0.199,-0.078,0.000,14,E,0,,,,7551,57.27,0
402,3638.109,"Mount",0.194,-0.285,0.310,0.195,-0.022,0.000,4,E,0,,,,8146,59.72,0
403,3647.153,"Mount",-0.194,-0.382,0.350,-0.192,0.226,0.000,40,W,0,,,,8020,59.43,0
404,3656.202,"Mount",0.136,-0.030,0.050,0.137,0.232,0.000,41,W,0,,,,7680,58.26,0
405,3665.298,"Mount",0.437,0.454,-0.385,0.434,-0.038,0.304,7,E,44,S,,,8034,59.48,0
406,3674.366,"Mount",0.686,0.052,0.049,0.686,0.068,0.480,12,W,69,S,,,7881,58.62,0
Guiding Ends at 2026-08-16 00:30:58

Guiding Begins at 2026-08-16 00:36:43
Equipment Profile = QHY5 EQASCOM OAG
Dither = both axes, Dither scale = 1.000, Image noise reduction = 2x2 mean, Guide-frame time lapse = 0, Server enabled
Pixel scale = 1.05 arc-sec/px, Binning = 1, Focal length = 1018 mm
Search region = 24 px, Star mass tolerance = 90.0%, Multi-star mode, list size = 12
 Camera = QHY5II-M-10d7d910f33c7354, gain = 90, full size = 1280 x 1024, have dark, dark dur = 3000, no defect map, pixel size = 5.2 um
Exposure = 3000 ms
Mount = EQMOD HEQ5/6 (ASCOM), connected, guiding enabled, xAngle = 98.4, xRate = 5.610, yAngle = 17.1, yRate = 6.929, parity = +/+
Norm rates RA = 7.0"/s @ dec 0, Dec = 7.3"/s; ortho.err. = 8.7 deg
X guide algorithm = Predictive PEC, Control gain = 0.630
Prediction gain = 0.430
Minimum move = 0.330
Hyperparameters
	Length scale long range SE kernel = 700.000
	Signal variance long range SE kernel = 20.000
	Length scale periodic kernel = 10.000
	Signal variance periodic kernel = 20.000
	Length scale short range SE kernel = 25.000
	Signal variance short range SE kernel = 10.000
	Period length periodic kernel = 477.613
	FFT called after = 2.000 worm cycles
	Auto-adjust period length = On
Y guide algorithm = Resist Switch, Minimum move = 0.300 Aggression = 70% FastSwitch = disabled
Backlash comp = disabled, pulse = 495 ms
Max RA duration = 2500, Max DEC duration = 2500, DEC guide mode = Auto
RA Guide Speed = 7.5 a-s/s, Dec Guide Speed = 7.5 a-s/s, Cal Dec = 0.0, Last Cal Issue = None, Timestamp = 7/7/2026 10:36:27 PM
RA = 20.81 hr, Dec = 32.0 deg, Hour angle = 0.28 hr, Pier side = East, Rotator pos = N/A, Alt = 68.8 deg, Az = 190.1 deg
Lock position = 650.132, 321.879, Star position = 650.132, 321.879, HFD = 5.27 px
Frame,Time,mount,dx,dy,RARawDistance,DECRawDistance,RAGuideDistance,DECGuideDistance,RADuration,RADirection,DECDuration,DECDirection,XStep,YStep,StarMass,SNR,ErrorCode
INFO: SETTLING STATE CHANGE, Settling started
1,8.948,"Mount",-0.221,0.344,0.373,-0.223,0.235,0.000,42,W,0,,,,9111,61.77,0
INFO: SETTLING STATE CHANGE, Settling complete
2,17.922,"Mount",-0.434,-0.029,0.035,-0.434,0.000,0.000,0,,0,,,,9466,62.70,0
3,26.997,"Mount",-0.922,0.577,0.705,-0.925,0.444,0.000,79,W,0,,,,9189,61.99,0
4,36.110,"Mount",-1.124,-0.285,-0.118,-1.122,0.000,-0.785,0,,113,N,,,9434,62.67,0
5,45.014,"Mount",0.118,1.164,1.135,0.112,0.715,0.000,127,W,0,,,,9722,63.67,0
6,53.856,"DROP",,,,,,,,,,,,,0,0.00,5,"No star found"
Guiding Ends at 2026-08-16 00:37:46
INFO: SETTLING STATE CHANGE, Settling started

Guiding Begins at 2026-08-16 00:38:31
Equipment Profile = QHY5 EQASCOM OAG
Dither = both axes, Dither scale = 1.000, Image noise reduction = 2x2 mean, Guide-frame time lapse = 0, Server enabled
Pixel scale = 1.05 arc-sec/px, Binning = 1, Focal length = 1018 mm
Search region = 24 px, Star mass tolerance = 90.0%, Multi-star mode, list size = 12
 Camera = QHY5II-M-10d7d910f33c7354, gain = 90, full size = 1280 x 1024, have dark, dark dur = 3000, no defect map, pixel size = 5.2 um
Exposure = 3000 ms
Mount = EQMOD HEQ5/6 (ASCOM), connected, guiding enabled, xAngle = 98.4, xRate = 5.610, yAngle = 17.1, yRate = 6.929, parity = +/+
Norm rates RA = 7.0"/s @ dec 0, Dec = 7.3"/s; ortho.err. = 8.7 deg
X guide algorithm = Predictive PEC, Control gain = 0.630
Prediction gain = 0.430
Minimum move = 0.330
Hyperparameters
	Length scale long range SE kernel = 700.000
	Signal variance long range SE kernel = 20.000
	Length scale periodic kernel = 10.000
	Signal variance periodic kernel = 20.000
	Length scale short range SE kernel = 25.000
	Signal variance short range SE kernel = 10.000
	Period length periodic kernel = 477.613
	FFT called after = 2.000 worm cycles
	Auto-adjust period length = On
Y guide algorithm = Resist Switch, Minimum move = 0.300 Aggression = 70% FastSwitch = disabled
Backlash comp = disabled, pulse = 495 ms
Max RA duration = 2500, Max DEC duration = 2500, DEC guide mode = Auto
RA Guide Speed = 7.5 a-s/s, Dec Guide Speed = 7.5 a-s/s, Cal Dec = 0.0, Last Cal Issue = None, Timestamp = 7/7/2026 10:36:27 PM
RA = 20.81 hr, Dec = 32.0 deg, Hour angle = 0.31 hr, Pier side = East, Rotator pos = N/A, Alt = 68.8 deg, Az = 191.1 deg
Lock position = 1033.657, 815.292, Star position = 1033.657, 815.292, HFD = 5.40 px
Frame,Time,mount,dx,dy,RARawDistance,DECRawDistance,RAGuideDistance,DECGuideDistance,RADuration,RADirection,DECDuration,DECDirection,XStep,YStep,StarMass,SNR,ErrorCode
INFO: SETTLING STATE CHANGE, Settling complete
1,8.939,"Mount",-0.116,-0.186,-0.168,-0.114,-0.106,0.000,19,E,0,,,,9041,63.49,0
2,18.083,"Mount",-0.092,-0.899,-0.876,-0.087,-0.552,0.000,98,E,0,,,,9096,64.08,0
3,26.988,"Mount",-0.232,-0.400,-0.362,-0.229,-0.228,0.000,41,E,0,,,,9049,63.17,0
4,35.928,"DROP",,,,,,,,,,,,,0,0.00,5,"No star found"
5,45.069,"Mount",-0.837,1.208,1.317,-0.844,0.759,0.000,135,W,0,,,,9118,64.06,0
6,53.974,"Mount",-1.034,0.384,0.531,-1.036,0.318,0.000,57,W,0,,,,9740,66.42,0
7,63.166,"Mount",-0.904,-0.502,-0.365,-0.901,-0.160,-0.631,29,E,91,N,,,9489,65.39,0
8,72.198,"Mount",-0.569,0.569,0.646,-0.572,0.399,-0.401,71,W,58,N,,,8710,62.53,0
9,81.119,"Mount",-0.311,0.634,0.673,-0.315,0.390,-0.220,70,W,32,N,,,8672,62.17,0
10,90.150,"Mount",-0.527,0.041,0.117,-0.527,0.009,-0.369,2,W,53,N,,,9013,63.20,0
11,102.029,"Mount",-0.194,0.881,0.900,-0.199,0.546,0.000,97,W,0,,,,9195,64.55,0
12,111.300,"Mount",-1.057,1.272,1.413,-1.064,0.837,-0.745,149,W,107,N,,,8840,62.96,0
13,120.026,"Mount",0.160,1.092,1.057,0.154,0.672,0.000,120,W,0,,,,9102,64.27,0
14,128.981,"Mount",0.230,0.461,0.422,0.227,0.274,0.000,49,W,0,,,,8747,62.59,0
15,138.078,"Mount",-0.186,-1.038,-1.000,-0.180,-0.560,0.000,100,E,0,,,,8881,62.87,0
16,146.837,"DROP",,,,,,,,,,,,,0,0.00,5,"No star found"
17,155.997,"Mount",0.062,-0.535,-0.538,0.065,-0.324,0.000,58,E,0,,,,9368,64.39,0
18,165.031,"Mount",-0.341,0.056,0.105,-0.342,0.038,-0.239,7,W,35,N,,,9484,64.99,0
19,174.048,"Mount",-0.379,-0.037,0.019,-0.379,0.031,-0.265,5,W,38,N,,,9071,63.59,0
20,182.833,"DROP",,,,,,,,,,,,,0,0.00,5,"No star found"
21,192.273,"Mount",-1.391,-0.883,-0.671,-1.386,-0.385,-0.970,69,E,140,N,,,9217,63.90,0
22,200.833,"DROP",,,,,,,,,,,,,0,0.00,5,"No star found"
23,210.128,"Mount",-0.532,-0.769,-0.683,-0.527,-0.400,-0.369,71,E,53,N,,,9066,63.63,0
24,218.834,"DROP",,,,,,,,,,,,,0,0.00,5,"No star found"
25,227.862,"Mount",-0.189,-0.009,0.018,-0.189,0.021,0.000,4,W,0,,,,8566,61.31,0
26,237.066,"Mount",-0.960,0.181,0.319,-0.961,0.023,-0.673,4,W,97,N,,,8665,62.28,0
27,245.845,"Mount",-0.268,0.085,0.123,-0.269,0.028,0.000,5,W,0,,,,8856,63.05,0
28,254.840,"DROP",,,,,,,,,,,,,0,0.00,5,"No star found"
29,263.825,"DROP",,,,,,,,,,,,,0,0.00,5,"No star found"
30,273.051,"Mount",-0.987,0.097,0.240,-0.988,0.027,-0.691,5,W,100,N,,,8225,60.57,0
31,282.036,"Mount",-0.495,0.207,0.277,-0.496,0.024,-0.347,4,W,50,N,,,8279,60.95,0
32,290.860,"Mount",0.057,-0.270,-0.276,0.058,0.027,0.000,5,W,0,,,,8643,62.13,0
33,299.877,"Mount",-0.163,-0.181,-0.156,-0.162,0.035,0.000,6,W,0,,,,8651,62.40,0
34,309.197,"Mount",-0.694,0.576,0.671,-0.697,0.443,-0.488,79,W,70,N,,,8643,62.22,0
35,317.954,"Mount",-0.277,0.308,0.345,-0.279,0.247,0.000,44,W,0,,,,8443,61.54,0
36,326.799,"DROP",,,,,,,,,,,,,0,0.00,5,"No star found"
37,336.278,"Mount",-0.810,-1.618,-1.482,-0.800,-0.888,-0.560,158,E,81,N,,,8686,62.61,0
38,345.167,"Mount",-0.448,-0.995,-0.919,-0.442,-0.588,-0.310,105,E,45,N,,,8642,62.27,0
39,353.972,"Mount",-0.012,-0.608,-0.600,-0.008,-0.426,0.000,76,E,0,,,,8621,61.99,0
40,362.807,"DROP",,,,,,,,,,,,,0,0.00,5,"No star found"
41,372.329,"Mount",-0.787,2.013,2.106,-0.798,1.312,-0.559,234,W,81,N,,,8246,61.06,0
42,381.152,"Mount",-0.619,-0.900,-0.800,-0.614,-0.419,-0.430,75,E,62,N,,,8164,59.98,0
43,389.795,"DROP",,,,,,,,,,,,,0,0.00,5,"No star found"
44,398.994,"Mount",0.186,-1.467,-1.478,0.195,-0.853,0.000,152,E,0,,,,8906,62.84,0
45,407.962,"Mount",-0.164,-1.042,-1.007,-0.158,-0.423,0.000,75,E,0,,,,8393,60.74,0
46,417.170,"Mount",-0.640,1.052,1.134,-0.646,0.892,-0.452,159,W,65,N,,,8296,61.12,0
47,425.867,"Mount",-0.109,-0.305,-0.286,-0.107,0.101,0.000,18,W,0,,,,8099,60.10,0
48,434.980,"Mount",0.146,-0.995,-1.006,0.152,-0.620,0.000,111,E,0,,,,8674,62.03,0
49,443.900,"Mount",-0.059,-0.358,-0.345,-0.057,-0.191,0.000,34,E,0,,,,8720,62.59,0
50,452.996,"Mount",-0.312,-0.371,-0.321,-0.309,0.052,-0.217,9,W,31,N,,,8884,63.05,0
51,461.793,"DROP",,,,,,,,,,,,,0,0.00,5,"No star found"
52,471.014,"Mount",-0.498,-0.059,0.015,-0.498,0.018,-0.348,3,W,50,N,,,8026,59.75,0
53,480.302,"Mount",-0.808,1.883,1.981,-0.819,1.211,-0.573,216,W,83,N,,,8264,61.01,0
54,489.222,"Mount",-0.642,1.894,1.967,-0.653,1.180,-0.457,210,W,66,N,,,8660,62.58,0
55,500.988,"Mount",0.088,1.314,1.287,0.080,0.716,0.000,128,W,0,,,,8825,63.12,0
56,509.908,"Mount",-0.089,0.301,0.311,-0.091,-0.109,0.000,19,E,0,,,,8604,62.02,0
57,518.951,"Mount",0.174,1.089,1.052,0.168,0.577,0.000,103,W,0,,,,7775,58.97,0
58,527.861,"Mount",0.492,0.755,0.675,0.488,0.395,0.000,70,W,0,,,,6169,52.28,0
59,536.957,"Mount",-0.211,0.993,1.013,-0.217,0.648,0.000,116,W,0,,,,6393,52.98,0
60,546.086,"Mount",-0.431,-0.737,-0.666,-0.427,-0.352,-0.299,63,E,43,N,,,5876,50.71,0
61,554.878,"Mount",-0.145,-0.552,-0.525,-0.142,-0.388,0.000,69,E,0,,,,5420,48.54,0
62,563.863,"Mount",0.025,-0.526,-0.524,0.028,-0.278,0.000,49,E,0,,,,4228,42.12,0
63,572.847,"Mount",-0.261,-0.567,-0.523,-0.258,-0.179,0.000,32,E,0,,,,4595,44.65,0
64,582.040,"Mount",-0.528,-0.403,-0.322,-0.526,0.141,-0.368,25,W,53,N,,,5294,48.21,0
65,590.832,"Mount",-0.283,0.155,0.195,-0.284,0.070,0.000,13,W,0,,,,4901,45.94,0
66,599.832,"Mount",-0.098,-0.434,-0.415,-0.096,-0.309,0.000,55,E,0,,,,5106,47.16,0
67,608.816,"Mount",0.025,-0.232,-0.233,0.026,-0.171,0.000,30,E,0,,,,5302,47.96,0
68,619.086,"Mount",-0.304,-0.461,-0.412,-0.301,-0.326,-0.211,58,E,30,N,,,4527,43.86,0
69,626.964,"Mount",-0.337,-0.384,-0.330,-0.335,-0.139,-0.234,25,E,34,N,,,4860,45.65,0
70,635.770,"Mount",0.007,0.133,0.130,0.006,0.038,0.000,7,W,0,,,,4822,45.45,0
71,644.850,"Mount",-0.043,-0.012,-0.006,-0.043,0.088,0.000,16,W,0,,,,5397,48.56,0
72,653.778,"Mount",0.018,-0.307,-0.306,0.020,-0.033,0.000,6,E,0,,,,5896,50.68,0
73,663.043,"Mount",-0.569,0.366,0.445,-0.571,0.228,-0.400,41,W,58,N,,,5245,47.46,0
74,672.028,"Mount",-0.306,0.731,0.768,-0.310,0.583,-0.217,104,W,31,N,,,4912,45.99,0
75,680.810,"Mount",-0.244,0.169,0.203,-0.245,-0.111,0.000,20,E,0,,,,3580,38.79,0
76,690.045,"Mount",-0.417,0.742,0.795,-0.422,0.463,-0.295,83,W,43,N,,,3054,35.76,0
77,698.853,"Mount",0.010,-0.325,-0.323,0.011,0.093,0.000,17,W,0,,,,3157,36.27,0
78,707.902,"Mount",-0.137,-1.008,-0.977,-0.131,-0.660,0.000,118,E,0,,,,4229,42.36,0
79,716.918,"Mount",-0.329,-0.382,-0.330,-0.327,0.027,-0.229,5,W,33,N,,,5928,51.01,0
80,725.791,"Mount",-0.027,-0.542,-0.532,-0.023,-0.227,0.000,40,E,0,,,,5677,49.44,0
81,734.908,"Mount",-0.033,-0.786,-0.772,-0.029,-0.551,0.000,98,E,0,,,,7235,56.07,0
82,744.096,"Mount",-0.461,-1.193,-1.113,-0.454,-0.719,-0.318,128,E,46,N,,,6680,54.43,0
83,752.872,"Mount",0.179,-0.865,-0.882,0.184,-0.513,0.000,91,E,0,,,,6582,53.23,0
84,761.840,"Mount",0.196,-0.553,-0.576,0.199,-0.266,0.000,47,E,0,,,,7425,57.14,0
85,770.808,"Mount",-0.273,-0.153,-0.112,-0.272,0.138,0.000,25,W,0,,,,7148,56.58,0
86,779.809,"Mount",0.074,-0.612,-0.616,0.077,-0.231,0.000,41,E,0,,,,7297,56.83,0
87,788.731,"Mount",0.041,-0.205,-0.209,0.042,0.030,0.000,5,W,0,,,,7381,57.35,0
88,797.971,"Mount",-0.484,0.350,0.417,-0.486,0.183,-0.340,33,W,49,N,,,7942,59.58,0
89,806.856,"Mount",0.065,0.738,0.721,0.060,0.318,0.000,57,W,0,,,,7959,59.54,0
90,815.908,"Mount",-0.329,0.300,0.345,-0.330,0.021,-0.231,4,W,33,N,,,8383,61.44,0
91,824.844,"Mount",-0.208,-0.805,-0.766,-0.203,-0.528,0.000,94,E,0,,,,8916,63.08,0
92,833.973,"Mount",-0.484,0.309,0.376,-0.486,0.247,-0.340,44,W,49,N,,,8190,60.47,0
93,843.165,"Mount",-0.534,1.698,1.758,-0.544,1.252,-0.381,223,W,55,N,,,8477,62.04,0
94,851.909,"Mount",-0.219,1.220,1.239,-0.226,0.924,0.000,165,W,0,,,,8685,62.69,0
95,860.807,"Mount",-0.078,-0.275,-0.260,-0.077,-0.087,0.000,16,E,0,,,,8035,59.98,0
96,869.750,"Mount",-0.110,-0.273,-0.254,-0.109,-0.108,0.000,19,E,0,,,,8396,61.54,0
97,878.814,"Mount",0.390,-0.898,-0.945,0.395,-0.431,0.000,77,E,0,,,,8397,61.21,0
98,887.782,"Mount",0.221,-0.255,-0.285,0.222,0.074,0.000,13,W,0,,,,8198,60.08,0
99,896.741,"Mount",-0.038,-0.285,-0.277,-0.036,-0.047,0.000,8,E,0,,,,8268,60.90,0
100,905.991,"Mount",-0.372,-0.042,0.013,-0.371,-0.072,-0.260,13,E,38,N,,,6749,54.54,0
101,914.707,"Mount",-0.038,0.094,0.099,-0.039,-0.027,0.000,5,E,0,,,,6277,52.30,0
102,923.929,"Mount",-0.411,-0.716,-0.648,-0.407,-0.379,-0.285,68,E,41,N,,,6041,51.34,0
103,932.847,"Mount",-0.179,-0.714,-0.680,-0.175,-0.287,0.000,51,E,0,,,,7015,55.65,0
104,941.866,"Mount",-0.540,-0.547,-0.463,-0.537,0.043,-0.376,8,W,54,N,,,7794,59.23,0
105,951.169,"Mount",-0.757,1.055,1.154,-0.763,1.003,-0.534,179,W,77,N,,,7872,59.47,0
106,960.314,"Mount",-1.030,2.524,2.647,-1.044,1.960,-0.731,349,W,105,N,,,7740,58.54,0
107,968.882,"Mount",-0.113,1.396,1.398,-0.122,0.918,0.000,164,W,0,,,,7519,58.06,0
108,977.637,"DROP",,,,,,,,,,,,,0,0.00,5,"No star found"
108,977.759,"Mount",0.000,0.000,-0.113,0.000,-0.113,0.000,20,E,0,,,,7519,58.06,5
109,986.677,"DROP",,,,,,,,,,,,,0,0.00,5,"No star found"
109,986.804,"Mount",0.000,0.000,0.365,0.000,0.365,0.000,65,W,0,,,,7519,58.06,5
110,995.775,"Mount",0.080,0.084,0.071,0.080,0.085,0.000,15,W,0,,,,8647,62.13,0
111,1004.644,"DROP",,,,,,,,,,,,,0,0.00,5,"No star found"
111,1004.724,"Mount",0.000,0.000,-0.227,0.000,-0.227,0.000,40,E,0,,,,8647,62.13,5
112,1013.821,"Mount",-0.293,0.703,0.738,-0.297,0.393,0.000,70,W,0,,,,8685,62.74,0
113,1022.837,"Mount",-0.149,0.881,0.894,-0.155,0.598,0.000,107,W,0,,,,9057,64.10,0
114,1034.699,"Mount",0.082,0.022,0.010,0.082,0.113,0.000,20,W,0,,,,8850,63.22,0
115,1043.631,"DROP",,,,,,,,,,,,,0,0.00,5,"No star found"
115,1043.752,"Mount",0.000,0.000,0.302,0.000,0.302,0.000,54,W,0,,,,8850,63.22,5
116,1052.780,"Mount",-0.233,-0.612,-0.572,-0.230,-0.412,0.000,73,E,0,,,,8737,62.74,0
117,1061.901,"Mount",-0.278,-1.001,-0.950,-0.272,-0.806,0.000,144,E,0,,,,8807,63.08,0
118,1071.069,"Mount",-1.091,0.485,0.639,-1.093,0.263,-0.765,47,W,110,N,,,8826,63.12,0
119,1079.847,"Mount",-0.440,-0.146,-0.080,-0.439,-0.038,-0.307,7,E,44,N,,,8476,61.84,0
120,1088.799,"Mount",0.189,-0.677,-0.697,0.193,-0.424,0.000,76,E,0,,,,8078,60.11,0
121,1097.643,"DROP",,,,,,,,,,,,,0,0.00,5,"No star found"
121,1097.743,"Mount",0.000,0.000,-0.147,0.000,-0.147,0.000,26,E,0,,,,8078,60.11,5
122,1107.025,"Mount",-0.362,-1.535,-1.466,-0.353,-0.963,-0.247,172,E,36,N,,,7789,59.01,0
123,1115.976,"Mount",-0.627,-1.315,-1.209,-0.619,-0.643,-0.433,115,E,63,N,,,8064,60.08,0
124,1124.785,"Mount",0.088,-0.718,-0.723,0.092,-0.279,0.000,50,E,0,,,,7794,59.19,0
125,1133.930,"Mount",-0.323,-0.265,-0.215,-0.322,0.115,-0.225,20,W,32,N,,,7652,58.38,0
126,1142.946,"Mount",-0.539,-0.781,-0.695,-0.534,-0.401,-0.374,72,E,54,N,,,7801,58.98,0
127,1151.691,"Mount",0.132,0.161,0.140,0.131,-0.071,0.000,13,E,0,,,,7799,59.03,0
128,1160.740,"Mount",-0.028,-0.363,-0.355,-0.026,-0.263,0.000,47,E,0,,,,7097,56.00,0
129,1169.809,"Mount",-0.361,0.269,0.319,-0.363,0.007,-0.254,1,W,37,N,,,7666,58.72,0
130,1178.631,"DROP",,,,,,,,,,,,,0,0.00,5,"No star found"
130,1178.661,"Mount",0.000,0.000,0.046,0.000,0.046,0.000,8,W,0,,,,7666,58.72,5
131,1187.902,"Mount",-0.428,-0.096,-0.033,-0.427,-0.142,-0.299,25,E,43,N,,,7695,58.36,0
132,1196.838,"Mount",-0.333,0.335,0.380,-0.335,0.073,-0.235,13,W,34,N,,,8005,60.03,0
133,1205.668,"Mount",0.147,-0.210,-0.229,0.148,-0.042,0.000,7,E,0,,,,8119,60.46,0
134,1214.707,"Mount",-0.028,-0.164,-0.158,-0.027,0.070,0.000,12,W,0,,,,8117,60.38,0
135,1223.593,"DROP",,,,,,,,,,,,,0,0.00,5,"No star found"
135,1223.696,"Mount",0.000,0.000,0.100,0.000,0.100,0.000,18,W,0,,,,8117,60.38,5
Guiding Ends at 2026-08-16 00:59:03
INFO: SETTLING STATE CHANGE, Settling started

Guiding Begins at 2026-08-16 00:59:39
Equipment Profile = QHY5 EQASCOM OAG
Dither = both axes, Dither scale = 1.000, Image noise reduction = 2x2 mean, Guide-frame time lapse = 0, Server enabled
Pixel scale = 1.05 arc-sec/px, Binning = 1, Focal length = 1018 mm
Search region = 24 px, Star mass tolerance = 90.0%, Multi-star mode, list size = 12
 Camera = QHY5II-M-10d7d910f33c7354, gain = 90, full size = 1280 x 1024, have dark, dark dur = 3000, no defect map, pixel size = 5.2 um
Exposure = 3000 ms
Mount = EQMOD HEQ5/6 (ASCOM), connected, guiding enabled, xAngle = 98.4, xRate = 5.609, yAngle = 17.1, yRate = 6.929, parity = +/+
Norm rates RA = 7.0"/s @ dec 0, Dec = 7.3"/s; ortho.err. = 8.7 deg
X guide algorithm = Predictive PEC, Control gain = 0.630
Prediction gain = 0.430
Minimum move = 0.330
Hyperparameters
	Length scale long range SE kernel = 700.000
	Signal variance long range SE kernel = 20.000
	Length scale periodic kernel = 10.000
	Signal variance periodic kernel = 20.000
	Length scale short range SE kernel = 25.000
	Signal variance short range SE kernel = 10.000
	Period length periodic kernel = 458.624
	FFT called after = 2.000 worm cycles
	Auto-adjust period length = On
Y guide algorithm = Resist Switch, Minimum move = 0.300 Aggression = 70% FastSwitch = disabled
Backlash comp = disabled, pulse = 495 ms
Max RA duration = 2500, Max DEC duration = 2500, DEC guide mode = Auto
RA Guide Speed = 7.5 a-s/s, Dec Guide Speed = 7.5 a-s/s, Cal Dec = 0.0, Last Cal Issue = None, Timestamp = 7/7/2026 10:36:27 PM
RA = 20.81 hr, Dec = 32.0 deg, Hour angle = 0.67 hr, Pier side = East, Rotator pos = N/A, Alt = 67.9 deg, Az = 203.0 deg
Lock position = 647.683, 322.523, Star position = 647.683, 322.523, HFD = 5.47 px
Frame,Time,mount,dx,dy,RARawDistance,DECRawDistance,RAGuideDistance,DECGuideDistance,RADuration,RADirection,DECDuration,DECDirection,XStep,YStep,StarMass,SNR,ErrorCode
INFO: SETTLING STATE CHANGE, Settling complete
1,8.945,"Mount",-0.026,0.087,0.089,-0.027,0.056,0.000,10,W,0,,,,9168,61.33,0
2,18.057,"Mount",-0.232,-1.419,-1.370,-0.224,-0.863,0.000,154,E,0,,,,8501,58.62,0
3,27.026,"Mount",-0.311,-0.982,-0.926,-0.305,-0.342,0.000,61,E,0,,,,8830,60.12,0
4,35.979,"Mount",-0.616,-0.956,-0.856,-0.611,-0.479,0.000,85,E,0,,,,9456,63.00,0
5,45.171,"Mount",-0.565,-0.103,-0.019,-0.565,-0.123,-0.395,22,E,57,N,,,9004,60.79,0
6,54.379,"Mount",-1.029,2.305,2.430,-1.042,1.432,-0.729,255,W,105,N,,,9289,61.91,0
7,63.093,"Mount",-0.233,0.983,1.007,-0.239,0.577,0.000,103,W,0,,,,9086,61.60,0
8,72.060,"Mount",0.176,-1.066,-1.080,0.182,-0.710,0.000,126,E,0,,,,8814,60.07,0
9,81.188,"Mount",-0.320,-0.599,-0.546,-0.317,-0.415,-0.222,74,E,32,N,,,8528,59.41,0
10,89.984,"Mount",-0.059,-0.450,-0.437,-0.057,-0.328,0.000,58,E,0,,,,9170,61.55,0
11,98.885,"DROP",,,,,,,,,,,,,0,0.00,5,"No star found"
11,98.918,"Mount",0.000,0.000,0.048,0.000,0.048,0.000,9,W,0,,,,9170,61.55,5
12,107.982,"Mount",-0.159,-0.166,-0.141,-0.158,-0.104,0.000,18,E,0,,,,8993,61.16,0
13,117.158,"Mount",-0.604,0.732,0.812,-0.608,0.507,-0.426,90,W,61,N,,,8778,60.45,0
14,125.983,"Mount",-0.081,-0.104,-0.091,-0.080,0.272,0.000,48,W,0,,,,9135,61.61,0
15,135.030,"Mount",-0.211,0.123,0.152,-0.212,0.395,0.000,70,W,0,,,,8613,59.50,0
16,143.954,"Mount",0.048,-0.608,-0.608,0.052,-0.164,0.000,29,E,0,,,,9510,62.57,0
17,155.909,"Mount",-0.225,-0.246,-0.211,-0.223,0.180,0.000,32,W,0,,,,8498,59.35,0
18,165.166,"Mount",-0.629,0.103,0.194,-0.630,0.122,-0.441,22,W,64,N,,,9092,61.80,0
19,174.326,"Mount",-0.920,1.645,1.761,-0.930,1.061,-0.651,189,W,94,N,,,8759,60.41,0
20,183.086,"Mount",0.084,0.838,0.817,0.079,0.583,0.000,104,W,0,,,,9176,62.81,0
21,191.879,"Mount",-0.010,0.213,0.212,-0.011,0.051,0.000,9,W,0,,,,9021,61.47,0
22,200.918,"Mount",-0.153,0.113,0.134,-0.154,0.022,0.000,4,W,0,,,,9078,61.59,0
23,209.827,"DROP",,,,,,,,,,,,,0,0.00,5,"No star found"
23,209.927,"Mount",0.000,0.000,0.092,0.000,0.092,0.000,16,W,0,,,,9078,61.59,5
24,219.076,"Mount",-0.635,-0.013,0.080,-0.634,-0.044,-0.444,8,E,64,N,,,9214,62.10,0
25,227.944,"Mount",-0.222,0.495,0.522,-0.225,0.235,0.000,42,W,0,,,,8712,60.04,0
26,237.105,"Mount",-0.506,-0.385,-0.307,-0.504,-0.079,-0.353,14,E,51,N,,,9212,61.40,0
27,245.913,"Mount",0.731,0.093,-0.015,0.731,-0.101,0.000,18,E,0,,,,8691,61.24,0
28,254.834,"Mount",0.299,0.014,-0.030,0.299,-0.049,0.000,9,E,0,,,,8202,58.60,0
29,264.012,"Mount",0.647,-0.681,-0.768,0.650,-0.601,0.000,107,E,0,,,,8578,59.36,0
30,272.962,"Mount",0.068,-0.344,-0.350,0.070,-0.420,0.000,75,E,0,,,,8625,59.65,0
31,281.947,"Mount",-0.159,0.558,0.575,-0.162,0.363,0.000,65,W,0,,,,8254,59.81,0
32,290.895,"Mount",-0.139,0.048,0.068,-0.139,0.059,0.000,11,W,0,,,,8603,59.84,0
33,300.043,"Mount",-0.439,-0.183,-0.117,-0.437,-0.028,-0.306,5,E,44,N,,,8775,59.77,0
34,308.948,"Mount",-0.186,-0.821,-0.786,-0.182,-0.482,0.000,86,E,0,,,,8885,61.37,0
35,317.885,"Mount",-0.159,-0.091,-0.067,-0.158,-0.061,0.000,11,E,0,,,,9812,64.44,0
36,327.028,"Mount",-0.402,-0.128,-0.068,-0.402,-0.062,-0.281,11,E,41,N,,,8688,59.60,0
37,336.076,"Mount",-0.399,-0.502,-0.439,-0.397,-0.323,-0.278,58,E,40,N,,,9003,60.50,0
38,344.857,"DROP",,,,,,,,,,,,,0,0.00,5,"No star found"
38,344.933,"Mount",0.000,0.000,-0.097,0.000,-0.097,0.000,17,E,0,,,,9003,60.50,5
39,353.917,"Mount",-0.220,-0.264,-0.229,-0.218,-0.060,0.000,11,E,0,,,,8640,59.31,0
40,363.078,"Mount",-0.399,0.005,0.063,-0.399,-0.067,-0.279,12,E,40,N,,,8331,58.39,0
41,371.781,"DROP",,,,,,,,,,,,,0,0.00,5,"No star found"
41,371.807,"Mount",0.000,0.000,-0.011,0.000,-0.011,0.000,2,E,0,,,,8331,58.39,5
42,380.752,"DROP",,,,,,,,,,,,,0,0.00,5,"No star found"
42,380.853,"Mount",0.000,0.000,0.129,0.000,0.129,0.000,23,W,0,,,,8331,58.39,5
43,390.063,"Mount",-0.305,0.325,0.366,-0.307,0.235,-0.215,42,W,31,N,,,8285,58.59,0
44,398.775,"DROP",,,,,,,,,,,,,0,0.00,5,"No star found"
44,398.808,"Mount",0.000,0.000,-0.009,0.000,-0.009,0.000,2,E,0,,,,8285,58.59,5
45,407.775,"DROP",,,,,,,,,,,,,0,0.00,5,"No star found"
45,407.889,"Mount",0.000,0.000,0.311,0.000,0.311,0.000,55,W,0,,,,8285,58.59,5
46,417.049,"Mount",0.437,-1.950,-1.993,0.449,-1.092,0.000,195,E,0,,,,8615,59.41,0
47,425.890,"Mount",0.013,-0.641,-0.636,0.017,-0.302,0.000,54,E,0,,,,8306,58.89,0
48,434.971,"Mount",0.141,-1.091,-1.100,0.147,-0.759,0.000,135,E,0,,,,8584,59.64,0
49,443.890,"Mount",0.048,-0.571,-0.572,0.052,-0.262,0.000,47,E,0,,,,8271,58.61,0
50,452.811,"Mount",0.251,-0.430,-0.462,0.254,-0.004,0.000,1,E,0,,,,8100,57.50,0
51,461.926,"Mount",-0.181,-0.438,-0.407,-0.179,0.102,0.000,18,W,0,,,,8024,57.66,0
52,470.988,"Mount",-0.295,-1.417,-1.359,-0.287,-0.735,0.000,131,E,0,,,,7483,54.80,0
53,480.036,"Mount",-0.643,0.177,0.269,-0.644,0.023,-0.451,4,W,65,N,,,7774,56.30,0
54,488.973,"Mount",-0.679,0.155,0.253,-0.680,0.015,-0.476,3,W,69,N,,,7487,55.54,0
55,497.766,"Mount",-0.190,-0.095,-0.066,-0.190,-0.039,0.000,7,E,0,,,,7412,55.15,0
56,509.840,"Mount",-0.216,-0.323,-0.288,-0.215,-0.091,0.000,16,E,0,,,,7512,55.63,0
57,518.964,"Mount",-0.524,-0.304,-0.224,-0.523,0.040,-0.366,7,W,53,N,,,7887,56.53,0
58,527.773,"Mount",0.101,0.038,0.023,0.101,-0.003,0.000,1,E,0,,,,7473,55.94,0
59,536.917,"Mount",0.015,0.795,0.784,0.011,0.432,0.000,77,W,0,,,,7791,57.40,0
60,545.885,"Mount",-0.163,0.427,0.446,-0.165,0.256,0.000,46,W,0,,,,7789,57.81,0
61,554.816,"Mount",-0.020,0.355,0.354,-0.022,0.225,0.000,40,W,0,,,,8037,56.52,0
62,563.870,"Mount",-0.116,-1.069,-1.041,-0.110,-0.408,0.000,73,E,0,,,,8170,57.89,0
63,572.999,"Mount",0.185,-1.724,-1.732,0.195,-0.859,0.000,153,E,0,,,,7895,56.56,0
64,581.902,"Mount",-0.114,-0.961,-0.934,-0.108,-0.491,0.000,88,E,0,,,,8619,59.97,0
65,591.015,"Mount",-0.654,-0.104,-0.007,-0.654,0.114,-0.457,20,W,66,N,,,8037,56.90,0
66,599.903,"Mount",0.623,-0.760,-0.842,0.627,-0.425,0.000,76,E,0,,,,8837,60.21,0
67,608.936,"Mount",-0.117,-1.202,-1.172,-0.110,-0.586,0.000,105,E,0,,,,8171,57.81,0
68,617.714,"DROP",,,,,,,,,,,,,0,0.00,5,"No star found"
68,617.809,"Mount",0.000,0.000,0.112,0.000,0.112,0.000,20,W,0,,,,8171,57.81,5
Guiding Ends at 2026-08-16 01:10:06
INFO: SETTLING STATE CHANGE, Settling started

Guiding Begins at 2026-08-16 01:10:42
Equipment Profile = QHY5 EQASCOM OAG
Dither = both axes, Dither scale = 1.000, Image noise reduction = 2x2 mean, Guide-frame time lapse = 0, Server enabled
Pixel scale = 1.05 arc-sec/px, Binning = 1, Focal length = 1018 mm
Search region = 24 px, Star mass tolerance = 90.0%, Multi-star mode, list size = 12
 Camera = QHY5II-M-10d7d910f33c7354, gain = 90, full size = 1280 x 1024, have dark, dark dur = 3000, no defect map, pixel size = 5.2 um
Exposure = 3000 ms
Mount = EQMOD HEQ5/6 (ASCOM), connected, guiding enabled, xAngle = 98.4, xRate = 5.609, yAngle = 17.1, yRate = 6.929, parity = +/+
Norm rates RA = 7.0"/s @ dec 0, Dec = 7.3"/s; ortho.err. = 8.7 deg
X guide algorithm = Predictive PEC, Control gain = 0.630
Prediction gain = 0.430
Minimum move = 0.330
Hyperparameters
	Length scale long range SE kernel = 700.000
	Signal variance long range SE kernel = 20.000
	Length scale periodic kernel = 10.000
	Signal variance periodic kernel = 20.000
	Length scale short range SE kernel = 25.000
	Signal variance short range SE kernel = 10.000
	Period length periodic kernel = 444.462
	FFT called after = 2.000 worm cycles
	Auto-adjust period length = On
Y guide algorithm = Resist Switch, Minimum move = 0.300 Aggression = 70% FastSwitch = disabled
Backlash comp = disabled, pulse = 495 ms
Max RA duration = 2500, Max DEC duration = 2500, DEC guide mode = Auto
RA Guide Speed = 7.5 a-s/s, Dec Guide Speed = 7.5 a-s/s, Cal Dec = 0.0, Last Cal Issue = None, Timestamp = 7/7/2026 10:36:27 PM
RA = 20.81 hr, Dec = 32.0 deg, Hour angle = 0.85 hr, Pier side = East, Rotator pos = N/A, Alt = 67.1 deg, Az = 208.9 deg
Lock position = 1031.890, 816.773, Star position = 1031.890, 816.773, HFD = 5.05 px
Frame,Time,mount,dx,dy,RARawDistance,DECRawDistance,RAGuideDistance,DECGuideDistance,RADuration,RADirection,DECDuration,DECDirection,XStep,YStep,StarMass,SNR,ErrorCode
1,8.952,"Mount",-0.164,0.052,0.076,-0.164,0.048,0.000,8,W,0,,,,7305,56.98,0
INFO: SETTLING STATE CHANGE, Settling complete
2,18.077,"Mount",-0.233,0.892,0.917,-0.239,0.577,0.000,103,W,0,,,,7423,57.41,0
3,27.179,"Mount",-0.321,1.530,1.560,-0.330,0.983,0.000,175,W,0,,,,7200,56.54,0
4,36.053,"Mount",-0.447,0.726,0.783,-0.452,0.351,0.000,63,W,0,,,,6669,54.80,0
5,45.159,"Mount",-0.339,-0.250,-0.198,-0.337,-0.112,-0.236,20,E,34,N,,,6379,52.86,0
6,53.937,"Mount",0.165,-0.297,-0.318,0.167,0.028,0.000,5,W,0,,,,6289,52.99,0
7,63.016,"Mount",0.440,-0.682,-0.738,0.444,-0.398,0.000,71,E,0,,,,7119,55.97,0
8,72.113,"Mount",0.111,-0.582,-0.592,0.114,-0.411,0.000,73,E,0,,,,6657,54.07,0
9,81.017,"Mount",-0.162,0.361,0.381,-0.164,0.187,0.000,33,W,0,,,,6750,54.50,0
10,90.066,"Mount",-0.304,-0.156,-0.110,-0.303,-0.002,-0.212,0,,31,N,,,6467,53.44,0
11,98.964,"Mount",-0.232,-0.134,-0.099,-0.231,-0.033,0.000,6,E,0,,,,7046,56.03,0
12,108.029,"Mount",-0.251,-0.613,-0.570,-0.248,-0.457,0.000,81,E,0,,,,6628,53.89,0
13,117.132,"Mount",-0.314,-0.267,-0.219,-0.313,-0.119,-0.219,21,E,32,N,,,7141,55.73,0
14,126.212,"Mount",-0.694,-0.839,-0.729,-0.689,-0.555,-0.482,99,E,70,N,,,6431,52.99,0
15,135.085,"Mount",0.172,-0.868,-0.883,0.177,-0.692,0.000,123,E,0,,,,6490,53.56,0
16,144.038,"Mount",0.195,-0.778,-0.798,0.200,-0.573,0.000,102,E,0,,,,6452,53.11,0
17,153.022,"Mount",-0.017,-0.493,-0.485,-0.014,-0.322,0.000,57,E,0,,,,6421,53.37,0
18,161.880,"Mount",0.174,-0.260,-0.283,0.175,0.037,0.000,7,W,0,,,,7068,55.87,0
19,170.975,"Mount",-0.235,0.381,0.412,-0.237,0.214,0.000,38,W,0,,,,7449,57.76,0
20,179.960,"Mount",-0.156,0.012,0.035,-0.156,0.067,0.000,12,W,0,,,,7804,59.24,0
21,189.184,"Mount",-0.416,0.093,0.153,-0.417,0.071,-0.292,13,W,42,N,,,7571,58.46,0
22,197.961,"Mount",0.390,-0.091,-0.147,0.390,0.141,0.000,25,W,0,,,,7938,59.93,0
23,206.930,"Mount",-0.041,0.316,0.319,-0.043,0.054,0.000,10,W,0,,,,8306,60.91,0
24,216.011,"Mount",-0.144,-0.594,-0.567,-0.141,-0.358,0.000,64,E,0,,,,7910,59.23,0
25,224.952,"Mount",-0.277,-0.370,-0.325,-0.275,-0.061,0.000,11,E,0,,,,7922,59.48,0
26,234.188,"Mount",-0.765,-0.209,-0.095,-0.764,0.158,-0.535,28,W,77,N,,,8045,60.01,0
27,242.964,"Mount",0.039,-0.799,-0.796,0.043,-0.337,0.000,60,E,0,,,,8463,61.26,0
28,251.955,"Mount",-0.060,-0.539,-0.524,-0.057,-0.241,0.000,43,E,0,,,,7328,56.69,0
29,260.950,"Mount",-0.022,-0.500,-0.491,-0.019,-0.247,0.000,44,E,0,,,,8036,59.55,0
30,269.889,"Mount",-0.213,-0.267,-0.233,-0.212,-0.048,0.000,9,E,0,,,,8216,60.44,0
31,279.192,"Mount",-0.576,-0.856,-0.763,-0.571,-0.545,-0.400,97,E,58,N,,,8622,61.94,0
32,287.984,"Mount",-0.052,-0.830,-0.813,-0.047,-0.595,0.000,106,E,0,,,,8305,60.87,0
33,297.097,"Mount",-0.350,0.445,0.492,-0.353,0.268,-0.247,48,W,36,N,,,8347,61.33,0
34,306.114,"Mount",-0.578,0.105,0.188,-0.578,0.083,-0.405,15,W,58,N,,,8148,60.64,0
35,314.986,"Mount",0.490,-0.423,-0.490,0.492,-0.309,0.000,55,E,0,,,,8294,61.14,0
36,323.844,"DROP",,,,,,,,,,,,,0,0.00,5,"No star found"
36,323.938,"Mount",0.000,0.000,-0.118,0.000,-0.118,0.000,21,E,0,,,,8294,61.14,5
37,333.082,"Mount",0.358,-1.458,-1.495,0.366,-1.015,0.000,181,E,0,,,,8268,61.22,0
38,341.842,"DROP",,,,,,,,,,,,,0,0.00,5,"No star found"
38,341.923,"Mount",0.000,0.000,-0.166,0.000,-0.166,0.000,30,E,0,,,,8268,61.22,5
39,351.388,"Mount",-0.529,2.771,2.819,-0.545,1.700,-0.382,303,W,55,N,,,8944,63.56,0
40,359.924,"Mount",-0.265,0.598,0.630,-0.269,0.293,0.000,52,W,0,,,,8332,61.50,0
41,368.941,"Mount",0.216,-0.016,-0.047,0.216,-0.101,0.000,18,E,0,,,,8666,62.64,0
42,377.882,"Mount",0.138,0.072,0.051,0.137,0.035,0.000,6,W,0,,,,9287,64.77,0
43,386.811,"DROP",,,,,,,,,,,,,0,0.00,5,"No star found"
43,386.934,"Mount",0.000,0.000,0.186,0.000,0.186,0.000,33,W,0,,,,9287,64.77,5
44,395.926,"Mount",-0.072,-0.128,-0.116,-0.071,0.129,0.000,23,W,0,,,,8718,62.24,0
45,405.007,"Mount",-0.320,-0.109,-0.061,-0.319,0.007,-0.224,1,W,32,N,,,8915,63.32,0
46,413.824,"DROP",,,,,,,,,,,,,0,0.00,5,"No star found"
46,413.919,"Mount",0.000,0.000,-0.108,0.000,-0.108,0.000,19,E,0,,,,8915,63.32,5
47,422.899,"Mount",-0.058,-0.241,-0.230,-0.057,-0.131,0.000,23,E,0,,,,8445,61.46,0
48,432.121,"Mount",-0.466,0.099,0.166,-0.467,-0.065,-0.327,12,E,47,N,,,8100,60.51,0
49,440.946,"Mount",0.112,-0.076,-0.092,0.113,-0.094,0.000,17,E,0,,,,8904,63.43,0
50,449.963,"Mount",-0.364,-0.058,-0.004,-0.363,-0.023,-0.254,4,E,37,N,,,8576,62.09,0
51,459.123,"Mount",-0.344,0.596,0.640,-0.347,0.464,-0.243,83,W,35,N,,,8355,61.35,0
52,468.349,"Mount",-0.332,2.030,2.057,-0.343,1.322,-0.240,236,W,35,N,,,8809,63.14,0
53,476.965,"Mount",0.021,0.831,0.819,0.016,0.471,0.000,84,W,0,,,,8511,61.96,0
54,485.866,"Mount",0.398,-0.048,-0.105,0.398,-0.127,0.000,23,E,0,,,,8678,62.83,0
55,494.809,"DROP",,,,,,,,,,,,,0,0.00,5,"No star found"
55,494.966,"Mount",0.000,0.000,-0.404,0.000,-0.404,0.000,72,E,0,,,,8678,62.83,5
56,504.191,"Mount",-0.457,1.067,1.123,-0.463,0.628,-0.324,112,W,47,N,,,8706,62.91,0
57,512.915,"Mount",0.298,0.459,0.411,0.295,0.152,0.000,27,W,0,,,,8995,63.79,0
58,521.856,"Mount",0.193,0.435,0.402,0.190,0.199,0.000,35,W,0,,,,8723,62.80,0
59,530.923,"Mount",0.097,0.638,0.617,0.094,0.252,0.000,45,W,0,,,,8437,62.09,0
60,539.874,"Mount",-0.140,0.596,0.610,-0.143,0.311,0.000,55,W,0,,,,8533,62.13,0
61,548.906,"Mount",0.012,0.093,0.090,0.012,-0.115,0.000,21,E,0,,,,8273,61.00,0
62,557.922,"Mount",0.106,-0.449,-0.460,0.109,-0.436,0.000,78,E,0,,,,8688,62.54,0
63,566.891,"Mount",-0.275,-0.246,-0.204,-0.273,-0.170,0.000,30,E,0,,,,7987,60.13,0
64,576.116,"Mount",-0.833,1.187,1.296,-0.840,0.610,-0.588,109,W,85,N,,,8595,61.45,0
65,584.908,"Mount",-0.293,0.621,0.657,-0.297,0.281,0.000,50,W,0,,,,8223,60.85,0
66,594.117,"Mount",-0.895,-0.316,-0.182,-0.893,-0.177,-0.625,32,E,90,N,,,8511,61.50,0
67,602.958,"Mount",0.082,-0.680,-0.685,0.086,-0.627,0.000,112,E,0,,,,8574,62.10,0
68,611.925,"Mount",-0.212,-0.382,-0.347,-0.210,-0.390,0.000,70,E,0,,,,8365,61.18,0
69,620.863,"Mount",0.027,-0.125,-0.128,0.028,-0.089,0.000,16,E,0,,,,8371,61.30,0
70,629.847,"Mount",-0.164,-0.264,-0.238,-0.162,-0.074,0.000,13,E,0,,,,8313,61.32,0
71,639.072,"Mount",-0.449,-0.596,-0.524,-0.446,-0.320,-0.312,57,E,45,N,,,8412,61.38,0
72,647.785,"Mount",0.020,0.284,0.278,0.018,0.038,0.000,7,W,0,,,,8363,61.54,0
73,656.880,"Mount",0.259,-0.169,-0.205,0.260,0.113,0.000,20,W,0,,,,8556,62.16,0
74,665.914,"Mount",0.106,-0.337,-0.348,0.108,-0.153,0.000,27,E,0,,,,8591,62.32,0
75,674.819,"Mount",-0.278,-0.246,-0.203,-0.277,0.046,0.000,8,W,0,,,,7945,59.75,0
76,683.995,"Mount",-0.724,-0.029,0.077,-0.724,0.027,-0.507,5,W,73,N,,,8197,60.48,0
77,692.900,"Mount",0.113,-0.782,-0.790,0.117,-0.538,0.000,96,E,0,,,,8513,61.82,0
78,701.900,"Mount",0.068,-0.512,-0.517,0.071,-0.385,0.000,69,E,0,,,,8953,63.50,0
79,710.949,"Mount",-0.308,0.235,0.277,-0.310,-0.039,-0.217,7,E,31,N,,,8686,62.21,0
80,719.998,"Mount",-0.324,-0.189,-0.140,-0.323,-0.115,-0.226,21,E,33,N,,,8755,62.54,0
81,728.731,"DROP",,,,,,,,,,,,,0,0.00,5,"No star found"
81,728.880,"Mount",0.000,0.000,-0.557,0.000,-0.557,0.000,99,E,0,,,,8755,62.54,5
82,737.855,"Mount",-0.131,0.213,0.230,-0.132,-0.154,0.000,28,E,0,,,,9362,64.90,0
83,746.824,"Mount",0.082,-0.273,-0.282,0.083,-0.131,0.000,23,E,0,,,,8908,63.65,0
84,755.839,"Mount",-0.190,-0.343,-0.312,-0.188,-0.056,0.000,10,E,0,,,,9035,63.72,0
85,764.920,"Mount",-0.349,0.242,0.291,-0.351,-0.032,-0.245,6,E,35,N,,,8587,62.43,0
86,773.954,"Mount",-0.519,-0.019,0.057,-0.519,0.006,-0.363,1,W,52,N,,,8531,61.67,0
87,783.165,"Mount",-0.867,0.974,1.090,-0.873,0.713,-0.611,127,W,88,N,,,8652,61.97,0
88,791.740,"DROP",,,,,,,,,,,,,0,0.00,5,"No star found"
88,791.816,"Mount",0.000,0.000,0.110,0.000,0.110,0.000,20,W,0,,,,8652,61.97,5
89,800.748,"Mount",0.113,-0.261,-0.275,0.114,0.047,0.000,8,W,0,,,,8975,63.74,0
90,809.828,"Mount",0.078,0.048,0.037,0.078,0.070,0.000,12,W,0,,,,8473,61.52,0
91,818.813,"Mount",-0.122,0.041,0.058,-0.123,0.078,0.000,14,W,0,,,,8718,62.48,0
92,828.165,"Mount",-0.782,1.094,1.196,-0.788,0.782,-0.552,139,W,80,N,,,8599,61.64,0
93,836.758,"Mount",0.484,-0.090,-0.159,0.485,-0.022,0.000,4,E,0,,,,8770,63.05,0
94,848.715,"DROP",,,,,,,,,,,,,0,0.00,5,"No star found"
94,848.836,"Mount",0.000,0.000,-0.402,0.000,-0.402,0.000,72,E,0,,,,8770,63.05,5
95,857.981,"Mount",0.662,-1.549,-1.629,0.671,-1.154,0.000,206,E,0,,,,9080,63.84,0
96,866.689,"DROP",,,,,,,,,,,,,0,0.00,5,"No star found"
96,866.821,"Mount",0.000,0.000,-0.241,0.000,-0.241,0.000,43,E,0,,,,9080,63.84,5
97,875.854,"Mount",0.308,-0.648,-0.686,0.312,-0.374,0.000,67,E,0,,,,8751,62.86,0
98,884.807,"Mount",0.197,0.193,0.162,0.196,-0.227,0.000,41,E,0,,,,9047,63.88,0
99,893.712,"Mount",-0.040,0.218,0.222,-0.042,-0.051,0.000,9,E,0,,,,8515,62.07,0
100,902.792,"Mount",0.117,0.030,0.012,0.117,0.104,0.000,19,W,0,,,,8645,62.62,0
101,911.788,"Mount",0.129,-0.506,-0.520,0.132,-0.124,0.000,22,E,0,,,,8479,61.71,0
102,920.764,"DROP",,,,,,,,,,,,,9164,64.29,8,"No star found"
102,921.000,"Mount",0.000,0.000,0.775,0.000,0.775,0.000,138,W,0,,,,8479,61.71,8
103,929.906,"Mount",-0.305,-1.903,-1.838,-0.294,-0.959,0.000,171,E,0,,,,8666,62.20,0
104,938.905,"Mount",-1.090,0.695,0.846,-1.094,0.682,0.000,122,W,0,,,,8940,63.49,0
105,948.194,"Mount",-1.450,3.581,3.754,-1.471,2.476,0.000,441,W,0,,,,8714,62.67,0
106,957.179,"Mount",-1.511,1.095,1.303,-1.517,0.902,-1.062,161,W,153,N,,,9134,63.25,0
107,965.795,"Mount",0.008,0.490,0.483,0.005,0.377,0.000,67,W,0,,,,8954,63.66,0
108,974.693,"Mount",0.301,0.174,0.128,0.300,0.052,0.000,9,W,0,,,,9094,64.37,0
109,983.813,"Mount",-0.116,0.581,0.592,-0.119,0.417,0.000,74,W,0,,,,9331,65.05,0
110,992.749,"Mount",0.120,0.316,0.296,0.118,0.024,0.000,4,W,0,,,,8631,62.64,0
111,1001.782,"Mount",-0.017,-0.190,-0.186,-0.016,-0.094,0.000,17,E,0,,,,8536,62.03,0
112,1010.831,"Mount",-0.100,0.344,0.355,-0.102,0.064,0.000,11,W,0,,,,8494,61.97,0
113,1019.800,"Mount",0.058,-0.856,-0.855,0.063,-0.531,0.000,95,E,0,,,,8896,63.03,0
114,1028.913,"Mount",-0.315,-0.278,-0.229,-0.314,-0.256,-0.220,46,E,32,N,,,9172,63.94,0
115,1037.793,"Mount",-0.283,-0.476,-0.429,-0.280,-0.257,0.000,46,E,0,,,,9169,64.07,0
116,1046.769,"Mount",-0.103,-0.185,-0.168,-0.102,0.072,0.000,13,W,0,,,,8355,61.43,0
117,1055.706,"Mount",-0.221,0.173,0.203,-0.222,0.022,0.000,4,W,0,,,,8118,60.55,0
118,1064.978,"Mount",-0.504,-0.046,0.027,-0.503,0.106,-0.352,19,W,51,N,,,8705,62.16,0
119,1073.688,"DROP",,,,,,,,,,,,,8813,62.82,8,"No star found"
119,1073.739,"Mount",0.000,0.000,-0.048,0.000,-0.048,0.000,9,E,0,,,,8705,62.16,8
120,1082.851,"Mount",0.176,-0.626,-0.645,0.180,-0.423,0.000,75,E,0,,,,8781,62.90,0
121,1091.885,"Mount",-0.284,-0.830,-0.779,-0.279,-0.517,0.000,92,E,0,,,,8790,62.77,0
122,1100.854,"Mount",-0.420,-0.291,-0.226,-0.418,-0.027,-0.293,5,E,42,N,,,8639,61.94,0
123,1109.623,"DROP",,,,,,,,,,,,,0,0.00,5,"No star found"
123,1109.724,"Mount",0.000,0.000,-0.066,0.000,-0.066,0.000,12,E,0,,,,8639,61.94,5
124,1118.616,"DROP",,,,,,,,,,,,,0,0.00,5,"No star found"
124,1118.710,"Mount",0.000,0.000,-0.081,0.000,-0.081,0.000,14,E,0,,,,8639,61.94,5
125,1127.828,"Mount",0.149,0.994,0.961,0.143,0.577,0.000,103,W,0,,,,9172,64.63,0
126,1136.744,"Mount",0.235,0.521,0.481,0.232,0.256,0.000,46,W,0,,,,8497,62.20,0
127,1145.721,"Mount",0.004,0.202,0.199,0.003,-0.107,0.000,19,E,0,,,,9057,64.11,0
128,1154.713,"Mount",-0.007,0.500,0.496,-0.010,0.158,0.000,28,W,0,,,,8848,63.22,0
129,1163.617,"DROP",,,,,,,,,,,,,0,0.00,5,"No star found"
129,1163.780,"Mount",0.000,0.000,-0.464,0.000,-0.464,0.000,83,E,0,,,,8848,63.22,5
130,1172.732,"Mount",-0.128,0.308,0.323,-0.130,-0.164,0.000,29,E,0,,,,9043,63.72,0
131,1181.763,"Mount",-0.017,-0.176,-0.172,-0.016,-0.139,0.000,25,E,0,,,,9066,63.77,0
132,1190.732,"Mount",-0.257,0.014,0.051,-0.257,-0.115,0.000,20,E,0,,,,8717,62.62,0
133,1199.749,"Mount",-0.152,0.260,0.279,-0.154,-0.074,0.000,13,E,0,,,,9226,64.38,0
134,1208.766,"Mount",-0.220,-0.468,-0.431,-0.217,-0.272,0.000,48,E,0,,,,8517,61.43,0
135,1217.648,"DROP",,,,,,,,,,,,,0,0.00,5,"No star found"
135,1217.750,"Mount",0.000,0.000,0.175,0.000,0.175,0.000,31,W,0,,,,8517,61.43,5
136,1230.205,"Mount",-0.153,-3.279,-3.222,-0.134,-1.915,0.000,341,E,0,,,,9275,64.28,0
Guiding Ends at 2026-08-16 01:31:21

Guiding Begins at 2026-08-16 01:33:12
Equipment Profile = QHY5 EQASCOM OAG
Dither = both axes, Dither scale = 1.000, Image noise reduction = 2x2 mean, Guide-frame time lapse = 0, Server enabled
Pixel scale = 1.05 arc-sec/px, Binning = 1, Focal length = 1018 mm
Search region = 24 px, Star mass tolerance = 90.0%, Multi-star mode, list size = 12
 Camera = QHY5II-M-10d7d910f33c7354, gain = 90, full size = 1280 x 1024, have dark, dark dur = 3000, no defect map, pixel size = 5.2 um
Exposure = 3000 ms
Mount = EQMOD HEQ5/6 (ASCOM), connected, guiding enabled, xAngle = 98.4, xRate = 5.665, yAngle = 17.1, yRate = 6.929, parity = +/+
Norm rates RA = 7.0"/s @ dec 0, Dec = 7.3"/s; ortho.err. = 8.7 deg
X guide algorithm = Predictive PEC, Control gain = 0.630
Prediction gain = 0.430
Minimum move = 0.330
Hyperparameters
	Length scale long range SE kernel = 700.000
	Signal variance long range SE kernel = 20.000
	Length scale periodic kernel = 10.000
	Signal variance periodic kernel = 20.000
	Length scale short range SE kernel = 25.000
	Signal variance short range SE kernel = 10.000
	Period length periodic kernel = 1065.327
	FFT called after = 2.000 worm cycles
	Auto-adjust period length = On
Y guide algorithm = Resist Switch, Minimum move = 0.300 Aggression = 70% FastSwitch = disabled
Backlash comp = disabled, pulse = 495 ms
Max RA duration = 2500, Max DEC duration = 2500, DEC guide mode = Auto
RA Guide Speed = 7.5 a-s/s, Dec Guide Speed = 7.5 a-s/s, Cal Dec = 0.0, Last Cal Issue = None, Timestamp = 7/7/2026 10:36:27 PM
RA = 20.91 hr, Dec = 31.1 deg, Hour angle = 1.12 hr, Pier side = East, Rotator pos = N/A, Alt = 65.0 deg, Az = 215.9 deg
Lock position = 574.502, 622.882, Star position = 574.502, 622.882, HFD = 5.20 px
Frame,Time,mount,dx,dy,RARawDistance,DECRawDistance,RAGuideDistance,DECGuideDistance,RADuration,RADirection,DECDuration,DECDirection,XStep,YStep,StarMass,SNR,ErrorCode
INFO: SETTLING STATE CHANGE, Settling started
1,9.147,"Mount",-0.278,1.585,1.608,-0.288,1.013,0.000,179,W,0,,,,10112,66.79,0
INFO: SETTLING STATE CHANGE, Settling complete
2,18.100,"Mount",-0.674,1.053,1.140,-0.680,0.718,0.000,127,W,0,,,,10243,67.57,0
INFO: SET LOCK POSITION, new lock pos = 574.502, 622.882
INFO: DITHER by 0.340, -0.081, new lock pos = 574.373, 623.207
INFO: SETTLING STATE CHANGE, Settling started
3,26.925,"DROP",,,,,,,,,,,,,0,0.00,5,"No star found"
4,35.889,"DROP",,,,,,,,,,,,,0,0.00,5,"No star found"
5,44.898,"DROP",,,,,,,,,,,,,0,0.00,5,"No star found"
6,53.894,"DROP",,,,,,,,,,,,,0,0.00,5,"No star found"
7,62.914,"DROP",,,,,,,,,,,,,0,0.00,5,"No star found"
8,71.882,"DROP",,,,,,,,,,,,,0,0.00,5,"No star found"
9,80.868,"DROP",,,,,,,,,,,,,0,0.00,5,"No star found"
10,89.927,"DROP",,,,,,,,,,,,,0,0.00,5,"No star found"
INFO: SETTLING STATE CHANGE, Settling failed
Guiding Ends at 2026-08-16 01:34:51

Guiding Begins at 2026-08-16 01:35:45
Equipment Profile = QHY5 EQASCOM OAG
Dither = both axes, Dither scale = 1.000, Image noise reduction = 2x2 mean, Guide-frame time lapse = 0, Server enabled
Pixel scale = 1.05 arc-sec/px, Binning = 1, Focal length = 1018 mm
Search region = 24 px, Star mass tolerance = 90.0%, Multi-star mode, list size = 12
 Camera = QHY5II-M-10d7d910f33c7354, gain = 90, full size = 1280 x 1024, have dark, dark dur = 3000, no defect map, pixel size = 5.2 um
Exposure = 3000 ms
Mount = EQMOD HEQ5/6 (ASCOM), connected, guiding enabled, xAngle = 98.4, xRate = 5.665, yAngle = 17.1, yRate = 6.929, parity = +/+
Norm rates RA = 7.0"/s @ dec 0, Dec = 7.3"/s; ortho.err. = 8.7 deg
X guide algorithm = Predictive PEC, Control gain = 0.630
Prediction gain = 0.430
Minimum move = 0.330
Hyperparameters
	Length scale long range SE kernel = 700.000
	Signal variance long range SE kernel = 20.000
	Length scale periodic kernel = 10.000
	Signal variance periodic kernel = 20.000
	Length scale short range SE kernel = 25.000
	Signal variance short range SE kernel = 10.000
	Period length periodic kernel = 1065.327
	FFT called after = 2.000 worm cycles
	Auto-adjust period length = On
Y guide algorithm = Resist Switch, Minimum move = 0.300 Aggression = 70% FastSwitch = disabled
Backlash comp = disabled, pulse = 495 ms
Max RA duration = 2500, Max DEC duration = 2500, DEC guide mode = Auto
RA Guide Speed = 7.5 a-s/s, Dec Guide Speed = 7.5 a-s/s, Cal Dec = 0.0, Last Cal Issue = None, Timestamp = 7/7/2026 10:36:27 PM
RA = 20.91 hr, Dec = 31.1 deg, Hour angle = 1.17 hr, Pier side = East, Rotator pos = N/A, Alt = 64.7 deg, Az = 217.1 deg
Lock position = 1081.074, 459.299, Star position = 1081.074, 459.299, HFD = 5.11 px
Frame,Time,mount,dx,dy,RARawDistance,DECRawDistance,RAGuideDistance,DECGuideDistance,RADuration,RADirection,DECDuration,DECDirection,XStep,YStep,StarMass,SNR,ErrorCode
INFO: SETTLING STATE CHANGE, Settling started
1,9.097,"Mount",-0.673,1.088,1.175,-0.679,0.740,0.000,131,W,0,,,,8726,58.95,0
INFO: SETTLING STATE CHANGE, Settling complete
2,18.034,"Mount",-0.776,0.505,0.613,-0.779,0.386,0.000,68,W,0,,,,7880,56.37,0
3,27.163,"Mount",-0.767,-0.174,-0.061,-0.766,-0.038,-0.536,7,E,77,N,,,6734,51.89,0
4,35.925,"Mount",-0.021,-0.230,-0.225,-0.020,0.004,0.000,1,W,0,,,,7550,54.05,0
5,48.154,"Mount",-0.445,-0.337,-0.269,-0.443,0.005,-0.310,1,W,45,N,,,9058,58.78,0
6,57.092,"Mount",0.625,-0.650,-0.734,0.629,-0.416,0.000,73,E,0,,,,8992,58.82,0
7,66.056,"Mount",-0.300,-0.953,-0.899,-0.295,-0.511,0.000,90,E,0,,,,7929,56.32,0
8,74.965,"Mount",0.479,-0.231,-0.299,0.481,0.002,0.000,0,,0,,,,8612,58.38,0
9,84.014,"Mount",-0.052,-0.411,-0.399,-0.050,-0.249,0.000,44,E,0,,,,8477,58.50,0
10,92.967,"Mount",-0.169,-0.430,-0.401,-0.167,-0.227,0.000,40,E,0,,,,7766,54.86,0
11,102.064,"Mount",-0.331,-0.185,-0.135,-0.330,-0.002,-0.231,0,,33,N,,,7899,55.52,0
12,111.118,"Mount",-0.453,0.043,0.109,-0.454,0.014,-0.318,2,W,46,N,,,7274,53.61,0
13,120.002,"Mount",-0.038,0.479,0.480,-0.041,0.280,0.000,49,W,0,,,,6992,52.40,0
14,128.912,"Mount",0.075,-0.223,-0.232,0.076,0.001,0.000,0,,0,,,,7089,52.30,0
15,138.084,"Mount",-0.020,-1.464,-1.445,-0.012,-0.827,0.000,146,E,0,,,,7155,52.86,0
16,147.101,"Mount",-0.319,0.169,0.214,-0.320,-0.013,-0.224,2,E,32,N,,,7397,53.94,0
17,156.054,"Mount",0.227,1.182,1.136,0.221,0.673,0.000,119,W,0,,,,9510,61.02,0
18,165.235,"Mount",-0.181,2.284,2.286,-0.195,1.298,0.000,229,W,0,,,,10000,64.60,0
19,174.199,"Mount",-0.642,-0.601,-0.501,-0.639,-0.256,-0.447,45,E,65,N,,,8892,57.94,0
20,183.024,"Mount",-0.057,-0.606,-0.591,-0.053,-0.326,0.000,58,E,0,,,,8865,58.67,0
21,192.009,"Mount",-0.063,-0.493,-0.479,-0.060,-0.257,0.000,45,E,0,,,,7877,55.90,0
22,201.026,"Mount",0.268,-0.706,-0.737,0.272,-0.453,0.000,80,E,0,,,,7878,56.20,0
23,209.915,"Mount",0.350,0.038,-0.014,0.350,-0.029,0.000,5,E,0,,,,8777,58.88,0
24,219.204,"Mount",-0.470,0.437,0.501,-0.473,0.294,-0.331,52,W,48,N,,,7415,54.65,0
25,228.012,"Mount",0.065,0.396,0.382,0.063,0.230,0.000,41,W,0,,,,6858,52.63,0
26,236.920,"Mount",0.103,0.091,0.074,0.103,-0.035,0.000,6,E,0,,,,5209,45.35,0
27,246.014,"Mount",-0.289,-0.656,-0.607,-0.286,-0.326,0.000,58,E,0,,,,4954,44.20,0
28,255.080,"Mount",-0.494,-0.162,-0.088,-0.493,-0.032,-0.345,6,E,50,N,,,4898,44.16,0
29,263.984,"Mount",-0.069,0.493,0.498,-0.071,0.282,0.000,50,W,0,,,,5411,46.73,0
30,273.417,"Mount",-0.512,3.165,3.206,-0.530,1.873,-0.371,331,W,54,N,,,6946,53.42,0
31,282.434,"Mount",-0.735,2.248,2.331,-0.748,1.415,-0.523,250,W,76,N,,,6784,52.88,0
32,291.147,"Mount",-0.318,0.731,0.770,-0.323,0.444,-0.226,78,W,33,N,,,7081,53.22,0
33,300.132,"Mount",-0.607,-0.521,-0.427,-0.604,-0.211,-0.423,37,E,61,N,,,7316,53.81,0
34,309.132,"Mount",-0.505,-0.451,-0.373,-0.503,-0.202,-0.352,36,E,51,N,,,7155,52.92,0
35,317.910,"Mount",-0.142,0.039,0.060,-0.142,-0.019,0.000,3,E,0,,,,6651,51.70,0
36,326.989,"Mount",-0.272,0.704,0.737,-0.276,0.405,0.000,71,W,0,,,,6034,48.87,0
37,336.182,"Mount",-0.441,0.274,0.335,-0.443,0.197,-0.310,35,W,45,N,,,5964,48.71,0
38,345.070,"Mount",-0.946,-0.098,0.041,-0.945,-0.052,-0.662,9,E,95,N,,,5145,45.01,0
39,354.215,"Mount",-0.632,-0.953,-0.851,-0.626,-0.512,-0.438,90,E,63,N,,,5687,47.58,0
40,363.217,"Mount",-0.697,-1.046,-0.933,-0.691,-0.571,-0.484,101,E,70,N,,,6247,50.13,0
41,372.281,"Mount",-0.793,-1.151,-1.023,-0.786,-0.619,-0.551,109,E,79,N,,,6312,50.48,0
42,381.153,"Mount",-0.919,-0.745,-0.603,-0.914,-0.392,-0.640,69,E,92,N,,,6018,49.20,0
43,390.218,"Mount",-0.936,0.707,0.836,-0.940,0.487,-0.658,86,W,95,N,,,5634,47.58,0
44,398.962,"Mount",0.507,0.156,0.081,0.506,0.055,0.000,10,W,0,,,,5334,45.66,0
45,408.027,"Mount",0.238,-0.724,-0.751,0.242,-0.462,0.000,81,E,0,,,,4943,44.19,0
46,416.964,"Mount",0.219,-0.713,-0.738,0.223,-0.442,0.000,78,E,0,,,,4775,42.97,0
47,425.949,"Mount",0.148,0.194,0.170,0.147,0.062,0.000,11,W,0,,,,4180,40.25,0
48,434.851,"Mount",0.030,0.227,0.220,0.029,0.037,0.000,7,W,0,,,,3912,38.85,0
49,443.982,"Mount",0.245,-0.889,-0.915,0.250,-0.545,0.000,96,E,0,,,,4027,39.62,0
50,452.855,"Mount",-0.278,0.019,0.059,-0.278,-0.017,0.000,3,E,0,,,,3940,39.12,0
51,461.955,"Mount",0.143,0.173,0.150,0.142,0.124,0.000,22,W,0,,,,4073,40.21,0
52,470.873,"Mount",0.737,-0.202,-0.307,0.738,-0.046,0.000,8,E,0,,,,4827,43.25,0
53,480.145,"Mount",0.368,-0.947,-0.990,0.373,-0.573,0.261,101,E,38,S,,,4778,42.91,0
54,488.876,"Mount",0.065,-0.411,-0.416,0.067,-0.190,0.000,34,E,0,,,,4102,39.70,0
55,497.827,"Mount",-0.282,-0.135,-0.093,-0.281,0.051,0.000,9,W,0,,,,4118,40.31,0
56,506.908,"Mount",0.041,-0.655,-0.654,0.045,-0.374,0.000,66,E,0,,,,4602,41.93,0
57,515.892,"Mount",-0.161,-0.419,-0.391,-0.159,-0.228,0.000,40,E,0,,,,5028,44.82,0
58,524.876,"Mount",-0.122,-0.375,-0.354,-0.119,-0.150,0.000,26,E,0,,,,5209,45.23,0
59,533.949,"Mount",-0.149,-0.583,-0.555,-0.145,-0.297,0.000,52,E,0,,,,4934,44.13,0
60,542.925,"Mount",-0.170,-0.565,-0.534,-0.167,-0.309,0.000,55,E,0,,,,5571,46.67,0
61,551.895,"Mount",-0.272,-0.455,-0.411,-0.269,-0.194,0.000,34,E,0,,,,5823,47.60,0
62,560.817,"Mount",-0.650,-0.263,-0.166,-0.649,0.032,0.000,6,W,0,,,,6570,51.07,0
63,569.944,"Mount",-0.186,-0.569,-0.536,-0.183,-0.281,0.000,50,E,0,,,,8186,56.89,0
64,578.785,"Mount",0.083,0.045,0.032,0.083,0.033,0.000,6,W,0,,,,10168,62.51,0
65,587.808,"DROP",,,,,,,,,,,,,0,0.00,5,"No star found"
66,597.171,"Mount",-1.608,2.847,3.051,-1.625,1.849,0.000,326,W,0,,,,11079,69.27,0
67,606.187,"Mount",-0.773,1.116,1.217,-0.779,0.739,-0.546,130,W,79,N,,,10720,65.01,0
68,614.743,"DROP",,,,,,,,,,,,,0,0.00,5,"No star found"
69,624.869,"Mount",0.099,-0.559,-0.568,0.102,-0.332,0.000,59,E,0,,,,9845,62.38,0
70,632.750,"DROP",,,,,,,,,,,,,0,0.00,5,"No star found"
71,642.044,"Mount",0.058,2.087,2.056,0.045,1.189,0.000,210,W,0,,,,10279,64.37,0
72,650.745,"DROP",,,,,,,,,,,,,0,0.00,5,"No star found"
73,659.777,"DROP",,,,,,,,,,,,,0,0.00,5,"No star found"
74,668.729,"DROP",,,,,,,,,,,,,0,0.00,5,"No star found"
75,678.020,"Mount",-0.194,-1.728,-1.681,-0.185,-1.009,0.000,178,E,0,,,,10370,63.97,0
76,686.727,"DROP",,,,,,,,,,,,,0,0.00,5,"No star found"
77,695.769,"DROP",,,,,,,,,,,,,0,0.00,5,"No star found"
78,704.728,"DROP",,,,,,,,,,,,,0,0.00,5,"No star found"
79,713.747,"DROP",,,,,,,,,,,,,0,0.00,5,"No star found"
80,722.723,"DROP",,,,,,,,,,,,,0,0.00,5,"No star found"
81,731.725,"DROP",,,,,,,,,,,,,0,0.00,5,"No star found"
82,740.718,"DROP",,,,,,,,,,,,,0,0.00,5,"No star found"
83,749.744,"DROP",,,,,,,,,,,,,0,0.00,5,"No star found"
84,758.715,"DROP",,,,,,,,,,,,,0,0.00,5,"No star found"
85,770.706,"DROP",,,,,,,,,,,,,0,0.00,5,"No star found"
86,779.729,"DROP",,,,,,,,,,,,,0,0.00,5,"No star found"
87,788.712,"DROP",,,,,,,,,,,,,0,0.00,5,"No star found"
88,797.725,"DROP",,,,,,,,,,,,,0,0.00,5,"No star found"
89,806.708,"DROP",,,,,,,,,,,,,0,0.00,5,"No star found"
90,815.744,"DROP",,,,,,,,,,,,,0,0.00,5,"No star found"
91,824.703,"DROP",,,,,,,,,,,,,0,0.00,5,"No star found"
92,834.782,"Mount",-2.842,5.252,5.610,-2.873,3.324,-2.011,587,W,290,N,,,11307,68.86,0
93,842.706,"DROP",,,,,,,,,,,,,0,0.00,5,"No star found"
94,852.337,"Mount",-1.039,2.246,2.374,-1.052,1.484,-0.737,262,W,106,N,,,9774,63.71,0
95,860.746,"Mount",0.269,0.318,0.275,0.267,-0.047,0.000,8,E,0,,,,9970,61.74,0
96,869.826,"Mount",0.168,0.710,0.678,0.164,0.373,0.000,66,W,0,,,,8911,59.53,0
97,878.710,"DROP",,,,,,,,,,,,,0,0.00,5,"No star found"
98,887.741,"DROP",,,,,,,,,,,,,0,0.00,5,"No star found"
99,896.699,"DROP",,,,,,,,,,,,,0,0.00,5,"No star found"
100,906.259,"Mount",0.764,-4.538,-4.601,0.790,-2.712,0.000,479,E,0,,,,6396,49.91,0
101,914.892,"Mount",0.204,-1.188,-1.205,0.211,-0.596,0.000,105,E,0,,,,6905,51.78,0
102,923.813,"Mount",-0.108,-0.037,-0.020,-0.108,0.144,0.000,25,W,0,,,,8897,58.77,0
103,932.798,"Mount",-0.257,-0.334,-0.293,-0.255,0.076,0.000,13,W,0,,,,8817,57.96,0
104,941.755,"Mount",-0.189,0.188,0.214,-0.190,-0.018,0.000,3,E,0,,,,5267,45.76,0
105,950.709,"Mount",-0.244,-0.032,0.004,-0.244,0.018,0.000,3,W,0,,,,10108,63.20,0
106,959.944,"Mount",-0.669,0.067,0.164,-0.670,-0.014,-0.469,3,E,68,N,,,7873,55.84,0
107,968.881,"Mount",-0.042,1.195,1.188,-0.049,0.748,0.000,132,W,0,,,,5209,45.77,0
108,977.849,"Mount",-0.168,0.703,0.720,-0.172,0.501,0.000,88,W,0,,,,5938,48.76,0
109,986.770,"Mount",0.164,0.397,0.369,0.162,0.172,0.000,30,W,0,,,,6860,51.65,0
110,995.962,"Mount",-0.352,-0.481,-0.424,-0.349,-0.205,-0.245,36,E,35,N,,,6399,49.97,0
111,1004.786,"Mount",0.310,0.101,0.055,0.309,-0.084,0.000,15,E,0,,,,7556,53.43,0
112,1013.723,"Mount",0.196,-0.244,-0.270,0.197,0.050,0.000,9,W,0,,,,6460,50.38,0
113,1022.884,"Mount",-0.020,-0.923,-0.910,-0.015,-0.557,0.000,98,E,0,,,,10446,64.88,0
114,1031.656,"DROP",,,,,,,,,,,,,0,0.00,5,"No star found"
115,1040.667,"DROP",,,,,,,,,,,,,0,0.00,5,"No star found"
116,1049.642,"DROP",,,,,,,,,,,,,0,0.00,5,"No star found"
117,1058.685,"DROP",,,,,,,,,,,,,0,0.00,5,"No star found"
118,1067.936,"Mount",-0.152,-1.943,-1.900,-0.141,-1.113,0.000,196,E,0,,,,7115,52.04,0
119,1076.920,"Mount",-0.428,-0.325,-0.259,-0.426,0.019,-0.298,3,W,43,N,,,8168,55.86,0
120,1085.857,"Mount",-0.031,-1.059,-1.043,-0.024,-0.633,0.000,112,E,0,,,,9675,63.16,0
121,1094.790,"Mount",-0.238,-0.571,-0.530,-0.235,-0.274,0.000,48,E,0,,,,9485,61.47,0
122,1103.746,"Mount",0.313,0.397,0.347,0.310,0.213,0.000,38,W,0,,,,10012,62.10,0
123,1112.664,"DROP",,,,,,,,,,,,,0,0.00,5,"No star found"
124,1122.243,"Mount",-0.578,2.812,2.866,-0.594,1.692,-0.416,299,W,60,N,,,11342,68.14,0
125,1130.700,"Mount",0.085,0.336,0.320,0.083,-0.003,0.000,1,E,0,,,,9937,62.13,0
126,1139.748,"Mount",0.481,-0.414,-0.480,0.483,-0.260,0.000,46,E,0,,,,10502,63.13,0
127,1148.780,"Mount",0.451,-0.615,-0.674,0.455,-0.440,0.000,78,E,0,,,,9802,62.79,0
128,1157.765,"Mount",0.270,-0.628,-0.660,0.274,-0.405,0.000,71,E,0,,,,8438,57.19,0
129,1166.781,"Mount",-0.006,-0.568,-0.561,-0.003,-0.292,0.000,52,E,0,,,,9534,61.39,0
130,1175.818,"Mount",-0.225,0.370,0.399,-0.227,0.272,0.000,48,W,0,,,,10313,62.92,0
131,1184.767,"Mount",0.276,0.309,0.266,0.274,-0.078,0.000,14,E,0,,,,10758,66.09,0
132,1193.751,"Mount",-0.434,0.599,0.655,-0.437,0.293,0.000,52,W,0,,,,9283,60.33,0
133,1202.764,"Mount",-0.226,-0.339,-0.303,-0.224,0.090,0.000,16,W,0,,,,9134,59.94,0
134,1211.631,"DROP",,,,,,,,,,,,,0,0.00,5,"No star found"
135,1220.929,"Mount",-0.536,-0.511,-0.428,-0.533,-0.131,-0.373,23,E,54,N,,,8910,58.43,0
136,1229.633,"DROP",,,,,,,,,,,,,0,0.00,5,"No star found"
Guiding Ends at 2026-08-16 01:56:24

Guiding Begins at 2026-08-16 01:56:51
Equipment Profile = QHY5 EQASCOM OAG
Dither = both axes, Dither scale = 1.000, Image noise reduction = 2x2 mean, Guide-frame time lapse = 0, Server enabled
Pixel scale = 1.05 arc-sec/px, Binning = 1, Focal length = 1018 mm
Search region = 24 px, Star mass tolerance = 90.0%, Multi-star mode, list size = 12
 Camera = QHY5II-M-10d7d910f33c7354, gain = 90, full size = 1280 x 1024, have dark, dark dur = 3000, no defect map, pixel size = 5.2 um
Exposure = 3000 ms
Mount = EQMOD HEQ5/6 (ASCOM), connected, guiding enabled, xAngle = 98.4, xRate = 5.664, yAngle = 17.1, yRate = 6.929, parity = +/+
Norm rates RA = 7.0"/s @ dec 0, Dec = 7.3"/s; ortho.err. = 8.7 deg
X guide algorithm = Predictive PEC, Control gain = 0.630
Prediction gain = 0.430
Minimum move = 0.330
Hyperparameters
	Length scale long range SE kernel = 700.000
	Signal variance long range SE kernel = 20.000
	Length scale periodic kernel = 10.000
	Signal variance periodic kernel = 20.000
	Length scale short range SE kernel = 25.000
	Signal variance short range SE kernel = 10.000
	Period length periodic kernel = 1065.327
	FFT called after = 2.000 worm cycles
	Auto-adjust period length = On
Y guide algorithm = Resist Switch, Minimum move = 0.300 Aggression = 70% FastSwitch = disabled
Backlash comp = disabled, pulse = 495 ms
Max RA duration = 2500, Max DEC duration = 2500, DEC guide mode = Auto
RA Guide Speed = 7.5 a-s/s, Dec Guide Speed = 7.5 a-s/s, Cal Dec = 0.0, Last Cal Issue = None, Timestamp = 7/7/2026 10:36:27 PM
RA = 20.91 hr, Dec = 31.1 deg, Hour angle = 1.52 hr, Pier side = East, Rotator pos = N/A, Alt = 62.6 deg, Az = 226.1 deg
Lock position = 1083.255, 462.036, Star position = 1083.255, 462.036, HFD = 4.26 px
Frame,Time,mount,dx,dy,RARawDistance,DECRawDistance,RAGuideDistance,DECGuideDistance,RADuration,RADirection,DECDuration,DECDirection,XStep,YStep,StarMass,SNR,ErrorCode
INFO: SETTLING STATE CHANGE, Settling started
1,9.036,"Mount",-0.350,-0.894,-0.834,-0.345,-0.525,0.000,93,E,0,,,,5960,48.40,0
INFO: SETTLING STATE CHANGE, Settling complete
2,18.038,"Mount",-0.616,0.755,0.836,-0.621,0.527,0.000,93,W,0,,,,2733,32.99,0
3,27.214,"Mount",-0.600,0.822,0.900,-0.604,0.567,-0.423,100,W,61,N,,,5739,48.66,0
4,36.182,"Mount",-0.630,0.917,0.999,-0.635,0.496,-0.445,87,W,64,N,,,2843,33.23,0
5,45.055,"Mount",-0.014,0.895,0.887,-0.019,0.502,0.000,89,W,0,,,,5460,46.82,0
6,53.896,"Mount",0.484,0.204,0.131,0.483,0.218,0.000,38,W,0,,,,7206,53.51,0
7,62.858,"Mount",0.776,-0.526,-0.634,0.779,0.020,0.000,4,W,0,,,,8336,58.32,0
8,71.957,"Mount",0.531,-0.117,-0.193,0.531,0.233,0.000,41,W,0,,,,8022,57.66,0
9,80.945,"Mount",0.527,-0.280,-0.353,0.528,-0.236,0.000,42,E,0,,,,8008,56.20,0
10,89.994,"Mount",0.298,-0.292,-0.332,0.300,-0.336,0.000,59,E,0,,,,7444,55.20,0
11,98.930,"Mount",0.053,0.045,0.037,0.052,-0.068,0.000,12,E,0,,,,6920,51.98,0
12,107.931,"Mount",-0.048,-0.013,-0.006,-0.048,0.059,0.000,10,W,0,,,,5336,46.05,0
13,117.011,"Mount",0.098,0.470,0.451,0.096,0.372,0.000,66,W,0,,,,4467,42.25,0
14,125.875,"Mount",0.082,-0.296,-0.305,0.083,0.048,0.000,8,W,0,,,,4084,40.28,0
15,135.012,"Mount",0.133,-0.504,-0.518,0.136,-0.425,0.000,75,E,0,,,,6305,49.71,0
16,143.981,"Mount",-0.425,-0.646,-0.577,-0.421,-0.469,0.000,83,E,0,,,,6208,49.67,0
17,152.917,"Mount",-0.025,0.317,0.317,-0.027,-0.126,0.000,22,E,0,,,,5562,47.52,0
18,162.077,"Mount",-0.484,0.526,0.591,-0.487,0.238,-0.341,42,W,49,N,,,5599,47.62,0
19,171.126,"Mount",-0.339,0.348,0.394,-0.341,0.255,-0.238,45,W,34,N,,,3793,39.36,0
20,179.941,"Mount",0.035,-0.067,-0.071,0.036,0.124,0.000,22,W,0,,,,4991,44.40,0
21,188.944,"Mount",-0.143,-0.498,-0.472,-0.140,-0.332,0.000,59,E,0,,,,3315,36.30,0
22,198.015,"Mount",-0.320,-0.279,-0.230,-0.319,-0.149,-0.223,26,E,32,N,,,869,17.17,0
23,206.850,"DROP",,,,,,,,,,,,,0,0.00,4,"Star lost - low HFD"
24,215.825,"DROP",,,,,,,,,,,,,438,11.60,7,"Star lost - mass changed"
25,224.985,"Mount",-0.118,-0.760,-0.735,-0.114,-0.487,0.000,86,E,0,,,,1302,21.43,0
26,233.890,"Mount",-0.087,0.527,0.534,-0.090,0.228,0.000,40,W,0,,,,381,10.73,0
27,242.784,"DROP",,,,,,,,,,,,,2676,32.11,7,"Star lost - mass changed"
28,251.955,"Mount",-0.165,-0.768,-0.736,-0.161,-0.413,0.000,73,E,0,,,,6837,51.96,0
29,260.791,"DROP",,,,,,,,,,,,,7066,53.27,7,"Star lost - mass changed"
30,270.019,"Mount",-0.351,-0.265,-0.211,-0.349,-0.097,-0.244,17,E,35,N,,,3738,39.25,0
31,278.985,"Mount",-0.263,1.075,1.102,-0.270,0.658,0.000,116,W,0,,,,3402,36.79,0
32,288.261,"Mount",-0.946,1.499,1.621,-0.955,0.996,-0.669,176,W,96,N,,,5250,47.79,0
33,296.894,"Mount",0.345,-0.021,-0.071,0.345,-0.057,0.000,10,E,0,,,,5255,45.50,0
34,305.877,"Mount",0.373,0.439,0.380,0.371,0.204,0.000,36,W,0,,,,3584,38.00,0
35,314.926,"Mount",0.135,-0.728,-0.740,0.140,-0.493,0.000,87,E,0,,,,2998,34.31,0
36,323.847,"Mount",0.033,0.108,0.102,0.033,-0.108,0.000,19,E,0,,,,1849,26.12,0
37,333.121,"Mount",-0.322,1.493,1.524,-0.330,0.887,-0.231,157,W,33,N,,,4813,44.85,0
38,341.807,"Mount",0.175,0.102,0.076,0.174,0.045,0.000,8,W,0,,,,8810,60.42,0
39,350.896,"Mount",0.430,-0.326,-0.385,0.432,-0.336,0.000,59,E,0,,,,8640,58.99,0
40,359.913,"Mount",-0.052,-0.703,-0.688,-0.048,-0.429,0.000,76,E,0,,,,7929,57.12,0
41,368.761,"Mount",0.063,-0.194,-0.201,0.064,-0.001,0.000,0,,0,,,,8896,59.94,0
42,377.882,"Mount",-0.015,-0.550,-0.542,-0.012,-0.187,0.000,33,E,0,,,,5627,47.35,0
43,386.867,"Mount",-0.047,0.268,0.272,-0.049,0.210,0.000,37,W,0,,,,4780,43.78,0
44,395.899,"Mount",-0.108,0.669,0.677,-0.112,0.555,0.000,98,W,0,,,,4991,45.72,0
45,404.867,"Mount",-0.091,0.512,0.519,-0.094,0.302,0.000,53,W,0,,,,6529,51.63,0
46,413.852,"Mount",-0.146,-0.600,-0.573,-0.143,-0.370,0.000,65,E,0,,,,6298,50.07,0
47,422.900,"Mount",-0.150,-1.051,-1.018,-0.143,-0.712,0.000,126,E,0,,,,8224,58.48,0
48,431.967,"Mount",-0.574,0.039,0.122,-0.574,0.029,-0.402,5,W,58,N,,,7802,56.27,0
49,441.526,"Mount",-0.865,3.824,3.909,-0.888,2.663,-0.621,470,W,90,N,,,5888,49.16,0
50,450.335,"Mount",-0.461,2.360,2.402,-0.475,1.900,-0.332,335,W,48,N,,,8031,56.83,0
51,458.919,"Mount",0.639,0.608,0.509,0.636,-0.359,0.000,63,E,0,,,,8254,58.79,0
52,467.872,"Mount",1.027,1.009,0.849,1.021,0.236,0.000,42,W,0,,,,9843,63.09,0
53,476.927,"Mount",0.966,0.577,0.429,0.963,0.430,0.000,76,W,0,,,,9859,63.99,0
54,485.842,"Mount",0.952,-0.059,-0.197,0.952,-0.282,0.000,50,E,0,,,,9180,61.29,0
55,494.857,"Mount",0.488,0.541,0.464,0.485,0.163,0.000,29,W,0,,,,9373,62.11,0
56,504.002,"Mount",0.565,0.156,0.072,0.564,0.165,0.395,29,W,57,S,,,7704,56.83,0
57,512.826,"Mount",0.257,-0.112,-0.148,0.257,-0.183,0.000,32,E,0,,,,8705,59.63,0
58,521.831,"Mount",-0.023,-0.039,-0.035,-0.023,-0.125,0.000,22,E,0,,,,6256,49.83,0
59,530.922,"Mount",-0.136,1.034,1.043,-0.142,0.719,0.000,127,W,0,,,,4618,43.16,0
60,539.811,"Mount",-0.413,-0.136,-0.074,-0.412,0.061,0.000,11,W,0,,,,3483,36.88,0
61,548.955,"Mount",0.029,-0.922,-0.916,0.034,-0.956,0.000,169,E,0,,,,5321,45.86,0
62,557.860,"Mount",-0.232,0.023,0.057,-0.232,-0.086,0.000,15,E,0,,,,5726,47.89,0
63,566.829,"Mount",-0.259,-0.078,-0.040,-0.258,0.201,0.000,35,W,0,,,,4453,42.00,0
64,575.813,"Mount",-0.248,-0.305,-0.266,-0.246,-0.160,0.000,28,E,0,,,,3528,37.16,0
65,584.909,"Mount",-0.132,-1.267,-1.234,-0.125,-0.719,0.000,127,E,0,,,,2235,29.18,0
66,593.990,"Mount",0.198,-1.266,-1.282,0.205,-0.970,0.000,171,E,0,,,,3092,34.15,0
67,602.814,"Mount",-0.069,-0.074,-0.063,-0.068,0.101,0.000,18,W,0,,,,2871,33.88,0
68,612.008,"Mount",0.391,-0.002,-0.059,0.391,0.292,0.273,52,W,39,S,,,2479,30.84,0
69,620.864,"Mount",0.038,-0.436,-0.437,0.040,-0.283,0.000,50,E,0,,,,1675,24.97,0
Guiding Ends at 2026-08-16 02:07:20

Guiding Begins at 2026-08-16 02:10:50
Equipment Profile = QHY5 EQASCOM OAG
Dither = both axes, Dither scale = 1.000, Image noise reduction = 2x2 mean, Guide-frame time lapse = 0, Server enabled
Pixel scale = 1.05 arc-sec/px, Binning = 1, Focal length = 1018 mm
Search region = 24 px, Star mass tolerance = 90.0%, Multi-star mode, list size = 8
 Camera = QHY5II-M-10d7d910f33c7354, gain = 90, full size = 1280 x 1024, have dark, dark dur = 3000, no defect map, pixel size = 5.2 um
Exposure = 3000 ms
Mount = EQMOD HEQ5/6 (ASCOM), connected, guiding enabled, xAngle = 98.4, xRate = 5.664, yAngle = 17.1, yRate = 6.929, parity = +/+
Norm rates RA = 7.0"/s @ dec 0, Dec = 7.3"/s; ortho.err. = 8.7 deg
X guide algorithm = Predictive PEC, Control gain = 0.630
Prediction gain = 0.430
Minimum move = 0.330
Hyperparameters
	Length scale long range SE kernel = 700.000
	Signal variance long range SE kernel = 20.000
	Length scale periodic kernel = 10.000
	Signal variance periodic kernel = 20.000
	Length scale short range SE kernel = 25.000
	Signal variance short range SE kernel = 10.000
	Period length periodic kernel = 1065.327
	FFT called after = 2.000 worm cycles
	Auto-adjust period length = On
Y guide algorithm = Resist Switch, Minimum move = 0.300 Aggression = 70% FastSwitch = disabled
Backlash comp = disabled, pulse = 495 ms
Max RA duration = 2500, Max DEC duration = 2500, DEC guide mode = Auto
RA Guide Speed = 7.5 a-s/s, Dec Guide Speed = 7.5 a-s/s, Cal Dec = 0.0, Last Cal Issue = None, Timestamp = 7/7/2026 10:36:27 PM
RA = 20.91 hr, Dec = 31.1 deg, Hour angle = 1.75 hr, Pier side = East, Rotator pos = N/A, Alt = 61.0 deg, Az = 231.5 deg
Lock position = 1083.043, 465.155, Star position = 1083.043, 465.155, HFD = 2.62 px
Frame,Time,mount,dx,dy,RARawDistance,DECRawDistance,RAGuideDistance,DECGuideDistance,RADuration,RADirection,DECDuration,DECDirection,XStep,YStep,StarMass,SNR,ErrorCode
INFO: SETTLING STATE CHANGE, Settling started
1,9.077,"Mount",0.289,-0.660,-0.695,0.293,-0.438,0.000,77,E,0,,,,486,12.43,0
INFO: SETTLING STATE CHANGE, Settling complete
2,18.045,"Mount",0.367,-0.371,-0.420,0.369,-0.265,0.000,47,E,0,,,,232,8.08,0
3,26.920,"DROP",,,,,,,,,,,,,0,0.00,2,"Star lost - low SNR"
3,27.040,"Mount",0.000,0.000,-0.351,0.000,-0.351,0.000,62,E,0,,,,232,8.08,2
4,35.913,"DROP",,,,,,,,,,,,,0,0.00,2,"Star lost - low SNR"
4,36.014,"Mount",0.000,0.000,0.066,0.000,0.066,0.000,12,W,0,,,,232,8.08,2
5,44.929,"DROP",,,,,,,,,,,,,0,0.00,2,"Star lost - low SNR"
5,44.967,"Mount",0.000,0.000,0.052,0.000,0.052,0.000,9,W,0,,,,232,8.08,2
6,53.902,"DROP",,,,,,,,,,,,,0,0.00,2,"Star lost - low SNR"
6,53.999,"Mount",0.000,0.000,0.112,0.000,0.112,0.000,20,W,0,,,,232,8.08,2
7,62.925,"DROP",,,,,,,,,,,,,0,0.00,2,"Star lost - low SNR"
7,62.999,"Mount",0.000,0.000,-0.123,0.000,-0.123,0.000,22,E,0,,,,232,8.08,2
8,71.915,"DROP",,,,,,,,,,,,,0,0.00,2,"Star lost - low SNR"
8,72.066,"Mount",0.000,0.000,-0.277,0.000,-0.277,0.000,49,E,0,,,,232,8.08,2
9,80.925,"DROP",,,,,,,,,,,,,0,0.00,2,"Star lost - low SNR"
9,81.016,"Mount",0.000,0.000,-0.149,0.000,-0.149,0.000,26,E,0,,,,232,8.08,2
10,89.902,"DROP",,,,,,,,,,,,,0,0.00,2,"Star lost - low SNR"
10,90.000,"Mount",0.000,0.000,-0.127,0.000,-0.127,0.000,22,E,0,,,,232,8.08,2
11,98.933,"DROP",,,,,,,,,,,,,0,0.00,2,"Star lost - low SNR"
11,99.033,"Mount",0.000,0.000,-0.098,0.000,-0.098,0.000,17,E,0,,,,232,8.08,2
12,107.880,"DROP",,,,,,,,,,,,,0,0.00,2,"Star lost - low SNR"
12,108.043,"Mount",0.000,0.000,0.428,0.000,0.428,0.000,76,W,0,,,,232,8.08,2
13,116.892,"DROP",,,,,,,,,,,,,0,0.00,2,"Star lost - low SNR"
13,117.017,"Mount",0.000,0.000,0.401,0.000,0.401,0.000,71,W,0,,,,232,8.08,2
14,125.919,"DROP",,,,,,,,,,,,,0,0.00,2,"Star lost - low SNR"
14,126.113,"Mount",0.000,0.000,-0.419,0.000,-0.419,0.000,74,E,0,,,,232,8.08,2
15,134.879,"DROP",,,,,,,,,,,,,0,0.00,2,"Star lost - low SNR"
15,134.969,"Mount",0.000,0.000,-0.125,0.000,-0.125,0.000,22,E,0,,,,232,8.08,2
16,143.877,"DROP",,,,,,,,,,,,,0,0.00,2,"Star lost - low SNR"
16,144.004,"Mount",0.000,0.000,-0.313,0.000,-0.313,0.000,55,E,0,,,,232,8.08,2
17,152.896,"DROP",,,,,,,,,,,,,0,0.00,2,"Star lost - low SNR"
17,153.034,"Mount",0.000,0.000,0.319,0.000,0.319,0.000,56,W,0,,,,232,8.08,2
18,164.872,"DROP",,,,,,,,,,,,,0,0.00,2,"Star lost - low SNR"
18,164.944,"Mount",0.000,0.000,0.220,0.000,0.220,0.000,39,W,0,,,,232,8.08,2
19,173.867,"DROP",,,,,,,,,,,,,0,0.00,2,"Star lost - low SNR"
19,174.000,"Mount",0.000,0.000,-0.454,0.000,-0.454,0.000,80,E,0,,,,232,8.08,2
20,182.889,"DROP",,,,,,,,,,,,,0,0.00,2,"Star lost - low SNR"
20,182.961,"Mount",0.000,0.000,0.110,0.000,0.110,0.000,19,W,0,,,,232,8.08,2
21,192.826,"Mount",-1.921,7.963,8.158,-1.967,5.140,0.000,907,W,0,,,,540,13.32,0
22,201.297,"Mount",-0.664,2.164,2.238,-0.676,1.738,0.000,307,W,0,,,,1080,19.23,0
23,209.962,"Mount",-0.333,-0.198,-0.147,-0.332,-0.089,0.000,16,E,0,,,,1495,23.25,0
24,219.027,"Mount",0.435,-0.753,-0.809,0.439,-0.637,0.000,112,E,0,,,,1501,23.79,0
25,228.027,"Mount",0.840,-0.855,-0.969,0.844,-0.571,0.000,101,E,0,,,,2861,32.55,0
26,236.948,"Mount",-0.299,-0.252,-0.206,-0.297,0.067,0.000,12,W,0,,,,2728,32.88,0
27,245.877,"DROP",,,,,,,,,,,,,3295,36.02,7,"Star lost - mass changed"
27,245.990,"Mount",0.000,0.000,-0.139,0.000,-0.139,0.000,24,E,0,,,,2728,32.88,7
28,254.981,"Mount",-0.046,-0.238,-0.229,-0.045,-0.123,0.000,22,E,0,,,,3348,36.90,0
29,263.965,"Mount",-0.060,-0.174,-0.163,-0.059,-0.068,0.000,12,E,0,,,,3520,37.17,0
30,272.892,"Mount",-0.179,0.278,0.301,-0.180,0.018,0.000,3,W,0,,,,3369,37.22,0
31,281.881,"Mount",-0.024,0.290,0.290,-0.025,0.002,0.000,0,,0,,,,3982,39.54,0
32,291.014,"Mount",-0.163,-0.118,-0.093,-0.162,-0.105,0.000,19,E,0,,,,3850,39.07,0
33,300.014,"Mount",-0.510,0.835,0.900,-0.515,0.556,0.000,98,W,0,,,,3945,39.35,0
34,308.999,"Mount",-0.269,0.431,0.466,-0.271,0.373,0.000,66,W,0,,,,3774,38.43,0
35,318.066,"Mount",-0.232,0.890,0.914,-0.237,0.521,0.000,92,W,0,,,,1728,24.95,0
36,326.936,"Mount",-0.077,-0.041,-0.030,-0.077,-0.010,0.000,2,E,0,,,,499,12.53,0
37,335.858,"DROP",,,,,,,,,,,,,0,0.00,4,"Star lost - low HFD"
37,335.952,"Mount",0.000,0.000,-0.195,0.000,-0.195,0.000,34,E,0,,,,499,12.53,4
38,344.936,"Mount",-0.278,-0.051,-0.010,-0.277,-0.083,0.000,15,E,0,,,,460,12.45,0
39,353.889,"Mount",-0.204,-0.011,0.019,-0.204,0.005,0.000,1,W,0,,,,2030,28.58,0
40,365.991,"Mount",-0.230,-0.629,-0.589,-0.226,-0.492,0.000,87,E,0,,,,3071,34.58,0
41,374.881,"Mount",-0.116,-0.297,-0.277,-0.114,-0.031,0.000,6,E,0,,,,2975,34.82,0
42,383.928,"Mount",-0.512,-0.164,-0.088,-0.511,-0.062,0.000,11,E,0,,,,3841,39.86,0
43,393.124,"Mount",-0.522,0.221,0.295,-0.524,-0.065,-0.366,11,E,53,N,,,5493,47.32,0
44,402.169,"Mount",-0.551,0.896,0.966,-0.556,0.622,-0.389,110,W,56,N,,,6112,49.42,0
45,410.977,"Mount",-0.399,0.262,0.318,-0.401,0.012,-0.281,2,W,40,N,,,5133,45.84,0
46,419.934,"Mount",-0.125,-0.035,-0.017,-0.125,0.076,0.000,14,W,0,,,,5616,47.78,0
47,428.996,"Mount",-0.062,-0.843,-0.825,-0.057,-0.559,0.000,99,E,0,,,,5778,49.00,0
48,437.978,"Mount",-0.253,-0.603,-0.559,-0.249,-0.547,0.000,97,E,0,,,,6211,50.41,0
49,447.187,"Mount",-0.470,0.496,0.559,-0.473,0.524,-0.331,93,W,48,N,,,6372,50.71,0
50,456.016,"Mount",-0.220,0.826,0.850,-0.224,0.759,0.000,134,W,0,,,,6360,50.65,0
51,464.916,"Mount",0.002,-0.090,-0.090,0.003,-0.077,0.000,14,E,0,,,,6765,52.24,0
52,473.916,"Mount",-0.136,-0.344,-0.320,-0.134,-0.198,0.000,35,E,0,,,,6888,52.85,0
53,482.901,"Mount",0.066,-0.229,-0.236,0.067,-0.097,0.000,17,E,0,,,,6238,51.12,0
54,491.855,"Mount",-0.050,-0.307,-0.297,-0.048,0.017,0.000,3,W,0,,,,6096,49.97,0
55,500.934,"Mount",-0.139,-0.158,-0.136,-0.138,0.115,0.000,20,W,0,,,,6225,50.21,0
56,509.918,"Mount",-0.281,0.576,0.611,-0.284,0.609,0.000,108,W,0,,,,6111,49.49,0
57,519.126,"Mount",-0.361,0.595,0.642,-0.364,0.446,-0.255,79,W,37,N,,,6249,49.73,0
58,527.935,"Mount",-0.288,0.107,0.148,-0.288,-0.332,0.000,59,E,0,,,,4741,43.71,0
59,537.159,"Mount",-0.466,0.742,0.802,-0.470,0.508,-0.329,90,W,48,N,,,4579,42.92,0
60,546.001,"Mount",0.208,0.020,-0.010,0.208,0.823,0.000,145,W,0,,,,4996,44.76,0
61,555.001,"Mount",-0.019,0.685,0.681,-0.023,0.682,0.000,120,W,0,,,,4521,43.18,0
62,564.081,"Mount",-0.219,1.604,1.618,-0.228,1.146,0.000,202,W,0,,,,4106,39.88,0
63,572.826,"Mount",0.004,0.197,0.194,0.003,0.021,0.000,4,W,0,,,,3255,35.91,0
64,581.938,"Mount",0.179,0.307,0.277,0.177,-0.190,0.000,33,E,0,,,,3039,34.75,0
65,590.922,"Mount",-0.049,0.432,0.434,-0.051,0.395,0.000,70,W,0,,,,2311,29.61,0
66,599.936,"Mount",0.079,0.672,0.653,0.075,0.437,0.000,77,W,0,,,,2986,33.94,0
67,608.849,"Mount",-0.053,0.127,0.134,-0.054,-0.075,0.000,13,E,0,,,,3979,39.92,0
68,617.891,"Mount",-0.254,0.569,0.600,-0.257,0.428,0.000,76,W,0,,,,4120,40.36,0
69,626.925,"Mount",-0.058,0.540,0.542,-0.061,0.485,0.000,86,W,0,,,,4495,42.01,0
70,635.845,"Mount",-0.023,0.096,0.099,-0.023,-0.144,0.000,25,E,0,,,,5472,47.72,0
71,644.910,"Mount",-0.032,0.094,0.098,-0.032,-0.154,0.000,27,E,0,,,,4856,44.64,0
72,653.894,"Mount",-0.199,0.881,0.900,-0.204,0.537,0.000,95,W,0,,,,4878,44.33,0
73,662.796,"Mount",0.016,-0.076,-0.077,0.016,-0.001,0.000,0,,0,,,,5183,45.73,0
74,671.879,"Mount",-0.250,0.010,0.047,-0.250,-0.280,0.000,49,E,0,,,,4422,41.94,0
75,680.880,"Mount",-0.213,0.323,0.351,-0.215,0.083,0.000,15,W,0,,,,4965,44.95,0
76,690.008,"Mount",-0.341,-0.023,0.027,-0.341,0.074,-0.239,13,W,34,N,,,4927,44.96,0
77,698.857,"Mount",-0.108,-0.365,-0.345,-0.106,-0.197,0.000,35,E,0,,,,5836,48.90,0
78,707.993,"Mount",-0.321,-0.314,-0.264,-0.319,-0.011,-0.224,2,E,32,N,,,6379,50.60,0
79,716.849,"Mount",0.170,-0.564,-0.583,0.173,-0.191,0.000,34,E,0,,,,6450,51.69,0
80,725.866,"Mount",-0.110,-0.803,-0.778,-0.105,-0.383,0.000,68,E,0,,,,9425,62.34,0
81,734.807,"DROP",,,,,,,,,,,,,0,0.00,5,"No star found"
81,734.898,"Mount",0.000,0.000,0.080,0.000,0.080,0.000,14,W,0,,,,9425,62.34,5
82,744.044,"Mount",-0.419,0.378,0.435,-0.422,0.164,-0.295,29,W,43,N,,,10003,64.86,0
83,752.748,"Mount",-0.035,0.289,0.291,-0.037,-0.002,0.000,0,,0,,,,9858,63.64,0
84,761.836,"Mount",-0.128,0.079,0.096,-0.129,-0.083,0.000,15,E,0,,,,10502,66.49,0
85,770.781,"DROP",,,,,,,,,,,,,0,0.00,5,"No star found"
85,770.868,"Mount",0.000,0.000,-0.146,0.000,-0.146,0.000,26,E,0,,,,10502,66.49,5
86,779.721,"DROP",,,,,,,,,,,,,0,0.00,5,"No star found"
86,779.805,"Mount",0.000,0.000,0.186,0.000,0.186,0.000,33,W,0,,,,10502,66.49,5
87,789.172,"Mount",-0.720,1.070,1.163,-0.726,0.746,-0.508,132,W,73,N,,,10779,67.30,0
88,797.834,"Mount",0.069,-0.046,-0.056,0.069,-0.214,0.000,38,E,0,,,,9667,62.63,0
89,806.870,"Mount",-0.076,0.325,0.333,-0.078,0.275,0.000,49,W,0,,,,10036,64.40,0
90,815.766,"DROP",,,,,,,,,,,,,0,0.00,5,"No star found"
90,815.934,"Mount",0.000,0.000,0.594,0.000,0.594,0.000,105,W,0,,,,10036,64.40,5
91,824.903,"Mount",0.233,-1.391,-1.411,0.241,-0.749,0.000,132,E,0,,,,11122,67.77,0
92,833.952,"Mount",0.311,-1.467,-1.497,0.319,-0.966,0.000,171,E,0,,,,9752,61.53,0
93,842.919,"Mount",0.308,-0.996,-1.030,0.314,-0.692,0.000,122,E,0,,,,10103,63.79,0
94,851.855,"Mount",0.156,-0.502,-0.520,0.159,-0.425,0.000,75,E,0,,,,8985,59.75,0
95,860.709,"DROP",,,,,,,,,,,,,0,0.00,5,"No star found"
95,860.792,"Mount",0.000,0.000,0.119,0.000,0.119,0.000,21,W,0,,,,8985,59.75,5
96,869.691,"DROP",,,,,,,,,,,,,0,0.00,5,"No star found"
96,869.793,"Mount",0.000,0.000,0.071,0.000,0.071,0.000,13,W,0,,,,8985,59.75,5
97,878.710,"DROP",,,,,,,,,,,,,0,0.00,5,"No star found"
97,878.831,"Mount",0.000,0.000,-0.058,0.000,-0.058,0.000,10,E,0,,,,8985,59.75,5
98,887.907,"Mount",-0.120,1.354,1.357,-0.127,0.731,0.000,129,W,0,,,,10640,66.20,0
99,896.923,"Mount",-0.672,0.218,0.314,-0.673,0.034,-0.471,6,W,68,N,,,9399,62.59,0
100,905.689,"DROP",,,,,,,,,,,,,0,0.00,5,"No star found"
100,905.859,"Mount",0.000,0.000,0.477,0.000,0.477,0.000,84,W,0,,,,9399,62.59,5
101,914.676,"DROP",,,,,,,,,,,,,0,0.00,5,"No star found"
101,914.924,"Mount",0.000,0.000,1.036,0.000,1.036,0.000,183,W,0,,,,9399,62.59,5
102,923.673,"DROP",,,,,,,,,,,,,0,0.00,5,"No star found"
102,923.797,"Mount",0.000,0.000,0.330,0.000,0.330,0.000,58,W,0,,,,9399,62.59,5
103,932.689,"DROP",,,,,,,,,,,,,0,0.00,5,"No star found"
103,932.717,"Mount",0.000,0.000,0.020,0.000,0.020,0.000,4,W,0,,,,9399,62.59,5
104,941.845,"Mount",0.368,0.166,0.110,0.367,-0.126,0.000,22,E,0,,,,9669,62.90,0
105,950.708,"Mount",0.103,0.002,-0.013,0.103,0.003,0.000,0,,0,,,,8728,59.61,0
106,959.805,"Mount",0.236,-0.666,-0.693,0.240,-0.314,0.000,56,E,0,,,,7455,55.56,0
107,968.864,"Mount",0.360,-0.714,-0.759,0.364,-0.436,0.000,77,E,0,,,,10535,65.08,0
108,977.990,"Mount",0.397,-0.731,-0.781,0.401,-0.568,0.281,100,E,41,S,,,9241,60.95,0
109,986.750,"Mount",0.042,0.220,0.211,0.041,-0.186,0.000,33,E,0,,,,6274,50.71,0
110,995.783,"Mount",0.080,0.225,0.211,0.079,-0.163,0.000,29,E,0,,,,8192,57.43,0
111,1004.647,"DROP",,,,,,,,,,,,,0,0.00,5,"No star found"
111,1004.784,"Mount",0.000,0.000,-0.486,0.000,-0.486,0.000,86,E,0,,,,8192,57.43,5
112,1013.848,"Mount",-0.024,0.786,0.781,-0.029,0.521,0.000,92,W,0,,,,9686,63.36,0
113,1022.736,"Mount",-0.116,0.311,0.324,-0.118,0.082,0.000,15,W,0,,,,7321,54.71,0
114,1031.800,"Mount",-0.248,0.786,0.814,-0.253,0.405,0.000,72,W,0,,,,7934,58.23,0
115,1040.913,"Mount",-0.717,1.793,1.879,-0.727,1.065,0.000,188,W,0,,,,7822,56.50,0
116,1049.880,"Mount",-0.477,1.290,1.346,-0.485,0.887,0.000,157,W,0,,,,6727,51.47,0
117,1058.662,"DROP",,,,,,,,,,,,,0,0.00,5,"No star found"
117,1058.721,"Mount",0.000,0.000,0.014,0.000,0.014,0.000,2,W,0,,,,6727,51.47,5
118,1067.674,"DROP",,,,,,,,,,,,,0,0.00,5,"No star found"
118,1067.786,"Mount",0.000,0.000,-0.320,0.000,-0.320,0.000,56,E,0,,,,6727,51.47,5
119,1076.677,"DROP",,,,,,,,,,,,,0,0.00,5,"No star found"
119,1076.705,"Mount",0.000,0.000,-0.016,0.000,-0.016,0.000,3,E,0,,,,6727,51.47,5
120,1085.651,"DROP",,,,,,,,,,,,,0,0.00,5,"No star found"
120,1085.756,"Mount",0.000,0.000,0.087,0.000,0.087,0.000,15,W,0,,,,6727,51.47,5
121,1094.644,"DROP",,,,,,,,,,,,,0,0.00,5,"No star found"
121,1094.722,"Mount",0.000,0.000,-0.055,0.000,-0.055,0.000,10,E,0,,,,6727,51.47,5
122,1103.657,"DROP",,,,,,,,,,,,,0,0.00,5,"No star found"
122,1103.787,"Mount",0.000,0.000,-0.236,0.000,-0.236,0.000,42,E,0,,,,6727,51.47,5
123,1112.660,"DROP",,,,,,,,,,,,,0,0.00,5,"No star found"
123,1112.773,"Mount",0.000,0.000,-0.224,0.000,-0.224,0.000,40,E,0,,,,6727,51.47,5
124,1121.628,"DROP",,,,,,,,,,,,,0,0.00,5,"No star found"
124,1121.723,"Mount",0.000,0.000,-0.223,0.000,-0.223,0.000,39,E,0,,,,6727,51.47,5
125,1130.636,"DROP",,,,,,,,,,,,,0,0.00,5,"No star found"
125,1130.716,"Mount",0.000,0.000,-0.166,0.000,-0.166,0.000,29,E,0,,,,6727,51.47,5
126,1139.631,"DROP",,,,,,,,,,,,,0,0.00,5,"No star found"
126,1139.724,"Mount",0.000,0.000,-0.067,0.000,-0.067,0.000,12,E,0,,,,6727,51.47,5
127,1148.667,"DROP",,,,,,,,,,,,,0,0.00,5,"No star found"
127,1148.740,"Mount",0.000,0.000,-0.116,0.000,-0.116,0.000,20,E,0,,,,6727,51.47,5
128,1157.688,"DROP",,,,,,,,,,,,,0,0.00,5,"No star found"
128,1157.838,"Mount",0.000,0.000,-0.167,0.000,-0.167,0.000,29,E,0,,,,6727,51.47,5
129,1166.648,"DROP",,,,,,,,,,,,,0,0.00,5,"No star found"
129,1166.771,"Mount",0.000,0.000,-0.133,0.000,-0.133,0.000,23,E,0,,,,6727,51.47,5
130,1175.667,"DROP",,,,,,,,,,,,,0,0.00,5,"No star found"
130,1175.743,"Mount",0.000,0.000,-0.060,0.000,-0.060,0.000,11,E,0,,,,6727,51.47,5
131,1184.626,"DROP",,,,,,,,,,,,,0,0.00,5,"No star found"
131,1184.711,"Mount",0.000,0.000,-0.142,0.000,-0.142,0.000,25,E,0,,,,6727,51.47,5
132,1193.628,"DROP",,,,,,,,,,,,,0,0.00,5,"No star found"
132,1193.744,"Mount",0.000,0.000,0.104,0.000,0.104,0.000,18,W,0,,,,6727,51.47,5
133,1202.648,"DROP",,,,,,,,,,,,,0,0.00,5,"No star found"
133,1202.760,"Mount",0.000,0.000,0.393,0.000,0.393,0.000,69,W,0,,,,6727,51.47,5
134,1211.668,"DROP",,,,,,,,,,,,,0,0.00,5,"No star found"
134,1211.843,"Mount",0.000,0.000,0.530,0.000,0.530,0.000,94,W,0,,,,6727,51.47,5
135,1220.602,"DROP",,,,,,,,,,,,,0,0.00,5,"No star found"
135,1220.713,"Mount",0.000,0.000,0.236,0.000,0.236,0.000,42,W,0,,,,6727,51.47,5
136,1229.603,"DROP",,,,,,,,,,,,,0,0.00,5,"No star found"
136,1229.697,"Mount",0.000,0.000,-0.222,0.000,-0.222,0.000,39,E,0,,,,6727,51.47,5
Guiding Ends at 2026-08-16 02:31:29

Guiding Begins at 2026-08-16 02:31:56
Equipment Profile = QHY5 EQASCOM OAG
Dither = both axes, Dither scale = 1.000, Image noise reduction = 2x2 mean, Guide-frame time lapse = 0, Server enabled
Pixel scale = 1.05 arc-sec/px, Binning = 1, Focal length = 1018 mm
Search region = 24 px, Star mass tolerance = 90.0%, Multi-star mode, list size = 12
 Camera = QHY5II-M-10d7d910f33c7354, gain = 90, full size = 1280 x 1024, have dark, dark dur = 3000, no defect map, pixel size = 5.2 um
Exposure = 3000 ms
Mount = EQMOD HEQ5/6 (ASCOM), connected, guiding enabled, xAngle = 98.4, xRate = 5.664, yAngle = 17.1, yRate = 6.929, parity = +/+
Norm rates RA = 7.0"/s @ dec 0, Dec = 7.3"/s; ortho.err. = 8.7 deg
X guide algorithm = Predictive PEC, Control gain = 0.630
Prediction gain = 0.430
Minimum move = 0.330
Hyperparameters
	Length scale long range SE kernel = 700.000
	Signal variance long range SE kernel = 20.000
	Length scale periodic kernel = 10.000
	Signal variance periodic kernel = 20.000
	Length scale short range SE kernel = 25.000
	Signal variance short range SE kernel = 10.000
	Period length periodic kernel = 909.966
	FFT called after = 2.000 worm cycles
	Auto-adjust period length = On
Y guide algorithm = Resist Switch, Minimum move = 0.300 Aggression = 70% FastSwitch = disabled
Backlash comp = disabled, pulse = 495 ms
Max RA duration = 2500, Max DEC duration = 2500, DEC guide mode = Auto
RA Guide Speed = 7.5 a-s/s, Dec Guide Speed = 7.5 a-s/s, Cal Dec = 0.0, Last Cal Issue = None, Timestamp = 7/7/2026 10:36:27 PM
RA = 20.91 hr, Dec = 31.1 deg, Hour angle = 2.11 hr, Pier side = East, Rotator pos = N/A, Alt = 58.4 deg, Az = 238.9 deg
Lock position = 574.213, 629.012, Star position = 574.213, 629.012, HFD = 4.81 px
Frame,Time,mount,dx,dy,RARawDistance,DECRawDistance,RAGuideDistance,DECGuideDistance,RADuration,RADirection,DECDuration,DECDirection,XStep,YStep,StarMass,SNR,ErrorCode
INFO: SETTLING STATE CHANGE, Settling started
1,8.985,"Mount",-0.348,0.016,0.067,-0.348,0.042,0.000,7,W,0,,,,7595,57.57,0
INFO: SETTLING STATE CHANGE, Settling complete
2,18.024,"Mount",-0.190,-0.211,-0.181,-0.189,-0.114,0.000,20,E,0,,,,6700,53.70,0
3,27.025,"Mount",-0.383,0.104,0.158,-0.384,0.100,0.000,18,W,0,,,,6008,51.07,0
4,36.073,"Mount",-0.296,-0.221,-0.175,-0.295,0.180,0.000,32,W,0,,,,7357,56.72,0
5,45.122,"Mount",-0.245,-0.993,-0.947,-0.239,-0.586,0.000,104,E,0,,,,8914,63.01,0
6,54.074,"Mount",-0.285,-0.461,-0.414,-0.282,-0.374,0.000,66,E,0,,,,8563,61.38,0
7,63.219,"Mount",-0.566,-0.205,-0.120,-0.565,-0.175,-0.395,31,E,57,N,,,8123,59.32,0
8,72.188,"Mount",-0.378,-0.127,-0.071,-0.377,-0.068,-0.264,12,E,38,N,,,7463,57.34,0
9,81.059,"Mount",-0.051,-0.024,-0.016,-0.051,0.100,0.000,18,W,0,,,,8218,59.82,0
10,90.043,"Mount",-0.212,-0.106,-0.074,-0.212,0.180,0.000,32,W,0,,,,9074,63.42,0
11,99.188,"Mount",-0.356,0.435,0.482,-0.358,0.377,-0.251,67,W,36,N,,,9070,63.33,0
12,107.981,"Mount",-0.074,0.151,0.160,-0.075,0.031,0.000,6,W,0,,,,9154,63.39,0
13,117.028,"Mount",0.083,-0.076,-0.088,0.084,-0.095,0.000,17,E,0,,,,8755,62.07,0
14,126.025,"Mount",0.015,0.393,0.387,0.013,0.153,0.000,27,W,0,,,,9765,65.38,0
15,135.026,"Mount",-0.040,0.230,0.233,-0.041,0.209,0.000,37,W,0,,,,9442,64.67,0
16,147.276,"Mount",-0.207,1.653,1.665,-0.216,1.625,0.000,287,W,0,,,,8887,62.17,0
17,155.972,"Mount",0.154,-0.670,-0.685,0.158,-0.181,0.000,32,E,0,,,,9525,64.60,0
18,165.004,"Mount",0.098,-0.490,-0.499,0.101,-0.362,0.000,64,E,0,,,,9070,63.29,0
19,173.941,"Mount",0.099,-0.305,-0.316,0.101,-0.040,0.000,7,E,0,,,,10041,66.35,0
20,183.037,"Mount",0.224,-0.668,-0.693,0.228,-0.397,0.000,70,E,0,,,,9744,65.48,0
21,192.005,"Mount",0.202,-0.246,-0.273,0.203,0.214,0.000,38,W,0,,,,9908,66.04,0
22,201.022,"Mount",0.125,0.022,0.003,0.125,0.129,0.000,23,W,0,,,,9462,64.23,0
23,209.906,"Mount",0.037,0.183,0.175,0.036,0.002,0.000,0,,0,,,,9950,66.11,0
24,218.949,"Mount",0.112,0.349,0.329,0.110,-0.043,0.000,8,E,0,,,,8854,62.21,0
25,227.992,"Mount",-0.124,-0.120,-0.101,-0.123,0.086,0.000,15,W,0,,,,9410,64.31,0
26,237.039,"Mount",0.080,-0.610,-0.615,0.083,-0.282,0.000,50,E,0,,,,9403,64.67,0
27,245.992,"Mount",0.018,0.640,0.631,0.014,0.340,0.000,60,W,0,,,,9381,64.43,0
28,255.408,"Mount",-0.887,1.944,2.053,-0.899,1.330,-0.629,235,W,91,N,,,8990,63.15,0
29,263.898,"Mount",0.036,0.305,0.297,0.035,0.050,0.000,9,W,0,,,,9935,66.05,0
30,272.992,"Mount",0.182,-0.301,-0.324,0.184,-0.116,0.000,21,E,0,,,,9300,63.99,0
31,281.930,"Mount",0.236,-0.048,-0.082,0.236,-0.025,0.000,4,E,0,,,,9094,63.04,0
32,290.941,"Mount",0.297,-0.054,-0.097,0.298,-0.028,0.000,5,E,0,,,,9442,64.40,0
33,299.947,"Mount",0.166,0.164,0.138,0.165,-0.095,0.000,17,E,0,,,,9477,64.29,0
34,308.916,"Mount",0.263,0.366,0.323,0.261,0.037,0.000,7,W,0,,,,9216,63.15,0
35,318.078,"Mount",0.147,0.932,0.901,0.142,0.619,0.000,109,W,0,,,,9001,62.50,0
36,326.934,"Mount",0.216,-0.040,-0.071,0.217,-0.012,0.000,2,E,0,,,,8142,59.36,0
37,335.903,"Mount",0.195,-0.273,-0.299,0.196,-0.019,0.000,3,E,0,,,,8516,61.60,0
38,344.919,"Mount",-0.005,-0.212,-0.209,-0.004,-0.046,0.000,8,E,0,,,,8952,62.89,0
39,353.936,"Mount",0.454,0.140,0.073,0.453,-0.050,0.000,9,E,0,,,,8470,60.32,0
40,362.960,"Mount",0.426,-0.387,-0.445,0.428,-0.334,0.000,59,E,0,,,,8821,62.10,0
41,371.921,"Mount",0.163,0.272,0.246,0.162,-0.057,0.000,10,E,0,,,,8424,60.67,0
42,380.922,"Mount",0.294,0.216,0.170,0.293,0.015,0.000,3,W,0,,,,7706,57.79,0
43,390.178,"Mount",0.466,-0.459,-0.522,0.469,-0.353,0.328,62,E,47,S,,,8018,58.96,0
44,399.242,"Mount",0.394,-0.977,-1.024,0.399,-0.896,0.280,158,E,40,S,,,7747,57.93,0
45,408.152,"Mount",0.462,-0.769,-0.828,0.467,-0.567,0.327,100,E,47,S,,,7487,56.73,0
46,417.147,"Mount",0.511,-0.335,-0.406,0.512,-0.081,0.359,14,E,52,S,,,7916,58.84,0
47,426.132,"Mount",0.684,-0.242,-0.339,0.685,0.121,0.480,21,W,69,S,,,7322,56.26,0
48,435.101,"Mount",0.615,-0.226,-0.313,0.616,0.168,0.431,30,W,62,S,,,7166,55.36,0
49,444.231,"Mount",0.629,-0.794,-0.877,0.633,-0.631,0.443,111,E,64,S,,,6664,53.58,0
50,453.104,"Mount",0.766,0.427,0.311,0.764,-0.059,0.535,10,E,77,S,,,6347,52.42,0
51,462.039,"Mount",0.837,0.312,0.187,0.836,-0.001,0.585,0,,84,S,,,6427,52.50,0
52,471.104,"Mount",0.421,-0.091,-0.152,0.421,-0.104,0.295,18,E,43,S,,,6271,51.73,0
53,479.869,"Mount",0.090,0.166,0.151,0.089,-0.044,0.000,8,E,0,,,,6736,54.06,0
54,489.009,"Mount",-0.026,0.359,0.359,-0.029,0.307,0.000,54,W,0,,,,5915,50.30,0
55,498.042,"Mount",0.311,-0.198,-0.241,0.312,-0.026,0.219,5,E,32,S,,,5688,48.94,0
56,506.962,"Mount",0.250,-0.317,-0.350,0.252,-0.284,0.000,50,E,0,,,,5173,46.42,0
57,515.980,"Mount",0.161,-0.525,-0.543,0.164,-0.452,0.000,80,E,0,,,,5111,46.60,0
58,524.948,"Mount",0.225,0.158,0.124,0.224,-0.093,0.000,16,E,0,,,,5359,47.72,0
59,533.916,"Mount",0.284,0.164,0.121,0.283,0.125,0.000,22,W,0,,,,4553,43.64,0
60,543.077,"Mount",0.348,-0.729,-0.772,0.352,-0.180,0.246,32,E,36,S,,,4440,43.11,0
61,551.917,"Mount",0.021,-1.131,-1.122,0.028,-0.379,0.000,67,E,0,,,,4740,44.77,0
62,560.885,"Mount",0.030,-0.480,-0.479,0.032,-0.171,0.000,30,E,0,,,,4191,41.78,0
63,569.950,"Mount",-0.024,0.741,0.736,-0.028,0.421,0.000,74,W,0,,,,3707,39.05,0
64,578.967,"Mount",-0.006,0.949,0.939,-0.011,0.537,0.000,95,W,0,,,,4001,40.77,0
65,587.808,"Mount",0.103,0.033,0.017,0.103,-0.033,0.000,6,E,0,,,,4164,41.19,0
66,596.936,"Mount",0.027,-0.659,-0.656,0.030,-0.431,0.000,76,E,0,,,,4168,41.61,0
67,605.946,"Mount",0.139,-0.466,-0.481,0.142,-0.296,0.000,52,E,0,,,,3132,35.42,0
68,614.937,"Mount",-0.048,0.584,0.585,-0.052,0.383,0.000,68,W,0,,,,2569,31.98,0
69,624.171,"Mount",-0.485,0.586,0.650,-0.489,0.427,0.000,75,W,0,,,,2275,29.30,0
70,632.886,"Mount",-0.508,-0.098,-0.023,-0.507,-0.087,0.000,15,E,0,,,,2743,32.80,0
71,642.083,"Mount",-0.348,-0.417,-0.362,-0.346,-0.376,-0.242,66,E,35,N,,,2412,29.77,0
72,651.212,"Mount",-0.450,-0.943,-0.867,-0.444,-0.684,-0.311,121,E,45,N,,,2456,30.21,0
73,660.005,"Mount",-0.160,-1.194,-1.158,-0.153,-0.770,0.000,136,E,0,,,,2207,28.25,0
74,668.909,"Mount",-0.283,-0.146,-0.103,-0.282,0.178,0.000,31,W,0,,,,2216,28.44,0
75,677.910,"Mount",-0.158,-0.930,-0.897,-0.152,-0.384,0.000,68,E,0,,,,1912,26.41,0
76,686.821,"Mount",-0.011,-0.234,-0.230,-0.010,-0.040,0.000,7,E,0,,,,1241,20.19,0
77,695.862,"Mount",-0.296,-0.415,-0.367,-0.294,-0.271,0.000,48,E,0,,,,840,15.80,0
78,704.848,"Mount",0.190,-0.254,-0.279,0.192,0.048,0.000,8,W,0,,,,543,12.54,0
79,713.895,"Mount",-0.208,-0.537,-0.501,-0.205,-0.345,0.000,61,E,0,,,,538,12.54,0
80,722.896,"Mount",0.071,-0.434,-0.440,0.073,-0.376,0.000,66,E,0,,,,727,14.67,0
81,732.075,"Mount",-0.083,2.201,2.190,-0.096,1.395,0.000,246,W,0,,,,424,10.94,0
82,740.768,"DROP",,,,,,,,,,,,,0,0.00,2,"Star lost - low SNR"
82,740.849,"Mount",0.000,0.000,0.203,0.000,0.203,0.000,36,W,0,,,,424,10.94,2
83,749.808,"DROP",,,,,,,,,,,,,0,0.00,2,"Star lost - low SNR"
83,749.834,"Mount",0.000,0.000,-0.018,0.000,-0.018,0.000,3,E,0,,,,424,10.94,2
84,758.771,"DROP",,,,,,,,,,,,,0,0.00,2,"Star lost - low SNR"
84,758.887,"Mount",0.000,0.000,-0.361,0.000,-0.361,0.000,64,E,0,,,,424,10.94,2
85,767.740,"DROP",,,,,,,,,,,,,0,0.00,2,"Star lost - low SNR"
85,767.835,"Mount",0.000,0.000,-0.269,0.000,-0.269,0.000,48,E,0,,,,424,10.94,2
86,776.763,"DROP",,,,,,,,,,,,,0,0.00,2,"Star lost - low SNR"
86,776.879,"Mount",0.000,0.000,-0.206,0.000,-0.206,0.000,36,E,0,,,,424,10.94,2
87,785.722,"DROP",,,,,,,,,,,,,0,0.00,2,"Star lost - low SNR"
87,785.820,"Mount",0.000,0.000,-0.154,0.000,-0.154,0.000,27,E,0,,,,424,10.94,2
88,794.761,"DROP",,,,,,,,,,,,,0,0.00,3,"Star lost - low mass"
88,794.853,"Mount",0.000,0.000,-0.054,0.000,-0.054,0.000,10,E,0,,,,424,10.94,3
89,803.743,"DROP",,,,,,,,,,,,,0,0.00,2,"Star lost - low SNR"
89,803.833,"Mount",0.000,0.000,-0.102,0.000,-0.102,0.000,18,E,0,,,,424,10.94,2
90,812.763,"DROP",,,,,,,,,,,,,0,0.00,3,"Star lost - low mass"
90,812.885,"Mount",0.000,0.000,-0.209,0.000,-0.209,0.000,37,E,0,,,,424,10.94,3
91,821.737,"DROP",,,,,,,,,,,,,0,0.00,3,"Star lost - low mass"
91,821.838,"Mount",0.000,0.000,-0.181,0.000,-0.181,0.000,32,E,0,,,,424,10.94,3
92,830.729,"DROP",,,,,,,,,,,,,0,0.00,2,"Star lost - low SNR"
92,830.838,"Mount",0.000,0.000,-0.106,0.000,-0.106,0.000,19,E,0,,,,424,10.94,2
93,839.766,"DROP",,,,,,,,,,,,,0,0.00,2,"Star lost - low SNR"
93,839.847,"Mount",0.000,0.000,-0.054,0.000,-0.054,0.000,10,E,0,,,,424,10.94,2
94,848.743,"DROP",,,,,,,,,,,,,0,0.00,3,"Star lost - low mass"
94,848.776,"Mount",0.000,0.000,0.045,0.000,0.045,0.000,8,W,0,,,,424,10.94,3
95,857.730,"DROP",,,,,,,,,,,,,0,0.00,3,"Star lost - low mass"
95,857.856,"Mount",0.000,0.000,0.292,0.000,0.292,0.000,52,W,0,,,,424,10.94,3
96,866.770,"DROP",,,,,,,,,,,,,0,0.00,2,"Star lost - low SNR"
96,866.925,"Mount",0.000,0.000,0.442,0.000,0.442,0.000,78,W,0,,,,424,10.94,2
97,875.736,"DROP",,,,,,,,,,,,,0,0.00,2,"Star lost - low SNR"
97,875.808,"Mount",0.000,0.000,0.188,0.000,0.188,0.000,33,W,0,,,,424,10.94,2
98,884.733,"DROP",,,,,,,,,,,,,0,0.00,3,"Star lost - low mass"
98,884.825,"Mount",0.000,0.000,-0.156,0.000,-0.156,0.000,28,E,0,,,,424,10.94,3
99,893.702,"DROP",,,,,,,,,,,,,0,0.00,2,"Star lost - low SNR"
99,893.792,"Mount",0.000,0.000,0.139,0.000,0.139,0.000,25,W,0,,,,424,10.94,2
100,902.739,"DROP",,,,,,,,,,,,,0,0.00,2,"Star lost - low SNR"
100,902.857,"Mount",0.000,0.000,0.133,0.000,0.133,0.000,23,W,0,,,,424,10.94,2
101,911.836,"Mount",0.672,0.220,0.119,0.671,0.096,0.000,17,W,0,,,,272,8.54,0
102,920.889,"Mount",0.521,1.171,1.083,0.514,0.691,0.000,122,W,0,,,,346,10.11,0
103,929.699,"DROP",,,,,,,,,,,,,0,0.00,2,"Star lost - low SNR"
103,929.730,"Mount",0.000,0.000,-0.042,0.000,-0.042,0.000,7,E,0,,,,346,10.11,2
104,938.709,"DROP",,,,,,,,,,,,,0,0.00,2,"Star lost - low SNR"
104,938.747,"Mount",0.000,0.000,-0.027,0.000,-0.027,0.000,5,E,0,,,,346,10.11,2
105,947.686,"DROP",,,,,,,,,,,,,0,0.00,2,"Star lost - low SNR"
105,947.812,"Mount",0.000,0.000,-0.094,0.000,-0.094,0.000,17,E,0,,,,346,10.11,2
106,956.730,"DROP",,,,,,,,,,,,,0,0.00,2,"Star lost - low SNR"
106,956.875,"Mount",0.000,0.000,0.483,0.000,0.483,0.000,85,W,0,,,,346,10.11,2
107,965.679,"DROP",,,,,,,,,,,,,0,0.00,2,"Star lost - low SNR"
107,965.780,"Mount",0.000,0.000,0.220,0.000,0.220,0.000,39,W,0,,,,346,10.11,2
108,974.708,"DROP",,,,,,,,,,,,,0,0.00,2,"Star lost - low SNR"
108,974.811,"Mount",0.000,0.000,-0.184,0.000,-0.184,0.000,32,E,0,,,,346,10.11,2
109,984.277,"Mount",1.055,-1.896,-2.030,1.066,-1.415,0.746,250,E,108,S,,,164,6.53,0
110,992.731,"DROP",,,,,,,,,,,,,0,0.00,2,"Star lost - low SNR"
110,992.845,"Mount",0.000,0.000,-0.264,0.000,-0.264,0.000,47,E,0,,,,164,6.53,2
111,1001.674,"DROP",,,,,,,,,,,,,0,0.00,2,"Star lost - low SNR"
111,1001.750,"Mount",0.000,0.000,0.173,0.000,0.173,0.000,31,W,0,,,,164,6.53,2
112,1010.706,"DROP",,,,,,,,,,,,,0,0.00,2,"Star lost - low SNR"
112,1010.830,"Mount",0.000,0.000,0.290,0.000,0.290,0.000,51,W,0,,,,164,6.53,2
113,1019.664,"DROP",,,,,,,,,,,,,0,0.00,2,"Star lost - low SNR"
113,1019.750,"Mount",0.000,0.000,0.144,0.000,0.144,0.000,25,W,0,,,,164,6.53,2
114,1028.677,"DROP",,,,,,,,,,,,,0,0.00,3,"Star lost - low mass"
114,1028.750,"Mount",0.000,0.000,0.086,0.000,0.086,0.000,15,W,0,,,,164,6.53,3
115,1037.699,"DROP",,,,,,,,,,,,,0,0.00,2,"Star lost - low SNR"
115,1037.736,"Mount",0.000,0.000,0.042,0.000,0.042,0.000,7,W,0,,,,164,6.53,2
116,1046.681,"DROP",,,,,,,,,,,,,0,0.00,2,"Star lost - low SNR"
116,1046.720,"Mount",0.000,0.000,0.013,0.000,0.013,0.000,2,W,0,,,,164,6.53,2
117,1055.679,"DROP",,,,,,,,,,,,,0,0.00,2,"Star lost - low SNR"
117,1055.752,"Mount",0.000,0.000,0.081,0.000,0.081,0.000,14,W,0,,,,164,6.53,2
118,1064.672,"DROP",,,,,,,,,,,,,0,0.00,2,"Star lost - low SNR"
118,1064.793,"Mount",0.000,0.000,0.341,0.000,0.341,0.000,60,W,0,,,,164,6.53,2
119,1073.676,"DROP",,,,,,,,,,,,,0,0.00,2,"Star lost - low SNR"
119,1073.881,"Mount",0.000,0.000,0.886,0.000,0.886,0.000,156,W,0,,,,164,6.53,2
120,1082.653,"DROP",,,,,,,,,,,,,0,0.00,2,"Star lost - low SNR"
120,1082.833,"Mount",0.000,0.000,0.505,0.000,0.505,0.000,89,W,0,,,,164,6.53,2
121,1091.679,"DROP",,,,,,,,,,,,,0,0.00,2,"Star lost - low SNR"
121,1091.786,"Mount",0.000,0.000,0.085,0.000,0.085,0.000,15,W,0,,,,164,6.53,2
122,1100.646,"DROP",,,,,,,,,,,,,0,0.00,2,"Star lost - low SNR"
122,1100.674,"Mount",0.000,0.000,0.010,0.000,0.010,0.000,2,W,0,,,,164,6.53,2
123,1110.266,"Mount",1.092,-2.846,-2.975,1.108,-1.757,0.776,310,E,112,S,,,148,6.21,0
124,1119.219,"Mount",0.939,-2.551,-2.661,0.954,-1.510,0.668,267,E,96,S,,,167,6.66,0
125,1128.107,"Mount",0.626,-1.766,-1.838,0.636,-1.073,0.445,189,E,64,S,,,211,7.37,0
126,1137.156,"Mount",0.596,-1.468,-1.539,0.605,-1.005,0.423,177,E,61,S,,,225,7.75,0
127,1145.852,"Mount",-0.000,-1.412,-1.397,0.008,-0.906,0.000,160,E,0,,,,274,8.49,0
128,1154.773,"Mount",-0.176,0.223,0.246,-0.177,0.171,0.000,30,W,0,,,,347,9.85,0
129,1163.741,"Mount",-0.181,-0.611,-0.578,-0.178,-0.108,0.000,19,E,0,,,,282,8.74,0
130,1172.869,"Mount",-0.414,0.655,0.708,-0.417,0.430,0.000,76,W,0,,,,317,9.19,0
131,1181.774,"Mount",-0.575,-0.338,-0.250,-0.573,-0.059,0.000,10,E,0,,,,311,9.27,0
132,1190.727,"Mount",0.036,0.239,0.231,0.034,-0.012,0.000,2,E,0,,,,531,12.43,0
133,1199.742,"Mount",-0.053,-0.512,-0.499,-0.050,-0.328,0.000,58,E,0,,,,643,13.80,0
134,1208.903,"Mount",-0.583,1.363,1.434,-0.590,0.895,0.000,158,W,0,,,,591,13.47,0
135,1218.098,"Mount",-0.605,1.644,1.715,-0.614,1.151,-0.430,203,W,62,N,,,653,14.45,0
136,1226.720,"Mount",-0.189,-0.237,-0.207,-0.188,-0.016,0.000,3,E,0,,,,891,16.40,0
137,1236.256,"Mount",-0.384,-0.504,-0.442,-0.382,-0.352,-0.267,62,E,39,N,,,801,15.65,0
138,1244.697,"Mount",-0.090,0.005,0.018,-0.090,-0.021,0.000,4,E,0,,,,932,17.03,0
139,1253.666,"Mount",0.033,-0.195,-0.198,0.034,0.017,0.000,3,W,0,,,,929,16.80,0
140,1262.778,"Mount",-0.138,0.491,0.506,-0.141,0.338,0.000,60,W,0,,,,812,15.99,0
141,1271.659,"Mount",0.368,-0.059,-0.112,0.368,0.014,0.000,2,W,0,,,,913,16.75,0
142,1280.763,"Mount",-0.044,0.596,0.596,-0.047,0.358,0.000,63,W,0,,,,913,16.79,0
143,1289.715,"Mount",-0.008,0.425,0.421,-0.011,0.223,0.000,39,W,0,,,,1091,18.72,0
144,1298.762,"Mount",-0.043,-0.653,-0.639,-0.040,-0.503,0.000,89,E,0,,,,1312,20.75,0
145,1307.699,"Mount",-0.066,-0.073,-0.063,-0.066,-0.139,0.000,25,E,0,,,,1017,17.69,0
146,1316.715,"Mount",-0.164,0.068,0.091,-0.165,-0.104,0.000,18,E,0,,,,1330,20.80,0
147,1325.642,"Mount",0.091,0.268,0.252,0.090,-0.045,0.000,8,E,0,,,,797,15.68,0
148,1334.668,"Mount",0.018,-0.116,-0.117,0.018,0.026,0.000,5,W,0,,,,990,17.50,0
149,1343.732,"Mount",-0.057,-0.554,-0.539,-0.054,-0.294,0.000,52,E,0,,,,1340,20.82,0
150,1352.732,"Mount",0.232,-0.507,-0.536,0.235,-0.379,0.000,67,E,0,,,,2064,26.99,0
151,1361.780,"Mount",0.450,-0.796,-0.853,0.454,-0.595,0.000,105,E,0,,,,2438,29.79,0
152,1370.876,"Mount",0.692,-1.470,-1.555,0.700,-0.971,0.000,171,E,0,,,,2461,30.10,0
153,1379.749,"Mount",0.174,-0.937,-0.952,0.179,-0.559,0.000,99,E,0,,,,2567,30.72,0
154,1388.780,"Mount",-0.325,-1.209,-1.148,-0.318,-0.538,0.000,95,E,0,,,,2401,29.71,0
155,1397.734,"Mount",0.466,0.072,0.003,0.466,0.123,0.000,22,W,0,,,,2236,28.78,0
156,1406.655,"Mount",0.130,-0.073,-0.091,0.131,0.017,0.000,3,W,0,,,,1607,23.09,0
157,1415.607,"Mount",0.006,0.284,0.280,0.004,-0.034,0.000,6,E,0,,,,1924,26.10,0
158,1424.720,"Mount",0.239,0.106,0.070,0.238,-0.064,0.000,11,E,0,,,,2729,31.82,0
159,1433.612,"Mount",0.324,0.296,0.246,0.322,-0.048,0.000,8,E,0,,,,2285,28.82,0
160,1442.720,"Mount",-0.056,0.095,0.102,-0.056,0.075,0.000,13,W,0,,,,1930,26.29,0
161,1451.721,"Mount",0.048,0.432,0.420,0.045,0.269,0.000,47,W,0,,,,1401,21.85,0
162,1460.673,"Mount",0.272,0.252,0.210,0.270,-0.092,0.000,16,E,0,,,,1308,20.90,0
163,1469.722,"Mount",0.143,0.783,0.754,0.139,0.414,0.000,73,W,0,,,,715,15.13,0
164,1478.689,"Mount",-0.122,-0.365,-0.343,-0.120,-0.185,0.000,33,E,0,,,,1461,22.12,0
165,1487.657,"Mount",0.183,0.154,0.126,0.182,0.120,0.000,21,W,0,,,,1482,22.09,0
166,1496.706,"Mount",-0.183,-0.673,-0.639,-0.179,-0.261,0.000,46,E,0,,,,2237,28.35,0
167,1505.706,"Mount",0.211,-1.106,-1.125,0.218,-0.570,0.000,101,E,0,,,,1948,26.01,0
168,1514.738,"Mount",-0.076,-0.708,-0.689,-0.072,-0.391,0.000,69,E,0,,,,2193,28.04,0
169,1523.642,"Mount",0.173,-0.371,-0.392,0.175,-0.123,0.000,22,E,0,,,,2349,29.03,0
170,1532.706,"Mount",0.494,0.445,0.368,0.492,0.273,0.000,48,W,0,,,,2351,29.43,0
171,1541.642,"Mount",0.244,0.408,0.368,0.242,0.228,0.000,40,W,0,,,,2358,29.38,0
172,1550.627,"Mount",0.362,0.088,0.035,0.362,0.020,0.000,4,W,0,,,,2360,29.45,0
173,1559.595,"Mount",-0.130,-0.199,-0.178,-0.129,-0.049,0.000,9,E,0,,,,1880,25.74,0
174,1568.723,"Mount",-0.136,-0.885,-0.856,-0.131,-0.666,0.000,118,E,0,,,,2451,30.04,0
175,1577.675,"Mount",0.093,0.438,0.420,0.091,0.150,0.000,27,W,0,,,,1536,22.89,0
176,1586.708,"Mount",0.071,0.616,0.599,0.067,0.335,0.000,59,W,0,,,,1054,18.31,0
177,1595.602,"Mount",0.220,0.209,0.175,0.218,-0.016,0.000,3,E,0,,,,883,16.73,0
178,1604.635,"Mount",0.401,-0.015,-0.073,0.401,0.061,0.000,11,W,0,,,,1470,22.13,0
179,1613.982,"Mount",0.772,-1.339,-1.437,0.780,-0.846,0.546,149,E,79,S,,,1926,25.71,0
180,1622.905,"Mount",0.687,-0.375,-0.471,0.690,-0.472,0.483,83,E,70,S,,,1512,22.58,0
181,1631.582,"Mount",0.139,-0.158,-0.177,0.140,-0.032,0.000,6,E,0,,,,1470,22.03,0
182,1640.855,"Mount",0.551,0.259,0.176,0.550,0.201,0.385,35,W,56,S,,,1367,21.42,0
183,1649.630,"Mount",0.139,-0.077,-0.096,0.139,0.054,0.000,10,W,0,,,,1312,20.44,0
184,1658.695,"Mount",0.026,0.068,0.064,0.026,-0.056,0.000,10,E,0,,,,1029,17.91,0
185,1667.809,"Mount",0.333,0.579,0.524,0.329,0.379,0.231,67,W,33,S,,,1094,18.97,0
186,1676.647,"Mount",0.044,0.188,0.180,0.043,0.021,0.000,4,W,0,,,,696,14.57,0
187,1685.680,"Mount",-0.294,0.700,0.736,-0.298,0.372,0.000,66,W,0,,,,716,14.73,0
188,1694.888,"Mount",-0.389,2.414,2.445,-0.403,1.470,0.000,259,W,0,,,,556,13.19,0
189,1703.575,"Mount",-0.163,0.181,0.203,-0.164,-0.002,0.000,0,,0,,,,605,13.44,0
190,1712.669,"Mount",-0.132,0.831,0.841,-0.137,0.403,0.000,71,W,0,,,,535,12.56,0
191,1721.641,"Mount",-0.235,0.486,0.515,-0.238,0.302,0.000,53,W,0,,,,594,12.95,0
192,1730.805,"Mount",-0.259,1.799,1.818,-0.270,1.115,0.000,197,W,0,,,,412,11.00,0
193,1739.677,"Mount",0.091,-0.420,-0.429,0.093,-0.341,0.000,60,E,0,,,,372,10.20,0
194,1748.795,"Mount",0.583,-0.107,-0.191,0.584,-0.077,0.409,14,E,59,S,,,254,8.41,0
195,1757.605,"Mount",-0.135,-0.173,-0.151,-0.134,0.038,0.000,7,W,0,,,,280,8.76,0
196,1766.541,"Mount",-0.251,-0.353,-0.313,-0.249,0.047,0.000,8,W,0,,,,314,9.40,0
197,1775.498,"DROP",,,,,,,,,,,,,0,0.00,2,"Star lost - low SNR"
197,1775.572,"Mount",0.000,0.000,0.233,0.000,0.233,0.000,41,W,0,,,,314,9.40,2
198,1784.957,"Mount",0.475,-2.092,-2.139,0.487,-1.192,0.341,211,E,49,S,,,164,6.60,0
199,1793.513,"DROP",,,,,,,,,,,,,0,0.00,2,"Star lost - low SNR"
199,1793.606,"Mount",0.000,0.000,0.064,0.000,0.064,0.000,11,W,0,,,,164,6.60,2
200,1802.605,"Mount",-0.376,-0.248,-0.190,-0.374,0.128,0.000,23,W,0,,,,304,9.06,0
201,1811.702,"Mount",-0.379,-1.331,-1.262,-0.371,-0.622,0.000,110,E,0,,,,344,9.58,0
202,1820.639,"Mount",-0.511,-0.319,-0.241,-0.509,0.177,0.000,31,W,0,,,,380,10.39,0
203,1829.509,"DROP",,,,,,,,,,,,,451,11.20,8,"No star found"
203,1829.590,"Mount",0.000,0.000,0.165,0.000,0.165,0.000,29,W,0,,,,380,10.39,8
204,1838.830,"Mount",-0.315,-2.276,-2.206,-0.302,-1.409,0.000,249,E,0,,,,598,13.37,0
205,1847.543,"Mount",0.441,-0.114,-0.177,0.441,0.024,0.000,4,W,0,,,,598,13.58,0
206,1856.719,"Mount",0.615,-0.095,-0.183,0.616,-0.040,0.431,7,E,62,S,,,490,12.10,0
207,1865.703,"Mount",-0.346,0.800,0.841,-0.350,0.741,0.000,131,W,0,,,,644,14.07,0
208,1874.656,"Mount",0.111,0.799,0.774,0.107,0.594,0.000,105,W,0,,,,444,11.42,0
209,1883.627,"Mount",0.074,0.549,0.532,0.071,0.284,0.000,50,W,0,,,,408,10.72,0
210,1892.673,"Mount",0.037,-0.977,-0.972,0.043,-0.736,0.000,130,E,0,,,,288,8.85,0
211,1901.577,"Mount",0.011,-0.007,-0.009,0.011,-0.088,0.000,16,E,0,,,,539,12.53,0
212,1910.702,"Mount",-0.036,1.179,1.172,-0.042,0.813,0.000,144,W,0,,,,714,15.13,0
213,1919.610,"Mount",0.142,-0.301,-0.318,0.144,0.166,0.000,29,W,0,,,,769,15.03,0
214,1928.675,"Mount",0.084,-1.162,-1.162,0.091,-0.730,0.000,129,E,0,,,,992,17.70,0
215,1937.626,"Mount",0.290,-0.862,-0.895,0.295,-0.499,0.000,88,E,0,,,,1234,20.24,0
216,1946.643,"Mount",0.073,-1.051,-1.050,0.079,-0.686,0.000,121,E,0,,,,1188,19.61,0
217,1958.633,"Mount",0.138,-0.771,-0.783,0.143,-0.420,0.000,74,E,0,,,,1109,18.70,0
218,1967.858,"Mount",0.552,-0.850,-0.921,0.557,-0.438,0.390,77,E,56,S,,,1286,20.84,0
219,1976.586,"Mount",-0.302,-0.523,-0.474,-0.299,0.088,0.000,15,W,0,,,,1180,19.86,0
220,1985.473,"DROP",,,,,,,,,,,,,1204,20.15,8,"No star found"
220,1985.626,"Mount",0.000,0.000,0.517,0.000,0.517,0.000,91,W,0,,,,1180,19.86,8
221,1994.844,"Mount",-0.211,-2.590,-2.532,-0.196,-1.563,0.000,276,E,0,,,,1225,20.88,0
222,2003.507,"Mount",-0.499,-0.344,-0.268,-0.497,-0.036,0.000,6,E,0,,,,1235,20.63,0
223,2012.427,"DROP",,,,,,,,,,,,,876,17.37,8,"No star found"
223,2012.516,"Mount",0.000,0.000,0.191,0.000,0.191,0.000,34,W,0,,,,1235,20.63,8
224,2021.841,"Mount",-0.902,2.147,2.256,-0.915,1.578,0.000,279,W,0,,,,809,16.93,0
225,2030.572,"Mount",-0.400,-0.070,-0.011,-0.399,0.064,0.000,11,W,0,,,,1001,17.97,0
226,2039.765,"Mount",-0.630,-0.351,-0.255,-0.628,-0.063,-0.440,11,E,63,N,,,1100,19.74,0
227,2048.844,"Mount",-0.597,1.362,1.434,-0.605,0.854,-0.424,151,W,61,N,,,915,17.67,0
228,2057.611,"Mount",-0.230,0.376,0.405,-0.232,0.342,0.000,60,W,0,,,,1002,18.18,0
229,2066.557,"Mount",0.029,0.024,0.019,0.029,0.177,0.000,31,W,0,,,,970,17.26,0
230,2075.669,"Mount",0.293,-1.023,-1.055,0.299,-0.602,0.000,106,E,0,,,,804,15.67,0
231,2084.622,"Mount",0.203,-0.762,-0.783,0.207,-0.507,0.000,90,E,0,,,,887,16.59,0
232,2093.638,"Mount",0.202,-0.844,-0.865,0.207,-0.583,0.000,103,E,0,,,,676,14.49,0
233,2102.480,"Mount",0.128,0.031,0.011,0.128,-0.047,0.000,8,E,0,,,,495,11.86,0
234,2111.568,"Mount",-0.138,-0.048,-0.027,-0.138,0.110,0.000,19,W,0,,,,527,12.14,0
235,2120.496,"Mount",0.262,-0.327,-0.361,0.264,-0.168,0.000,30,E,0,,,,673,14.47,0
236,2129.560,"Mount",0.359,0.554,0.496,0.356,0.266,0.000,47,W,0,,,,493,12.14,0
237,2138.560,"Mount",0.046,0.427,0.415,0.044,0.286,0.000,50,W,0,,,,547,12.56,0
238,2147.505,"Mount",0.102,0.178,0.161,0.101,0.016,0.000,3,W,0,,,,405,10.51,0
239,2156.529,"Mount",-0.035,0.356,0.358,-0.037,0.220,0.000,39,W,0,,,,692,14.71,0
240,2165.442,"DROP",,,,,,,,,,,,,584,13.66,8,"No star found"
240,2165.541,"Mount",0.000,0.000,0.089,0.000,0.089,0.000,16,W,0,,,,692,14.71,8
241,2175.186,"Mount",-0.388,4.082,4.095,-0.412,2.577,-0.288,455,W,42,N,,,395,10.84,0
242,2183.674,"Mount",0.130,1.945,1.905,0.119,1.201,0.000,212,W,0,,,,352,9.95,0
243,2192.596,"Mount",0.095,1.058,1.033,0.089,0.621,0.000,110,W,0,,,,476,12.09,0
244,2201.531,"Mount",0.425,-0.172,-0.232,0.426,-0.103,0.000,18,E,0,,,,330,9.36,0
245,2210.628,"Mount",0.440,1.513,1.433,0.431,0.827,0.000,146,W,0,,,,288,9.33,0
246,2219.771,"Mount",0.465,0.526,0.453,0.462,0.261,0.323,46,W,47,S,,,359,9.89,0
247,2228.773,"Mount",0.399,-0.317,-0.372,0.401,-0.359,0.281,63,E,41,S,,,579,12.92,0
248,2237.580,"Mount",0.084,0.627,0.609,0.080,0.319,0.000,56,W,0,,,,705,14.83,0
249,2246.504,"Mount",0.003,0.380,0.376,0.001,0.301,0.000,53,W,0,,,,808,15.61,0
250,2255.564,"Mount",-0.091,-0.418,-0.400,-0.089,-0.164,0.000,29,E,0,,,,1282,20.86,0
251,2264.525,"Mount",0.031,0.132,0.127,0.030,-0.087,0.000,15,E,0,,,,1257,20.65,0
252,2273.549,"Mount",0.095,0.714,0.693,0.091,0.364,0.000,64,W,0,,,,1100,19.22,0
253,2282.486,"Mount",0.007,0.043,0.042,0.007,-0.056,0.000,10,E,0,,,,2131,28.61,0
254,2291.534,"Mount",0.112,0.469,0.448,0.109,0.193,0.000,34,W,0,,,,2149,28.33,0
255,2300.407,"Mount",-0.030,-0.303,-0.296,-0.028,0.051,0.000,9,W,0,,,,2774,33.01,0
256,2309.398,"DROP",,,,,,,,,,,,,3066,35.07,8,"No star found"
256,2309.487,"Mount",0.000,0.000,0.198,0.000,0.198,0.000,35,W,0,,,,2774,33.01,8
257,2322.005,"Mount",0.549,-2.701,-2.752,0.564,-1.742,0.395,307,E,57,S,,,2163,28.99,0
258,2330.605,"Mount",0.080,-1.205,-1.203,0.087,-0.826,0.000,146,E,0,,,,1759,24.99,0
259,2339.609,"Mount",-0.051,-0.893,-0.876,-0.045,-0.604,0.000,107,E,0,,,,1429,22.47,0
260,2348.550,"Mount",-0.021,0.687,0.683,-0.025,0.484,0.000,86,W,0,,,,1239,20.49,0
261,2357.570,"Mount",-0.380,0.630,0.678,-0.384,0.589,0.000,104,W,0,,,,1292,21.54,0
262,2366.487,"Mount",0.039,0.066,0.059,0.039,0.185,0.000,33,W,0,,,,1161,19.92,0
263,2375.478,"Mount",-0.042,-0.090,-0.083,-0.042,0.067,0.000,12,W,0,,,,1173,19.81,0
264,2384.383,"Mount",0.059,-0.077,-0.085,0.059,0.048,0.000,8,W,0,,,,1662,24.05,0
265,2393.608,"Mount",0.419,-0.145,-0.204,0.420,0.024,0.294,4,W,42,S,,,1690,24.62,0
266,2402.480,"Mount",-0.038,-0.065,-0.058,-0.038,-0.074,0.000,13,E,0,,,,1584,23.78,0
267,2411.608,"Mount",0.004,1.610,1.592,-0.005,0.985,0.000,174,W,0,,,,1602,24.02,0
268,2420.465,"Mount",-0.208,0.419,0.445,-0.210,0.311,0.000,55,W,0,,,,1651,24.37,0
269,2429.504,"Mount",-0.138,0.549,0.563,-0.141,0.356,0.000,63,W,0,,,,1760,25.63,0
270,2438.546,"Mount",0.044,-1.081,-1.076,0.050,-0.621,0.000,110,E,0,,,,1648,23.67,0
271,2447.546,"Mount",-0.062,-0.783,-0.765,-0.058,-0.578,0.000,102,E,0,,,,1344,21.20,0
272,2456.499,"Mount",-0.453,-0.645,-0.572,-0.449,-0.477,0.000,84,E,0,,,,906,16.48,0
273,2465.549,"Mount",0.228,-0.793,-0.818,0.233,-0.615,0.000,109,E,0,,,,687,14.35,0
274,2474.390,"Mount",-0.319,-0.346,-0.296,-0.317,-0.027,0.000,5,E,0,,,,364,9.92,0
275,2483.373,"Mount",-0.046,-0.273,-0.263,-0.044,0.050,0.000,9,W,0,,,,574,12.83,0
276,2492.501,"Mount",-0.281,0.460,0.496,-0.283,0.334,0.000,59,W,0,,,,448,11.05,0
277,2501.645,"Mount",-0.377,0.676,0.723,-0.380,0.512,-0.266,90,W,38,N,,,286,8.79,0
278,2510.337,"DROP",,,,,,,,,,,,,0,0.00,2,"Star lost - low SNR"
278,2510.458,"Mount",0.000,0.000,-0.237,0.000,-0.237,0.000,42,E,0,,,,286,8.79,2
279,2519.336,"DROP",,,,,,,,,,,,,0,0.00,2,"Star lost - low SNR"
279,2519.454,"Mount",0.000,0.000,-0.261,0.000,-0.261,0.000,46,E,0,,,,286,8.79,2
280,2528.303,"DROP",,,,,,,,,,,,,0,0.00,2,"Star lost - low SNR"
280,2528.391,"Mount",0.000,0.000,0.108,0.000,0.108,0.000,19,W,0,,,,286,8.79,2
281,2537.335,"DROP",,,,,,,,,,,,,0,0.00,3,"Star lost - low mass"
281,2537.458,"Mount",0.000,0.000,0.316,0.000,0.316,0.000,56,W,0,,,,286,8.79,3
282,2546.331,"DROP",,,,,,,,,,,,,0,0.00,3,"Star lost - low mass"
282,2546.424,"Mount",0.000,0.000,-0.058,0.000,-0.058,0.000,10,E,0,,,,286,8.79,3
283,2555.348,"DROP",,,,,,,,,,,,,0,0.00,2,"Star lost - low SNR"
283,2555.438,"Mount",0.000,0.000,-0.109,0.000,-0.109,0.000,19,E,0,,,,286,8.79,2
284,2564.332,"DROP",,,,,,,,,,,,,0,0.00,2,"Star lost - low SNR"
284,2564.362,"Mount",0.000,0.000,0.031,0.000,0.031,0.000,6,W,0,,,,286,8.79,2
285,2573.333,"DROP",,,,,,,,,,,,,0,0.00,3,"Star lost - low mass"
285,2573.425,"Mount",0.000,0.000,-0.130,0.000,-0.130,0.000,23,E,0,,,,286,8.79,3
286,2582.335,"DROP",,,,,,,,,,,,,0,0.00,2,"Star lost - low SNR"
286,2582.362,"Mount",0.000,0.000,0.040,0.000,0.040,0.000,7,W,0,,,,286,8.79,2
287,2591.288,"DROP",,,,,,,,,,,,,0,0.00,3,"Star lost - low mass"
287,2591.394,"Mount",0.000,0.000,0.263,0.000,0.263,0.000,46,W,0,,,,286,8.79,3
288,2600.308,"DROP",,,,,,,,,,,,,0,0.00,3,"Star lost - low mass"
288,2600.347,"Mount",0.000,0.000,-0.016,0.000,-0.016,0.000,3,E,0,,,,286,8.79,3
289,2609.285,"DROP",,,,,,,,,,,,,0,0.00,2,"Star lost - low SNR"
289,2609.379,"Mount",0.000,0.000,-0.221,0.000,-0.221,0.000,39,E,0,,,,286,8.79,2
290,2618.330,"DROP",,,,,,,,,,,,,0,0.00,2,"Star lost - low SNR"
290,2618.452,"Mount",0.000,0.000,0.192,0.000,0.192,0.000,34,W,0,,,,286,8.79,2
291,2627.285,"DROP",,,,,,,,,,,,,0,0.00,2,"Star lost - low SNR"
291,2627.395,"Mount",0.000,0.000,0.362,0.000,0.362,0.000,64,W,0,,,,286,8.79,2
292,2636.325,"DROP",,,,,,,,,,,,,0,0.00,2,"Star lost - low SNR"
292,2636.365,"Mount",0.000,0.000,-0.025,0.000,-0.025,0.000,4,E,0,,,,286,8.79,2
293,2645.321,"DROP",,,,,,,,,,,,,0,0.00,2,"Star lost - low SNR"
293,2645.397,"Mount",0.000,0.000,-0.156,0.000,-0.156,0.000,28,E,0,,,,286,8.79,2
294,2654.306,"DROP",,,,,,,,,,,,,0,0.00,2,"Star lost - low SNR"
294,2654.413,"Mount",0.000,0.000,0.269,0.000,0.269,0.000,47,W,0,,,,286,8.79,2
295,2663.307,"DROP",,,,,,,,,,,,,0,0.00,2,"Star lost - low SNR"
295,2663.381,"Mount",0.000,0.000,0.224,0.000,0.224,0.000,40,W,0,,,,286,8.79,2
296,2672.308,"DROP",,,,,,,,,,,,,0,0.00,2,"Star lost - low SNR"
296,2672.423,"Mount",0.000,0.000,0.075,0.000,0.075,0.000,13,W,0,,,,286,8.79,2
297,2681.301,"DROP",,,,,,,,,,,,,0,0.00,3,"Star lost - low mass"
297,2681.398,"Mount",0.000,0.000,-0.152,0.000,-0.152,0.000,27,E,0,,,,286,8.79,3
298,2691.294,"Mount",-1.102,5.801,5.900,-1.136,3.675,-0.795,649,W,115,N,,,339,9.51,0
299,2699.687,"Mount",-0.181,2.683,2.680,-0.196,1.795,0.000,317,W,0,,,,306,9.28,0
300,2708.640,"Mount",0.292,2.683,2.612,0.276,1.569,0.000,277,W,0,,,,249,8.40,0
301,2717.303,"DROP",,,,,,,,,,,,,0,0.00,2,"Star lost - low SNR"
301,2717.400,"Mount",0.000,0.000,-0.146,0.000,-0.146,0.000,26,E,0,,,,249,8.40,2
302,2726.263,"DROP",,,,,,,,,,,,,0,0.00,2,"Star lost - low SNR"
302,2726.416,"Mount",0.000,0.000,-0.436,0.000,-0.436,0.000,77,E,0,,,,249,8.40,2
303,2735.257,"DROP",,,,,,,,,,,,,0,0.00,3,"Star lost - low mass"
303,2735.289,"Mount",0.000,0.000,-0.016,0.000,-0.016,0.000,3,E,0,,,,249,8.40,3
304,2744.256,"DROP",,,,,,,,,,,,,0,0.00,2,"Star lost - low SNR"
304,2744.402,"Mount",0.000,0.000,0.544,0.000,0.544,0.000,96,W,0,,,,249,8.40,2
305,2753.284,"DROP",,,,,,,,,,,,,0,0.00,2,"Star lost - low SNR"
305,2753.369,"Mount",0.000,0.000,0.234,0.000,0.234,0.000,41,W,0,,,,249,8.40,2
306,2762.338,"Mount",0.963,-0.089,-0.228,0.963,0.035,0.000,6,W,0,,,,321,9.34,0
307,2771.279,"DROP",,,,,,,,,,,,,0,0.00,2,"Star lost - low SNR"
307,2771.306,"Mount",0.000,0.000,-0.009,0.000,-0.009,0.000,2,E,0,,,,321,9.34,2
308,2780.246,"DROP",,,,,,,,,,,,,0,0.00,2,"Star lost - low SNR"
308,2780.338,"Mount",0.000,0.000,-0.121,0.000,-0.121,0.000,21,E,0,,,,321,9.34,2
309,2789.401,"Mount",0.911,-0.422,-0.550,0.913,-0.373,0.000,66,E,0,,,,1084,18.81,0
310,2798.354,"Mount",1.416,-0.531,-0.731,1.419,-0.316,0.000,56,E,0,,,,1343,21.04,0
311,2807.419,"Mount",1.146,-0.092,-0.259,1.147,0.133,0.000,23,W,0,,,,2167,28.01,0
312,2816.658,"Mount",1.243,0.058,-0.124,1.242,-0.049,0.870,9,E,125,S,,,3061,34.33,0
313,2825.563,"Mount",1.235,0.215,0.033,1.234,-0.112,0.864,20,E,125,S,,,2964,32.91,0
314,2834.483,"Mount",0.332,0.428,0.375,0.329,0.229,0.231,40,W,33,S,,,4807,44.32,0
315,2843.418,"Mount",0.092,0.055,0.041,0.092,0.286,0.000,50,W,0,,,,2561,30.79,0
316,2852.377,"Mount",0.004,-0.755,-0.748,0.008,-0.303,0.000,53,E,0,,,,5169,46.28,0
317,2861.417,"Mount",0.277,-0.368,-0.404,0.280,-0.256,0.000,45,E,0,,,,6383,51.90,0
318,2870.447,"Mount",0.027,0.867,0.854,0.022,0.546,0.000,96,W,0,,,,6896,53.96,0
319,2879.309,"Mount",-0.010,0.281,0.279,-0.012,-0.039,0.000,7,E,0,,,,5856,49.57,0
320,2888.309,"Mount",-0.053,0.136,0.142,-0.054,0.075,0.000,13,W,0,,,,3869,39.45,0
321,2897.333,"Mount",0.001,-0.481,-0.475,0.003,-0.118,0.000,21,E,0,,,,3692,37.90,0
322,2906.342,"Mount",-0.174,-0.047,-0.021,-0.173,0.065,0.000,11,W,0,,,,2813,32.45,0
323,2915.519,"Mount",0.358,-0.409,-0.456,0.360,-0.254,0.252,45,E,36,S,,,2527,30.32,0
324,2924.455,"Mount",-0.163,-1.436,-1.397,-0.155,-0.912,0.000,161,E,0,,,,3207,35.45,0
325,2933.439,"Mount",-0.006,-0.930,-0.919,-0.001,-0.591,0.000,104,E,0,,,,3524,37.13,0
326,2942.374,"Mount",-0.247,-0.135,-0.098,-0.246,0.077,0.000,14,W,0,,,,2688,31.51,0
327,2951.296,"Mount",-0.482,-0.204,-0.131,-0.481,0.116,0.000,20,W,0,,,,1764,24.59,0
328,2960.345,"Mount",-0.010,-0.586,-0.579,-0.006,-0.386,0.000,68,E,0,,,,655,13.99,0
329,2969.221,"DROP",,,,,,,,,,,,,0,0.00,3,"Star lost - low mass"
329,2969.310,"Mount",0.000,0.000,-0.078,0.000,-0.078,0.000,14,E,0,,,,655,13.99,3
330,2978.198,"DROP",,,,,,,,,,,,,0,0.00,2,"Star lost - low SNR"
330,2978.281,"Mount",0.000,0.000,-0.163,0.000,-0.163,0.000,29,E,0,,,,655,13.99,2
331,2987.255,"DROP",,,,,,,,,,,,,0,0.00,2,"Star lost - low SNR"
331,2987.282,"Mount",0.000,0.000,-0.008,0.000,-0.008,0.000,1,E,0,,,,655,13.99,2
332,2996.186,"DROP",,,,,,,,,,,,,0,0.00,2,"Star lost - low SNR"
332,2996.266,"Mount",0.000,0.000,0.190,0.000,0.190,0.000,34,W,0,,,,655,13.99,2
333,3005.214,"DROP",,,,,,,,,,,,,0,0.00,2,"Star lost - low SNR"
333,3005.335,"Mount",0.000,0.000,0.272,0.000,0.272,0.000,48,W,0,,,,655,13.99,2
334,3014.245,"DROP",,,,,,,,,,,,,0,0.00,2,"Star lost - low SNR"
334,3014.283,"Mount",0.000,0.000,0.020,0.000,0.020,0.000,4,W,0,,,,655,13.99,2
335,3023.223,"DROP",,,,,,,,,,,,,0,0.00,2,"Star lost - low SNR"
335,3023.251,"Mount",0.000,0.000,0.033,0.000,0.033,0.000,6,W,0,,,,655,13.99,2
336,3032.231,"DROP",,,,,,,,,,,,,0,0.00,3,"Star lost - low mass"
336,3032.268,"Mount",0.000,0.000,0.037,0.000,0.037,0.000,6,W,0,,,,655,13.99,3
337,3041.210,"DROP",,,,,,,,,,,,,0,0.00,2,"Star lost - low SNR"
337,3041.268,"Mount",0.000,0.000,-0.054,0.000,-0.054,0.000,9,E,0,,,,655,13.99,2
338,3050.174,"DROP",,,,,,,,,,,,,0,0.00,2,"Star lost - low SNR"
338,3050.253,"Mount",0.000,0.000,-0.108,0.000,-0.108,0.000,19,E,0,,,,655,13.99,2
339,3059.291,"DROP",,,,,,,,,,,,,0,0.00,3,"Star lost - low mass"
339,3059.924,"Mount",0.000,0.000,0.383,0.000,0.383,0.000,68,W,0,,,,655,13.99,3
Guiding Ends at 2026-08-16 03:23:04
INFO: SETTLING STATE CHANGE, Settling started

Guiding Begins at 2026-08-16 03:23:40
Equipment Profile = QHY5 EQASCOM OAG
Dither = both axes, Dither scale = 1.000, Image noise reduction = 2x2 mean, Guide-frame time lapse = 0, Server enabled
Pixel scale = 1.05 arc-sec/px, Binning = 1, Focal length = 1018 mm
Search region = 24 px, Star mass tolerance = 90.0%, Multi-star mode, list size = 8
 Camera = QHY5II-M-10d7d910f33c7354, gain = 90, full size = 1280 x 1024, have dark, dark dur = 3000, no defect map, pixel size = 5.2 um
Exposure = 3000 ms
Mount = EQMOD HEQ5/6 (ASCOM), connected, guiding enabled, xAngle = 98.4, xRate = 5.664, yAngle = 17.1, yRate = 6.929, parity = +/+
Norm rates RA = 7.0"/s @ dec 0, Dec = 7.3"/s; ortho.err. = 8.7 deg
X guide algorithm = Predictive PEC, Control gain = 0.630
Prediction gain = 0.430
Minimum move = 0.330
Hyperparameters
	Length scale long range SE kernel = 700.000
	Signal variance long range SE kernel = 20.000
	Length scale periodic kernel = 10.000
	Signal variance periodic kernel = 20.000
	Length scale short range SE kernel = 25.000
	Signal variance short range SE kernel = 10.000
	Period length periodic kernel = 899.523
	FFT called after = 2.000 worm cycles
	Auto-adjust period length = On
Y guide algorithm = Resist Switch, Minimum move = 0.300 Aggression = 70% FastSwitch = disabled
Backlash comp = disabled, pulse = 495 ms
Max RA duration = 2500, Max DEC duration = 2500, DEC guide mode = Auto
RA Guide Speed = 7.5 a-s/s, Dec Guide Speed = 7.5 a-s/s, Cal Dec = 0.0, Last Cal Issue = None, Timestamp = 7/7/2026 10:36:27 PM
RA = 20.91 hr, Dec = 31.1 deg, Hour angle = 2.97 hr, Pier side = East, Rotator pos = N/A, Alt = 51.3 deg, Az = 253.7 deg
Lock position = 429.704, 301.643, Star position = 429.704, 301.643, HFD = 3.04 px
Frame,Time,mount,dx,dy,RARawDistance,DECRawDistance,RAGuideDistance,DECGuideDistance,RADuration,RADirection,DECDuration,DECDirection,XStep,YStep,StarMass,SNR,ErrorCode
INFO: SETTLING STATE CHANGE, Settling complete
1,9.003,"Mount",0.125,-0.421,-0.434,0.128,-0.274,0.000,48,E,0,,,,375,10.14,0
2,17.927,"DROP",,,,,,,,,,,,,0,0.00,2,"Star lost - low SNR"
2,17.988,"Mount",0.000,0.000,-0.037,0.000,-0.037,0.000,7,E,0,,,,375,10.14,2
3,27.019,"Mount",0.235,-0.089,-0.122,0.236,-0.077,0.000,14,E,0,,,,296,8.85,0
4,36.068,"Mount",0.200,-0.801,-0.821,0.205,-0.526,0.000,93,E,0,,,,302,9.01,0
5,44.900,"DROP",,,,,,,,,,,,,0,0.00,2,"Star lost - low SNR"
5,45.004,"Mount",0.000,0.000,-0.216,0.000,-0.216,0.000,38,E,0,,,,302,9.01,2
6,54.036,"Mount",0.185,-0.372,-0.395,0.188,-0.353,0.000,62,E,0,,,,359,9.85,0
7,62.912,"Mount",-0.199,0.128,0.156,-0.200,-0.014,0.000,3,E,0,,,,246,8.07,0
8,71.957,"Mount",0.043,-0.404,-0.406,0.045,-0.166,0.000,29,E,0,,,,273,8.67,0
9,81.021,"Mount",0.173,-0.238,-0.261,0.174,0.131,0.000,23,W,0,,,,361,10.00,0
10,89.882,"DROP",,,,,,,,,,,,,0,0.00,2,"Star lost - low SNR"
10,89.941,"Mount",0.000,0.000,0.049,0.000,0.049,0.000,9,W,0,,,,361,10.00,2
11,98.993,"Mount",0.099,-0.216,-0.228,0.100,-0.063,0.000,11,E,0,,,,370,10.33,0
12,107.877,"DROP",,,,,,,,,,,,,0,0.00,2,"Star lost - low SNR"
12,107.958,"Mount",0.000,0.000,-0.179,0.000,-0.179,0.000,32,E,0,,,,370,10.33,2
13,116.927,"Mount",0.101,0.022,0.007,0.101,-0.008,0.000,1,E,0,,,,340,9.55,0
14,125.904,"Mount",0.076,-0.027,-0.038,0.076,0.019,0.000,3,W,0,,,,324,9.49,0
15,134.951,"Mount",0.006,-0.027,-0.027,0.006,0.052,0.000,9,W,0,,,,226,7.52,0
16,143.875,"DROP",,,,,,,,,,,,,0,0.00,2,"Star lost - low SNR"
16,143.975,"Mount",0.000,0.000,0.155,0.000,0.155,0.000,27,W,0,,,,226,7.52,2
17,152.936,"Mount",-0.016,-0.082,-0.079,-0.015,0.026,0.000,5,W,0,,,,299,9.10,0
18,161.870,"DROP",,,,,,,,,,,,,0,0.00,2,"Star lost - low SNR"
18,161.986,"Mount",0.000,0.000,-0.135,0.000,-0.135,0.000,24,E,0,,,,299,9.10,2
19,170.977,"Mount",-0.001,-0.004,-0.004,-0.001,-0.097,0.000,17,E,0,,,,355,10.06,0
20,179.945,"Mount",-0.086,0.044,0.056,-0.086,-0.054,0.000,10,E,0,,,,242,7.94,0
21,188.870,"DROP",,,,,,,,,,,,,0,0.00,2,"Star lost - low SNR"
21,188.961,"Mount",0.000,0.000,0.135,0.000,0.135,0.000,24,W,0,,,,242,7.94,2
22,197.864,"DROP",,,,,,,,,,,,,0,0.00,2,"Star lost - low SNR"
22,197.946,"Mount",0.000,0.000,0.114,0.000,0.114,0.000,20,W,0,,,,242,7.94,2
23,206.891,"DROP",,,,,,,,,,,,,0,0.00,2,"Star lost - low SNR"
23,206.946,"Mount",0.000,0.000,0.041,0.000,0.041,0.000,7,W,0,,,,242,7.94,2
24,215.933,"Mount",0.053,0.050,0.042,0.053,-0.007,0.000,1,E,0,,,,248,8.23,0
25,224.870,"DROP",,,,,,,,,,,,,0,0.00,2,"Star lost - low SNR"
25,224.984,"Mount",0.000,0.000,-0.335,0.000,-0.335,0.000,59,E,0,,,,248,8.23,2
26,233.843,"DROP",,,,,,,,,,,,,0,0.00,2,"Star lost - low SNR"
26,233.931,"Mount",0.000,0.000,-0.197,0.000,-0.197,0.000,35,E,0,,,,248,8.23,2
27,242.864,"DROP",,,,,,,,,,,,,0,0.00,2,"Star lost - low SNR"
27,242.958,"Mount",0.000,0.000,-0.113,0.000,-0.113,0.000,20,E,0,,,,248,8.23,2
28,251.873,"Mount",0.063,-0.050,-0.058,0.063,-0.041,0.000,7,E,0,,,,284,8.75,0
29,260.838,"DROP",,,,,,,,,,,,,0,0.00,2,"Star lost - low SNR"
29,260.916,"Mount",0.000,0.000,-0.054,0.000,-0.054,0.000,10,E,0,,,,284,8.75,2
30,269.933,"Mount",-0.093,0.028,0.041,-0.093,0.022,0.000,4,W,0,,,,347,9.94,0
31,278.836,"DROP",,,,,,,,,,,,,0,0.00,2,"Star lost - low SNR"
31,278.869,"Mount",0.000,0.000,0.032,0.000,0.032,0.000,6,W,0,,,,347,9.94,2
32,287.933,"Mount",0.073,0.063,0.052,0.072,-0.093,0.000,16,E,0,,,,333,9.52,0
33,296.842,"DROP",,,,,,,,,,,,,0,0.00,2,"Star lost - low SNR"
33,296.918,"Mount",0.000,0.000,0.125,0.000,0.125,0.000,22,W,0,,,,333,9.52,2
34,305.921,"Mount",-0.059,-0.004,0.005,-0.059,-0.022,0.000,4,E,0,,,,231,7.79,0
35,314.919,"Mount",-0.094,0.062,0.075,-0.094,-0.038,0.000,7,E,0,,,,245,8.05,0
36,323.834,"DROP",,,,,,,,,,,,,0,0.00,2,"Star lost - low SNR"
36,323.918,"Mount",0.000,0.000,0.214,0.000,0.214,0.000,38,W,0,,,,245,8.05,2
37,332.918,"Mount",-0.054,-0.063,-0.055,-0.054,0.143,0.000,25,W,0,,,,243,7.97,0
38,341.857,"Mount",0.072,-0.246,-0.254,0.074,0.037,0.000,7,W,0,,,,340,9.72,0
39,350.854,"DROP",,,,,,,,,,,,,0,0.00,2,"Star lost - low SNR"
39,350.967,"Mount",0.000,0.000,0.170,0.000,0.170,0.000,30,W,0,,,,340,9.72,2
40,359.816,"DROP",,,,,,,,,,,,,0,0.00,2,"Star lost - low SNR"
40,359.919,"Mount",0.000,0.000,0.200,0.000,0.200,0.000,35,W,0,,,,340,9.72,2
41,368.888,"Mount",0.006,0.062,0.061,0.006,0.013,0.000,2,W,0,,,,317,9.21,0
42,377.948,"Mount",-0.046,-0.045,-0.038,-0.046,-0.067,0.000,12,E,0,,,,247,8.20,0
43,386.792,"DROP",,,,,,,,,,,,,0,0.00,2,"Star lost - low SNR"
43,386.936,"Mount",0.000,0.000,0.470,0.000,0.470,0.000,83,W,0,,,,247,8.20,2
44,395.810,"DROP",,,,,,,,,,,,,0,0.00,2,"Star lost - low SNR"
44,395.842,"Mount",0.000,0.000,-0.054,0.000,-0.054,0.000,9,E,0,,,,247,8.20,2
45,404.882,"Mount",0.034,0.079,0.074,0.033,-0.004,0.000,1,E,0,,,,308,9.20,0
46,413.874,"Mount",-0.019,0.073,0.075,-0.020,0.117,0.000,21,W,0,,,,287,8.93,0
47,422.849,"Mount",0.065,0.031,0.021,0.065,-0.002,0.000,0,,0,,,,328,9.59,0
48,431.803,"DROP",,,,,,,,,,,,,0,0.00,2,"Star lost - low SNR"
48,431.843,"Mount",0.000,0.000,-0.005,0.000,-0.005,0.000,1,E,0,,,,328,9.59,2
49,440.822,"DROP",,,,,,,,,,,,,0,0.00,2,"Star lost - low SNR"
49,440.907,"Mount",0.000,0.000,0.217,0.000,0.217,0.000,38,W,0,,,,328,9.59,2
50,449.860,"Mount",-0.012,0.054,0.055,-0.012,0.045,0.000,8,W,0,,,,178,6.81,0
51,458.809,"DROP",,,,,,,,,,,,,0,0.00,2,"Star lost - low SNR"
51,458.892,"Mount",0.000,0.000,0.225,0.000,0.225,0.000,40,W,0,,,,178,6.81,2
52,467.808,"DROP",,,,,,,,,,,,,0,0.00,2,"Star lost - low SNR"
52,467.929,"Mount",0.000,0.000,-0.225,0.000,-0.225,0.000,40,E,0,,,,178,6.81,2
53,476.812,"DROP",,,,,,,,,,,,,0,0.00,2,"Star lost - low SNR"
53,476.924,"Mount",0.000,0.000,-0.272,0.000,-0.272,0.000,48,E,0,,,,178,6.81,2
54,485.930,"Mount",0.003,0.099,0.097,0.002,-0.109,0.000,19,E,0,,,,244,7.97,0
55,494.835,"Mount",0.084,0.034,0.022,0.084,-0.005,0.000,1,E,0,,,,314,9.07,0
56,503.778,"DROP",,,,,,,,,,,,,0,0.00,2,"Star lost - low SNR"
56,503.814,"Mount",0.000,0.000,-0.030,0.000,-0.030,0.000,5,E,0,,,,314,9.07,2
57,512.909,"Mount",0.085,0.015,0.003,0.085,-0.074,0.000,13,E,0,,,,345,10.08,0
58,521.764,"DROP",,,,,,,,,,,,,0,0.00,4,"Star lost - low HFD"
58,521.860,"Mount",0.000,0.000,0.065,0.000,0.065,0.000,12,W,0,,,,345,10.08,4
59,530.773,"DROP",,,,,,,,,,,,,0,0.00,4,"Star lost - low HFD"
59,530.862,"Mount",0.000,0.000,-0.117,0.000,-0.117,0.000,21,E,0,,,,345,10.08,4
60,539.771,"DROP",,,,,,,,,,,,,0,0.00,4,"Star lost - low HFD"
60,539.831,"Mount",0.000,0.000,-0.053,0.000,-0.053,0.000,9,E,0,,,,345,10.08,4
61,548.775,"DROP",,,,,,,,,,,,,0,0.00,4,"Star lost - low HFD"
61,548.799,"Mount",0.000,0.000,0.033,0.000,0.033,0.000,6,W,0,,,,345,10.08,4
62,557.800,"DROP",,,,,,,,,,,,,0,0.00,4,"Star lost - low HFD"
62,557.893,"Mount",0.000,0.000,-0.068,0.000,-0.068,0.000,12,E,0,,,,345,10.08,4
63,566.803,"DROP",,,,,,,,,,,,,0,0.00,4,"Star lost - low HFD"
63,566.880,"Mount",0.000,0.000,-0.225,0.000,-0.225,0.000,40,E,0,,,,345,10.08,4
64,578.823,"DROP",,,,,,,,,,,,,0,0.00,4,"Star lost - low HFD"
64,578.936,"Mount",0.000,0.000,-0.253,0.000,-0.253,0.000,45,E,0,,,,345,10.08,4
65,587.744,"DROP",,,,,,,,,,,,,0,0.00,4,"Star lost - low HFD"
65,587.838,"Mount",0.000,0.000,-0.060,0.000,-0.060,0.000,11,E,0,,,,345,10.08,4
66,596.788,"DROP",,,,,,,,,,,,,0,0.00,4,"Star lost - low HFD"
66,596.902,"Mount",0.000,0.000,-0.341,0.000,-0.341,0.000,60,E,0,,,,345,10.08,4
67,605.796,"DROP",,,,,,,,,,,,,0,0.00,4,"Star lost - low HFD"
67,605.854,"Mount",0.000,0.000,-0.020,0.000,-0.020,0.000,3,E,0,,,,345,10.08,4
68,614.942,"DROP",,,,,,,,,,,,,0,0.00,4,"Star lost - low HFD"
68,615.108,"Mount",0.000,0.000,0.248,0.000,0.248,0.000,44,W,0,,,,345,10.08,4
Guiding Ends at 2026-08-16 03:34:04

Guiding Begins at 2026-08-16 03:34:40
Equipment Profile = QHY5 EQASCOM OAG
Dither = both axes, Dither scale = 1.000, Image noise reduction = 2x2 mean, Guide-frame time lapse = 0, Server enabled
Pixel scale = 1.05 arc-sec/px, Binning = 1, Focal length = 1018 mm
Search region = 24 px, Star mass tolerance = 90.0%, Multi-star mode, list size = 9
 Camera = QHY5II-M-10d7d910f33c7354, gain = 90, full size = 1280 x 1024, have dark, dark dur = 3000, no defect map, pixel size = 5.2 um
Exposure = 3000 ms
Mount = EQMOD HEQ5/6 (ASCOM), connected, guiding enabled, xAngle = 98.4, xRate = 5.664, yAngle = 17.1, yRate = 6.929, parity = +/+
Norm rates RA = 7.0"/s @ dec 0, Dec = 7.3"/s; ortho.err. = 8.7 deg
X guide algorithm = Predictive PEC, Control gain = 0.630
Prediction gain = 0.430
Minimum move = 0.330
Hyperparameters
	Length scale long range SE kernel = 700.000
	Signal variance long range SE kernel = 20.000
	Length scale periodic kernel = 10.000
	Signal variance periodic kernel = 20.000
	Length scale short range SE kernel = 25.000
	Signal variance short range SE kernel = 10.000
	Period length periodic kernel = 775.633
	FFT called after = 2.000 worm cycles
	Auto-adjust period length = On
Y guide algorithm = Resist Switch, Minimum move = 0.300 Aggression = 70% FastSwitch = disabled
Backlash comp = disabled, pulse = 495 ms
Max RA duration = 2500, Max DEC duration = 2500, DEC guide mode = Auto
RA Guide Speed = 7.5 a-s/s, Dec Guide Speed = 7.5 a-s/s, Cal Dec = 0.0, Last Cal Issue = None, Timestamp = 7/7/2026 10:36:27 PM
RA = 20.91 hr, Dec = 31.1 deg, Hour angle = 3.15 hr, Pier side = East, Rotator pos = N/A, Alt = 49.6 deg, Az = 256.4 deg
Lock position = 765.258, 492.992, Star position = 765.258, 492.992, HFD = 2.17 px
Frame,Time,mount,dx,dy,RARawDistance,DECRawDistance,RAGuideDistance,DECGuideDistance,RADuration,RADirection,DECDuration,DECDirection,XStep,YStep,StarMass,SNR,ErrorCode
INFO: SETTLING STATE CHANGE, Settling started
1,8.903,"DROP",,,,,,,,,,,,,0,0.00,2,"Star lost - low SNR"
1,9.011,"Mount",0.000,0.000,-0.354,0.000,-0.354,0.000,62,E,0,,,,127,6.04,2
2,17.916,"DROP",,,,,,,,,,,,,0,0.00,2,"Star lost - low SNR"
2,18.011,"Mount",0.000,0.000,-0.154,0.000,-0.154,0.000,27,E,0,,,,127,6.04,2
3,26.995,"Mount",0.126,0.352,0.329,0.124,0.208,0.000,37,W,0,,,,151,6.62,0
INFO: SETTLING STATE CHANGE, Settling complete
4,36.013,"Mount",-0.175,0.188,0.212,-0.176,0.133,0.000,24,W,0,,,,199,7.50,0
5,44.900,"DROP",,,,,,,,,,,,,0,0.00,2,"Star lost - low SNR"
5,44.996,"Mount",0.000,0.000,0.156,0.000,0.156,0.000,28,W,0,,,,199,7.50,2
6,53.915,"DROP",,,,,,,,,,,,,0,0.00,2,"Star lost - low SNR"
6,53.996,"Mount",0.000,0.000,-0.179,0.000,-0.179,0.000,32,E,0,,,,199,7.50,2
7,62.941,"Mount",0.407,0.026,-0.033,0.407,-0.021,0.000,4,E,0,,,,163,6.73,0
8,71.958,"DROP",,,,,,,,,,,,,0,0.00,2,"Star lost - low SNR"
8,71.997,"Mount",0.000,0.000,0.028,0.000,0.028,0.000,5,W,0,,,,163,6.73,2
9,80.878,"DROP",,,,,,,,,,,,,0,0.00,2,"Star lost - low SNR"
9,80.965,"Mount",0.000,0.000,0.153,0.000,0.153,0.000,27,W,0,,,,163,6.73,2
10,89.857,"DROP",,,,,,,,,,,,,0,0.00,2,"Star lost - low SNR"
10,89.934,"Mount",0.000,0.000,-0.108,0.000,-0.108,0.000,19,E,0,,,,163,6.73,2
11,98.893,"DROP",,,,,,,,,,,,,0,0.00,4,"Star lost - low HFD"
11,98.998,"Mount",0.000,0.000,0.166,0.000,0.166,0.000,29,W,0,,,,163,6.73,4
12,110.940,"Mount",0.639,0.251,0.156,0.638,-0.032,0.000,6,E,0,,,,155,6.68,0
13,119.940,"Mount",-0.287,-0.002,0.040,-0.287,0.081,0.000,14,W,0,,,,101,5.39,0
14,128.886,"DROP",,,,,,,,,,,,,0,0.00,2,"Star lost - low SNR"
14,129.036,"Mount",0.000,0.000,0.540,0.000,0.540,0.000,95,W,0,,,,101,5.39,2
15,137.890,"DROP",,,,,,,,,,,,,0,0.00,2,"Star lost - low SNR"
15,138.052,"Mount",0.000,0.000,-0.441,0.000,-0.441,0.000,78,E,0,,,,101,5.39,2
16,149.989,"Mount",0.013,0.316,0.311,0.012,0.087,0.000,15,W,0,,,,160,6.64,0
17,158.962,"Mount",0.044,0.167,0.158,0.043,-0.090,0.000,16,E,0,,,,124,5.91,0
18,167.914,"DROP",,,,,,,,,,,,,0,0.00,2,"Star lost - low SNR"
18,167.947,"Mount",0.000,0.000,-0.047,0.000,-0.047,0.000,8,E,0,,,,124,5.91,2
19,176.894,"DROP",,,,,,,,,,,,,0,0.00,2,"Star lost - low SNR"
19,176.979,"Mount",0.000,0.000,0.196,0.000,0.196,0.000,35,W,0,,,,124,5.91,2
20,185.949,"Mount",0.001,0.220,0.217,-0.001,0.046,0.000,8,W,0,,,,169,6.73,0
21,194.980,"Mount",-0.089,-0.043,-0.029,-0.089,-0.109,0.000,19,E,0,,,,113,5.56,0
22,203.964,"Mount",-0.022,0.124,0.126,-0.022,-0.123,0.000,22,E,0,,,,191,7.44,0
23,212.870,"DROP",,,,,,,,,,,,,0,0.00,2,"Star lost - low SNR"
23,212.980,"Mount",0.000,0.000,-0.296,0.000,-0.296,0.000,52,E,0,,,,191,7.44,2
24,221.870,"DROP",,,,,,,,,,,,,0,0.00,2,"Star lost - low SNR"
24,221.901,"Mount",0.000,0.000,0.029,0.000,0.029,0.000,5,W,0,,,,191,7.44,2
25,230.832,"DROP",,,,,,,,,,,,,0,0.00,2,"Star lost - low SNR"
25,230.955,"Mount",0.000,0.000,0.365,0.000,0.365,0.000,64,W,0,,,,191,7.44,2
26,239.889,"Mount",-0.071,-0.047,-0.036,-0.071,0.038,0.000,7,W,0,,,,148,6.30,0
27,248.918,"Mount",-0.034,0.186,0.189,-0.035,0.012,0.000,2,W,0,,,,157,6.68,0
28,257.877,"DROP",,,,,,,,,,,,,0,0.00,2,"Star lost - low SNR"
28,257.966,"Mount",0.000,0.000,-0.102,0.000,-0.102,0.000,18,E,0,,,,157,6.68,2
29,266.918,"Mount",0.105,-0.138,-0.151,0.106,0.039,0.000,7,W,0,,,,185,7.02,0
30,275.845,"DROP",,,,,,,,,,,,,0,0.00,2,"Star lost - low SNR"
30,275.918,"Mount",0.000,0.000,-0.186,0.000,-0.186,0.000,33,E,0,,,,185,7.02,2
31,284.826,"DROP",,,,,,,,,,,,,0,0.00,2,"Star lost - low SNR"
31,284.919,"Mount",0.000,0.000,-0.113,0.000,-0.113,0.000,20,E,0,,,,185,7.02,2
32,293.836,"DROP",,,,,,,,,,,,,0,0.00,2,"Star lost - low SNR"
32,293.872,"Mount",0.000,0.000,0.020,0.000,0.020,0.000,4,W,0,,,,185,7.02,2
33,302.893,"Mount",-0.010,-0.068,-0.066,-0.009,-0.035,0.000,6,E,0,,,,175,6.89,0
34,311.935,"Mount",-0.017,-0.103,-0.099,-0.017,0.077,0.000,14,W,0,,,,153,6.46,0
35,320.839,"DROP",,,,,,,,,,,,,0,0.00,2,"Star lost - low SNR"
35,320.933,"Mount",0.000,0.000,-0.197,0.000,-0.197,0.000,35,E,0,,,,153,6.46,2
36,329.905,"Mount",-0.009,0.051,0.051,-0.009,0.134,0.000,24,W,0,,,,152,6.53,0
37,338.954,"Mount",0.001,0.215,0.213,-0.001,-0.089,0.000,16,E,0,,,,174,6.95,0
38,347.921,"Mount",0.158,0.307,0.280,0.156,-0.070,0.000,12,E,0,,,,158,6.49,0
39,356.853,"DROP",,,,,,,,,,,,,0,0.00,2,"Star lost - low SNR"
39,356.937,"Mount",0.000,0.000,0.165,0.000,0.165,0.000,29,W,0,,,,158,6.49,2
40,365.845,"Mount",-0.124,-0.225,-0.204,-0.123,0.003,0.000,1,W,0,,,,133,5.94,0
41,374.848,"DROP",,,,,,,,,,,,,0,0.00,2,"Star lost - low SNR"
41,374.875,"Mount",0.000,0.000,0.026,0.000,0.026,0.000,5,W,0,,,,133,5.94,2
42,383.834,"DROP",,,,,,,,,,,,,0,0.00,2,"Star lost - low SNR"
42,383.907,"Mount",0.000,0.000,0.075,0.000,0.075,0.000,13,W,0,,,,133,5.94,2
43,392.923,"Mount",-0.276,0.377,0.413,-0.278,0.209,0.000,37,W,0,,,,110,5.43,0
44,401.809,"DROP",,,,,,,,,,,,,0,0.00,2,"Star lost - low SNR"
44,401.955,"Mount",0.000,0.000,0.525,0.000,0.525,0.000,93,W,0,,,,110,5.43,2
45,410.987,"Mount",-0.023,0.015,0.018,-0.023,-0.104,0.000,18,E,0,,,,138,6.10,0
46,419.811,"DROP",,,,,,,,,,,,,0,0.00,2,"Star lost - low SNR"
46,419.901,"Mount",0.000,0.000,-0.091,0.000,-0.091,0.000,16,E,0,,,,138,6.10,2
47,428.891,"Mount",0.111,0.002,-0.014,0.111,0.071,0.000,13,W,0,,,,141,6.13,0
48,437.852,"Mount",0.219,0.125,0.092,0.218,0.036,0.000,6,W,0,,,,193,7.20,0
49,446.807,"DROP",,,,,,,,,,,,,0,0.00,2,"Star lost - low SNR"
49,446.844,"Mount",0.000,0.000,0.017,0.000,0.017,0.000,3,W,0,,,,193,7.20,2
50,455.893,"Mount",-0.049,-0.024,-0.017,-0.049,0.014,0.000,2,W,0,,,,143,6.17,0
51,464.805,"DROP",,,,,,,,,,,,,0,0.00,2,"Star lost - low SNR"
51,464.972,"Mount",0.000,0.000,-0.407,0.000,-0.407,0.000,72,E,0,,,,143,6.17,2
52,473.804,"DROP",,,,,,,,,,,,,0,0.00,2,"Star lost - low SNR"
52,473.943,"Mount",0.000,0.000,0.368,0.000,0.368,0.000,65,W,0,,,,143,6.17,2
53,482.823,"DROP",,,,,,,,,,,,,0,0.00,2,"Star lost - low SNR"
53,482.862,"Mount",0.000,0.000,0.009,0.000,0.009,0.000,2,W,0,,,,143,6.17,2
54,491.878,"Mount",0.059,0.144,0.134,0.058,0.031,0.000,6,W,0,,,,117,5.60,0
55,500.805,"DROP",,,,,,,,,,,,,0,0.00,2,"Star lost - low SNR"
55,500.878,"Mount",0.000,0.000,-0.157,0.000,-0.157,0.000,28,E,0,,,,117,5.60,2
56,512.808,"DROP",,,,,,,,,,,,,0,0.00,2,"Star lost - low SNR"
56,512.883,"Mount",0.000,0.000,-0.203,0.000,-0.203,0.000,36,E,0,,,,117,5.60,2
57,521.820,"Mount",-0.065,0.040,0.049,-0.065,-0.020,0.000,4,E,0,,,,129,5.95,0
58,530.787,"DROP",,,,,,,,,,,,,0,0.00,2,"Star lost - low SNR"
58,530.821,"Mount",0.000,0.000,0.036,0.000,0.036,0.000,6,W,0,,,,129,5.95,2
59,542.828,"Mount",0.023,0.006,0.002,0.023,-0.046,0.000,8,E,0,,,,120,5.60,0
60,551.803,"Mount",-0.033,0.156,0.159,-0.034,-0.005,0.000,1,E,0,,,,156,6.57,0
61,560.759,"DROP",,,,,,,,,,,,,0,0.00,2,"Star lost - low SNR"
61,560.843,"Mount",0.000,0.000,0.191,0.000,0.191,0.000,34,W,0,,,,156,6.57,2
62,569.778,"DROP",,,,,,,,,,,,,0,0.00,2,"Star lost - low SNR"
62,569.901,"Mount",0.000,0.000,-0.187,0.000,-0.187,0.000,33,E,0,,,,156,6.57,2
63,578.784,"DROP",,,,,,,,,,,,,0,0.00,2,"Star lost - low SNR"
63,578.812,"Mount",0.000,0.000,-0.004,0.000,-0.004,0.000,1,E,0,,,,156,6.57,2
64,587.782,"DROP",,,,,,,,,,,,,0,0.00,2,"Star lost - low SNR"
64,587.844,"Mount",0.000,0.000,-0.028,0.000,-0.028,0.000,5,E,0,,,,156,6.57,2
65,596.777,"DROP",,,,,,,,,,,,,0,0.00,2,"Star lost - low SNR"
65,596.876,"Mount",0.000,0.000,0.059,0.000,0.059,0.000,10,W,0,,,,156,6.57,2
66,605.791,"DROP",,,,,,,,,,,,,0,0.00,2,"Star lost - low SNR"
66,605.938,"Mount",0.000,0.000,0.256,0.000,0.256,0.000,45,W,0,,,,156,6.57,2
67,614.776,"DROP",,,,,,,,,,,,,0,0.00,2,"Star lost - low SNR"
67,614.846,"Mount",0.000,0.000,-0.031,0.000,-0.031,0.000,5,E,0,,,,156,6.57,2
68,623.831,"Mount",0.011,0.151,0.147,0.010,0.019,0.000,3,W,0,,,,119,5.77,0
69,632.733,"DROP",,,,,,,,,,,,,0,0.00,2,"Star lost - low SNR"
69,632.823,"Mount",0.000,0.000,0.135,0.000,0.135,0.000,24,W,0,,,,119,5.77,2
70,641.726,"DROP",,,,,,,,,,,,,0,0.00,2,"Star lost - low SNR"
70,641.820,"Mount",0.000,0.000,-0.076,0.000,-0.076,0.000,13,E,0,,,,119,5.77,2
Guiding Ends at 2026-08-16 03:45:31

Guiding Begins at 2026-08-16 03:48:46
Equipment Profile = QHY5 EQASCOM OAG
Dither = both axes, Dither scale = 1.000, Image noise reduction = 2x2 mean, Guide-frame time lapse = 0, Server enabled
Pixel scale = 1.05 arc-sec/px, Binning = 1, Focal length = 1018 mm
Search region = 24 px, Star mass tolerance = 90.0%, Multi-star mode, list size = 7
 Camera = QHY5II-M-10d7d910f33c7354, gain = 90, full size = 1280 x 1024, have dark, dark dur = 3000, no defect map, pixel size = 5.2 um
Exposure = 3000 ms
Mount = EQMOD HEQ5/6 (ASCOM), connected, guiding enabled, xAngle = 98.4, xRate = 5.664, yAngle = 17.1, yRate = 6.929, parity = +/+
Norm rates RA = 7.0"/s @ dec 0, Dec = 7.3"/s; ortho.err. = 8.7 deg
X guide algorithm = Predictive PEC, Control gain = 0.630
Prediction gain = 0.430
Minimum move = 0.330
Hyperparameters
	Length scale long range SE kernel = 700.000
	Signal variance long range SE kernel = 20.000
	Length scale periodic kernel = 10.000
	Signal variance periodic kernel = 20.000
	Length scale short range SE kernel = 25.000
	Signal variance short range SE kernel = 10.000
	Period length periodic kernel = 628.101
	FFT called after = 2.000 worm cycles
	Auto-adjust period length = On
Y guide algorithm = Resist Switch, Minimum move = 0.300 Aggression = 70% FastSwitch = disabled
Backlash comp = disabled, pulse = 495 ms
Max RA duration = 2500, Max DEC duration = 2500, DEC guide mode = Auto
RA Guide Speed = 7.5 a-s/s, Dec Guide Speed = 7.5 a-s/s, Cal Dec = 0.0, Last Cal Issue = None, Timestamp = 7/7/2026 10:36:27 PM
RA = 20.91 hr, Dec = 31.1 deg, Hour angle = 3.39 hr, Pier side = East, Rotator pos = N/A, Alt = 47.6 deg, Az = 259.7 deg
Lock position = 717.633, 703.255, Star position = 717.633, 703.255, HFD = 4.51 px
Frame,Time,mount,dx,dy,RARawDistance,DECRawDistance,RAGuideDistance,DECGuideDistance,RADuration,RADirection,DECDuration,DECDirection,XStep,YStep,StarMass,SNR,ErrorCode
INFO: SETTLING STATE CHANGE, Settling started
1,9.245,"Mount",-0.161,-2.775,-2.722,-0.145,-1.715,0.000,303,E,0,,,,275,8.75,0
INFO: SETTLING STATE CHANGE, Settling complete
2,18.198,"Mount",-0.274,-2.186,-2.123,-0.262,-1.337,0.000,236,E,0,,,,339,10.12,0
3,27.330,"Mount",-0.221,-2.630,-2.570,-0.206,-1.619,0.000,286,E,0,,,,353,10.32,0
4,36.263,"Mount",-0.114,-2.514,-2.470,-0.100,-1.493,0.000,263,E,0,,,,376,10.62,0
5,45.149,"Mount",-0.146,-1.470,-1.433,-0.138,-0.892,0.000,158,E,0,,,,321,9.87,0
6,54.215,"Mount",-0.176,-1.975,-1.928,-0.165,-1.275,0.000,225,E,0,,,,289,8.95,0
7,63.232,"Mount",-0.147,-2.843,-2.791,-0.130,-1.653,0.000,292,E,0,,,,304,9.61,0
8,72.239,"Mount",-0.127,-2.532,-2.487,-0.112,-1.565,0.000,276,E,0,,,,327,9.52,0
9,80.899,"DROP",,,,,,,,,,,,,0,0.00,2,"Star lost - low SNR"
9,81.060,"Mount",0.000,0.000,-0.241,0.000,-0.241,0.000,42,E,0,,,,327,9.52,2
10,90.136,"Mount",-0.115,-1.790,-1.755,-0.104,-1.086,0.000,192,E,0,,,,220,7.81,0
11,99.151,"Mount",-0.166,-1.775,-1.732,-0.155,-1.065,0.000,188,E,0,,,,267,8.59,0
12,108.216,"Mount",-0.128,-2.450,-2.405,-0.114,-1.526,0.000,269,E,0,,,,319,9.75,0
13,117.136,"Mount",-0.128,-2.047,-2.007,-0.116,-1.243,0.000,219,E,0,,,,278,8.78,0
14,126.265,"Mount",-0.168,-2.971,-2.915,-0.151,-1.812,0.000,320,E,0,,,,240,8.17,0
15,135.282,"Mount",-0.276,-2.744,-2.674,-0.260,-1.650,0.000,291,E,0,,,,391,10.79,0
16,144.137,"Mount",-0.116,-1.707,-1.672,-0.106,-1.034,0.000,183,E,0,,,,388,10.59,0
17,153.236,"Mount",-0.193,-2.676,-2.619,-0.178,-1.517,0.000,268,E,0,,,,270,8.64,0
18,162.124,"Mount",-0.160,-1.678,-1.637,-0.150,-1.062,0.000,187,E,0,,,,269,8.88,0
19,171.076,"Mount",-0.060,-1.342,-1.319,-0.052,-0.668,0.000,118,E,0,,,,355,10.31,0
20,180.204,"Mount",-0.272,-2.240,-2.177,-0.259,-1.345,0.000,237,E,0,,,,367,10.18,0
21,189.221,"Mount",-0.181,-2.684,-2.629,-0.166,-1.644,0.000,290,E,0,,,,281,9.17,0
22,198.108,"Mount",-0.103,-1.853,-1.818,-0.092,-1.077,0.000,190,E,0,,,,333,10.02,0
23,207.237,"Mount",-0.199,-2.576,-2.519,-0.184,-1.674,0.000,295,E,0,,,,264,8.49,0
24,216.173,"Mount",-0.187,-2.308,-2.256,-0.174,-1.564,0.000,276,E,0,,,,284,9.06,0
25,225.125,"Mount",-0.123,-1.705,-1.669,-0.113,-1.052,0.000,186,E,0,,,,359,10.18,0
26,233.826,"DROP",,,,,,,,,,,,,0,0.00,2,"Star lost - low SNR"
26,233.854,"Mount",0.000,0.000,0.015,0.000,0.015,0.000,3,W,0,,,,359,10.18,2
27,243.175,"Mount",-0.116,-2.565,-2.521,-0.101,-1.473,0.000,260,E,0,,,,263,8.77,0
28,252.271,"Mount",-0.284,-3.264,-3.188,-0.265,-1.906,0.000,336,E,0,,,,262,8.67,0
29,261.175,"Mount",-0.151,-2.241,-2.195,-0.138,-1.393,0.000,246,E,0,,,,293,8.99,0
30,270.144,"Mount",-0.054,-2.215,-2.184,-0.041,-1.315,0.000,232,E,0,,,,290,9.07,0
31,279.159,"Mount",-0.176,-2.151,-2.102,-0.164,-1.373,0.000,242,E,0,,,,214,7.75,0
32,287.818,"DROP",,,,,,,,,,,,,0,0.00,2,"Star lost - low SNR"
32,287.920,"Mount",0.000,0.000,0.058,0.000,0.058,0.000,10,W,0,,,,214,7.75,2
33,297.193,"Mount",-0.113,-2.775,-2.729,-0.097,-1.683,0.000,297,E,0,,,,222,7.75,0
34,306.129,"Mount",-0.151,-2.405,-2.357,-0.137,-1.529,0.000,270,E,0,,,,392,10.95,0
35,316.360,"Mount",-0.332,-12.740,-12.555,-0.259,-7.777,0.000,1373,E,0,,,,266,8.72,0
36,323.804,"DROP",,,,,,,,,,,,,0,0.00,4,"Star lost - low HFD"
36,323.924,"Mount",0.000,0.000,0.290,0.000,0.290,0.000,51,W,0,,,,266,8.72,4
37,332.805,"DROP",,,,,,,,,,,,,0,0.00,2,"Star lost - low SNR"
37,332.889,"Mount",0.000,0.000,0.129,0.000,0.129,0.000,23,W,0,,,,266,8.72,2
38,341.827,"DROP",,,,,,,,,,,,,0,0.00,2,"Star lost - low SNR"
38,341.906,"Mount",0.000,0.000,0.216,0.000,0.216,0.000,38,W,0,,,,266,8.72,2
39,350.830,"DROP",,,,,,,,,,,,,0,0.00,2,"Star lost - low SNR"
39,350.906,"Mount",0.000,0.000,0.059,0.000,0.059,0.000,10,W,0,,,,266,8.72,2
40,359.784,"DROP",,,,,,,,,,,,,0,0.00,2,"Star lost - low SNR"
40,359.874,"Mount",0.000,0.000,-0.129,0.000,-0.129,0.000,23,E,0,,,,266,8.72,2
41,368.830,"DROP",,,,,,,,,,,,,0,0.00,4,"Star lost - low HFD"
41,368.926,"Mount",0.000,0.000,-0.073,0.000,-0.073,0.000,13,E,0,,,,266,8.72,4
42,377.829,"DROP",,,,,,,,,,,,,0,0.00,4,"Star lost - low HFD"
42,377.982,"Mount",0.000,0.000,0.274,0.000,0.274,0.000,48,W,0,,,,266,8.72,4
43,386.798,"DROP",,,,,,,,,,,,,0,0.00,2,"Star lost - low SNR"
43,386.828,"Mount",0.000,0.000,-0.021,0.000,-0.021,0.000,4,E,0,,,,266,8.72,2
44,395.775,"DROP",,,,,,,,,,,,,0,0.00,2,"Star lost - low SNR"
44,395.812,"Mount",0.000,0.000,-0.014,0.000,-0.014,0.000,3,E,0,,,,266,8.72,2
45,404.827,"DROP",,,,,,,,,,,,,0,0.00,2,"Star lost - low SNR"
45,404.860,"Mount",0.000,0.000,-0.044,0.000,-0.044,0.000,8,E,0,,,,266,8.72,2
46,413.822,"DROP",,,,,,,,,,,,,0,0.00,2,"Star lost - low SNR"
46,413.919,"Mount",0.000,0.000,0.102,0.000,0.102,0.000,18,W,0,,,,266,8.72,2
47,422.826,"DROP",,,,,,,,,,,,,0,0.00,2,"Star lost - low SNR"
47,422.924,"Mount",0.000,0.000,0.139,0.000,0.139,0.000,25,W,0,,,,266,8.72,2
48,431.787,"DROP",,,,,,,,,,,,,0,0.00,2,"Star lost - low SNR"
48,431.924,"Mount",0.000,0.000,0.248,0.000,0.248,0.000,44,W,0,,,,266,8.72,2
49,440.808,"DROP",,,,,,,,,,,,,0,0.00,2,"Star lost - low SNR"
49,440.930,"Mount",0.000,0.000,0.091,0.000,0.091,0.000,16,W,0,,,,266,8.72,2
50,449.800,"DROP",,,,,,,,,,,,,0,0.00,2,"Star lost - low SNR"
50,449.924,"Mount",0.000,0.000,0.245,0.000,0.245,0.000,43,W,0,,,,266,8.72,2
51,458.776,"DROP",,,,,,,,,,,,,0,0.00,2,"Star lost - low SNR"
51,458.928,"Mount",0.000,0.000,0.440,0.000,0.440,0.000,78,W,0,,,,266,8.72,2
52,467.794,"DROP",,,,,,,,,,,,,0,0.00,2,"Star lost - low SNR"
52,467.876,"Mount",0.000,0.000,-0.196,0.000,-0.196,0.000,35,E,0,,,,266,8.72,2
53,476.804,"DROP",,,,,,,,,,,,,0,0.00,2,"Star lost - low SNR"
53,476.845,"Mount",0.000,0.000,-0.035,0.000,-0.035,0.000,6,E,0,,,,266,8.72,2
54,485.771,"DROP",,,,,,,,,,,,,0,0.00,2,"Star lost - low SNR"
54,485.877,"Mount",0.000,0.000,0.206,0.000,0.206,0.000,36,W,0,,,,266,8.72,2
55,494.798,"DROP",,,,,,,,,,,,,0,0.00,2,"Star lost - low SNR"
55,494.830,"Mount",0.000,0.000,-0.042,0.000,-0.042,0.000,7,E,0,,,,266,8.72,2
56,503.755,"DROP",,,,,,,,,,,,,0,0.00,2,"Star lost - low SNR"
56,503.782,"Mount",0.000,0.000,0.015,0.000,0.015,0.000,3,W,0,,,,266,8.72,2
57,512.757,"DROP",,,,,,,,,,,,,0,0.00,2,"Star lost - low SNR"
57,512.879,"Mount",0.000,0.000,0.288,0.000,0.288,0.000,51,W,0,,,,266,8.72,2
58,521.781,"DROP",,,,,,,,,,,,,0,0.00,2,"Star lost - low SNR"
58,521.861,"Mount",0.000,0.000,0.167,0.000,0.167,0.000,29,W,0,,,,266,8.72,2
59,530.798,"DROP",,,,,,,,,,,,,0,0.00,4,"Star lost - low HFD"
59,530.894,"Mount",0.000,0.000,0.125,0.000,0.125,0.000,22,W,0,,,,266,8.72,4
60,539.755,"DROP",,,,,,,,,,,,,0,0.00,2,"Star lost - low SNR"
60,539.831,"Mount",0.000,0.000,-0.109,0.000,-0.109,0.000,19,E,0,,,,266,8.72,2
61,548.778,"DROP",,,,,,,,,,,,,0,0.00,2,"Star lost - low SNR"
61,548.863,"Mount",0.000,0.000,0.162,0.000,0.162,0.000,29,W,0,,,,266,8.72,2
62,557.750,"DROP",,,,,,,,,,,,,0,0.00,2,"Star lost - low SNR"
62,557.847,"Mount",0.000,0.000,-0.116,0.000,-0.116,0.000,20,E,0,,,,266,8.72,2
63,566.738,"DROP",,,,,,,,,,,,,0,0.00,2,"Star lost - low SNR"
63,566.748,"Mount",0.000,0.000,-0.002,0.000,-0.002,0.000,0,,0,,,,266,8.72,2
64,575.803,"DROP",,,,,,,,,,,,,0,0.00,2,"Star lost - low SNR"
64,575.832,"Mount",0.000,0.000,-0.024,0.000,-0.024,0.000,4,E,0,,,,266,8.72,2
65,584.767,"DROP",,,,,,,,,,,,,0,0.00,2,"Star lost - low SNR"
65,584.897,"Mount",0.000,0.000,0.234,0.000,0.234,0.000,41,W,0,,,,266,8.72,2
66,593.769,"DROP",,,,,,,,,,,,,0,0.00,4,"Star lost - low HFD"
66,593.779,"Mount",0.000,0.000,-0.000,0.000,-0.000,0.000,0,,0,,,,266,8.72,4
67,602.747,"DROP",,,,,,,,,,,,,0,0.00,2,"Star lost - low SNR"
67,602.849,"Mount",0.000,0.000,-0.154,0.000,-0.154,0.000,27,E,0,,,,266,8.72,2
68,611.722,"DROP",,,,,,,,,,,,,0,0.00,2,"Star lost - low SNR"
68,611.850,"Mount",0.000,0.000,0.145,0.000,0.145,0.000,26,W,0,,,,266,8.72,2
69,620.741,"DROP",,,,,,,,,,,,,0,0.00,2,"Star lost - low SNR"
69,620.867,"Mount",0.000,0.000,0.248,0.000,0.248,0.000,44,W,0,,,,266,8.72,2
Guiding Ends at 2026-08-16 03:59:16

Guiding Begins at 2026-08-16 04:02:31
Equipment Profile = QHY5 EQASCOM OAG
Dither = both axes, Dither scale = 1.000, Image noise reduction = 2x2 mean, Guide-frame time lapse = 0, Server enabled
Pixel scale = 1.05 arc-sec/px, Binning = 1, Focal length = 1018 mm
Search region = 24 px, Star mass tolerance = 90.0%, Multi-star mode, list size = 9
 Camera = QHY5II-M-10d7d910f33c7354, gain = 90, full size = 1280 x 1024, have dark, dark dur = 3000, no defect map, pixel size = 5.2 um
Exposure = 3000 ms
Mount = EQMOD HEQ5/6 (ASCOM), connected, guiding enabled, xAngle = 98.4, xRate = 5.664, yAngle = 17.1, yRate = 6.929, parity = +/+
Norm rates RA = 7.0"/s @ dec 0, Dec = 7.3"/s; ortho.err. = 8.7 deg
X guide algorithm = Predictive PEC, Control gain = 0.630
Prediction gain = 0.430
Minimum move = 0.330
Hyperparameters
	Length scale long range SE kernel = 700.000
	Signal variance long range SE kernel = 20.000
	Length scale periodic kernel = 10.000
	Signal variance periodic kernel = 20.000
	Length scale short range SE kernel = 25.000
	Signal variance short range SE kernel = 10.000
	Period length periodic kernel = 628.145
	FFT called after = 2.000 worm cycles
	Auto-adjust period length = On
Y guide algorithm = Resist Switch, Minimum move = 0.300 Aggression = 70% FastSwitch = disabled
Backlash comp = disabled, pulse = 495 ms
Max RA duration = 2500, Max DEC duration = 2500, DEC guide mode = Auto
RA Guide Speed = 7.5 a-s/s, Dec Guide Speed = 7.5 a-s/s, Cal Dec = 0.0, Last Cal Issue = None, Timestamp = 7/7/2026 10:36:27 PM
RA = 20.91 hr, Dec = 31.1 deg, Hour angle = 3.62 hr, Pier side = East, Rotator pos = N/A, Alt = 45.5 deg, Az = 262.8 deg
Lock position = 717.596, 700.249, Star position = 717.596, 700.249, HFD = 3.75 px
Frame,Time,mount,dx,dy,RARawDistance,DECRawDistance,RAGuideDistance,DECGuideDistance,RADuration,RADirection,DECDuration,DECDirection,XStep,YStep,StarMass,SNR,ErrorCode
INFO: SETTLING STATE CHANGE, Settling started
1,9.003,"Mount",-0.216,0.579,0.604,-0.219,0.381,0.000,67,W,0,,,,301,9.24,0
INFO: SETTLING STATE CHANGE, Settling complete
2,18.066,"Mount",-0.147,0.392,0.410,-0.150,0.258,0.000,46,W,0,,,,260,8.59,0
3,27.003,"Mount",-0.093,0.508,0.516,-0.096,0.325,0.000,57,W,0,,,,295,9.29,0
4,35.987,"Mount",-0.109,0.202,0.216,-0.111,0.075,0.000,13,W,0,,,,223,7.94,0
5,44.972,"Mount",-0.092,0.326,0.336,-0.094,0.168,0.000,30,W,0,,,,345,10.07,0
6,53.909,"DROP",,,,,,,,,,,,,0,0.00,5,"No star found"
6,54.002,"Mount",0.000,0.000,-0.166,0.000,-0.166,0.000,29,E,0,,,,345,10.07,5
7,63.021,"Mount",-0.189,0.809,0.828,-0.193,0.471,0.000,83,W,0,,,,279,8.96,0
8,72.037,"Mount",-0.122,0.725,0.735,-0.126,0.380,0.000,67,W,0,,,,293,9.40,0
9,81.071,"Mount",-0.189,1.270,1.284,-0.196,0.738,0.000,130,W,0,,,,357,10.53,0
10,90.038,"Mount",-0.129,0.729,0.740,-0.133,0.427,0.000,75,W,0,,,,344,10.13,0
11,98.869,"DROP",,,,,,,,,,,,,0,0.00,5,"No star found"
11,98.943,"Mount",0.000,0.000,-0.085,0.000,-0.085,0.000,15,E,0,,,,344,10.13,5
12,107.965,"Mount",-0.225,-0.170,-0.135,-0.224,0.051,0.000,9,W,0,,,,329,9.89,0
13,116.868,"DROP",,,,,,,,,,,,,0,0.00,5,"No star found"
13,116.943,"Mount",0.000,0.000,-0.112,0.000,-0.112,0.000,20,E,0,,,,329,9.89,5
14,125.894,"Mount",-0.029,0.296,0.297,-0.030,0.001,0.000,0,,0,,,,328,10.12,0
15,134.869,"DROP",,,,,,,,,,,,,0,0.00,5,"No star found"
15,134.896,"Mount",0.000,0.000,0.033,0.000,0.033,0.000,6,W,0,,,,328,10.12,5
16,143.892,"DROP",,,,,,,,,,,,,0,0.00,5,"No star found"
16,143.992,"Mount",0.000,0.000,-0.230,0.000,-0.230,0.000,41,E,0,,,,328,10.12,5
17,152.903,"Mount",0.006,-0.053,-0.053,0.007,0.038,0.000,7,W,0,,,,284,9.24,0
18,161.977,"Mount",-0.000,-0.028,-0.028,-0.000,-0.063,0.000,11,E,0,,,,388,10.79,0
19,170.852,"DROP",,,,,,,,,,,,,0,0.00,5,"No star found"
19,170.961,"Mount",0.000,0.000,0.291,0.000,0.291,0.000,51,W,0,,,,388,10.79,5
20,179.973,"Mount",-0.064,-0.076,-0.066,-0.063,0.173,0.000,30,W,0,,,,391,11.00,0
21,188.897,"Mount",-0.011,-0.045,-0.042,-0.011,-0.045,0.000,8,E,0,,,,272,9.00,0
22,197.993,"Mount",-0.049,0.174,0.179,-0.050,-0.084,0.000,15,E,0,,,,215,8.00,0
23,206.945,"Mount",0.095,0.113,0.098,0.095,0.095,0.000,17,W,0,,,,344,10.28,0
24,215.970,"Mount",0.041,0.199,0.191,0.039,0.101,0.000,18,W,0,,,,340,9.97,0
25,224.902,"Mount",-0.037,-0.139,-0.133,-0.036,0.011,0.000,2,W,0,,,,328,9.71,0
26,233.901,"Mount",-0.030,0.021,0.025,-0.030,-0.046,0.000,8,E,0,,,,280,9.10,0
27,242.885,"Mount",-0.008,0.163,0.162,-0.009,-0.010,0.000,2,E,0,,,,283,9.16,0
28,251.887,"Mount",0.059,-0.067,-0.075,0.059,0.042,0.000,7,W,0,,,,288,9.19,0
29,260.931,"Mount",0.002,0.256,0.253,0.000,-0.084,0.000,15,E,0,,,,301,9.35,0
30,269.972,"Mount",-0.023,0.357,0.356,-0.025,0.275,0.000,49,W,0,,,,341,10.24,0
31,278.884,"Mount",0.002,0.085,0.083,0.002,-0.011,0.000,2,E,0,,,,370,10.77,0
32,287.949,"Mount",-0.029,-0.055,-0.050,-0.028,-0.084,0.000,15,E,0,,,,240,8.30,0
33,296.842,"DROP",,,,,,,,,,,,,0,0.00,5,"No star found"
33,296.868,"Mount",0.000,0.000,-0.026,0.000,-0.026,0.000,5,E,0,,,,240,8.30,5
34,305.997,"Mount",-0.031,-0.202,-0.195,-0.030,0.114,0.000,20,W,0,,,,269,8.97,0
35,317.413,"Mount",-0.033,-23.875,-23.615,0.105,-14.851,0.000,2500,E,0,,,,201,7.57,0
36,323.854,"DROP",,,,,,,,,,,,,0,0.00,4,"Star lost - low HFD"
36,323.934,"Mount",0.000,0.000,-0.209,0.000,-0.209,0.000,37,E,0,,,,201,7.57,4
37,332.829,"DROP",,,,,,,,,,,,,0,0.00,2,"Star lost - low SNR"
37,332.935,"Mount",0.000,0.000,-0.115,0.000,-0.115,0.000,20,E,0,,,,201,7.57,2
38,341.827,"DROP",,,,,,,,,,,,,0,0.00,4,"Star lost - low HFD"
38,341.950,"Mount",0.000,0.000,-0.234,0.000,-0.234,0.000,41,E,0,,,,201,7.57,4
39,350.818,"DROP",,,,,,,,,,,,,0,0.00,4,"Star lost - low HFD"
39,350.919,"Mount",0.000,0.000,-0.114,0.000,-0.114,0.000,20,E,0,,,,201,7.57,4
40,359.812,"DROP",,,,,,,,,,,,,0,0.00,4,"Star lost - low HFD"
40,359.888,"Mount",0.000,0.000,0.130,0.000,0.130,0.000,23,W,0,,,,201,7.57,4
41,368.835,"DROP",,,,,,,,,,,,,0,0.00,4,"Star lost - low HFD"
41,368.873,"Mount",0.000,0.000,-0.022,0.000,-0.022,0.000,4,E,0,,,,201,7.57,4
42,377.828,"DROP",,,,,,,,,,,,,0,0.00,4,"Star lost - low HFD"
42,377.954,"Mount",0.000,0.000,0.258,0.000,0.258,0.000,46,W,0,,,,201,7.57,4
43,386.823,"DROP",,,,,,,,,,,,,0,0.00,2,"Star lost - low SNR"
43,387.000,"Mount",0.000,0.000,0.749,0.000,0.749,0.000,132,W,0,,,,201,7.57,2
44,395.828,"DROP",,,,,,,,,,,,,0,0.00,4,"Star lost - low HFD"
44,395.889,"Mount",0.000,0.000,-0.035,0.000,-0.035,0.000,6,E,0,,,,201,7.57,4
45,404.798,"DROP",,,,,,,,,,,,,0,0.00,2,"Star lost - low SNR"
45,404.905,"Mount",0.000,0.000,0.219,0.000,0.219,0.000,39,W,0,,,,201,7.57,2
46,413.832,"DROP",,,,,,,,,,,,,0,0.00,2,"Star lost - low SNR"
46,413.922,"Mount",0.000,0.000,0.221,0.000,0.221,0.000,39,W,0,,,,201,7.57,2
47,422.811,"DROP",,,,,,,,,,,,,0,0.00,2,"Star lost - low SNR"
47,422.969,"Mount",0.000,0.000,0.490,0.000,0.490,0.000,87,W,0,,,,201,7.57,2
48,431.838,"DROP",,,,,,,,,,,,,0,0.00,2,"Star lost - low SNR"
48,432.050,"Mount",0.000,0.000,0.807,0.000,0.807,0.000,142,W,0,,,,201,7.57,2
49,440.811,"DROP",,,,,,,,,,,,,0,0.00,4,"Star lost - low HFD"
49,440.890,"Mount",0.000,0.000,0.139,0.000,0.139,0.000,25,W,0,,,,201,7.57,4
50,449.804,"DROP",,,,,,,,,,,,,0,0.00,4,"Star lost - low HFD"
50,449.907,"Mount",0.000,0.000,0.197,0.000,0.197,0.000,35,W,0,,,,201,7.57,4
51,458.825,"DROP",,,,,,,,,,,,,0,0.00,2,"Star lost - low SNR"
51,458.942,"Mount",0.000,0.000,0.379,0.000,0.379,0.000,67,W,0,,,,201,7.57,2
52,467.801,"DROP",,,,,,,,,,,,,0,0.00,2,"Star lost - low SNR"
52,467.892,"Mount",0.000,0.000,0.083,0.000,0.083,0.000,15,W,0,,,,201,7.57,2
53,476.817,"DROP",,,,,,,,,,,,,0,0.00,2,"Star lost - low SNR"
53,476.892,"Mount",0.000,0.000,0.161,0.000,0.161,0.000,29,W,0,,,,201,7.57,2
54,485.799,"DROP",,,,,,,,,,,,,0,0.00,2,"Star lost - low SNR"
54,486.004,"Mount",0.000,0.000,0.696,0.000,0.696,0.000,123,W,0,,,,201,7.57,2
55,494.811,"DROP",,,,,,,,,,,,,0,0.00,2,"Star lost - low SNR"
55,494.892,"Mount",0.000,0.000,0.199,0.000,0.199,0.000,35,W,0,,,,201,7.57,2
56,503.770,"DROP",,,,,,,,,,,,,0,0.00,4,"Star lost - low HFD"
56,503.910,"Mount",0.000,0.000,0.402,0.000,0.402,0.000,71,W,0,,,,201,7.57,4
57,512.810,"DROP",,,,,,,,,,,,,0,0.00,2,"Star lost - low SNR"
57,512.893,"Mount",0.000,0.000,-0.137,0.000,-0.137,0.000,24,E,0,,,,201,7.57,2
58,521.800,"DROP",,,,,,,,,,,,,0,0.00,2,"Star lost - low SNR"
58,521.830,"Mount",0.000,0.000,0.013,0.000,0.013,0.000,2,W,0,,,,201,7.57,2
59,530.799,"DROP",,,,,,,,,,,,,0,0.00,4,"Star lost - low HFD"
59,530.910,"Mount",0.000,0.000,0.254,0.000,0.254,0.000,45,W,0,,,,201,7.57,4
60,539.804,"DROP",,,,,,,,,,,,,0,0.00,2,"Star lost - low SNR"
60,539.921,"Mount",0.000,0.000,0.071,0.000,0.071,0.000,13,W,0,,,,201,7.57,2
61,548.804,"DROP",,,,,,,,,,,,,0,0.00,2,"Star lost - low SNR"
61,548.878,"Mount",0.000,0.000,-0.096,0.000,-0.096,0.000,17,E,0,,,,201,7.57,2
62,557.798,"DROP",,,,,,,,,,,,,0,0.00,2,"Star lost - low SNR"
62,557.879,"Mount",0.000,0.000,0.118,0.000,0.118,0.000,21,W,0,,,,201,7.57,2
63,566.785,"DROP",,,,,,,,,,,,,0,0.00,2,"Star lost - low SNR"
63,566.881,"Mount",0.000,0.000,0.226,0.000,0.226,0.000,40,W,0,,,,201,7.57,2
64,575.777,"DROP",,,,,,,,,,,,,0,0.00,2,"Star lost - low SNR"
64,575.899,"Mount",0.000,0.000,0.094,0.000,0.094,0.000,17,W,0,,,,201,7.57,2
65,584.806,"DROP",,,,,,,,,,,,,0,0.00,2,"Star lost - low SNR"
65,584.946,"Mount",0.000,0.000,0.556,0.000,0.556,0.000,98,W,0,,,,201,7.57,2
66,593.772,"DROP",,,,,,,,,,,,,0,0.00,2,"Star lost - low SNR"
66,593.848,"Mount",0.000,0.000,0.189,0.000,0.189,0.000,33,W,0,,,,201,7.57,2
67,602.766,"DROP",,,,,,,,,,,,,0,0.00,2,"Star lost - low SNR"
67,602.912,"Mount",0.000,0.000,0.514,0.000,0.514,0.000,91,W,0,,,,201,7.57,2
68,611.770,"DROP",,,,,,,,,,,,,0,0.00,2,"Star lost - low SNR"
68,611.881,"Mount",0.000,0.000,0.374,0.000,0.374,0.000,66,W,0,,,,201,7.57,2
69,620.777,"DROP",,,,,,,,,,,,,0,0.00,2,"Star lost - low SNR"
69,620.944,"Mount",0.000,0.000,0.618,0.000,0.618,0.000,109,W,0,,,,201,7.57,2
70,629.748,"DROP",,,,,,,,,,,,,0,0.00,2,"Star lost - low SNR"
70,630.009,"Mount",0.000,0.000,1.104,0.000,1.104,0.000,195,W,0,,,,201,7.57,2
Guiding Ends at 2026-08-16 04:13:10

Guiding Begins at 2026-08-16 04:23:46
Equipment Profile = QHY5 EQASCOM OAG
Dither = both axes, Dither scale = 1.000, Image noise reduction = 2x2 mean, Guide-frame time lapse = 0, Server enabled
Pixel scale = 1.05 arc-sec/px, Binning = 1, Focal length = 1018 mm
Search region = 24 px, Star mass tolerance = 90.0%, Multi-star mode, list size = 10
 Camera = QHY5II-M-10d7d910f33c7354, gain = 90, full size = 1280 x 1024, have dark, dark dur = 3000, no defect map, pixel size = 5.2 um
Exposure = 3000 ms
Mount = EQMOD HEQ5/6 (ASCOM), connected, guiding enabled, xAngle = 98.4, xRate = 5.664, yAngle = 17.1, yRate = 6.929, parity = +/+
Norm rates RA = 7.0"/s @ dec 0, Dec = 7.3"/s; ortho.err. = 8.7 deg
X guide algorithm = Predictive PEC, Control gain = 0.630
Prediction gain = 0.430
Minimum move = 0.330
Hyperparameters
	Length scale long range SE kernel = 700.000
	Signal variance long range SE kernel = 20.000
	Length scale periodic kernel = 10.000
	Signal variance periodic kernel = 20.000
	Length scale short range SE kernel = 25.000
	Signal variance short range SE kernel = 10.000
	Period length periodic kernel = 876.189
	FFT called after = 2.000 worm cycles
	Auto-adjust period length = On
Y guide algorithm = Resist Switch, Minimum move = 0.300 Aggression = 70% FastSwitch = disabled
Backlash comp = disabled, pulse = 495 ms
Max RA duration = 2500, Max DEC duration = 2500, DEC guide mode = Auto
RA Guide Speed = 7.5 a-s/s, Dec Guide Speed = 7.5 a-s/s, Cal Dec = 0.0, Last Cal Issue = None, Timestamp = 7/7/2026 10:36:27 PM
RA = 20.91 hr, Dec = 31.1 deg, Hour angle = 3.97 hr, Pier side = East, Rotator pos = N/A, Alt = 42.3 deg, Az = 267.3 deg
Lock position = 1105.549, 565.800, Star position = 1105.549, 565.800, HFD = 3.71 px
Frame,Time,mount,dx,dy,RARawDistance,DECRawDistance,RAGuideDistance,DECGuideDistance,RADuration,RADirection,DECDuration,DECDirection,XStep,YStep,StarMass,SNR,ErrorCode
INFO: SETTLING STATE CHANGE, Settling started
1,8.844,"Mount",0.279,-0.104,-0.143,0.279,0.000,0.000,0,,0,,,,3727,38.36,0
INFO: SETTLING STATE CHANGE, Settling complete
2,17.873,"Mount",0.235,-0.296,-0.327,0.236,0.000,0.000,0,,0,,,,2155,27.69,0
3,27.038,"Mount",0.665,-0.775,-0.863,0.669,-0.544,0.000,96,E,0,,,,1955,26.59,0
4,35.840,"DROP",,,,,,,,,,,,,186,7.24,7,"Star lost - mass changed"
5,45.102,"Mount",0.933,-1.393,-1.514,0.941,-0.954,0.000,168,E,0,,,,1291,20.88,0
6,54.150,"Mount",0.379,-0.508,-0.558,0.382,-0.352,0.267,62,E,39,S,,,2784,32.63,0
7,63.054,"Mount",0.746,-0.094,-0.202,0.746,0.000,0.522,0,,75,S,,,3009,34.29,0
8,71.867,"DROP",,,,,,,,,,,,,5624,47.78,7,"Star lost - mass changed"
9,80.863,"DROP",,,,,,,,,,,,,6360,50.87,7,"Star lost - mass changed"
10,89.877,"DROP",,,,,,,,,,,,,6451,51.22,7,"Star lost - mass changed"
11,98.901,"Mount",-0.077,-0.120,-0.107,-0.076,-0.006,0.000,1,E,0,,,,9589,63.23,0
12,108.072,"Mount",-0.207,0.675,0.698,-0.211,0.392,0.000,69,W,0,,,,7336,55.07,0
13,117.055,"Mount",-0.079,1.042,1.042,-0.085,0.588,0.000,104,W,0,,,,7148,54.22,0
14,126.041,"Mount",-0.313,1.142,1.175,-0.319,0.689,0.000,122,W,0,,,,8688,60.24,0
15,135.073,"Mount",-0.040,1.662,1.650,-0.049,0.972,0.000,172,W,0,,,,9033,61.25,0
16,143.851,"Mount",0.145,0.117,0.094,0.144,-0.002,0.000,0,,0,,,,6403,50.63,0
17,152.855,"Mount",0.206,-0.057,-0.087,0.207,-0.019,0.000,3,E,0,,,,6477,51.70,0
18,161.946,"Mount",0.182,-0.419,-0.441,0.185,-0.257,0.000,45,E,0,,,,9821,63.73,0
19,170.828,"Mount",0.095,-0.177,-0.189,0.096,-0.000,0.000,0,,0,,,,8818,60.28,0
20,180.106,"Mount",0.425,-0.532,-0.588,0.428,-0.353,0.299,62,E,43,S,,,10243,64.94,0
21,189.154,"Mount",0.513,-0.889,-0.954,0.518,-0.556,0.362,98,E,52,S,,,9509,62.89,0
22,197.963,"Mount",0.083,-0.731,-0.736,0.087,-0.450,0.000,79,E,0,,,,10440,65.45,0
23,206.988,"Mount",0.010,-0.804,-0.797,0.015,-0.479,0.000,85,E,0,,,,3987,39.67,0
24,215.947,"Mount",-0.006,-0.867,-0.857,-0.001,-0.519,0.000,92,E,0,,,,9532,62.53,0
25,224.853,"Mount",0.104,-0.075,-0.090,0.104,-0.004,0.000,1,E,0,,,,7752,56.11,0
26,233.884,"Mount",0.092,0.412,0.394,0.089,0.228,0.000,40,W,0,,,,5598,47.73,0
27,242.948,"Mount",-0.061,0.470,0.474,-0.064,0.274,0.000,48,W,0,,,,1365,21.85,0
28,251.933,"Mount",0.027,0.544,0.535,0.024,0.311,0.000,55,W,0,,,,1997,27.82,0
29,260.933,"Mount",-0.074,0.448,0.454,-0.077,0.285,0.000,50,W,0,,,,4506,42.21,0
30,269.890,"Mount",-0.071,0.379,0.385,-0.073,0.239,0.000,42,W,0,,,,5425,47.00,0
31,278.950,"Mount",0.055,0.962,0.944,0.049,0.553,0.000,98,W,0,,,,8781,59.47,0
32,288.110,"Mount",0.417,0.850,0.780,0.412,0.490,0.289,86,W,42,S,,,7800,56.40,0
33,296.935,"Mount",-0.134,0.676,0.688,-0.138,0.413,0.000,73,W,0,,,,4353,41.22,0
34,305.933,"Mount",0.115,0.532,0.509,0.112,0.305,0.000,54,W,0,,,,4722,43.23,0
35,314.985,"Mount",0.304,0.275,0.228,0.302,0.002,0.211,0,,31,S,,,8281,57.42,0
36,324.113,"Mount",0.328,0.617,0.562,0.325,0.319,0.227,56,W,33,S,,,8523,59.24,0
37,332.808,"Mount",0.202,0.294,0.261,0.200,0.011,0.000,2,W,0,,,,5746,48.22,0
38,341.808,"Mount",0.122,0.121,0.101,0.121,-0.012,0.000,2,E,0,,,,4255,41.04,0
39,350.799,"Mount",0.056,-0.239,-0.245,0.057,-0.020,0.000,3,E,0,,,,2072,27.23,0
40,359.889,"Mount",0.217,-0.460,-0.487,0.220,-0.285,0.000,50,E,0,,,,2294,29.29,0
41,368.794,"Mount",0.278,-0.278,-0.316,0.280,-0.004,0.000,1,E,0,,,,1681,24.24,0
42,378.049,"Mount",0.298,-0.656,-0.692,0.302,-0.414,0.211,73,E,30,S,,,2684,31.75,0
43,386.906,"Mount",0.235,-0.898,-0.923,0.241,-0.540,0.000,95,E,0,,,,3147,35.04,0
44,395.907,"Mount",0.260,-0.754,-0.784,0.264,-0.479,0.000,85,E,0,,,,6360,50.42,0
45,407.782,"DROP",,,,,,,,,,,,,8986,61.20,7,"Star lost - mass changed"
46,416.849,"Mount",0.171,-0.333,-0.355,0.172,-0.208,0.000,37,E,0,,,,514,12.71,0
47,425.741,"DROP",,,,,,,,,,,,,0,0.00,2,"Star lost - low SNR"
48,434.804,"Mount",0.236,0.008,-0.026,0.236,0.007,0.000,1,W,0,,,,587,13.26,0
49,444.058,"Mount",0.424,0.458,0.391,0.421,0.235,0.295,41,W,43,S,,,3353,36.46,0
50,452.787,"Mount",0.094,-0.021,-0.034,0.094,0.011,0.000,2,W,0,,,,3260,34.89,0
51,461.947,"Mount",0.383,0.204,0.146,0.382,0.012,0.267,2,W,39,S,,,2199,28.70,0
52,470.790,"Mount",0.191,0.149,0.119,0.190,0.012,0.000,2,W,0,,,,5084,44.69,0
53,479.788,"Mount",-0.066,0.225,0.232,-0.068,0.009,0.000,2,W,0,,,,1276,20.45,0
54,488.773,"Mount",0.019,-0.023,-0.026,0.019,0.011,0.000,2,W,0,,,,766,15.45,0
55,497.920,"Mount",0.100,0.663,0.641,0.096,0.366,0.000,65,W,0,,,,3682,37.84,0
56,506.797,"Mount",0.040,0.202,0.194,0.039,0.031,0.000,6,W,0,,,,2231,28.52,0
57,515.754,"DROP",,,,,,,,,,,,,0,0.00,3,"Star lost - low mass"
58,524.765,"DROP",,,,,,,,,,,,,0,0.00,3,"Star lost - low mass"
59,533.965,"Mount",0.373,0.248,0.191,0.371,0.008,0.260,1,W,37,S,,,2679,31.67,0
60,545.722,"DROP",,,,,,,,,,,,,0,0.00,3,"Star lost - low mass"
61,554.908,"Mount",0.387,-0.225,-0.279,0.388,0.011,0.272,2,W,39,S,,,991,18.02,0
62,563.733,"DROP",,,,,,,,,,,,,0,0.00,3,"Star lost - low mass"
63,572.746,"DROP",,,,,,,,,,,,,0,0.00,3,"Star lost - low mass"
64,581.738,"DROP",,,,,,,,,,,,,0,0.00,3,"Star lost - low mass"
65,590.724,"DROP",,,,,,,,,,,,,0,0.00,3,"Star lost - low mass"
66,599.721,"DROP",,,,,,,,,,,,,0,0.00,2,"Star lost - low SNR"
67,608.699,"DROP",,,,,,,,,,,,,0,0.00,3,"Star lost - low mass"
68,617.774,"Mount",0.184,-0.047,-0.073,0.184,0.004,0.000,1,W,0,,,,492,12.23,0
69,626.735,"Mount",-0.054,0.010,0.018,-0.054,0.004,0.000,1,W,0,,,,834,16.04,0
INFO: SET LOCK POSITION, new lock pos = 1105.549, 565.800
INFO: DITHER by -0.599, 1.584, new lock pos = 1107.204, 565.439
INFO: SETTLING STATE CHANGE, Settling started
70,636.295,"Mount",-1.654,0.362,0.599,-1.584,0.599,-1.584,106,W,229,N,,,312,9.38,0
71,644.725,"DROP",,,,,,,,,,,,,0,0.00,3,"Star lost - low mass"
72,653.980,"Mount",0.093,-1.937,-1.930,0.104,-1.216,0.000,215,E,0,,,,282,9.07,0
73,662.694,"DROP",,,,,,,,,,,,,0,0.00,3,"Star lost - low mass"
74,671.714,"DROP",,,,,,,,,,,,,0,0.00,2,"Star lost - low SNR"
75,680.731,"DROP",,,,,,,,,,,,,0,0.00,2,"Star lost - low SNR"
76,689.849,"Mount",0.481,-0.670,-0.733,0.485,-0.462,0.000,82,E,0,,,,238,7.82,0
INFO: SETTLING STATE CHANGE, Settling complete
77,698.817,"Mount",0.135,-0.276,-0.293,0.137,-0.184,0.000,33,E,0,,,,438,11.17,0
Guiding Ends at 2026-08-16 04:35:33

Guiding Begins at 2026-08-16 04:46:09
Equipment Profile = QHY5 EQASCOM OAG
Dither = both axes, Dither scale = 1.000, Image noise reduction = 2x2 mean, Guide-frame time lapse = 0, Server enabled
Pixel scale = 1.05 arc-sec/px, Binning = 1, Focal length = 1018 mm
Search region = 24 px, Star mass tolerance = 90.0%, Multi-star mode, list size = 5
 Camera = QHY5II-M-10d7d910f33c7354, gain = 90, full size = 1280 x 1024, have dark, dark dur = 3000, no defect map, pixel size = 5.2 um
Exposure = 3000 ms
Mount = EQMOD HEQ5/6 (ASCOM), connected, guiding enabled, xAngle = 98.4, xRate = 5.664, yAngle = 17.1, yRate = 6.929, parity = +/+
Norm rates RA = 7.0"/s @ dec 0, Dec = 7.3"/s; ortho.err. = 8.7 deg
X guide algorithm = Predictive PEC, Control gain = 0.630
Prediction gain = 0.430
Minimum move = 0.330
Hyperparameters
	Length scale long range SE kernel = 700.000
	Signal variance long range SE kernel = 20.000
	Length scale periodic kernel = 10.000
	Signal variance periodic kernel = 20.000
	Length scale short range SE kernel = 25.000
	Signal variance short range SE kernel = 10.000
	Period length periodic kernel = 876.189
	FFT called after = 2.000 worm cycles
	Auto-adjust period length = On
Y guide algorithm = Resist Switch, Minimum move = 0.300 Aggression = 70% FastSwitch = disabled
Backlash comp = disabled, pulse = 495 ms
Max RA duration = 2500, Max DEC duration = 2500, DEC guide mode = Auto
RA Guide Speed = 7.5 a-s/s, Dec Guide Speed = 7.5 a-s/s, Cal Dec = 0.0, Last Cal Issue = None, Timestamp = 7/7/2026 10:36:27 PM
RA = 20.91 hr, Dec = 31.1 deg, Hour angle = 4.35 hr, Pier side = East, Rotator pos = N/A, Alt = 38.9 deg, Az = 271.8 deg
Lock position = 1119.426, 573.713, Star position = 1119.426, 573.713, HFD = 3.03 px
Frame,Time,mount,dx,dy,RARawDistance,DECRawDistance,RAGuideDistance,DECGuideDistance,RADuration,RADirection,DECDuration,DECDirection,XStep,YStep,StarMass,SNR,ErrorCode
INFO: SETTLING STATE CHANGE, Settling started
1,8.952,"Mount",0.206,0.386,0.351,0.204,0.221,0.000,39,W,0,,,,208,7.50,0
INFO: SETTLING STATE CHANGE, Settling complete
2,17.894,"Mount",0.493,-0.102,-0.173,0.494,0.000,0.000,0,,0,,,,1312,20.93,0
3,26.848,"DROP",,,,,,,,,,,,,7298,53.03,7,"Star lost - mass changed"
4,35.986,"Mount",0.687,-0.613,-0.706,0.691,-0.445,0.000,79,E,0,,,,772,15.19,0
5,45.034,"Mount",0.163,0.813,0.780,0.159,0.492,0.000,87,W,0,,,,627,13.45,0
6,54.115,"Mount",1.073,0.381,0.221,1.071,0.000,0.749,0,,108,S,,,837,15.91,0
7,63.227,"Mount",1.021,0.887,0.728,1.016,0.459,0.711,81,W,103,S,,,887,16.66,0
8,72.132,"Mount",0.447,-0.398,-0.459,0.449,-0.289,0.315,51,E,45,S,,,2041,26.51,0
9,80.845,"DROP",,,,,,,,,,,,,4858,43.17,7,"Star lost - mass changed"
10,89.838,"DROP",,,,,,,,,,,,,6433,50.24,7,"Star lost - mass changed"
11,98.972,"Mount",-0.053,0.868,0.867,-0.058,0.495,0.000,87,W,0,,,,919,16.50,0
12,107.941,"Mount",0.293,0.504,0.456,0.290,0.261,0.000,46,W,0,,,,1956,26.42,0
13,116.973,"Mount",-0.012,0.358,0.356,-0.014,0.234,0.000,41,W,0,,,,2848,32.15,0
14,125.909,"Mount",-0.048,-0.405,-0.394,-0.046,-0.209,0.000,37,E,0,,,,3309,34.76,0
15,135.102,"Mount",0.560,-0.314,-0.393,0.562,-0.210,0.393,37,E,57,S,,,216,7.31,0
16,143.832,"DROP",,,,,,,,,,,,,0,0.00,2,"Star lost - low SNR"
17,153.071,"Mount",0.674,-0.087,-0.185,0.674,0.004,0.472,1,W,68,S,,,1623,23.49,0
18,162.199,"Mount",0.441,-0.759,-0.815,0.445,-0.463,0.312,82,E,45,S,,,4583,41.56,0
19,171.007,"Mount",0.067,-1.485,-1.479,0.076,-0.844,0.000,149,E,0,,,,7138,51.73,0
20,179.840,"Mount",-0.663,-0.013,0.084,-0.663,0.004,0.000,1,W,0,,,,598,13.02,0
21,188.808,"DROP",,,,,,,,,,,,,0,0.00,3,"Star lost - low mass"
22,197.959,"Mount",0.015,0.562,0.554,0.011,0.322,0.000,57,W,0,,,,506,11.82,0
23,206.944,"Mount",-0.168,0.546,0.565,-0.171,0.327,0.000,58,W,0,,,,400,10.52,0
24,215.792,"DROP",,,,,,,,,,,,,0,0.00,2,"Star lost - low SNR"
25,225.344,"Mount",0.770,2.634,2.493,0.755,1.450,0.528,256,W,76,S,,,217,7.54,0
26,233.811,"DROP",,,,,,,,,,,,,0,0.00,2,"Star lost - low SNR"
27,242.840,"DROP",,,,,,,,,,,,,0,0.00,2,"Star lost - low SNR"
28,251.808,"DROP",,,,,,,,,,,,,0,0.00,2,"Star lost - low SNR"
29,260.828,"DROP",,,,,,,,,,,,,0,0.00,2,"Star lost - low SNR"
30,269.784,"DROP",,,,,,,,,,,,,0,0.00,2,"Star lost - low SNR"
31,278.799,"DROP",,,,,,,,,,,,,0,0.00,2,"Star lost - low SNR"
32,287.808,"DROP",,,,,,,,,,,,,0,0.00,2,"Star lost - low SNR"
33,296.831,"DROP",,,,,,,,,,,,,0,0.00,2,"Star lost - low SNR"
34,305.824,"DROP",,,,,,,,,,,,,0,0.00,2,"Star lost - low SNR"
35,314.782,"DROP",,,,,,,,,,,,,0,0.00,2,"Star lost - low SNR"
36,323.798,"DROP",,,,,,,,,,,,,0,0.00,2,"Star lost - low SNR"
37,332.804,"DROP",,,,,,,,,,,,,0,0.00,2,"Star lost - low SNR"
38,341.826,"DROP",,,,,,,,,,,,,0,0.00,2,"Star lost - low SNR"
39,350.770,"DROP",,,,,,,,,,,,,0,0.00,2,"Star lost - low SNR"
40,359.806,"DROP",,,,,,,,,,,,,0,0.00,2,"Star lost - low SNR"
41,368.760,"DROP",,,,,,,,,,,,,0,0.00,2,"Star lost - low SNR"
42,377.777,"DROP",,,,,,,,,,,,,0,0.00,2,"Star lost - low SNR"
43,386.776,"DROP",,,,,,,,,,,,,0,0.00,2,"Star lost - low SNR"
44,395.802,"DROP",,,,,,,,,,,,,0,0.00,2,"Star lost - low SNR"
45,404.772,"DROP",,,,,,,,,,,,,0,0.00,2,"Star lost - low SNR"
46,413.803,"DROP",,,,,,,,,,,,,0,0.00,2,"Star lost - low SNR"
47,422.775,"DROP",,,,,,,,,,,,,0,0.00,2,"Star lost - low SNR"
48,431.766,"DROP",,,,,,,,,,,,,0,0.00,2,"Star lost - low SNR"
49,440.732,"DROP",,,,,,,,,,,,,0,0.00,2,"Star lost - low SNR"
50,449.767,"DROP",,,,,,,,,,,,,0,0.00,2,"Star lost - low SNR"
51,458.765,"DROP",,,,,,,,,,,,,0,0.00,2,"Star lost - low SNR"
52,468.707,"Mount",1.880,5.932,5.595,1.846,3.268,1.292,577,W,186,S,,,212,6.91,0
53,476.778,"DROP",,,,,,,,,,,,,281,8.97,8,"No star found"
54,485.791,"DROP",,,,,,,,,,,,,0,0.00,2,"Star lost - low SNR"
55,494.767,"DROP",,,,,,,,,,,,,0,0.00,2,"Star lost - low SNR"
56,503.716,"DROP",,,,,,,,,,,,,0,0.00,2,"Star lost - low SNR"
57,512.734,"DROP",,,,,,,,,,,,,0,0.00,2,"Star lost - low SNR"
58,522.341,"Mount",1.936,2.155,1.850,1.923,1.082,1.346,191,W,194,S,,,263,8.64,0
59,531.137,"Mount",1.371,0.949,0.739,1.366,0.430,0.956,76,W,138,S,,,566,12.17,0
60,539.728,"DROP",,,,,,,,,,,,,0,0.00,2,"Star lost - low SNR"
61,548.741,"DROP",,,,,,,,,,,,,0,0.00,4,"Star lost - low HFD"
62,557.723,"DROP",,,,,,,,,,,,,0,0.00,2,"Star lost - low SNR"
63,566.717,"DROP",,,,,,,,,,,,,0,0.00,2,"Star lost - low SNR"
64,575.725,"DROP",,,,,,,,,,,,,0,0.00,2,"Star lost - low SNR"
65,584.749,"DROP",,,,,,,,,,,,,0,0.00,2,"Star lost - low SNR"
66,594.313,"Mount",1.705,2.083,1.812,1.693,1.074,1.185,190,W,171,S,,,173,6.47,0
67,603.106,"Mount",0.692,1.109,0.996,0.686,0.591,0.480,104,W,69,S,,,347,9.58,0
68,612.026,"Mount",0.327,-0.393,-0.436,0.329,-0.223,0.231,39,E,33,S,,,229,7.25,0
69,620.716,"DROP",,,,,,,,,,,,,0,0.00,3,"Star lost - low mass"
Guiding Ends at 2026-08-16 04:56:39

Guiding Begins at 2026-08-16 05:01:06
Equipment Profile = QHY5 EQASCOM OAG
Dither = both axes, Dither scale = 1.000, Image noise reduction = 2x2 mean, Guide-frame time lapse = 0, Server enabled
Pixel scale = 1.05 arc-sec/px, Binning = 1, Focal length = 1018 mm
Search region = 24 px, Star mass tolerance = 90.0%, Multi-star mode, list size = 8
 Camera = QHY5II-M-10d7d910f33c7354, gain = 90, full size = 1280 x 1024, have dark, dark dur = 3000, no defect map, pixel size = 5.2 um
Exposure = 3000 ms
Mount = EQMOD HEQ5/6 (ASCOM), connected, guiding enabled, xAngle = 98.4, xRate = 5.665, yAngle = 17.1, yRate = 6.929, parity = +/+
Norm rates RA = 7.0"/s @ dec 0, Dec = 7.3"/s; ortho.err. = 8.7 deg
X guide algorithm = Predictive PEC, Control gain = 0.630
Prediction gain = 0.430
Minimum move = 0.330
Hyperparameters
	Length scale long range SE kernel = 700.000
	Signal variance long range SE kernel = 20.000
	Length scale periodic kernel = 10.000
	Signal variance periodic kernel = 20.000
	Length scale short range SE kernel = 25.000
	Signal variance short range SE kernel = 10.000
	Period length periodic kernel = 876.189
	FFT called after = 2.000 worm cycles
	Auto-adjust period length = On
Y guide algorithm = Resist Switch, Minimum move = 0.300 Aggression = 70% FastSwitch = disabled
Backlash comp = disabled, pulse = 495 ms
Max RA duration = 2500, Max DEC duration = 2500, DEC guide mode = Auto
RA Guide Speed = 7.5 a-s/s, Dec Guide Speed = 7.5 a-s/s, Cal Dec = 0.0, Last Cal Issue = None, Timestamp = 7/7/2026 10:36:27 PM
RA = 20.91 hr, Dec = 31.1 deg, Hour angle = 4.60 hr, Pier side = East, Rotator pos = N/A, Alt = 36.7 deg, Az = 274.7 deg
Lock position = 1034.043, 435.011, Star position = 1034.043, 435.011, HFD = 3.20 px
Frame,Time,mount,dx,dy,RARawDistance,DECRawDistance,RAGuideDistance,DECGuideDistance,RADuration,RADirection,DECDuration,DECDirection,XStep,YStep,StarMass,SNR,ErrorCode
INFO: SETTLING STATE CHANGE, Settling started
1,9.048,"Mount",-0.543,0.661,0.733,-0.546,0.462,0.000,82,W,0,,,,1894,24.27,0
INFO: SETTLING STATE CHANGE, Settling complete
2,17.985,"Mount",-0.581,-0.276,-0.189,-0.579,-0.119,0.000,21,E,0,,,,3056,32.79,0
3,27.145,"Mount",-0.431,-0.370,-0.303,-0.429,-0.191,-0.300,34,E,43,N,,,3300,33.70,0
4,39.200,"Mount",-0.397,-0.726,-0.660,-0.393,-0.422,-0.275,74,E,40,N,,,3036,32.40,0
5,48.072,"Mount",0.588,0.826,0.732,0.584,0.434,0.000,77,W,0,,,,1957,26.37,0
6,56.976,"Mount",0.650,-0.259,-0.351,0.652,-0.183,0.000,32,E,0,,,,2331,27.04,0
7,66.249,"Mount",-0.579,1.200,1.272,-0.586,0.834,-0.410,147,W,59,N,,,837,12.93,0
8,75.185,"Mount",-0.448,-0.734,-0.661,-0.444,-0.343,-0.311,61,E,45,N,,,863,13.86,0
9,83.913,"Mount",1.279,0.017,-0.169,1.279,-0.013,0.000,2,E,0,,,,895,15.15,0
10,93.009,"Mount",1.825,-0.367,-0.630,1.827,-0.409,0.000,72,E,0,,,,1863,24.01,0
11,101.899,"Mount",1.538,-0.094,-0.317,1.539,-0.027,0.000,5,E,0,,,,2591,27.94,0
12,110.916,"Mount",1.396,0.187,-0.019,1.395,-0.019,0.000,3,E,0,,,,3164,29.92,0
13,119.894,"DROP",,,,,,,,,,,,,0,0.00,3,"Star lost - low mass"
14,128.847,"DROP",,,,,,,,,,,,,0,0.00,3,"Star lost - low mass"
15,137.855,"DROP",,,,,,,,,,,,,0,0.00,3,"Star lost - low mass"
16,146.893,"DROP",,,,,,,,,,,,,0,0.00,3,"Star lost - low mass"
17,155.827,"DROP",,,,,,,,,,,,,0,0.00,3,"Star lost - low mass"
18,164.847,"DROP",,,,,,,,,,,,,0,0.00,3,"Star lost - low mass"
19,173.825,"DROP",,,,,,,,,,,,,0,0.00,3,"Star lost - low mass"
20,182.868,"DROP",,,,,,,,,,,,,0,0.00,3,"Star lost - low mass"
21,191.873,"DROP",,,,,,,,,,,,,0,0.00,3,"Star lost - low mass"
22,200.847,"DROP",,,,,,,,,,,,,0,0.00,3,"Star lost - low mass"
23,209.847,"DROP",,,,,,,,,,,,,0,0.00,3,"Star lost - low mass"
24,218.845,"DROP",,,,,,,,,,,,,0,0.00,3,"Star lost - low mass"
25,227.820,"DROP",,,,,,,,,,,,,0,0.00,3,"Star lost - low mass"
26,236.830,"DROP",,,,,,,,,,,,,0,0.00,3,"Star lost - low mass"
27,245.846,"DROP",,,,,,,,,,,,,0,0.00,3,"Star lost - low mass"
28,254.846,"DROP",,,,,,,,,,,,,0,0.00,3,"Star lost - low mass"
29,263.844,"DROP",,,,,,,,,,,,,0,0.00,3,"Star lost - low mass"
30,272.801,"DROP",,,,,,,,,,,,,0,0.00,3,"Star lost - low mass"
31,281.822,"DROP",,,,,,,,,,,,,0,0.00,3,"Star lost - low mass"
32,290.846,"DROP",,,,,,,,,,,,,0,0.00,3,"Star lost - low mass"
33,299.860,"DROP",,,,,,,,,,,,,0,0.00,3,"Star lost - low mass"
34,308.837,"DROP",,,,,,,,,,,,,0,0.00,3,"Star lost - low mass"
35,317.839,"DROP",,,,,,,,,,,,,0,0.00,3,"Star lost - low mass"
36,326.808,"DROP",,,,,,,,,,,,,0,0.00,3,"Star lost - low mass"
Guiding Ends at 2026-08-16 05:06:42
